stratum,ticker,name_short,article_id,timestamp,category,match_mode,sparsity_tier,is_bulk_listing,n_tickers_in_article,title,n_hits,code_present,code_in_title,name_present,name_in_title,matched_names,body_len,evidence,auto_verdict,auto_reason,verdict,note,review_priority
collision:1301,1301,台塑,M.1717766161.A.011,2024-06-07 21:16:01,新聞,code,sparse,False,3,[新聞] 台塑四寶：塑化價量行情逐步提振 Q2、Q,2,True,False,True,True,台塑,1294,"[代號] …VzqqRZ 發布時間:18:22 2024/06/07 記者署名:彭暄貽 原文內容: 台塑四寶認為,第二季步入石化產品需求旺季,且亞洲有14座輕裂廠歲修,市場供給減少,石化平均價格多優於第一季。伴隨塑化價量行情逐步改善提振,台塑(【1301】)預期6月營收與5月相當,第二季營收及本業營運將優於第一季;南亞(1303)、台化(1326)預期6月、第二季營收持穩推升。第三季營運蓄勢更上層樓。 展望油價走勢,台塑化(6505)表示,OPEC+會議沒有超出市場預期,且歐洲原油現貨市場…
[簡稱(name_with_context)] …cc/VzqqRZ 發布時間:18:22 2024/06/07 記者署名:彭暄貽 原文內容: 台塑四寶認為,第二季步入石化產品需求旺季,且亞洲有14座輕裂廠歲修,市場供給減少,石化平均價格多優於第一季。伴隨塑化價量行情逐步改善提振,【台塑】(1301)預期6月營收與5月相當,第二季營收及本業營運將優於第一季;南亞(1303)、台化(1326)預期6月、第二季營收持穩推升。第三季營運蓄勢更上層樓。 展望油價走勢,台塑化(6505)表示,OPEC+會議沒有超出市場預期,且歐洲原…",suspect_wrong,命中片段是延伸實體的一部分：台塑四、台塑四寶,,,0
collision:1301,1301,台塑,M.1642428568.A.62D,2022-01-17 22:09:28,新聞,code,sparse,False,2,[新聞] 台塑總裁王文淵拍板不額外發紅包 估今年獲利不如去年,6,True,False,True,True,台塑,730,"[代號] …拜年,並爭取加碼紅包 2.2 萬元,不過,考量今年變 數仍多,包括碳稅、全球政經情勢、疫情等,因此王文淵決議不額外加發紅包。 台塑四寶受惠全球後疫情時代經濟復甦 ,需求攀升,加上國際油價上漲,產品價格站 穩高檔,去年獲利強強滾,其中台塑(【1301】-TW)、南亞(1303-TW)獲利及EPS雙寫新高, 台塑以 11.21 元登每股獲利王,南亞也賺逾一個股本,四寶去年海賺超過 2403 億元 ,較 2020 年大增 2.3 倍。 而今年第一季適逢農曆春節,台塑、南亞與台化(1326-…
[簡稱(name_with_context)] …紅包 ,同時,王文淵對今年看法也相對保守,認為變數仍多,整體獲利可能不如 去年。 台塑四寶公會今日北上與王文淵拜年,並爭取加碼紅包 2.2 萬元,不過,考量今年變 數仍多,包括碳稅、全球政經情勢、疫情等,因此王文淵決議不額外加發紅包。 【台塑】四寶受惠全球後疫情時代經濟復甦 ,需求攀升,加上國際油價上漲,產品價格站 穩高檔,去年獲利強強滾,其中台塑(1301-TW)、南亞(1303-TW)獲利及EPS雙寫新高, 台塑以 11.21 元登每股獲利王,南亞也賺逾一個股本,四寶去年海賺…
[簡稱(name_with_context)] …王文淵拜年,並爭取加碼紅包 2.2 萬元,不過,考量今年變 數仍多,包括碳稅、全球政經情勢、疫情等,因此王文淵決議不額外加發紅包。 台塑四寶受惠全球後疫情時代經濟復甦 ,需求攀升,加上國際油價上漲,產品價格站 穩高檔,去年獲利強強滾,其中【台塑】(1301-TW)、南亞(1303-TW)獲利及EPS雙寫新高, 台塑以 11.21 元登每股獲利王,南亞也賺逾一個股本,四寶去年海賺超過 2403 億元 ,較 2020 年大增 2.3 倍。 而今年第一季適逢農曆春節,台塑、南亞與台化(…",suspect_wrong,命中片段是延伸實體的一部分：台塑四、台塑四寶,,,0
collision:1301,1301,台塑,M.1709804114.A.8FD,2024-03-07 17:35:14,新聞,name_with_context,sparse,False,1,[新聞] 台塑股利發1元創39年最低紀錄,12,False,False,True,True,台塑,1321,"[簡稱(name_with_context)] …紀錄 王文淵較去年少領1.4億 長庚醫院少領19億 原文連結: https://tinyurl.com/2abt8hse 發布時間: 2024年3月7日 週四 下午4:05 記者署名: 鄭國強 原文內容: 向來是存股族首選的【台塑】卻在昨(6)日公告今年股利每股僅配發「1元」,以收盤價70.5 元估算,現金殖利率僅有1.42%,而且創下39年來最低股利數字,也使得持有4萬5千多張 的台塑集團總裁王文淵現金股利較去年少領1億元,但「剝奪感」最強的恐是台塑最大股 東長庚醫…
[簡稱(name_with_context)] …日 週四 下午4:05 記者署名: 鄭國強 原文內容: 向來是存股族首選的台塑卻在昨(6)日公告今年股利每股僅配發「1元」,以收盤價70.5 元估算,現金殖利率僅有1.42%,而且創下39年來最低股利數字,也使得持有4萬5千多張 的【台塑】集團總裁王文淵現金股利較去年少領1億元,但「剝奪感」最強的恐是台塑最大股 東長庚醫院,整整比去年少領19億元。 受中國市場影響重大的台塑,去年在整個中國景氣低迷、深陷地產風暴的陰影下,營收19 91.39億元、年減20.9%,稅後純益73…
[簡稱(name_with_context)] …來是存股族首選的台塑卻在昨(6)日公告今年股利每股僅配發「1元」,以收盤價70.5 元估算,現金殖利率僅有1.42%,而且創下39年來最低股利數字,也使得持有4萬5千多張 的台塑集團總裁王文淵現金股利較去年少領1億元,但「剝奪感」最強的恐是【台塑】最大股 東長庚醫院,整整比去年少領19億元。 受中國市場影響重大的台塑,去年在整個中國景氣低迷、深陷地產風暴的陰影下,營收19 91.39億元、年減20.9%,稅後純益73.47億元、年減79.7%,稅後每股盈餘(EPS)為1.1 5元,…",suspect_ambiguous,疑為集團泛稱，非該上市公司本身,,,0
collision:1301,1301,台塑,M.1591339804.A.B11,2020-06-05 14:50:04,新聞,code,sparse,False,3,[新聞]  台塑四寶5月營收765.69億元，年減40.13,7,True,False,True,True,台塑,827,"[代號] …40.13% 台塑四寶公告5月營收,因全球疫情尚未完全獲得控制,經濟活動減緩,市場需求萎縮, 加上油價低迷,四寶合計營收765.69億元,年減40.13%,其中台塑化(6505)5月營收僅2 56.85億元,年減55.9%最多。 台塑(【1301】)5月營收134.55億元,年減29.21%,累計1~5月營收702.26億元,年減23.02% ,台塑表示,部分歐美國家仍封城鎖國,大量PVC低價銷往亞洲,加上奧運延期,鞋材用E VA買氣萎縮,同業削價搶單,造成價差減少。 南亞(130…
[代號] …的油品每桶平均售價僅比4月增加2.0美元, 且因疫情影響,油品需求仍疲弱,都是營收不佳原因。(林海/台北報導) 3.心得/評論: 看起來南亞影響最小 結果今天漲最少XD 台塑化(6505)94.30 +0.80(0.86%) 台塑(【1301】)87.60 +0.80(0.92%) 台化(1326)75.60 +0.50(0.67%) 南亞(1303)65.30 +0.30(0.46%)…
[簡稱(name_with_context)] …[新聞] 【台塑】四寶5月營收765.69億元,年減40.13 1.原文連結: https://reurl.cc/8GOzVb 2.原文內容: 台塑四寶5月營收765.69億元 年減40.13% 台塑四寶公告5月營收,因全球疫情尚未完全獲得控制,經濟…",suspect_wrong,命中片段是延伸實體的一部分：台塑四、台塑四寶,,,0
collision:1301,1301,台塑,M.1642607339.A.0B4,2022-01-19 23:48:59,新聞,name_with_context,sparse,False,3,[新聞] 謝金河曝6大老闆的話洩明牌 散戶押哪支,3,False,False,True,False,台塑,1233,"[簡稱(name_with_context)] …接受媒體訪問時表示,看好美國消費動能強勁,對出口帶來利多,他認為台灣今年景氣樂觀。但台塑集團大家長王文淵和他的看法相反,王文淵認為疫情、減碳,全球政經情勢充滿變數,他看壞今年景氣,年終獎金不加發紅包。 顯然王文淵的看法和蔡明忠不一樣。去年【台塑】四寶大賺2403億,台塑、南亞都賺超過一個股本,不過,大老闆對未來發展保守,台塑集團個股表現也相對穩健。跟王文淵有異曲同工之妙的是比爾蓋?,他說30年後石油企業一文不值,這個說法十分驚悚! 再看台積電日前法說釋出營運大利多,台積電董事長劉…
[簡稱(name_with_context)] …美國消費動能強勁,對出口帶來利多,他認為台灣今年景氣樂觀。但台塑集團大家長王文淵和他的看法相反,王文淵認為疫情、減碳,全球政經情勢充滿變數,他看壞今年景氣,年終獎金不加發紅包。 顯然王文淵的看法和蔡明忠不一樣。去年台塑四寶大賺2403億,【台塑】、南亞都賺超過一個股本,不過,大老闆對未來發展保守,台塑集團個股表現也相對穩健。跟王文淵有異曲同工之妙的是比爾蓋?,他說30年後石油企業一文不值,這個說法十分驚悚! 再看台積電日前法說釋出營運大利多,台積電董事長劉德音預告今年晶圓代工產業…
[簡稱(name_with_context)] …。但台塑集團大家長王文淵和他的看法相反,王文淵認為疫情、減碳,全球政經情勢充滿變數,他看壞今年景氣,年終獎金不加發紅包。 顯然王文淵的看法和蔡明忠不一樣。去年台塑四寶大賺2403億,台塑、南亞都賺超過一個股本,不過,大老闆對未來發展保守,【台塑】集團個股表現也相對穩健。跟王文淵有異曲同工之妙的是比爾蓋?,他說30年後石油企業一文不值,這個說法十分驚悚! 再看台積電日前法說釋出營運大利多,台積電董事長劉德音預告今年晶圓代工產業會是很好的一年,毛利率會維持在53%以上;聯發科的執行長…",suspect_wrong,命中片段是延伸實體的一部分：台塑四、台塑四寶,,,0
collision:1301,1301,台塑,M.1734690367.A.A78,2024-12-20 18:26:07,新聞,name_with_context,sparse,False,4,[新聞] 88萬股東噩夢！台塑四寶跌入冰河期 分析,7,False,False,True,True,台塑,869,"[簡稱(name_with_context)] …tps://ynews.page.link/qLQFS 發布時間: 2024年12月20日 週五 下午5:46 記者署名: 王詩婷|Yahoo財經特派記者 原文內容: 88萬股東惡夢!受到全球景氣低迷、中國石化產能迅速擴張影響,【台塑】四寶股價逐日下探 ,繼四寶相繼發行公司債擴充資金後,今(20)日股價又持續破底,其中台塑化又見2字 頭跌破29元大關,已創2022年10月、22年來新低紀錄,台塑化(6505)今(20)日重跌至 34.7元,跌幅逾5%,來到上市以來的新低點…
[簡稱(name_with_context)] …跌破29元大關,已創2022年10月、22年來新低紀錄,台塑化(6505)今(20)日重跌至 34.7元,跌幅逾5%,來到上市以來的新低點。對此,倫元投顧分析師高碩亨表示,短線來 看,股價跌一段時間總會出現反彈,但四寶持續破底機會更大。 【台塑】四寶今日跌勢更甚,收盤跌幅在4.05%至5.62%區間,其中台塑股價來到36.7元,跌幅 4.05%,創下2002年11月以來新底;南亞(1303)則是收在31.05元,創2009年4月來新低 ;台塑化則是落在34.7元,成為上市以來新低。…
[簡稱(name_with_context)] …6505)今(20)日重跌至 34.7元,跌幅逾5%,來到上市以來的新低點。對此,倫元投顧分析師高碩亨表示,短線來 看,股價跌一段時間總會出現反彈,但四寶持續破底機會更大。 台塑四寶今日跌勢更甚,收盤跌幅在4.05%至5.62%區間,其中【台塑】股價來到36.7元,跌幅 4.05%,創下2002年11月以來新底;南亞(1303)則是收在31.05元,創2009年4月來新低 ;台塑化則是落在34.7元,成為上市以來新低。 高碩亨表示,台塑四寶股價受到中國石化業競爭影響相當大,尤其中…",suspect_wrong,命中片段是延伸實體的一部分：台塑四、台塑四寶,,,0
collision:1301,1301,台塑,M.1611382478.A.A93,2021-01-23 14:14:38,標的,name_with_context,sparse,False,1,Re: [標的] 萬六還是賠錢  徵求持股健檢,2,False,False,True,False,台塑,984,"[簡稱(name_with_context)] …在13塊多 其用意也很清晰明瞭 就不想讓張國煒有賣股賺錢的機會 所以您長榮航空的問題就是 5 年前買入 但這五年來沒時間觀察長榮集團的動向來修正持股數 2. 【台塑】 這是頁岩油戰爭之罪 不是您的問題 經查 台塑來到119.5 是2018年 9月底的事情 我想絕大部分的人 在那時都會覺得「台塑四寶超穩的」吧! 誰會預期到2019年下半年冒出個…
[簡稱(name_with_context)] …的機會 所以您長榮航空的問題就是 5 年前買入 但這五年來沒時間觀察長榮集團的動向來修正持股數 2. 台塑 這是頁岩油戰爭之罪 不是您的問題 經查 【台塑】來到119.5 是2018年 9月底的事情 我想絕大部分的人 在那時都會覺得「台塑四寶超穩的」吧! 誰會預期到2019年下半年冒出個頁岩油戰爭呢? 跟您分享,小妹台塑的成本價是89.8,台化的成…",suspect_wrong,命中片段是延伸實體的一部分：台塑四、台塑四寶,,,0
collision:1304,1304,台聚,M.1622593549.A.3FF,2021-06-02 08:25:49,新聞,name,sparse,False,2,Re: [新聞] 台積電還能妖？通膨怪獸摧毀大多頭 科技,1,False,False,True,False,台聚,1188,[簡稱(name)] …過去半年的分析 似乎這篇最符合現況 揪竟是主力出貨文還是未來人 讓我們繼續看下去 重點有三個個 科技業遇到通膨會大崩 鋼鐵 航運 水泥 塑化價格上漲 高油價導致綠能大漲 目前鋼鐵因為美國基建已出發 海運空運都開始毛利提高 最近反而塑化還好 【台聚】國喬中油體系各有各的問題 台塑集團距離2018年還一大段 難道是下個標的? ※ 引述《homura456 (股市反指標)》之銘言: : 原文標題: : 台積電還能妖?通膨怪獸摧毀大多頭 科技股災難快來了 : 原文連結: : https:/…,suspect_ambiguous,疑為集團泛稱，非該上市公司本身,,,0
collision:1304,1304,台聚,M.1615349570.A.122,2021-03-10 12:12:50,新聞,name,sparse,False,3,[新聞] 「入股20年獲利40倍」 鼎泰豐神祕大股東,2,False,False,True,False,台聚,1104,"[簡稱(name)] …比較有膽子展店,鼎泰豐才能擴充得這麼快。 報導指出,外界對台聚集團並不熟悉,第一代掌門人吳壽松早年代理蜜絲佛陀化妝品和固 齡玉牙膏等知名品牌賺進不少財富;到了第二代,吳亦猛、吳亦圭兄弟個性低調。實際上 ,該集團旗下有5家上市櫃公司,分別為【台聚】、亞聚、華夏、台達化和越峰電子,總市值 高達713億元。 消息人士透露,身為台聚集團第二代長子的吳亦猛喜歡開勞斯萊斯出門,平時與楊紀華互 動並不頻繁。早在3年前,吳亦猛就想出脫鼎泰豐持股,於是找來富邦銀行董事長陳聖德 幫忙,「當時估出來鼎…
[簡稱(name)] …億元,他要賣40億元已經很便宜了」。換言之,吳亦猛當初投資1億元,20年後 出脫的話,獲利至少40倍。 心得/評論: ※必需填寫滿20字 懂投資,搞不好比本業賺XD 5家上市櫃公司【台聚】、亞聚、華夏、台達化和越峰電子可以做多 ----------------------------------發文提醒------------------------------- 1.發文前請先詳閱[新聞]分類發文規範,未依規範發文將受處…",suspect_ambiguous,疑為集團泛稱，非該上市公司本身,,,0
collision:1907,1907,永豐餘,M.1605955541.A.085,2020-11-21 18:45:41,新聞,name,sparse,False,1,Re: [新聞] 永豐金案 何壽川一審判刑8年6月,15,False,False,True,False,永豐餘,5154,"[簡稱(name)] …貳、被告何壽川、邱秀瑩、劉思誠、張金榜、詹舜翔、王玉玲、黃緒宗共同犯證交法之加 重特別背信罪部分 一、本院認定之犯罪事實要旨 (一)何壽川投資上海1788大樓開發案經過: 被告何壽川為金控集團「永豐金控公司」董事長,並為上市公司「【永豐餘】投資控股公司」 暨子公司「元太科技股份有限公司」之大股東及具有實質決策權之人,其前於95年間,經 由建設公司三寶公司負責人李俊傑介紹,利用個人所有境外公司Dynabasic公司名義投資 李俊傑在中國大陸上海以境外公司名義與其他投資者共同投資…
[簡稱(name)] …紹,利用個人所有境外公司Dynabasic公司名義投資 李俊傑在中國大陸上海以境外公司名義與其他投資者共同投資開發之「1788大樓建案」。 (二)97年6月間,李俊傑告知美林證券因金融風暴欲出售持股,希望何壽川協助資金調度 ,何壽川除指示【永豐餘】公司內部人員進行投資報酬分析,另私下暗示永豐金租賃公司成員 其與三寶集團有密切關係,惟美林證券於98年11月25日並未如期出售。 (三)至99年11月間,何壽川經李俊傑告知美林證券欲再次出售股權,且三寶集團如欲自行 收購美林證券全數股權,…
[簡稱(name)] …次出售股權,且三寶集團如欲自行 收購美林證券全數股權,尚有資金缺口,三寶集團成員一方面規劃向永豐金租賃公司申請 借款,一方面尋求何壽川協助,及不斷透過管道籌措剩餘不足部分款項。何壽川個人僅願 意再出資300萬美元,竟起意安排永豐金租賃公司、【永豐餘】投控公司、元太公司提供資金 填補上述資金缺口,並將上開公司之出資款或借款充為個人出資,全部列個人得以分配出 售1788大樓獲利之分配利潤基礎,而違背其身為金控公司董事長及上市公司實際負責人之 忠實義務,為下列行為: 1.先於99年12月2…",suspect_ambiguous,疑為集團泛稱，非該上市公司本身,,,0
collision:1907,1907,永豐餘,M.1688024759.A.51D,2023-06-29 15:45:59,新聞,name,sparse,False,1,[新聞] 〈元太股東會〉何壽川、何奕達雙雙退出,1,False,False,True,False,永豐餘,806,"[簡稱(name)] …布時間為準 記者署名:鉅亨網記者魏志豪 ※原文無記載者得留空 原文內容: 電子紙大廠元太 (8069-TW) 今 (29) 日召開股東會,並全面改選董事,元成發法人代表 何壽川、何奕達雙雙退出董事會,由現任總經理甘豐源接任董事,象徵【永豐餘】集團色彩淡 化,經營也可更具彈性,回歸專業經理人機制管理,聚焦營運端。 元太此次全面改選董事,從原先的 9 席董事縮減為 7 席,包括 4 席董事、3 席獨董, 董事包括董事長李政昊、總經理甘豐源、信誼企業法人代表陳永恒、信誼企業法人代表鄭…",suspect_ambiguous,疑為集團泛稱，非該上市公司本身,,,0
collision:1907,1907,永豐餘,M.1653109879.A.8C7,2022-05-21 13:11:19,新聞,name,sparse,False,1,[新聞] 謝金河:一家元太讓兩隻老虎掉淚,1,False,False,True,False,永豐餘,1161,"[簡稱(name)] …灣的雙虎也都落得苟延殘喘的命 運。 台灣的友達,及早先的奇美(後來的群創光電),一度都是兆元產業的候選人,沒想到京 東方主導的殺戮未停歇,一直處在困獸之鬥的慘況。但在這場十幾年來一直沒有停歇的價 格殺戮產業,台灣卻誕生了一家了不起的企業,【永豐餘】集團旗下的元太科技。 前一期今周刊出版兩岸三地排行榜,台灣市值躍升最多的公司居然是元太科技。如果以股 票市值來比,到昨天為止,元太是2287億,友達是1655億,群創光電1420億元,彩晶375 億,元太科技在不知不覺中居然超過面板兩隻老…",suspect_ambiguous,疑為集團泛稱，非該上市公司本身,,,0
collision:2427,2427,三商電,M.1675768646.A.9CB,2023-02-07 19:17:26,新聞,name,sparse,False,1,[新聞] 防疫保單讓保險業賠爆？ 明台產險賣4棟樓換60億現金,1,False,False,True,False,三商電,1148,"[簡稱(name)] …價最高的商辦交易。其他兩棟大 樓總計出售金額達6.6億元,總計明台產險進帳約60億元。 另一家壽險公司、三商美邦人壽也在去年7月時,將內湖精英電腦大樓以83.5億元,售予 中國人壽,又委託商仲標售持有的環球世貿大樓資產,其中4樓被相關企業【三商電】腦花 2.83億元購入。截至目前為止,國內保險業者傳出6筆賣樓消息,合計建坪逾1.8萬坪,地 坪約3,270坪,總成交金額逾146億元。 台灣房屋集團趨勢中心資深經理陳定中分析,產險公司出售雙北、台南等標的,目前仍由 產險分公司使用中,不…",suspect_ambiguous,疑為集團泛稱，非該上市公司本身,,,0
collision:2603,2603,長榮,M.1648513497.A.DD4,2022-03-29 08:24:57,新聞,name_with_context,dense,False,1,[新聞] 張國華強勢「配息27.5元」大砍小金庫,3,False,False,True,False,長榮海運,1982,"[簡稱(name_with_context)] …廣告業、印刷業以及管理諮詢顧問業等。 在長榮兆元王國的股權結構中,除了已故董事長張榮發及家人的個人持有股權,長榮國際 及巴拿馬商長榮國際亦是集團控股公司,另加上兩個財團法人的張榮發基金會及張榮發慈 善基金會。 其中,長榮國際不但代理集團【長榮海運】業務,並且是立榮航空、長榮鋼鐵、長榮航空、中 央再保險、長榮海運與長榮國際儲運的大股東。 六年前張榮發過世後,長榮集團經歷大房兄長聯手趕走二房弟弟張國煒,以及大房分裂為 哥哥派及張國明、張國政弟弟派,大權落在哥哥派,包括長榮國際在內,直到2…
[簡稱(name_with_context)] …中,除了已故董事長張榮發及家人的個人持有股權,長榮國際 及巴拿馬商長榮國際亦是集團控股公司,另加上兩個財團法人的張榮發基金會及張榮發慈 善基金會。 其中,長榮國際不但代理集團長榮海運業務,並且是立榮航空、長榮鋼鐵、長榮航空、中 央再保險、【長榮海運】與長榮國際儲運的大股東。 六年前張榮發過世後,長榮集團經歷大房兄長聯手趕走二房弟弟張國煒,以及大房分裂為 哥哥派及張國明、張國政弟弟派,大權落在哥哥派,包括長榮國際在內,直到2月25日, 大房兩個弟弟透過姊夫鄭深池的居中斡旋,取得二房李玉美…
[簡稱(name_with_context)] …國際的船務代理合約,因此提案終止經 營船務代理業,並可刪除公司章程的「G401011船務代理業」一項。 「沒想到,進入討論案時,財務本部提出『第4案更新版』,將盈餘分配案由原定的每股 10元,加碼到27.5元。」,該名知情人士分析,「若說【長榮海運】去年賺2400億元,一股要 發18元+6元(減資),還說得過去;長榮國際本業去年賺28億多,要發掉一個股本40億本 來就很離譜,竟又改為要發到110多億。」 據CTWANT調查,長榮國際帳上前年度未分配盈餘,超過218.9億元,去年獲利2…",suspect_ambiguous,疑為集團泛稱，非該上市公司本身,,,0
collision:2905,2905,三商,M.1579169113.A.E00,2020-01-16 18:05:13,新聞,code,sparse,False,1,[新聞] 三商美邦人壽公佈108年度自結財報數字,1,True,False,True,True,三商,429,[代號] …制每股稅後盈餘為2.08元。 6.因應措施:無 7.其他應敘明事項:無 3.心得/評論: 往年三商壽都會在第四季認列業務員獎金額外支出 導致第四季出現虧損 去年第四季自結 EPS 0.82元 讓人意外的數字 不虧錢還大賺 大股東【2905】是最大贏家…,suspect_wrong,命中片段是延伸實體的一部分：三商壽,,,0
collision:2905,2905,三商,M.1585297662.A.57F,2020-03-27 16:27:42,新聞,code,sparse,False,1,[新聞] 三商 公告本公司董事會決議股利分派,1,True,False,True,True,三商,461,[代號] …其他應敘明事項: 無 6. 普通股每股面額欄位:新台幣 10.0000元 3.心得/評論: 全年賺4.22元 其它子公司貢獻 配息不受三商壽6個0影響 現金1元+股票1元 殖利率11.79% 三商(【2905】)配息總不讓人失望…,suspect_wrong,命中片段是延伸實體的一部分：三商壽,,,0
collision:2905,2905,三商,M.1615278098.A.7E7,2021-03-09 16:21:38,標的,code,sparse,False,2,[標的] 2905 三商,3,True,True,True,True,三商,353,"[代號] …[標的] 【2905】 三商 1. 標的: 2905 三商 2. 分類:多 3. 分析/正文: 這檔旗下事業非常多 餐飲有:三商巧福、拿坡里、福勝亭等 零售有:全家福鞋業、美廉社等 金融壽險有:三商美邦人壽、復華投信 其他知名的還有三商電腦和前一陣子火災…
[代號] …[標的] 2905 三商 1. 標的: 【2905】 三商 2. 分類:多 3. 分析/正文: 這檔旗下事業非常多 餐飲有:三商巧福、拿坡里、福勝亭等 零售有:全家福鞋業、美廉社等 金融壽險有:三商美邦人壽、復華投信 其他知名的還有三商電腦和前一陣子火災的旭富製藥 不過佔營收比例最高…
[代號] …人壽、復華投信 其他知名的還有三商電腦和前一陣子火災的旭富製藥 不過佔營收比例最高的還是壽險 個人壽險佔52.82%、個人健康險佔24.64% 這陣子美債殖利率上升 壽險業整個都回神了 例如國泰金已經過高,長線大頭肩底成型並突破頸線了 【2905】這檔算是還沒漲到的標的 股價從去年高點下來已經低迷了半年以上 目前底部型態出來 剛站上季線 是相對安全的標的 同時可以期待落後補漲的空間 4. 進退場機制:(非長期投資者,必須有停損機制。請益免填) 跌破20線型轉差停損 好啦 其實這…",suspect_wrong,命中片段是延伸實體的一部分：三商美、三商美邦,,,0
collision:2905,2905,三商,M.1617981662.A.A39,2021-04-09 23:21:02,標的,code,sparse,False,1,[標的] 2905 三商 多,2,True,True,True,True,三商,193,"[代號] …[標的] 【2905】 三商 多 1. 標的: 2905 三商 2. 分類:多 3. 分析/正文: 股價打底一陣子 而且最近我不知道為什麼很想吃牛肉麵 今天來到2月高點準備突破 其他家壽險最近一也有了一波漲幅 預期三商壽也不會太差 整體位階還是偏…
[代號] …[標的] 2905 三商 多 1. 標的: 【2905】 三商 2. 分類:多 3. 分析/正文: 股價打底一陣子 而且最近我不知道為什麼很想吃牛肉麵 今天來到2月高點準備突破 其他家壽險最近一也有了一波漲幅 預期三商壽也不會太差 整體位階還是偏低 也許肉不多 也不飆 但是標…",suspect_wrong,命中片段是延伸實體的一部分：三商壽,,,0
collision:2905,2905,三商,M.1711621461.A.05F,2024-03-28 18:24:21,情報,code,sparse,False,2,[情報] 7705三商餐飲 EPS 3.11 股利3.2,1,True,False,True,True,三商,1157,[代號] …========================================================= 三商家族整體情形: 2427 三商電 EPS: 1.36 股利:0.9 2867 三商壽 EPS:(2.11) 【2905】 三商 EPS:(3.09) 2945 三商家購 EPS: 1.50 股利:1.2 7705 三商餐飲 EPS: 3.11 股利:3.2 (興櫃)…,suspect_wrong,命中片段是延伸實體的一部分：三商壽,,,0
collision:2905,2905,三商,M.1618228955.A.DF5,2021-04-12 20:02:35,標的,code,sparse,False,1,[標的] 三商 2905 超級多！,2,True,True,True,True,三商,326,"[代號] …[標的] 三商 【2905】 超級多! 1. 標的:2905 三商 2. 分類:多 3. 分析/正文:三商 主要獲利貢獻為:三商壽、旭富、other 1).三商壽: 經過長期的降息循環,現在的利率即為最差的時刻 未來升息,重返榮耀指日可待,看壽險…
[代號] …[標的] 三商 2905 超級多! 1. 標的:【2905】 三商 2. 分類:多 3. 分析/正文:三商 主要獲利貢獻為:三商壽、旭富、other 1).三商壽: 經過長期的降息循環,現在的利率即為最差的時刻 未來升息,重返榮耀指日可待,看壽險同業股價即可證明上述假設! 2…",suspect_wrong,命中片段是延伸實體的一部分：三商壽,,,0
collision:2905,2905,三商,M.1699968883.A.DB7,2023-11-14 21:34:43,標的,code,sparse,False,1,[標的] 2905.TW 三商,2,True,True,True,True,三商,241,"[代號] …[標的] 【2905】.TW 三商 1. 標的:2905.TW 三商 2. 分類:多 3. 分析/正文: 上週分享三商壽 但股價如止水 今天換他的母公司-三商 https://i.imgur.com/PBGR4Yc.jpg 看一張最重要的圖就好 股價淨值比…
[代號] …[標的] 2905.TW 三商 1. 標的:【2905】.TW 三商 2. 分類:多 3. 分析/正文: 上週分享三商壽 但股價如止水 今天換他的母公司-三商 https://i.imgur.com/PBGR4Yc.jpg 看一張最重要的圖就好 股價淨值比河流 壽險公司請看淨值比 8年新低…",suspect_wrong,命中片段是延伸實體的一部分：三商壽,,,0
collision:2905,2905,三商,M.1731596125.A.FA3,2024-11-14 22:55:25,情報,code,sparse,False,2,[情報] 2905三商 Q3:-0.94 三商壽現增認購事宜,2,True,True,True,True,三商,2584,"[代號] …[情報] 【2905】三商 Q3:-0.94 三商壽現增認購事宜 1. 標題:2905三商 Q3:-0.94 累計:1.57 三商壽現增認購事宜 2. 來源:公開資訊觀測站 3. 網址:https://mops.twse.com.tw/mops/web/t0…
[代號] …[情報] 2905三商 Q3:-0.94 三商壽現增認購事宜 1. 標題:【2905】三商 Q3:-0.94 累計:1.57 三商壽現增認購事宜 2. 來源:公開資訊觀測站 3. 網址:https://mops.twse.com.tw/mops/web/t05sr01_1 4. 內文: ---公告本公司董事會決議通過…",suspect_wrong,命中片段是延伸實體的一部分：三商壽,,,0
collision:2912,2912,統一超,M.1609137972.A.4D7,2020-12-28 14:46:12,新聞,code,sparse,False,2,[新聞] 最慘內線！統一買賣星巴克股權　高層偷買,1,True,False,True,False,統一超,683,"[代號] …[新聞] 最慘內線!統一買賣星巴克股權 高層偷買 1.原文連結:http://bit.ly/3rregUm 2.原文內容: 最慘內線!統一買賣星巴克股權 高層偷買股被套牢還被起訴 統一超商(【2912】)和統一企業(1216)2017年7月間召開記者會宣布重訊,將賣掉上海星 巴克股權並買入台灣星巴克股權,但檢調發現,此一重大訊息公布前的1個月,統一企業 協理曾繁斌、統一速達經理曾祥之和統一超商秘書經理施淑枝涉嫌得知此內線消息後,買 股套利…",suspect_wrong,命中片段是延伸實體的一部分：統一超商,,,0
collision:2912,2912,統一超,M.1644851896.A.A92,2022-02-14 23:18:16,新聞,code,sparse,False,1,[新聞] 春節商機旺 統一超元月營收創同期新高,4,True,False,True,True,統一超,951,"[代號] …節商機旺 統一超元月營收創同期新高 2022-02-14 17:28 經濟日報 / 記者嚴雅芳/即時報導 https://uc.udn.com.tw/photo/2021/11/18/realtime/14582503.jpg 統一超(【2912】)公告1月合併營收236.95億元。圖/統一超商提供 統一超(2912)公告1月合併營收236.95億元,較去年同期增加6.76%,單月營收創同期新 高,整體營運穩健向上。台灣7-ELEVEN掌握年節商機,藉由OPEN POINT會員生態…
[代號] …經濟日報 / 記者嚴雅芳/即時報導 https://uc.udn.com.tw/photo/2021/11/18/realtime/14582503.jpg 統一超(2912)公告1月合併營收236.95億元。圖/統一超商提供 統一超(【2912】)公告1月合併營收236.95億元,較去年同期增加6.76%,單月營收創同期新 高,整體營運穩健向上。台灣7-ELEVEN掌握年節商機,藉由OPEN POINT會員生態圈有效推 升「開運金喜福袋」及「福虎生風經濟日」等主題活動效益,同時推出…
[代號] …掌握年節需求,部分鮮食商品換上新春限定包 裝、推出個人化佛跳牆、祭祀過節需求也帶動奮起湖便當系列、蒲燒鰻御膳等商品熱賣, 亦首創推出全新的熱壓餐點「阜杭豆漿-蔥蛋厚燒餅」,帶動整體鮮食類別成長近1成。 心得/評論: 雖然新聞報導統一超(【2912】)元月營收創同期新高, 不過統一超(2912)的股價還有多少成長潛力是很大的問題。…",suspect_wrong,命中片段是延伸實體的一部分：統一超商,,,0
collision:6505,6505,台塑化,M.1644633102.A.60C,2022-02-12 10:31:42,新聞,name,sparse,False,2,[新聞] 俄烏開打原物料受惠 4檔搶發戰爭財,1,False,False,True,False,台塑化,1249,"[簡稱(name)] …鋁、鎳上 漲的庫存利益增加,今年EPS上看6元,與去年相近,本益比7倍,估股息3元、殖利率近7 %。 至於今年展望保守的台塑集團,總裁王文淵雖認為今年EPS難勝去年,但蔡明彰認為,一 旦戰爭發生,國際油價狂飆,勢必造成下游囤貨,屆時台塑、【台塑化】也會槍聲一響,黃金 萬兩。 展望美台股市表現,蔡明彰指出,美國Fed升息態度已轉為鮮明的鷹派,從最新點陣圖觀 察,2022年將升息4次,2023年及2024年各3次,總計這次升息循環將升息10次,以每次1 碼保守推算,至少升息2.5%,聯…",suspect_ambiguous,疑為集團泛稱，非該上市公司本身,,,0
collision:6505,6505,台塑化,M.1625465486.A.0E3,2021-07-05 14:11:26,新聞,name,sparse,False,8,[新聞] 電子、鋼鐵人吸金 台股漲209點收17919點,1,False,False,True,False,台塑化,861,"[簡稱(name)] …1 元;聯電大漲逾 3%,收在 54.4 元;鴻海強勢突破盤整格局,勁揚近 5%,收 117 元 ,收復所有均線;台達電、日月光投控、廣達等也在盤上表現。 台塑集團本周也將公布第二季財報與第三季展望,引發市場關注,在買盤提前進場卡位下 ,【台塑化】帶量強漲半根漲停板,股價創 2 年新高,台塑、南亞也都有 2% 以上的漲幅。 金融股方面,由富邦金領軍漲逾 1%,元大金股東會也將在 8 日登場,今日股價同步上 漲逾 2%。 航運股開高走低,隨著獲利了結賣壓湧現,貨櫃航商萬海跌勢最重,…",suspect_ambiguous,疑為集團泛稱，非該上市公司本身,,,0
collision:6505,6505,台塑化,M.1646101177.A.47E,2022-03-01 10:19:37,新聞,name,sparse,False,2,"[新聞] 台塑四寶股息 上看1,800億",2,False,False,True,False,台塑化,1366,"[簡稱(name)] …75%配發原則 ,若各公司無特殊原因,或將延續73~75%高標方案;以台塑四寶2021年合計獲利2,403. 8億元粗估,現金股息可望逾1,700億元、上看1,750~1,800億元。 台塑四寶將在3月初陸續召開董事會討論股利政策,8日由【台塑化】打頭陣,台化9日接續登 場,台塑、南亞則在3月10、11日接棒討論。以上述原則粗估,台塑、南亞因賺逾一個股 本,台塑現金股息可望逾8元、南亞也有7元水準;對照當前股價,現金殖利率7~8%。台 化現金股息約4.5~5元,現金殖利率也有5~6%…
[簡稱(name)] …頭陣,台化9日接續登 場,台塑、南亞則在3月10、11日接棒討論。以上述原則粗估,台塑、南亞因賺逾一個股 本,台塑現金股息可望逾8元、南亞也有7元水準;對照當前股價,現金殖利率7~8%。台 化現金股息約4.5~5元,現金殖利率也有5~6%。【台塑化】現金股息約3.5~4元空間,現金 殖利率約3.5~4%。 台塑集團指出,今年在5G、AI發展及電動車趨勢帶動,兩岸電子材料、DRAM、載版產能利 用率已達滿載;台塑越南河靜鋼鐵廠營運也持穩推進。 不過,大陸石化新產大舉開出,恐壓抑石化報…",suspect_ambiguous,疑為集團泛稱，非該上市公司本身,,,0
collision:6790,6790,永豐實,M.1701266414.A.706,2023-11-29 22:00:14,新聞,name_with_context,sparse,False,3,[新聞],2,False,False,True,False,永豐實,1073,"[簡稱(name_with_context)] …豐實等,本季營運動能轉強。 法人指出,造紙業在經歷將一年多來的市況低潮後,需求開始復甦,第4季在旺季催化下,本業將來到今年最好的一季。 造紙股昨(28)日發動漲勢,其中,以永豐餘集團最為積極,旗下華紙收盤股價來到22.35元,漲幅3%,【永豐實】收盤來到41.85元,漲幅2.57%。 另外,市場看好,華紙調高第4季內外銷價格,利差朝正向發展,永豐實則透過高端產品搶占市場,第4季每股純益有望挑戰歷史次高,近期雖然漿價反彈,但受惠低價原料庫存,法人估其第4季毛利率仍將持穩高檔。 中…
[簡稱(name_with_context)] …已經宣布,第4季將調高內外銷產品價格5~10%,公司表示,第4季屬於傳統旺季,雖然地緣政治及戰爭等種種原因,讓全球局勢變得複雜,然而隨著漿價築底後逐月反彈的趨勢,且客戶端第3季拉貨已較第2季多,市場供需可望回歸常軌,整體往好的方向發展。 【永豐實】則透過推出新產品帶動營收、獲利增長,包括以抽取式衛生紙「厚棒」、「極上」等高端紙種搶占市場,高單價、高毛利產品占比攀升,加上公司低價原料庫存仍高,有助毛利率表現。看好高端產品的市場需求,公司投資10億元建的新紙機預計12月量產,產能增幅上看…",suspect_ambiguous,疑為集團泛稱，非該上市公司本身,,,0
mode:name,2838,聯邦銀,M.1597149033.A.493,2020-08-11 20:30:33,新聞,name,sparse,False,2,Re: [新聞] 拍板！保德信人壽55億元嫁台新金控,2,False,False,True,False,聯邦銀,1004,"[簡稱(name)] …ps://tinyurl.com/y59aoatp : 金融圈傳出消息,保德信國際人壽美國母公司與台新金控(2887)目前正在舉行董事會, : 今(11)日晚間將宣布,保德信人壽以55億元,出售給台新金。 : 此案原本有三組買方:第一金控、【聯邦銀】行、台新金控。其中,第一金控出價逾90億元取 : 得優先議約權,但因後續還有高額員工年薪、離職金等需要支付,擔心立法院壓力後縮手 : ;台新金積極搶標,終於抱得美人歸。 : 台新金將併購保德信人壽?總經理晚間說明進行收購案 : 台新金控將完…
[簡稱(name)] …俊說明台新金控擬進行收購案,由於台新金目前手中進行的收購案。市場認為,主 : 軸將聚焦在保德信人壽。 : 今日消息傳出,第一金控因董事長廖燦昌捲入遠航案下台,牽動到第一金控併購保德信人 : 壽計畫,隨著第一金控縮手,台新金控加價10億元,與【聯邦銀】競價保德信人壽。 : 保德信人壽為美國保德信金融集團在台灣100%持有的子公司,今年為來台30周年,外勤大 : 約700人、內勤362人,為國內壽險業保障型商品的模範生,但也因為堅持保障型路線,經 : 營得很辛苦,業務一直做不大。 : 心得…",suspect_ambiguous,疑為集團泛稱，非該上市公司本身,,,0
mode:name_with_context,2603,長榮,M.1645417117.A.A5B,2022-02-21 12:18:37,新聞,name_with_context,dense,False,2,[新聞] 老謝:長榮集團股價大漲破兆 他的時代來臨,4,False,False,True,False,長榮海運,1035,"[簡稱(name_with_context)] …合計市值,已正式突破1兆,超過張 榮發領航時代,長榮集團已進入張榮發長子張國華的新時代。張國華拚出兆元產業,張榮 發在天上會微笑! 謝金河指出,虎年開年以來,長榮集團氣勢如虹,尤其是長榮航空股價在2月大漲45.83% ,成為市場最大飆股,【長榮海運】也大幅上漲25.22%,榮運也漲18.68%,長榮鋼鐵也漲 9.27%,上星期五首日掛牌的長榮航太掛興櫃,股價衝上102.5元,整個長榮系5家公司股 價都大漲。 到2月18日為止,長榮海運市值7484億元,已晉升全台第8大市值企業,長榮航…
[簡稱(name_with_context)] …空股價在2月大漲45.83% ,成為市場最大飆股,長榮海運也大幅上漲25.22%,榮運也漲18.68%,長榮鋼鐵也漲 9.27%,上星期五首日掛牌的長榮航太掛興櫃,股價衝上102.5元,整個長榮系5家公司股 價都大漲。 到2月18日為止,【長榮海運】市值7484億元,已晉升全台第8大市值企業,長榮航空漲到35元 ,市值1798億,股價很可能突破10年前創下的37.6元天價,最近大漲的榮運,市值也跑到 356億元,加上長榮鋼鐵的238億,及長榮航太的361億,整個集團上市企業市值高達 1…
[簡稱(name_with_context)] …子女,除了二房的張國煒霸氣比較像他外, 大房這邊,幾個兄弟都溫良恭儉讓,不料張榮發過世後,兄弟鬩牆之爭持續上演,後來張 國華逐漸一統長榮集團。 張國華作風低調,很少在媒體曝光,長榮集團軍容壯盛,但在台灣,認識張國華的不多。 這次他拍板敲定【長榮海運】年終獎金40個月,看起來他的霸氣正逐漸顯露,看到長榮集團蒸 蒸日上,星宇航空的張國煒也表示:長榮海運,長榮航空愈好,對他最有利,因為他手上 的股票價值也會水漲船高。 心得/評論: ※…",suspect_ambiguous,疑為集團泛稱，非該上市公司本身,,,0
mode:name_with_context,2317,鴻海,M.1664544180.A.78E,2022-09-30 21:23:00,新聞,name_with_context,dense,False,1,[新聞] 蘋果電動車復活 鴻海利多,3,False,False,True,True,鴻海,1391,"[簡稱(name_with_context)] …並在北美、亞洲、歐 洲都有生產基地,其台灣供應鏈為今國光,主要供應車載鏡頭,已有出貨歐美車廠實績。 另一方面,市場也點名大陸蘋果代工廠立訊也有機會切入Apple Car代工。不過,部分分 析師認為,立訊在電動車起步較晚,加上集團供應鏈不如【鴻海】強大,恐怕無法趕上初期量 產的首波訂單。 心得/評論: 這個利多新聞對鴻海的股價有多大的幫助是很大的問題, 不管是蘋果還是鴻海都很難靠電動車賺大錢。…
[簡稱(name_with_context)] …有出貨歐美車廠實績。 另一方面,市場也點名大陸蘋果代工廠立訊也有機會切入Apple Car代工。不過,部分分 析師認為,立訊在電動車起步較晚,加上集團供應鏈不如鴻海強大,恐怕無法趕上初期量 產的首波訂單。 心得/評論: 這個利多新聞對【鴻海】的股價有多大的幫助是很大的問題, 不管是蘋果還是鴻海都很難靠電動車賺大錢。…
[簡稱(name_with_context)] …代工廠立訊也有機會切入Apple Car代工。不過,部分分 析師認為,立訊在電動車起步較晚,加上集團供應鏈不如鴻海強大,恐怕無法趕上初期量 產的首波訂單。 心得/評論: 這個利多新聞對鴻海的股價有多大的幫助是很大的問題, 不管是蘋果還是【鴻海】都很難靠電動車賺大錢。…",suspect_ambiguous,疑為集團泛稱，非該上市公司本身,,,0
tier:dense,2330,台積電,M.1719824614.A.A31,2024-07-01 17:03:34,新聞,name,dense,False,2,[新聞] 世界又亮燈啦！網：準備上200？分析師：,2,False,False,True,False,台積電|台積,545,"[簡稱(name)] …器相關的先進製程,第二是消費性電子的成熟製程,世界先進雖受惠於前者較少,但AI PC、AI手機等消費性電子需求也同時被帶起來,世界先進因此受惠。 蔡明翰指出,目前成熟製程的供需還是穩定,成熟製程相關族群的個股目前是呈現落後補漲的情形,身處【台積電】集團中的世界先進本身有很好的利基。 至於投資人此時應如何操作?蔡明翰則表示,如果是操作短線的投資人,目前這些落後補漲的成熟製程代工族群都還有比價效應,跟著台積電上漲,都還有一些空間;習慣做長線投資的投資人,則可以選擇力積電、聯電等個股來買…
[簡稱(name)] …前成熟製程的供需還是穩定,成熟製程相關族群的個股目前是呈現落後補漲的情形,身處台積電集團中的世界先進本身有很好的利基。 至於投資人此時應如何操作?蔡明翰則表示,如果是操作短線的投資人,目前這些落後補漲的成熟製程代工族群都還有比價效應,跟著【台積電】上漲,都還有一些空間;習慣做長線投資的投資人,則可以選擇力積電、聯電等個股來買進。 心得/評論: 世界先進連續兩根漲停板 但同為成熟製程的聯電力積電卻看起來弱很多 到底是世界先進獨強,還是整體成熟製程都有望持續轉強? 成熟製程產能到底有…",suspect_ambiguous,疑為集團泛稱，非該上市公司本身,,,0
tier:silent,9931,欣高,M.1632873503.A.416,2021-09-29 07:58:23,新聞,name_with_context,silent,False,8,[新聞] 能耗雙控、能源危機 14檔能源股兵家必爭,1,False,False,True,False,欣高,1369,"[簡稱(name_with_context)] …升至每桶90美元。 再加上紐約商品期交所(NYMEX)天然氣期貨報價本月大漲逾四成,創近7年新高,一場能 源危機正在醞釀而生。 國內資金開始朝向能源股靠攏,油電燃氣指數量增價揚,指數28日成功收復季線,欣天然 亮燈漲停外,台塑化、新海、【欣高】、大台北、台汽電等個股也全數收紅。下游塑化產業裡 台塑四寶、台聚集團更挾利多價量彈升,指標股台聚與台塑28日更獲法人分別買超9.94億 元與7.25億元,在上市櫃企業當中僅次聯發科的21.8億元。 摩爾投顧分析師張志誠表示,大陸為實現20…",suspect_ambiguous,疑為集團泛稱，非該上市公司本身,,,0
tier:sparse,2912,統一超,M.1609137972.A.4D7,2020-12-28 14:46:12,新聞,code,sparse,False,2,[新聞] 最慘內線！統一買賣星巴克股權　高層偷買,1,True,False,True,False,統一超,683,"[代號] …[新聞] 最慘內線!統一買賣星巴克股權 高層偷買 1.原文連結:http://bit.ly/3rregUm 2.原文內容: 最慘內線!統一買賣星巴克股權 高層偷買股被套牢還被起訴 統一超商(【2912】)和統一企業(1216)2017年7月間召開記者會宣布重訊,將賣掉上海星 巴克股權並買入台灣星巴克股權,但檢調發現,此一重大訊息公布前的1個月,統一企業 協理曾繁斌、統一速達經理曾祥之和統一超商秘書經理施淑枝涉嫌得知此內線消息後,買 股套利…",suspect_wrong,命中片段是延伸實體的一部分：統一超商,,,0
bulk,1304,台聚,M.1624471507.A.CC8,2021-06-24 02:05:07,新聞,name,sparse,True,9,[新聞] 航運翻船是買點或賣點？,1,False,False,True,False,台聚,2524,"[簡稱(name)] …聚丙烯開始止 跌反彈,這是台股塑化股即將上漲的先行指標。 下半年最看好之一的塑化原料是太陽能 EVA,目前報價每噸 2,500~2,600 美元,但佔 7 0%成本的原料乙烯跌到每噸 860 美元,乙烯波段跌幅近三成,主要生產 EVA 的【台聚】 (1 304-TW)、亞聚(1308-TW) 利差可觀。 心得/評論: ※必需填寫滿20字 今天說航運股不看淡的有 萬寶投顧蔡明彰 華信證券投顧總經理謝文恩 跟摩爾投顧投資長郭哲榮…",suspect_weak,僅一處簡稱命中、不在標題、內文 2524 字：證據薄弱,,,1
collision:1301,1301,台塑,M.1590831690.A.7B6,2020-05-30 17:41:30,請益,name_with_context,sparse,False,4,Re: [請益] 當沖一個月賺五萬適合專職嗎,1,False,False,True,False,台塑,4882,"[簡稱(name_with_context)] …阿你不要說虧損,你一整個月都沒賺錢就好,請問你沒收入你生活怎麼辦?? 因此,如果你有2000萬,你就算做1600萬,但例如台塑你吃到前天那一根... 也許你就可以跟他凹阿...反正油價狂漲,你看昨天晚上大漲4.x%嚇死人的漲幅. 【台塑】怎樣也算是順風股...當沖吃了一根乾脆不停損跟他凹個一個星期兩個星期. 也許你就凹成賺錢了... 但是如果你只有10萬你做100萬... 那請問你不要說全吃,你吃一半0.5%虧損... 阿靠,你剩下五萬塊,買不起125cc機車了..…",suspect_weak,僅一處簡稱命中、不在標題、內文 4882 字：證據薄弱,,,1
collision:1304,1304,台聚,M.1667921359.A.852,2022-11-08 23:29:19,請益,name,sparse,False,2,Re: [請益] 存股獲利的迷思,1,False,False,True,False,台聚,2236,"[簡稱(name)] …右開始長期投資,2019自有資金全部買入 2020 6月等到確認股市V轉,用原屋融資借貸400萬1.32%(國泰人壽) 並分配在4~6個月全部投入台股,我是左側交易仔 當年運氣好,碰上大多頭買甚麼幾乎都賺錢 當時買到起漲前的光寶科、【台聚】、東鋼 第一次拿到大筆資金,很容易迷失自我 看到甚麼個股都覺得便宜,忘記投資紀律 未分3~4批資金投入單一個股 甚至優先選擇大盤ETF 導致第二階段,股票質借時期的挫敗 後來把全部部位,辦理股票質借 透過買入再質押,總共借了6…",suspect_weak,僅一處簡稱命中、不在標題、內文 2236 字：證據薄弱,,,1
collision:1304,1304,台聚,M.1672049606.A.245,2022-12-26 18:13:26,情報,name,sparse,False,6,[情報] 1226八大公股銀行買賣超排行,1,False,False,True,False,台聚,3217,[簡稱(name)] …8 和桐 414 28 彩晶 -338 29 中化生 397 29 永日 -333 30 【台聚】 376 30 裕民 -331 31 世紀鋼 373 31 友達 -323 32 富邦恒生國企正2…,suspect_weak,僅一處簡稱命中、不在標題、內文 3217 字：證據薄弱,,,1
collision:1762,1762,中化生,M.1616344586.A.E49,2021-03-22 00:36:26,標的,name_with_context,sparse,False,2,[標的] 3303 4938 3052 新手預測高股息,1,False,False,True,False,中化生,1546,"[簡稱(name_with_context)] …[標的] 3303 4938 3052 新手預測高股息 1. 標的:3303 岱稜 4938 和碩 3052 夆典 2. 分類:心得 3. 分析/正文: 離上次po文有一年了,推過台驊,【中化生】等績優股 此次要標的是未公布股利且具有潛在高殖利率的公司.... 可能是熱錢的效應,大家也都注意到這兩周以來, 許多高配息高殖利一公布,就噴好幾根, 老實說,這在往年是很少見的,往年頂多就一根 要如何快速找到可能會發布高殖…",suspect_weak,僅一處簡稱命中、不在標題、內文 1546 字：證據薄弱,,,1
collision:1907,1907,永豐餘,M.1607917755.A.493,2020-12-14 11:49:15,新聞,name,sparse,False,1,[新聞] KY股再掀康友案翻版淘帝買25億基金爆作,1,False,False,True,False,永豐餘,3893,"[簡稱(name)] …巨額虧損,台北地檢署已發現他們在疫情期間根本未實地赴中國 稽查康友帳目,淘帝是否也可以?已成為檢定未來偵察的重點。 勤業眾信是國內最大的會計師事務所之一,施景彬曾任審計部營運長,一度還是該所總裁 的熱門人選,同時也是中華電信,旺宏,神腦,【永豐餘】,麗嬰房,是方電訊,台北金融大 樓及勝悅-KY等上市櫃公司的簽證會計師,在發展中國家的名聲響亮,如今卻因康友案慘 敗一樁,遭阻止簽證2年。 本刊調查,淘帝除了資金有疑慮,大股東賣股也不手軟,出脫的時間點更是敏感,經歷從 2017年初至去年底…",suspect_weak,僅一處簡稱命中、不在標題、內文 3893 字：證據薄弱,,,1
collision:1907,1907,永豐餘,M.1728888918.A.075,2024-10-14 14:55:18,標的,name,sparse,False,4,Re: [標的] 2316 楠梓電 多,1,False,False,True,False,永豐餘,2802,"[簡稱(name)] …整子公司至市價後母公司淨值除以母公司市值之整體平均數為94%,多數集中在 1 : 倍附近,也就是母公司市值約等於調整後淨值附近。 : : 唯一的離群值為楠梓電,調整子公司至市價後母公司淨值除以母公司市值達501.86%, 其 : 次則為【永豐餘】之209.86%。 : : 透過整理得知母子公司價值脫勾不像一般想像的為常態,反而是大部分母公司的確會反應 : 子公司市場價值,而還沒反應子公司市場價值的反而才是離群值。 : : 楠梓電與其轉投資滬電股份之市值脫勾現象: : :…",suspect_weak,僅一處簡稱命中、不在標題、內文 2802 字：證據薄弱,,,1
collision:2006,2006,東和鋼鐵,M.1647248414.A.208,2022-03-14 17:00:14,情報,name,sparse,False,11,[情報] 0314上市外資買賣超排行,1,False,False,True,False,東和鋼鐵,3035,"[簡稱(name)] …定穎 -1,860 25 京元電子 2,623 25 華孚 -1,816 26 東聯 2,594 26 【東和鋼鐵】 -1,736 27 台新金 2,517 27 中砂 -1,570 28 萬海 2,507 28 福懋…",suspect_weak,僅一處簡稱命中、不在標題、內文 3035 字：證據薄弱,,,1
collision:2013,2013,中鋼構,M.1607864443.A.B6A,2020-12-13 21:00:43,其他,name,sparse,False,4,[徵文] 35歲男人的手遊-台灣股市,1,False,False,True,False,中鋼構,1956,"[簡稱(name)] …還有可能是正的XD,反正就是賠了一本的概念,現在回首起來看 我自己總結了幾個想法: 1.消息面不要看,新聞不要亂追,什麼賣地的,(聽說)獲利很好的,什麼台積電供應商等 等,只要財報沒有出來,都不要理他 這裡面我的持股代表有:辛耘,漢唐,【中鋼構】,亞力,漢唐. 媽啊還真的賠了不少 2.不要看到名字很像似,就腦袋尖尖買進去:代表,長榮航空 3.沒有量的股票不要追,本多不一定會終剩,不要聽人說跌個五趴就攤平,運氣好過關, 運氣不好就下課,像我亞太電信運氣還好,最後看到五G資費開出來…",suspect_weak,僅一處簡稱命中、不在標題、內文 1956 字：證據薄弱,,,1
collision:2014,2014,中鴻,M.1638791118.A.73B,2021-12-06 19:45:18,新聞,name_with_context,sparse,False,6,Re: [新聞] 0056成分股調整 增聯詠、中鋼等5檔,1,False,False,True,False,中鴻,2814,"[簡稱(name_with_context)] …(請以原文網頁/報紙之發布時間為準) : : 原文內容: : : 證交所和富時指數公司合編的台灣指數系列成分股調整3日公布,其中,台灣高股息 指 : 數 : : 新增聯詠、中鋼、聯強、裕民及【中鴻】,剔除京城銀等5檔。 : : 法人指出,過去高股息指數從年底到隔年上半年的上漲機率高,加上近期台股作夢+ 作 : 帳 : : 的火熱行情重啟,建議投資人可留意相關高股息ETF的進場機會,參與台股跨年行情 。 : : 本次台灣指數系列成分股的…",suspect_weak,僅一處簡稱命中、不在標題、內文 2814 字：證據薄弱,,,1
collision:2014,2014,中鴻,M.1623106117.A.FEA,2021-06-08 06:48:37,新聞,name_with_context,sparse,False,10,[新聞] 電子股不必買太早！35年台股老手,1,False,False,True,False,中鴻,2424,"[簡稱(name_with_context)] …,今年來上漲167%,台驊投控今年EPS估15元,今年 來上漲198%,中菲行今年EPS估9元,今年來上漲64%,以上航運股幾乎包辦今年上市櫃 公司漲幅前十名。 鋼鐵只有鋼筋的威致今年EPS估3.6元,創歷史新高,今年來大漲71%。中鋼、【中鴻】雖今年 EPS分別估3.2及4元,但還沒有打破歷史記錄。 造紙今年受惠紙漿、廢紙成本上升及需求旺,永豐餘、正隆EPS分別估3.6及4元,將創歷 史新高,近來股價急漲,週一雙雙漲停,成最強的傳產,今年來股價分別上漲72%及44% 。 紡織…",suspect_weak,僅一處簡稱命中、不在標題、內文 2424 字：證據薄弱,,,1
collision:2603,2603,長榮,M.1615514137.A.E0E,2021-03-12 09:55:37,新聞,name_with_context,dense,False,2,[新聞] 大航海時代尚未落幕？謝金河：貨櫃三雄,1,False,False,True,False,長榮海運,1653,"[簡稱(name_with_context)] …但股價會在籌碼面,基本面,技術面,及景氣面多方較勁,他直言,貨櫃三雄今年的股價變化,一定會很有看頭。 謝金河表示,到3月10日為止,上市上櫃公司公布二月營收,全體上市櫃公司營收達2.6兆元,寫下同期歷史新高,這當中最搶眼的是貨櫃運輸三雄,【長榮海運】296.29億元,創歷史新高,比去年同期增加125%,陽明海運2月208.28億元,比元月的204.46億元還高,前兩個月營收比去年同期成長74.8%,萬海航運前兩個月營收258.08億元,比去年同期成長122.5%。2月正值農曆過年,2月…",suspect_weak,僅一處簡稱命中、不在標題、內文 1653 字：證據薄弱,,,1
collision:6505,6505,台塑化,M.1725606351.A.AEC,2024-09-06 15:05:51,情報,name,sparse,False,3,[情報] 台塑五寶 113年8月營收,1,False,False,True,False,台塑化,1660,"[簡稱(name)] …累計 239,807,091 去年累計 214,026,306 增減金額 25,780,785 增減百分比 12.05 備註 / 營收變化原因說明 本資料由 (上市公司)【台塑化】 公司提供 民國113年08月 單位:新台幣仟元 項目 營業收入淨額 本月 59,629,087 去年同期 68,847,975 增減金額 -9,218,888 增減百分比…",suspect_weak,僅一處簡稱命中、不在標題、內文 1660 字：證據薄弱,,,1
collision:6505,6505,台塑化,M.1647248414.A.208,2022-03-14 17:00:14,情報,name,sparse,False,11,[情報] 0314上市外資買賣超排行,1,False,False,True,False,台塑化,3035,"[簡稱(name)] …1 中信中國50正2 -1,473 32 永豐金 2,239 32 微星 -1,371 33 力積電 2,171 33 【台塑化】 -1,350 34 元大高股息 2,121 34 華碩 -1,342 35 國際中橡 2,008 35 台玻…",suspect_weak,僅一處簡稱命中、不在標題、內文 3035 字：證據薄弱,,,1
mode:name,2330,台積電,M.1713449358.A.AFF,2024-04-18 22:09:18,新聞,name,dense,False,1,[新聞] 先探／謝金河：全世界是大洗盤的時代,1,False,False,True,False,台積電|台積,2514,"[簡稱(name)] …會逐漸上升,最近JP Morgan示警,全球面臨三大風險─戰爭、通膨及Fed政策,其實這些現象一直都存在,但 美、日、印股市在過去四年卻大放異彩,接下來大家要關注的是資金移動及個股的基本面 脈動。 這些年台股漲跌兩樣情,這次公布的三月營收,【台積電】的成績單非常值得注意。去年台灣 的出口衰退,市場一片看壞聲,但今年三月出口四一八.二億美元,年成長十八.九%, 首季一一○三.三億美元,也比去年同期九七七.六億美元成長十二.九%,三月出口躍 上四○○億美元大關,這是吉兆。(全文未完) 全…",suspect_weak,僅一處簡稱命中、不在標題、內文 2514 字：證據薄弱,,,1
mode:name,2330,台積電,M.1633224674.A.113,2021-10-03 09:31:14,請益,name,dense,False,2,Re: [請益] 今天航運是阿呆谷對吧？,1,False,False,True,False,台積電|台積,3156,[簡稱(name)] …船是相當耗能源的 : 造船的部件的中上游提供可能減緩 船的組裝也變成要排程 : 總不可能吊機抓一半停電給它掛在那 : 所以交船時間可能大延後 本來預計2022下半年船的供需平衡要延到2023或更久 : 新聞的消息是利多還空大家也分不清 : 【台積電】要4000櫃這利空卻拉漲 : 缺船的歐美線不先去補船 要為台商開中東線 : 是提早佈局2022年12月的世足賽嗎? : 貨櫃輪難玩 除了這些外 : 最主要還是EPS公布的時間 等到次季的第二個月才公布 : 拖這麼久怎麼玩 每個人含投顧都在用…,suspect_weak,僅一處簡稱命中、不在標題、內文 3156 字：證據薄弱,,,1
mode:name_with_context,1810,和成,M.1676522843.A.4CF,2023-02-16 12:47:23,新聞,name_with_context,sparse,False,2,[新聞] 張忠謀批天真 美官員：大家拭目以待,1,False,False,True,False,和成,1724,"[簡稱(name_with_context)] …。 報導說,這不是張忠謀第一次質疑美國的人力和企業文化等環境,是否適合半導體製造業 。去年四月,張忠謀就曾在美國智庫布魯金斯研究院的podcast訪談中表示,美國提高國 內晶片產量是昂貴、浪費、徒勞無功之舉。他認為,美國晶片製造業沒有擴張【和成】功所需 要的人才庫,還強調在美國製造晶片的成本令人卻步。 張忠謀去年八月再次當面對裴洛西表達類似批評。Politico報導,裴洛西訪團成員之一、 民主黨眾議員克利什納穆希當場大聲回應說,張忠謀應該到他的家鄉伊利諾州看看,就能 夠更了解美國…",suspect_weak,僅一處簡稱命中、不在標題、內文 1724 字：證據薄弱,,,1
mode:name_with_context,1305,華夏,M.1623106117.A.FEA,2021-06-08 06:48:37,新聞,name_with_context,sparse,False,10,[新聞] 電子股不必買太早！35年台股老手,1,False,False,True,False,華夏,2424,"[簡稱(name_with_context)] …於鐵礦石,因而歐美施打疫苗的報復性需求,最後壓軸好戲是原油上漲,夏天可望漲到每 桶80美元。 全球塑化產品經歷第一季狂漲,第二季以來進入平穩階段,展望第三季,受油價上漲帶動 的下游庫存回補展開,包括國喬今年EPS估5元、亞聚估3.2元、【華夏】估4.1元、聯成估3元 ,這四檔塑化股EPS將改寫歷史新高,但今年股價漲幅分別為25%、57%、46%及54%, 相對航運、鋼鐵,漲幅落後,隨著國際油價看漲,塑化股將反映第三季報價回升而展開補 漲。 心得/評論:…",suspect_weak,僅一處簡稱命中、不在標題、內文 2424 字：證據薄弱,,,1
mode:name_with_context,2409,友達,M.1690614842.A.B51,2023-07-29 15:14:02,心得,name_with_context,dense,False,5,Re: [心得] 股票質借心得分享,1,False,False,True,False,友達,5152,"[簡稱(name_with_context)] …股票質借的200萬及車貸的80萬還掉 : 目前的狀態是原屋融資350萬+股票質借400萬+信貸320萬+自有資金330萬 : 台股部位共1400萬,主要持股:台積電、00692、光寶科、台泥、亞泥、東鋼 : 華南金、兆豐金、邁達特,持有一些【友達】、穩懋、合一 : 以上背景資訊介紹 : 從2020Q2開始借貸投資,到現在2023Q1 : 剛好經歷了劇烈的多空小循環 : 從剛開始多頭行情隨便選股都大賺錢 : 到2022Q1 公司財報再漂亮都殺到見骨 : 質借維持率不斷破底,開始懷疑自己…",suspect_weak,僅一處簡稱命中、不在標題、內文 5152 字：證據薄弱,,,1
tier:dense,2609,陽明,M.1624348199.A.7AA,2021-06-22 15:49:59,情報,name_with_context,dense,False,1,[情報] 5609 中菲行 4月自結0.84,1,False,False,True,False,陽明,1910,"[簡稱(name_with_context)] …,未經會計師查核(閱),僅供投資人參考。 2.最近一季110年第1季係指單季數字,係經會計師核閱。 3.最近四季累計係本公司109年第2季至110年第1季採IFRS編製之合併數, 係未經會計師查核。 0.84 ....今天還追上【陽明】長榮 去年0.77 今年0.84.. 結果股價噴好幾倍QQ 救命 160套160年…",suspect_weak,僅一處簡稱命中、不在標題、內文 1910 字：證據薄弱,,,1
tier:silent,1527,鑽全,M.1618072026.A.CCA,2021-04-11 00:27:06,標的,name_with_context,silent,False,3,Re: [標的] 2062 橋椿,1,False,False,True,False,鑽全,4622,[簡稱(name_with_context)] …上修->漲漲漲 不過跟前面說的一樣 就算不看60 這價位配上展望跟實質業績已經在開出來 可以說已經很棒了 我習慣用比較保守方式看 都覺得今年很有機會至少2元 美國房地產這波可以同步看 橋椿-賣美國水龍頭 成霖-賣美國水龍頭 【鑽全】-賣美國釘槍 福興-賣美國門把 https://imgur.com/ib8FJif.jpg 3月營收都強強的 參考看看 有誤再拜託幫忙指正QAQ : ※ 引述《garyoldb (蓋瑞歐德B)》之銘言: : 氣 : : 正 : 但…,suspect_weak,僅一處簡稱命中、不在標題、內文 4622 字：證據薄弱,,,1
tier:silent,1103,嘉泥,M.1617606624.A.8AD,2021-04-05 15:10:24,新聞,name_with_context,silent,False,5,[新聞] 谷月涵示警「台股泡沫快逃」 老謝揭關鍵,1,False,False,True,False,嘉泥,1924,"[簡稱(name_with_context)] …長市場。 這其中很多公司業績出現巨大變化,像面板的友達去年第四季虧損88.28億,今年第四季 賺84.15億,群創從虧損64.59億變成大賺101.43億元。 很多產業都驚爆好成績,像台泥Eps4.18元,配3.5元現金,殖利率逾7%,【嘉泥】Eps2.74元 ,配1.4元現金,塑化的台達化Eps5.58元,股價43元。昨天廣達公告全年大賺253億元,E ps6.57元,配出5.2元現金,這是廣達史上最佳成績。 去年筆電大廠大豐收,華碩電腦Eps35.76元配26元現金,仁寶電…",suspect_weak,僅一處簡稱命中、不在標題、內文 1924 字：證據薄弱,,,1
tier:silent,2414,精技,M.1676795689.A.439,2023-02-19 16:34:49,請益,name_with_context,silent,False,14,Re: [請益] 有什麼工具能快速搜出殖利穩的定存股?,1,False,False,True,False,精技,1728,"[簡稱(name_with_context)] …經噴上去了,要等明年了 : 請問有啥工具可以快速搜尋台股中高殖利、配息穩的定存股? : 想蒐看看還有哪些還沒噴的,在配息公布前搭個末班車 : 另外修文分享一下本人手上持有的定存股: : 兆豐金、中信金、富邦金、新保、華票、聯華、興農、環泥、【精技】、台中銀、 : 山隆、信義、中再保、正隆、遠東新、震旦行、中菲、黑松、巨路 : 國票金、國眾、大聯大、邁達特、總太、永信、達欣工、中鼎、玉山金、興富發、 : 聯華食、惠光、元大期、群益證、文曄、品安、新纖、全坤建、日電貿、佳醫、 : 中信金…",suspect_weak,僅一處簡稱命中、不在標題、內文 1728 字：證據薄弱,,,1
tier:sparse,1536,和大,M.1653282415.A.1DC,2022-05-23 13:06:55,新聞,name_with_context,sparse,False,3,[新聞] 連踩國巨、元大台灣50反1、俄羅斯債三大,1,False,False,True,False,和大,4314,"[簡稱(name_with_context)] …個地雷,就是在2020年新冠疫情爆發時,重壓元大台灣50反1。 法人表示,這檔元大台灣50反1(反向ETF)的成分中超過一半是台積電,當台積電大漲、台 股大漲,台灣50反1就會下跌,換句話說,如果大買元大台灣50反1,就是等於放空台積電 【和大】盤,等於是跟護國神山台積電的股價對幹。 前高層透露,三商人壽放空台積電的價位在326元上下、也就是在台股8500點附近,事後 回頭看,這一檔元大台灣50反1,三商人壽慘遭軋空8千點。 2020年2、3月之間,全球新冠疫情爆發,這對三商美…",suspect_weak,僅一處簡稱命中、不在標題、內文 4314 字：證據薄弱,,,1
tier:sparse,3055,蔚華科,M.1589500855.A.C05,2020-05-15 08:00:55,心得,name,sparse,False,1,Re: [心得] 決定退出股版,1,False,False,True,False,蔚華科,2475,"[簡稱(name)] …以就決定刪除所 : 有標的文。 : 至於發標的文,內容與籌碼多數由新聞與軟體整理而來,只是發個人覺得比較可能在短期 : 上漲的股票,至於跟單與否也是隨網友個人意願。 : 個人檢視多數標的文其實都是上漲讓各位有賺到錢 : 奇力新.台半.昂寶.【蔚華科】.原相.敦泰.晶豪科.台勝科.廣運 : 其實說要找抬轎有點過於超過,因為我只是把看好用各項數據整理分析好給各位參考,各 : 位如果看好就自行買進,只要有嚴設停損基本上都不會到大賠。 : 像是奇力新,我分享當時股價92.8元,當天成交量912…",suspect_weak,僅一處簡稱命中、不在標題、內文 2475 字：證據薄弱,,,1
tier:sparse,1536,和大,M.1582850902.A.82C,2020-02-28 08:48:22,請益,name_with_context,sparse,False,2,Re: [請益] 此次肺炎是否引爆下一波經融危機,1,False,False,True,False,和大,1899,"[簡稱(name_with_context)] …確未來會有因為景氣下修的風險,但不會那麼快在營收見到這樣的風險 2.選擇終端客戶為國際大廠的公司,該公司比較有長單方便供應端備料,網通目前高於5g ,因為資料中心的需求在全球比較急促 3.等營收公佈再進場,沒幾天了您為何要那麼著急呢?不然就【和大】戶佈的籌碼走,就算套 住應該幾個月就解套了 我只能說公司都還是要做產品賣賺錢的,有些顧慮的確是有的,但因為歷史事件總是循環 ,大家要回復信心也很快,要慶幸大部分的人去年是賺夠的來跌的。 ※ 引述《hoin (◎_◎)》之銘言: : ""你…",suspect_weak,僅一處簡稱命中、不在標題、內文 1899 字：證據薄弱,,,1
bulk,2347,聯強,M.1726497858.A.42D,2024-09-16 22:44:18,情報,code,sparse,True,10,[情報] 113/09/16 八大公股銀行買賣超排行,1,True,False,False,False,,2781,[代號] …5 5 富邦金 -3246 6 中信優息投資級債 3838 6 新光金 -2844 7 華航 2622 7 三商壽 -2546 8 凱基美國非投等債 【2347】 8 精金 -2476 9 國泰永續高股息 2106 9 聯電 -2301 10 統一美債20年 1630 10 復華富時不動產 -2287 11 元大台灣高息低波 1…,needs_review,,,,2
collision:1216,1216,統一,M.1671778881.A.1B8,2022-12-23 15:01:21,情報,code,sparse,False,1,[情報] 1223 SCFI 指數 1107.09 (-16.20),1,True,False,False,False,,246,[代號] …6.20) 1. 標題: SCFI & CCFI 指數 2. 來源: 上海航運交易所 3. 網址: https://www.sse.net.cn/index/singleIndex?indexType=scfi 4. 內文: 【1216】 SCFI 指數 1123.29 1223 SCFI 指數 1107.09 (-16.20) 跌幅 1.4 % -- 1216 CCFI 指數 1339.43 1223 CCFI 指數 1307.54 (-31.89)…,needs_review,,,,2
collision:1216,1216,統一,M.1625124868.A.5F7,2021-07-01 15:34:28,情報,code,sparse,False,1,[情報] 110年07月01日 櫃買法人買賣金額統計表,1,True,False,False,False,,1168,[代號] …----- 外資買超 外資賣超 1.合晶 5795 1.富喬 -6714 2.聚和 2253 2.榮剛 -5320 3.原相 【1216】 3.僑威 -2742 4.加高 1054 4.鈺創 -2005 5.漢磊 1000 5.華容 -1852 ------------同場加映…,needs_review,,,,2
collision:1216,1216,統一,M.1637306701.A.7F7,2021-11-19 15:25:01,新聞,code,sparse,False,1,Fw: [新聞] 聯發科攜手 AMD 開發 Ryzen 處理器使用 W,1,True,False,False,False,,946,"[代號] …將可能支援 5G Sub-6 頻段。而另一種型號為 AMD RZ608 的產品.則對應 80MHz 的傳輸頻寬,最大傳輸速率將為 1.2 Gbps 。 聯發科還強調,目前AMD RZ616 將適用於 M.2 2230 和非常短的 M.2 【1216】 插槽,而 AMD RZ608 則僅適用於 M.2 2230插槽。而且,兩款產品都整合了聯發科的功率放大 (PA) 和低噪聲放大器 (LNA) 技術,以幫助優化功耗並減少設計佔用空間,使晶片組能夠嵌入各種尺寸的筆記型電腦中。而藉由這為新一代…",needs_review,,,,2
collision:1301,1301,台塑,M.1734511692.A.296,2024-12-18 16:48:12,請益,name_with_context,sparse,False,3,[請益] 會大起大落的ETF?,2,False,False,True,False,台塑,420,"[簡稱(name_with_context)] …[請益] 會大起大落的ETF? 以後大部位操作應該只會買0050+SPY+QQQ相關的ETF了 真的被0050反1這種垃圾ETF和【台塑】家族的股票搞死 多年積攢的血汗錢賠掉好多 以前台塑、山隆 這種跟油有關的,雜誌、理財節目、版上一定常常會推的定存股 現在是定存骨,7個石化廠 把台韓都卷死了 現在台積電風光,可是難保他20年後還是每年EPS超過50 買0050這種…
[簡稱(name_with_context)] …[請益] 會大起大落的ETF? 以後大部位操作應該只會買0050+SPY+QQQ相關的ETF了 真的被0050反1這種垃圾ETF和台塑家族的股票搞死 多年積攢的血汗錢賠掉好多 以前【台塑】、山隆 這種跟油有關的,雜誌、理財節目、版上一定常常會推的定存股 現在是定存骨,7個石化廠 把台韓都卷死了 現在台積電風光,可是難保他20年後還是每年EPS超過50 買0050這種優點就不贅述了,自動會把爛股踢出去(ex:台化快了)…",needs_review,,,,2
collision:1301,1301,台塑,M.1657423636.A.8D6,2022-07-10 11:27:16,新聞,name_with_context,sparse,False,4,[新聞] 國安基金護盤 法人：機率不大,1,False,False,True,False,台塑,995,"[簡稱(name_with_context)] …,過去國安基金購 買的股票有跡可循,像是台積電、台達電等都是必「護」標的之一,這些股票也已經跌深, 是可以提前資金卡位。 就2020年3月,最近一次護盤情形來看,國安基金買進19檔股票,買進金額前五大股票為 台積電、可成、台達電、鴻海、【台塑】。而2016年8月因亞幣劇貶,釀成恐慌性拋售進場護盤 ,前五大則除可成換成華碩外,其餘相同。 心得/評論: 台股目前「似乎」止跌回穩了,而且還沒到十年線,根本沒有恐慌到需要護盤的程度,現階 段只要信心喊話就夠啦!糖漿不會隨便亂撒der…",needs_review,,,,2
collision:1301,1301,台塑,M.1728656459.A.FAC,2024-10-11 22:20:59,情報,name_with_context,sparse,False,3,[情報] 台塑九寶 113年9月營收,2,False,False,True,True,台塑,2346,"[簡稱(name_with_context)] …[情報] 【台塑】九寶 113年9月營收 標題:台塑九寶113年9月營收 來源:公開資訊觀測站 (公司名、網站名) 網址:https://mops.twse.com.tw/mops/web/t51sb10?Stp=R1&TK= (請善用縮網址工具) 內…
[簡稱(name_with_context)] …[情報] 台塑九寶 113年9月營收 標題:【台塑】九寶113年9月營收 來源:公開資訊觀測站 (公司名、網站名) 網址:https://mops.twse.com.tw/mops/web/t51sb10?Stp=R1&TK= (請善用縮網址工具) 內文: 本資料由 (上市公司)台塑…",needs_review,,,,2
collision:1301,1301,台塑,M.1733397623.A.A53,2024-12-05 19:20:23,新聞,name_with_context,sparse,False,3,[新聞] 全球1800名CEO下台！ 謝金河點台塑三寶,1,False,False,True,True,台塑,932,"[簡稱(name_with_context)] …值比不到一的公司必須提出改善報告,政策發揮很大效益,促使銀行 、證券公司的股價上漲,南韓也有樣學樣,要求上市公司重視PBR(股價淨值比)。 謝金河認為,包括季辛格、Carlos Tavares等CEO先後下台,帶給台灣企業很多啓示,例如 【台塑】三寶離淨值越來越遠,也不見看到經營管理團隊提出改善計劃,反觀台泥董事長張安平 背水泥開法說會,「這一幕格外有溫度!」 他強調,台灣近年上市、上櫃、上興櫃或創新板的公司越來越多,交易所及櫃買中心應該要 有具體作為,股東也能加強考核經營者,對…",needs_review,,,,2
collision:1301,1301,台塑,M.1625616939.A.939,2021-07-07 08:15:39,新聞,name_with_context,sparse,False,1,[新聞] 台塑林園廠驚傳爆炸！　暗夜巨響震醒7公,1,False,False,True,True,台塑,442,"[簡稱(name_with_context)] …槽同發生過類似爆炸事故 。初步了解,這次火警發生元原因同樣是SILO區另座儲槽出現粉塵爆炸,燃燒塑膠粒,確 實起火原因仍待深入鑑識及勞檢單位調查。 心得/評論: ※必需填寫滿20字 【台塑】工廠爆炸失火 Call訊來了 今天開盤先融資歐印了(誤…",needs_review,,,,2
collision:1301,1301,台塑,M.1732931232.A.9C5,2024-11-30 09:47:12,新聞,name_with_context,sparse,False,2,Re: [新聞] 破4%！主計總處上修全年GDP為4.27% 近3年,1,False,False,True,False,台塑,990,"[簡稱(name_with_context)] …再看賺錢指標的營業利益,所有工廠累計為1.68兆元,可年減幅達23.7%,比前一年少賺 近1/4。以電子零組件業減少5320億元最多,機械設備業303億元次之。 ============================= 傳產全趴了 【台塑】四寶比金融海嘯的時候還慘 鋼鐵業也快趴在地上 現在只靠台積電跟金融撐盤 消費性電子等Q4營收出來大概也是旺季不旺 明年更慘.…",needs_review,,,,2
collision:1301,1301,台塑,M.1584520063.A.29B,2020-03-18 16:27:43,其他,name_with_context,sparse,False,3,Re: [其他] 為什麼一堆人還在等反彈,1,False,False,True,False,台塑,524,"[簡稱(name_with_context)] …麼厲害,跑去玩空 : 但不是應該空手看戲了嗎 : 還不跑 : 你是在等什麼 : 你假如上禮拜這個時間點出掉 : 你至少都少賠10% : 上上禮拜出掉,你少賠20% : 直到現在,還是一堆人在等反彈 : 彈起來,你是能賺多少???? 有聽過【台塑】鴻海台積電富邦國泰 因為股價下跌賣掉自家股票變現的嗎? 這一波殺的很應該 很多被炒作墊高的股價 本來就該大清洗一下,還他原型 為什麼存股要跑? 存股本意就是獲取比定存更高的收益 只要這帳面虧損不影響到現金流 是漲是跌都無關緊要 漲到滿…",needs_review,,,,2
collision:1301,1301,台塑,M.1610247408.A.8D0,2021-01-10 10:56:48,新聞,name_with_context,sparse,False,6,[新聞] 3大名師公布10檔推薦股　新產品＋漲價這5,3,False,False,True,False,台塑,2515,"[簡稱(name_with_context)] …博積極爭取各國訂單,主力事業血糖、血壓產品事業可望穩定增長。 第一金投顧董事長陳奕光為《蘋果新聞網》讀者點兵10檔潛力股,標的遍及金融、塑化、 半導體、零組件、電動車概念股等,讓積極型或者保守穩健型的投資人都有所選擇,這10 檔個股分別是【台塑】、台化、台積電、凱美、聯發科、開發金、精材、智伸科、立積、雍智 。 陳奕光鎖定5大族群建議投資人布局,第1,是進可攻退可守的金融股,選股的原因包括基 期低、殖利率高、呆帳減少以及隨著景氣復甦,2021年下半年利差可望擴大,目前利率已 經有…
[簡稱(name_with_context)] …科、開發金、精材、智伸科、立積、雍智 。 陳奕光鎖定5大族群建議投資人布局,第1,是進可攻退可守的金融股,選股的原因包括基 期低、殖利率高、呆帳減少以及隨著景氣復甦,2021年下半年利差可望擴大,目前利率已 經有蠢蠢欲動的跡象。 第2,【台塑】4寶。陳奕光認為,國際原油價格每桶有機會回到60美元以上,加上採購經理人 指數(PMI)趨勢向上,5大泛用樹脂指數的利差將擴大,將有助於塑化股的營運面回升, 短線來看,包括台塑、南亞、台化的股價都可以順利站回百元之上。 第3,電動車概念股…
[簡稱(name_with_context)] …年下半年利差可望擴大,目前利率已 經有蠢蠢欲動的跡象。 第2,台塑4寶。陳奕光認為,國際原油價格每桶有機會回到60美元以上,加上採購經理人 指數(PMI)趨勢向上,5大泛用樹脂指數的利差將擴大,將有助於塑化股的營運面回升, 短線來看,包括【台塑】、南亞、台化的股價都可以順利站回百元之上。 第3,電動車概念股。陳奕光表示,2020年電動車的滲透率剛起步,邁入2021年將正式啟 動超級循環,看好美國的特斯拉與中國的比亞迪的銷售表現,這兩大供應鏈的電動車概念 股都將同步受惠。 第4,…",needs_review,,,,2
collision:1301,1301,台塑,M.1632976000.A.4B8,2021-09-30 12:26:40,新聞,name_with_context,sparse,False,4,[新聞] 油價強彈 塑化噴出,1,False,False,True,False,台塑,1327,"[簡稱(name_with_context)] …全球石油短缺的擔憂加劇,油價持續攀高,布蘭特原油每桶站上80美元高價,創3年 高點。影響所及,成品油利差空間擴大,台塑化29日股價逆勢上漲2.3%,股價重回百元 俱樂部,達102元。此外,美國西湖化學爆炸意外,可望進一步帶動PVC強漲氛圍,【台塑】、 華夏、聯成營運看俏。 據悉,新冠變種疫情持續,但在各國大多抱持與病毒共存策略下,經濟活動持穩推進,台 塑化目前成品油煉油價差隨需求增溫,明顯向上墊高;其中,柴油每桶煉油價差重回二位 數,為11.8美元、航空燃油每桶價差從先前6~7美元…",needs_review,,,,2
collision:1304,1304,台聚,M.1620369524.A.0B6,2021-05-07 14:38:44,新聞,name,sparse,False,7,[新聞] 史上最強原物料漲勢！銅、油、鐵狂飆，,1,False,False,True,False,台聚,993,"[簡稱(name)] …較銅箔基板族群、導 線架族群更為明顯。 國際油價持續走揚,布蘭特原油逼近 70 美元大關,高盛認為未來 6 個月全球原油需求 將出現有史以來最大增幅,每日大增520萬桶,今年夏天油價將持續漲到80美元,法人點 名相關塑化概念股,包括南亞、【台聚】、聯成、華夏可望受惠。 全球鋼材消費激增,推升鐵礦砂價格推向前所未有的高點,美系外資認為,鐵礦砂價格短 期內可望持續上揚,並可望突破每噸 200 美元,而台股相關概念股在鋼市榮景之下,中 鋼、豐興、中鴻的獲利表現可望受惠。 美國低溫和巴…",needs_review,,,,2
collision:1304,1304,台聚,M.1634138759.A.E06,2021-10-13 23:25:59,新聞,name,sparse,False,3,[新聞] 國內期貨普遍收跌 鐵合金、化工領跌,1,False,False,True,False,台聚,293,"[簡稱(name)] …二醇、PVC跌7%,甲醇、LPG、鐵礦跌6%,苯乙烯跌5%,螺紋、紅棗跌4%;動力煤漲4% -------------------- 沒有看到台灣內部新聞在分享 只好從新浪先轉貼過來 這波最猛的幾個股票 尿素:台肥 乙二醇:東聯 PVC:【台聚】亞聚 目前中國傳產 多頭將星又被狙擊一波 但國內新聞還在報漲價....…",needs_review,,,,2
collision:1304,1304,台聚,M.1625361352.A.B14,2021-07-04 09:15:52,標的,code,sparse,False,1,[標的] 2031 西瓜金鋼護體,1,True,False,False,False,,349,"[代號] …[標的] 2031 西瓜金鋼護體 1. 標的: 新光鋼 2. 分類:空 3. 分析/正文: https://i.imgur.com/KeI8PJR.jpg https://i.imgur.com/XCsjyN3.jpg 看著昨天塑化(【1304】)被凱基台北哥玩爛, 漲多的鋼鐵很有機會依樣畫葫蘆! https://i.imgur.com/5Amdf1M.jpg 明天西瓜鋼隔日沖賣壓至少15000張, 但利多護體,早盤拉高機率超過70%, 除非爆大量把隔日沖籌碼接走, 否則前半小時成…",needs_review,,,,2
collision:1304,1304,台聚,M.1658146639.A.FCF,2022-07-18 20:17:19,新聞,name,sparse,False,9,[新聞] 公司治理100指數 成分股大汰換30檔,1,False,False,True,False,台聚,1108,"[簡稱(name)] …淑美 原文內容: 台灣指數股公司今(18)日公布「公司治理100指數」今年度成分股定期審核結果,在100 檔成分股中,大汰換高達30檔個股,中鋼(2002)及華航(2610)及長榮航(2618)航空 雙雄等均入列。 新納入的成分股計有【台聚】、華夏、亞聚、台達化、中石化、華新、東聯、中碳、永豐餘、 中鋼、中鴻、豐興、台橡、藍天、義隆、華新科、裕民、華航、萬海、長榮航、晶豪科、 智原、群創、敦泰(3545)、大聯大、台塑化、南茂、統一實、中鼎、信義等30檔股票,這 項審核結果將於…",needs_review,,,,2
collision:1304,1304,台聚,M.1602124866.A.DEA,2020-10-08 10:41:06,標的,name,sparse,False,3,Re: [標的] 南帝 多,1,False,False,True,False,台聚,297,"[簡稱(name)] …Re: [標的] 南帝 多 ※ 引述《halflord (路人)》之銘言: : 1. 標的:南帝2108 : 2. 分類:多 : 3. 分析/正文:EVA PVC強漲,【台聚】、亞聚昨日漲停,但南帝主攻橡膠手套也因相關塑料 : 的漲價 : 會帶動近月的營收,股價預測這幾天會補漲 : 4. 進退場機制:(非長期投資者,必須有停損機制) : 停利:55 : 停損:46 : ----- : Sent from JPTT…",needs_review,,,,2
collision:1304,1304,台聚,M.1633016245.A.0F2,2021-09-30 23:37:25,新聞,name,sparse,False,2,Re: [新聞] EVA漲勢為「末升段」 法人︰下波PVC接棒,1,False,False,True,False,台聚,1002,"[簡稱(name)] …,下波接棒的則是PVC(聚氯乙烯), 最? : : 好台塑(1301)未來表現,而台塑也認為PVC第4季價格將會回升。 : : EVA價格 估11-12月反轉 : : 凱基投顧最新報告指出,EVA價格持續上漲,每噸報價來到3520美元,上修【台聚】(130 4? : : 今年全年每股稅後盈餘(EPS)預估值為5.38元,不過,報告認為EVA漲勢已處於「末 升 : : 」,推估將於11-12月反轉下跌,主要因為當前EVA價格已較其他材料呈現溢價,將刺 激 : : 代效果; : : 心得…",needs_review,,,,2
collision:1304,1304,台聚,M.1696238636.A.E6C,2023-10-02 17:23:56,新聞,name,sparse,False,5,[新聞] 台塑四寶Q3本業要賺錢了 旺季需求可望延Q,1,False,False,True,False,台聚,1128,"[簡稱(name)] …改善。 台化也表示,市況已從第2季谷底走出,而且油價上漲牽動產品售價上揚,第3季可較第2季成長、預估第4季營收也比第3季成長。 法人指出,塑化產業傳統「金九銀十」旺季,今年雖然終端需求不強,但隨PVC、EVA等塑化報價轉強,台塑、華夏、【台聚】等廠仍可有表現可期,第3季營收可較第2季成長,獲利部分則也可明顯改善。苯及SM(苯乙烯)、酚酮方面,苯目前供應仍偏緊、價格維持,隨SM價格上修,台苯下半年利潤會愈來愈好,第3季有望轉虧為盈。 另,大陸聚酯市場開工率近來持續九成左右的高開動…",needs_review,,,,2
collision:1304,1304,台聚,M.1689690963.A.B89,2023-07-18 22:36:03,新聞,name,sparse,False,9,Re: [新聞] 00692成分股大汰換 新納入30檔出列,1,False,False,True,False,台聚,1349,[簡稱(name)] …) 汽車工業:和泰車 金控業:開發金、新光金 航運業:華航 電腦及週邊設備業:微星、藍天 光電業:友達、群創 造紙工業:永豐餘、正隆 半導體業:景碩、超豐、義隆、南茂、晶豪科、敦泰 電子零組件業:華新科、晶技、泰鼎-KY 塑膠工業:中石化、【台聚】、華夏、亞聚、台達化 鋼鐵工業:中鴻 其他業:統一實、信義 證券業:群益證 生技醫療業:晶碩 化學工業:東聯 ~~~~ ※ 引述《saber50116 (Catdog)》之銘言: : 原文標題:00692成分股大汰換 新納入30檔出列…,needs_review,,,,2
collision:1304,1304,台聚,M.1630307691.A.8B5,2021-08-30 15:14:51,情報,code,sparse,False,1,[情報] 110年08月30日 櫃買法人買賣金額統計表,1,True,False,False,False,,1159,[代號] …124.66 -1.63 明天MDFK ------------(ETF省略)--------------------- 投信買超 投信賣超 1.欣銓 【1304】 1.合晶 -1249 2.旺矽 628 2.台半 -795 3.創惟 249 3.同致 -200 4.雍智科技 209…,needs_review,,,,2
collision:1304,1304,台聚,M.1646824166.A.AE9,2022-03-09 19:09:26,情報,name,sparse,False,4,[情報] 台聚集團 開獎,1,False,False,True,True,台聚,197,[簡稱(name)] …EPS 1.58 華夏 EPS 4.25 股息 2.5元 股價 34 Q4EPS 1.02 台達化 EPS 4.89 股息 2元 股價 32 Q4EPS 1.19 股票 0.5元 【台聚】 eps 4.84 股息2.2元 股價 28.5 q4eps 1.38…,needs_review,,,,2
collision:1304,1304,台聚,M.1625143011.A.3D6,2021-07-01 20:36:51,新聞,name,sparse,False,4,[新聞] 台股爆量6千億 嗅出電子族群回歸氣息,1,False,False,True,False,台聚,1192,"[簡稱(name)] …,萬海股價甚至一度下跌3.5元至317.5元,尾盤則再度拉升,長榮、陽明漲幅都在7% 以上。 鋼鐵股則大多開高走低,資金比重則略拉回至16%左右,有漲停的如燁興、燁輝、志聯, 也有跌停的唐榮,其他傳產原物料族群如塑化、紡織類股也表現強勢,【台聚】、華夏等多檔 塑化股以及紡織股的大東都收在漲停。 摩爾投顧分析師鐘崑禎表示,今日大盤表面上是上沖下洗,但其實整體資金輪動非常精采 ,從開盤到創高到收盤,不管上漲還是下跌,主導的都還是在傳產族群,量也是近期的大 量,這次指數創新高的漲點主要…",needs_review,,,,2
collision:1605,1605,華新,M.1686232545.A.A8B,2023-06-08 21:55:45,情報,code,sparse,False,5,[情報] 112年06月08日信用交易統計,1,True,False,False,False,,1057,"[代號] …382廣達 資減 4,838 張 券減 206 張 1609大亞 資增 6,955 張 券增 1,200 張(券資比44%) 6005群益證 資增 11,798 張 券增 20 張 【1605】華新 資增 1,520 張 券增 4,808 張 2618長榮航 資減 8,183 張 券減 1,624 張 2603長榮 資減 2,703 張 券增 121 張 ============…",needs_review,,,,2
collision:1605,1605,華新,M.1668519962.A.2F0,2022-11-15 21:46:02,情報,code,sparse,False,5,[情報] 111年11月15日信用交易統計,1,True,False,False,False,,1142,"[代號] …======== 2603長榮 資增 1,726 張 券減 636 張 2609陽明 資增 2,993 張 券減 201 張 3481群創 資減 2,317 張 券增 3,245 張 【1605】華新 資減 3,853 張 券增 1,297 張 2889國票金 資增 4,032 張 券增 4,785 張(券資比89%) ================================== 櫃買信用交易…",needs_review,,,,2
collision:1605,1605,華新,M.1664457653.A.B02,2022-09-29 21:20:53,情報,code,sparse,False,6,[情報] 111年09月29日信用交易統計,1,True,False,False,False,,1269,"[代號] …2615萬海 資減 377 張 券增 273 張(券資比43%) 2609陽明 資增 1,953 張 券增 754 張 ================================== 【1605】華新 資增 3,314 張 券減 1,950 張 6116彩晶 資減 893 張 券增 930 張 2498宏達電 資減 479 張 券減 469 張 2881富邦金 資增…",needs_review,,,,2
collision:1605,1605,華新,M.1656080694.A.B36,2022-06-24 22:24:54,情報,code,sparse,False,8,[情報] 111年06月24日信用交易統計,1,True,False,False,False,,1344,"[代號] …================================== 2498宏達電 資增 871 張 券增 4,954 張(券資比39%) 1513中興電 資增 2,840 張 券增 322 張 【1605】華新 資增 1,113 張 券增 2,447 張 ================================== 櫃買信用交易統計 資減 0.68 億 券增 27 張 3508位速 資增…",needs_review,,,,2
collision:1605,1605,華新,M.1653052587.A.BFE,2022-05-20 21:16:27,情報,code,sparse,False,9,[情報] 111年05月20日信用交易統計,1,True,False,False,False,,1271,"[代號] …347 張 2609陽明 資增 491 張 券增 466 張 2615萬海 資減 724 張 券增 487 張 ================================== 【1605】華新 資減 6,931 張 券增 2,973 張 2013中鋼構 資增 2,482 張 券增 331 張 2014中鴻 資減 1,008 張 券增 733 張 1524耿鼎 資減…",needs_review,,,,2
collision:1605,1605,華新,M.1690981920.A.EB8,2023-08-02 21:12:00,情報,code,sparse,False,4,[情報] 112年08月02日信用交易統計,1,True,False,False,False,,1120,"[代號] …張 券減 438 張 2376技嘉 資減 1,227 張 停券 2913農林 資減 4,049 張 券增 1,141 張 1609大亞 資增 3,866 張 券增 2,821 張 【1605】華新 資增 3,537 張 券增 412 張 9927泰銘 資增 569 張 券增 213 張 2009第一銅 資減 149 張 券增 590 張 3481群創 資增…",needs_review,,,,2
collision:1605,1605,華新,M.1678195916.A.211,2023-03-07 21:31:56,情報,code,sparse,False,6,[情報] 112年03月07日信用交易統計,1,True,False,False,False,,1097,"[代號] …1,397 張 ================================== 1504東元 資增 4,248 張 券增 241 張 2457飛宏 資增 2,015 張 券增 124 張 【1605】華新 資減 2,936 張 券增 35 張 2359所羅門 資增 1,022 張 券增 460 張 1513中興電 資增 992 張 券增 282 張 3454晶睿 資減…",needs_review,,,,2
collision:1605,1605,華新,M.1652362088.A.5CD,2022-05-12 21:28:08,情報,code,sparse,False,6,[情報] 111年05月12日信用交易統計,1,True,False,False,False,,1263,"[代號] …35 張 2303聯電 資減 527 張 券減 355 張 ================================== 6531愛普* 資增 663 張 券增 201 張 【1605】華新 資增 2,867 張 券增 1,525 張 3481群創 資減 4,103 張 券增 3,322 張 ================================== 櫃買信用交易統計 資減…",needs_review,,,,2
collision:1605,1605,華新,M.1669046008.A.105,2022-11-21 23:53:28,情報,code,sparse,False,4,[情報] 111年11月21日信用交易統計,1,True,False,False,False,,1151,"[代號] …==== 大哥二哥 2330台積電 資增 316 張 券減 73 張 2303聯電 資減 1,597 張 券增 387 張 ================================== 【1605】華新 資增 3,931 張 券增 1,564 張 2618長榮航 資增 323 張 券增 2,613 張(券資比45%) 2317鴻海 資增 923 張(近十日+9907張) 券減…",needs_review,,,,2
collision:1605,1605,華新,M.1650029077.A.1DA,2022-04-15 21:24:37,情報,code,sparse,False,9,[情報] 111年04月15日信用交易統計,1,True,False,False,False,,1406,"[代號] …==== 大哥二哥 2330台積電 資減 996 張 券減 44 張 2303聯電 資增 2,037 張 券增 395 張 ================================== 【1605】華新 資增 5,690 張 券增 2,519 張 2481強茂 資減 113 張 券增 2,118 張 4133亞諾法 資減 1,029 張 券增 889 張(券資比64%) 131…",needs_review,,,,2
collision:1605,1605,華新,M.1659707557.A.AFA,2022-08-05 21:52:37,情報,code,sparse,False,6,[情報] 111年08月05日信用交易統計,1,True,False,False,False,,1292,"[代號] …68金像電 資增 1,010 張 券增 176 張 2498宏達電 資增 2,777 張 券增 1,209 張(券資比47%) 2313華通 資增 2,681 張 券增 199 張 【1605】華新 資減 296 張 券增 2,630 張 ================================== 櫃買信用交易統計 資減 0.22 億 券增 1,519 張 8069元太 資減 1…",needs_review,,,,2
collision:1605,1605,華新,M.1652879512.A.FF1,2022-05-18 21:11:52,情報,code,sparse,False,8,[情報],1,True,False,False,False,,1452,"[代號] …======= 面板 2409友達 資增 1,884 張 券增 2,160 張 3481群創 資減 3,793 張 券增 2,716 張 ================================== 【1605】華新 資減 1,042 張 券增 1,731 張 2317鴻海 資增 1,738 張 券增 165 張 3035智原 資減 928 張 券增 701 張(券資比37%) =====…",needs_review,,,,2
collision:1605,1605,華新,M.1664544554.A.542,2022-09-30 21:29:14,情報,code,sparse,False,7,[情報] 111年09月30日信用交易統計,1,True,False,False,False,,1378,"[代號] …2615萬海 資減 507 張 券減 726 張(券資比41%) 2609陽明 資減 315 張 券增 1,107 張 ================================== 【1605】華新 資增 3,155 張 券增 183 張 6153嘉聯益 資增 698 張 券增 262 張 2498宏達電 資減 1,772 張 券減 1,660 張(券資比50%) 23…",needs_review,,,,2
collision:1605,1605,華新,M.1651112130.A.7E7,2022-04-28 10:15:30,新聞,code,sparse,False,1,[新聞] 不銹鋼大廠 5月盤價拚平盤,1,True,False,False,False,,1437,"[代號] …(請以原文網頁/報紙之發布時間為準) 原文內容: 受國際鎳價回跌、印尼青山集團不銹鋼品跌價及疫情衝擊,導致需求遲緩等因素影響,不 銹鋼上游大廠燁聯(9957)、唐榮(2035)、華新(【1605】)等鋼廠,將於29日前陸續開出 5月盤價,市場預期結果為平盤或小跌。 不銹鋼業者表示,雖然不銹鋼原物料成本仍在高檔,但近來受到大陸疫情嚴峻影響,不銹 鋼品流通價走跌,且印尼青山熱軋不銹鋼4月來每公噸下跌30美元,加上通膨壓力,整體 需求有…",needs_review,,,,2
collision:1762,1762,中化生,M.1588750596.A.B75,2020-05-06 15:36:36,請益,name_with_context,sparse,False,4,Re: [請益] 防疫股請益,1,False,False,True,False,中化生,820,"[簡稱(name_with_context)] …369張) 跌0.49% : 台康(1587張) 跌9.66% : 高端疫苗(3958張) 漲停 : 雃博(1331張) 跌2.33% : 合一(新藥非防疫)處置中 0.44% : 遠東新(4858張) 漲0.71% : 第三隊前段班 : 【中化生】(180張) 跌0.48% : 佰研(530張)非防疫股 : 遠見(513張) 跌7.6% : 基亞 漲4.1% : 德淵 漲停 : 第三隊後段班: : 長興(非防疫股),新麗,南六,德淵,強生,生達,太醫,瑞基 : 第一隊已經幾乎買不到,…",needs_review,,,,2
collision:1762,1762,中化生,M.1647155602.A.1E3,2022-03-13 15:13:22,請益,code,sparse,False,1,Re: [請益] 說要買美股的有想過美股會跌成這樣嗎？,1,True,False,False,False,,752,[代號] …舉一些比較明顯的例子 : 以一年(52週)高點來看 : Zoom 高點 406 現價 98 剩1/4 : Beyone 高點 160 現價 38 剩1/4 : Paypal 高點 310 現價 96 剩1/3 : Shopify 高點 【1762】 現價 544 剩1/3 : Facebook 高點 384 現價 186 剩1/2 : Netfilx 高點 700 現價 340 剩1/2 話說股票大勢 漲久必跌 跌久必漲 用投資之神 斯托蘭克 所說的話 狗離主人太遠 之所以暴…,needs_review,,,,2
collision:1762,1762,中化生,M.1589028377.A.D5C,2020-05-09 20:46:17,公告,name_with_context,sparse,False,1,[公告] qwert1122 huanglove oscarvon 水桶,1,False,False,True,False,中化生,1143,"[簡稱(name_with_context)] …像是高端疫苗 漲到七一.一元,瑞基一口氣飆升到二一九元,寶齡大漲到一五九.五元,台耀漲到六六 .八元,台康到六一.四元,ABC-KY也大漲到八五.五元,博錸也創下三七.九元短線新 高紀錄,亞諾法也漲到五二.六元,國光也到三六.八元,學名藥的【中化生】一口氣飆升到 六七.四元,也帶動母公司中化股價創新高,旭富一度漲到一五七.五元。 https://udn.com/news/story/6851/4546033 看來空軍末日到了 台股遙指12682…",needs_review,,,,2
collision:1762,1762,中化生,M.1591067001.A.094,2020-06-02 11:03:21,新聞,name_with_context,sparse,False,2,Re: [新聞] 散戶買口罩也買口罩股 70萬散戶追防疫股,1,False,False,True,False,中化生,1382,"[簡稱(name_with_context)] …下挫。 : 防疫概念股有題材,不應變質為散戶墳場 : 雖然蔡總統在520的六大戰略產業中提到了生技、口罩等防疫概念股,但謝金河在臉書 上 : 提醒之後,從製藥股、篩檢股、口罩股、疫苗股紛紛重挫,有些個股連續兩天跌停,台 耀 : 、寶齡富錦、【中化生】市值比520當天還減少了2%到6.67%不等。 : 他強調,全球防疫股正快速降溫,台灣卻資金充沛熱炒,投資人追逐生技股有助產業融 資 : ,壯大產業實力,但如果淪為主力坑殺散戶,尤其又有投信基金經理人配合,主管機關 恐 : 怕不能坐視。 :…",needs_review,,,,2
collision:1762,1762,中化生,M.1655267051.A.EF3,2022-06-15 12:24:11,活動,name_with_context,sparse,False,1,[活動] 下半年的展望,1,False,False,True,False,中化生,1094,[簡稱(name_with_context)] …果昨天週二下午結帳 專職的頭兩天噴了15%了 腦中開始閃過 該不該送個foodpanda之類的 補貼點家用 人生起落 莫過如此 先說一下自己的上半年的持股 年初一開始只有持有去年六月買進的上洋(當初有發標的文) 中間賣了部分上洋 去買 【中化生】>>>持股3% 沒賺沒陪 燦星網>>-25% 認賠出清 幸好部位不大 燦坤>>持股2% 目前-12% 某家興櫃股>>持股5% 量太小就別提了 目前主力持股90%還是上洋 上半年績效還行 有打敗大盤 但事後回顧 一動不如一靜 或許少點動…,needs_review,,,,2
collision:1762,1762,中化生,M.1701658390.A.72D,2023-12-04 10:53:10,標的,name_with_context,sparse,False,1,[標的] 1701 中化 黴漿菌多,1,False,False,True,False,中化生,604,"[簡稱(name_with_context)] …產 最後選定1701的原因是 https://www.tai-an.com.tw/upload/news/604/108/10807_ZITH.pdf https://imgur.com/a/bhEJwNW.jpg 當輝瑞的日舒缺貨後,【中化生】產的學名藥是醫院選擇的替代品 所以假如疫情再次爆發,對中化是實質利多 4. 進退場機制:(非長期投資者,必須有停損機制。討論、心得類免填) 進場: 今天開盤26.2 奈米戶 對帳單就不貼了 目標: 沒有,突發事件,只能順勢而為,不猜高…",needs_review,,,,2
collision:1762,1762,中化生,M.1591856815.A.E75,2020-06-11 14:26:55,標的,name_with_context,sparse,False,3,[標的] 大盤 空,1,False,False,True,False,中化生,377,"[簡稱(name_with_context)] …個股的延續性非常的差 往往只漲一天就烙賽,變成假突破、真大跌 看台北股市前50檔強勢股 總是漲一些名不見經傳的股票 黑手每天拉個什麼和泰車,什麼金融塑化 營造台股好像得了一種不會跌的病一樣 而散戶買的股票 什麼鴻海、旺宏、【中化生】、台燿 早就已經不知道跌到哪裡去了 今天台北股市殺出量 這個量能是3/19以來最大量 今天開平走低收最低,幾乎收破周一最低點 可以說這一周買股票的人全部套牢 此外 今天隨機指標也在80以上死亡交叉 VIX恐慌指數也連漲三天…",needs_review,,,,2
collision:1762,1762,中化生,M.1591097774.A.A04,2020-06-02 19:36:14,請益,name_with_context,sparse,False,1,[請益] 生技股卻大跌但外資卻買超,1,False,False,True,False,中化生,175,"[簡稱(name_with_context)] …[請益] 生技股卻大跌但外資卻買超 小弟新手觀看近期生技股大起大落 這兩天資金都轉移到電子、金融股,所以生技相對弱勢這兩天也都跌的很慘 但大跌的這兩天外資卻都買超,國光、【中化生】、台康、亞諾法 尤其高端疫苗今天跌了8%,但外資卻買了1418張 是散戶在人踩人,低價賤賣主力就撿,還是什麼外資有什麼手法可以操作? ----- Sent from JPTT on my iPhone…",needs_review,,,,2
collision:1762,1762,中化生,M.1590552426.A.E06,2020-05-27 12:07:06,新聞,name_with_context,sparse,False,8,[新聞] 生技股遭狙擊 高價股休兵 多空萬一關卡,1,False,False,True,False,中化生,675,"[簡稱(name_with_context)] …勢。 高價股也多數回檔,矽力 - KY 競逐股后意圖強烈,漲幅逾 1%,亞德克 - KY 也漲逾半 根漲停板,祥碩、譜瑞 - KY 則因近日強漲,今日回檔休息,跌幅逾 1%。 生技股今日則遭空方狙擊,國光生跌停,雃博、亞諾法、寶齡富錦、【中化生】、台耀、懷特 等均跌逾半根跌停板,類股跌幅高達 2.7%,為今日跌幅最深類股。 隨著疫情趨緩,台灣各地可望陸續解封,觀光股今日續強,遠雄來、夏都、新天地亮燈漲 停,華園、國賓也有半根漲停板,其他如第一店、晶華、寒舍、雄獅等也守穩盤上。…",needs_review,,,,2
collision:1762,1762,中化生,M.1652248802.A.505,2022-05-11 14:00:02,閒聊,name_with_context,sparse,False,4,[閒聊] 2022/05/11 盤後閒聊,1,False,False,True,False,中化生,463,[簡稱(name_with_context)] …營商 -73 投信 -304 外資 +3729 台指選 自營商 -12760 投信 -50 外資 +1654 小台指期 自營商 -374 投信 -4 外資 +1856 上市 漲停家數 (+10%) 5 (尼得科超眾、正峰、【中化生】、AES-KY、連宇) 跌停家數 (-10%) 6 (同開、鴻碩、亞諾法、華孚、鮮活果汁-KY、和成) 上櫃 漲停家數 (+10%) 15 跌停家數 (-10%) 4 成交量排行:元大台灣50反1、長榮航、元大滬深300正2、華新…,needs_review,,,,2
collision:1762,1762,中化生,M.1634018406.A.A44,2021-10-12 14:00:06,閒聊,name_with_context,sparse,False,7,[閒聊] 2021/10/12 盤後閒聊,1,False,False,True,False,中化生,395,[簡稱(name_with_context)] …81.53億 台指期 自營商 -852 投信 -568 外資 +5515 台指選 自營商 -3121 投信 0 外資 +6043 上市 漲停家數(+10%) 4 (中華化、浪凡、大眾控、三晃) 跌停家數(-10%) 4 (【中化生】、遠雄港、裕民、圓剛) 上櫃 漲停家數(+10%) 10 跌停家數(-10%) 2 成交量排行:長榮、聯電、元大台灣50反1、陽明、智原 成交值排行:長榮、台積電、智原、陽明、萬海 資料來源:TWSE 臺灣證券交易所、臺灣期貨交易所…,needs_review,,,,2
collision:1762,1762,中化生,M.1591279733.A.AE0,2020-06-04 22:08:53,投顧,name_with_context,sparse,False,3,Re: [投顧] 嘉偉老師的空手哲學真是博大精深,1,False,False,True,False,中化生,613,"[簡稱(name_with_context)] …m JPTT on my Samsung SM-N950F. 我覺得很奇怪 現在在笑嘉偉老師的人 搞得好像是做指數的期貨咖 大盤漲自己手中的股票也跟著漲似的 我想請問指數漲,你手中的股票漲了沒有? 指數漲那麼多,你的旺宏、鴻海、【中化生】、台燿解套了沒有? 昨天漲停家數這麼多,其中有你的股票嗎?還是說只是在看指數自欺欺人? 指數漲那麼高了,結果手中股票還套著,萬一現在是波段高點怎麼辦? 是不是很抖啊? 很多人手中才買那兩三張的股票,要進要出很簡單 嘉偉老師是要帶大部…",needs_review,,,,2
collision:1762,1762,中化生,M.1672638754.A.C6B,2023-01-02 13:52:34,新聞,name_with_context,sparse,False,3,[新聞] 醫藥營運轉骨 步入高獲利時代,1,False,False,True,False,中化生,975,"[簡稱(name_with_context)] …午10:50 記者署名:工商時報一杜蕙蓉/台北報導 原文內容: 【時報-台北電】走過疫情風暴,醫藥族群隨著利基型產品上市、權利金入帳和海外市場 發威,營運大轉骨,2023年將開啟黃金年代,步入高獲利時代。法人預估,保瑞、美時、 生泰、【中化生】、生達、東洋、寶齡、旭富、南光等公司,有機會從半個股本起跳,整體生 技業獲利將改寫新高。 另外,藥證和授權案的權利金入帳,將是史上最佳表現,2023年的生技醫藥產業將進入一 個全新的世代。 統一投研部指出,2023年台灣生技具備的優勢與…",needs_review,,,,2
collision:1907,1907,永豐餘,M.1672200784.A.C82,2022-12-28 12:13:04,請益,code,sparse,False,2,[請益] 固定時距的下單,1,True,False,False,False,,186,"[代號] …jpg 從11:43開始每20秒買10張到現在 大概買了近千張 請問這樣的下單方式是代表法人在吃貨嗎? 還是有什麼其他意義嗎 股版韭菜第一次發文, 請大神不吝賜教,謝謝 ----- Sent from JPTT on my Vivo 【1907】.…",needs_review,,,,2
collision:1907,1907,永豐餘,M.1620111628.A.937,2021-05-04 15:00:28,其他,name,sparse,False,5,[其他] 0504 上市投信買賣超排行,1,False,False,True,False,永豐餘,980,[簡稱(name)] …2312 7.台橡 944 7.宏碁 1677 8.中鋼 840 8.金像電 1389 9.亞聚 695 9.亞泥 809 10.新光鋼 479 10.【永豐餘】 793 11.台塑 449 11.健策 747 12.南電 447 12.敦泰 700 13.盛餘 391 13.光罩 647 14.大成鋼 376…,needs_review,,,,2
collision:1907,1907,永豐餘,M.1622349210.A.22E,2021-05-30 12:33:30,請益,name,sparse,False,5,Re: [請益] 週一貸款下來一次歐印還是分批買進,1,False,False,True,False,永豐餘,243,"[簡稱(name)] …週一貸款下來一次歐印還是分批買進 認真回,要歐印拿去買美股(且不用跟台廠進貨的), 買台股請一定要分批, 而且最好是買疫情受益或影響很小的股票,目前有幾個類股可關注 1.網購股 富邦媒,網家 2.宅配股 宅配通,嘉里大榮 3.紙箱股 正隆,【永豐餘】,榮成 4.生技醫材股 太醫 或是一些自動化很高,工廠在海外的公司,因為台灣疫情的警戒影響很可能要半年後才緩 解,中途若真有停班絕對爆跌。 你選的台積跟面板廠主要生產在台灣,此時的風險跟報酬不太成正比, 以上,歡迎版友互相分享一下疫情概…",needs_review,,,,2
collision:1907,1907,永豐餘,M.1581902109.A.0F4,2020-02-17 09:15:09,標的,name,sparse,False,3,Re: [標的] 9958 世紀鋼 多,3,False,False,True,False,永豐餘,1259,"[簡稱(name)] …線下分批買入。 : 退場:若均線開始全部上彎且持續上漲時,以跌破十日線或二十日線為出場點。 : 認賠:跌破63元昨日最低點就認賠,風險有限 9958今天正式表態 證明了選世紀鋼不選上緯是正確的決定 後續請自行停利 另外有一點也要抱歉一下 【永豐餘】一直沒來補一下心得 我對永豐餘看法當初是認為衛生紙之亂一定會造成 後來也確實造成衛生紙之亂了 真的當時都缺貨 但上星期一一開盤沒造成像防疫股的反應 我就知道該認賠了 永豐餘大概賠了2%的手續費 稅金等 但9958是重壓看好的股票 後續可待近…
[簡稱(name)] …線開始全部上彎且持續上漲時,以跌破十日線或二十日線為出場點。 : 認賠:跌破63元昨日最低點就認賠,風險有限 9958今天正式表態 證明了選世紀鋼不選上緯是正確的決定 後續請自行停利 另外有一點也要抱歉一下 永豐餘一直沒來補一下心得 我對【永豐餘】看法當初是認為衛生紙之亂一定會造成 後來也確實造成衛生紙之亂了 真的當時都缺貨 但上星期一一開盤沒造成像防疫股的反應 我就知道該認賠了 永豐餘大概賠了2%的手續費 稅金等 但9958是重壓看好的股票 後續可待近期半年線反壓等決定出場 這次就…
[簡稱(name)] …世紀鋼不選上緯是正確的決定 後續請自行停利 另外有一點也要抱歉一下 永豐餘一直沒來補一下心得 我對永豐餘看法當初是認為衛生紙之亂一定會造成 後來也確實造成衛生紙之亂了 真的當時都缺貨 但上星期一一開盤沒造成像防疫股的反應 我就知道該認賠了 【永豐餘】大概賠了2%的手續費 稅金等 但9958是重壓看好的股票 後續可待近期半年線反壓等決定出場 這次就下台一鞠躬 同時恭喜有跟9958的版友…",needs_review,,,,2
collision:1907,1907,永豐餘,M.1620749834.A.7AC,2021-05-12 00:17:14,心得,name,sparse,False,3,[心得] 菜鳥股市休學文,1,False,False,True,False,永豐餘,1255,"[簡稱(name)] …賠錢了== 想想這次進出手法真的有夠韭菜,想來真羞恥 這次真的套了滿久 而且還賠錢 不過還是繼續按操作方法選股 https://i.imgur.com/7OfQYpl.jpg 三月底看了蔡明彰的文章看好原物料行情,自行選股後買了中鴻、【永豐餘】、台達化都有賺 錢,停損停利一樣按照自己的方法操作 https://i.imgur.com/wrqHfAF.jpg 後來繼續看好鋼鐵又買了美亞,一樣嚴守短線紀律停損停利(結果鋼鐵魚尾超大條==) https://i.imgur.com…",needs_review,,,,2
collision:1907,1907,永豐餘,M.1623037381.A.DDF,2021-06-07 11:43:01,心得,name,sparse,False,1,[心得] 現在大跌的時後砍股的都是白痴就是???,1,False,False,True,False,永豐餘,110,[簡稱(name)] …[心得] 現在大跌的時後砍股的都是白痴就是??? 今天大盤下殺砍了一堆股 鋼鐵認賠 航運賺零頭 造紙砍在低點 結果剛剛一看差點沒氣死 全部都拉回 【永豐餘】又漲停 這幾年每次大跌砍股的都是白痴就是???? 是怎樣 台股都不用停損? 跌就是撿?? 太誇張了吧…,needs_review,,,,2
collision:1907,1907,永豐餘,M.1679367045.A.01C,2023-03-21 10:50:45,新聞,name,sparse,False,1,[新聞] 永道-KY掛牌飆漲140% 蜜月行情剽悍,1,False,False,True,False,永豐餘,919,"[簡稱(name)] …KY2022年全年營收新臺幣21.03億元、年成長3.6%,營業毛利6.75億元,毛利率32.1 %,稅後盈餘3.39億元、年成長25.2%,每股盈餘5.18元。2023年前2月營收3.76億元,比 去年同期成長16.9%。 永道-KY是【永豐餘】投控旗下子公司,為全球最大RFID電子標籤ODM供應商,掌握超高頻RFID 電子標籤生產技術,以設計能力與生產品質建立同業難以跨入的門檻,全球超過800家客 戶,年產能最高可達50億枚,並持續為客戶開發更多樣化材質的RFID電子標籤,提高產…",needs_review,,,,2
collision:1907,1907,永豐餘,M.1636526456.A.5D5,2021-11-10 14:40:56,標的,name,sparse,False,3,Re: [標的] 萬六還是賠錢  徵求持股健檢,1,False,False,True,False,永豐餘,568,[簡稱(name)] …但已經收斂很多了 https://imgur.com/gFegpTL 之前的台塑跟宏碁都解套 現在剩這些股票 我預計是長榮航到28全部停利 因為油價應該可以維持高檔一陣子 所以停利後的資金全部轉到中碳 等中碳解套再轉進東聯 東聯解套再轉進【永豐餘】 這樣預計不會投入新資金的解套計畫 不知道可行不可行 還是說就長榮航停利的同時其他也一起停損 然後重新再開始 還請各位版友賜教 ※ 引述《mafim (前進)》之銘言: : 距離上次發文已經快3個月 : 股市已經從萬六上到萬七 但我還是賠…,needs_review,,,,2
collision:2002,2002,中鋼,M.1621304260.A.8F1,2021-05-18 10:17:40,標的,name_with_context,dense,False,3,Re: [標的]宣布停課是不是不太妙..這些股票要留嗎,1,False,False,True,False,中鋼,333,[簡稱(name_with_context)] …用擔心了 : 國安一定會護的辣!!! : 最後問一下 : 停課不停班 : 小孩誰帶啦? micheal jackson不在了捏 https://imgur.com/eHh8GHv 昨天問的 7成叫我賣 台積+2% 鴻海+4%就算了 國泰【中鋼】還漲停板 股板真的壞人太多@@…,needs_review,,,,2
collision:2002,2002,中鋼,M.1642980174.A.317,2022-01-24 07:22:54,新聞,name_with_context,dense,False,1,[新聞] 鋼市福虎生風 Q2迎燕群,1,False,False,True,False,中鋼,1279,"[簡稱(name_with_context)] …(請以原文網頁/報紙之發布時間為準) 原文: 伴隨國際煤鐵礦原料行情回漲處在高檔,且歐洲鋼價也反彈回升50歐元, 加上各國都在積極推動基礎建設及亞洲鋼廠都在減產,鋼材供需吃緊, 受此激勵,【中鋼】董事長翁朝棟認為,鋼市「第一季先蹲,第二季後跳」, 預期鋼價3月可結束盤整,第二季起迎接旺季來臨, 屆時春燕不是只有一、二隻來,而是成群結隊,鋼市前景可望「福虎生風」。 翁朝棟指出,目前澳洲煤礦每公噸回漲到430美元左右,鐵礦每公噸也回…",needs_review,,,,2
collision:2002,2002,中鋼,M.1646291006.A.280,2022-03-03 15:03:26,新聞,name_with_context,dense,False,1,[新聞] 謝金河：高殖利率股會跳出來,4,False,False,True,False,中鋼,2295,"[簡稱(name_with_context)] …新的財富管理體系,過去台灣人把錢放在境外,都是透過花旗、瑞士銀行、瑞士信貸等國外大行在理財,未來財富管理若能在台灣生根,這會是台灣金融業最大的一塊餅。 接下來大家要把焦點放在公布年報公司,在年報揭露中,仔細檢視個股,我來提幾家公司,例如,【中鋼】公布第四季淨利一七五.五五億,EPS一.一一元,第四季比第三季淡一些,但是跌幅有限,全年稅前大賺八四四億,稅後也有六二○.五三億元,EPS四.○二元,這是中鋼史上最好的獲利成績單,宣布今年配發三.一元現金,殖利率八.六%,這個重磅宣布,立刻…
[簡稱(name_with_context)] …來大家要把焦點放在公布年報公司,在年報揭露中,仔細檢視個股,我來提幾家公司,例如,中鋼公布第四季淨利一七五.五五億,EPS一.一一元,第四季比第三季淡一些,但是跌幅有限,全年稅前大賺八四四億,稅後也有六二○.五三億元,EPS四.○二元,這是【中鋼】史上最好的獲利成績單,宣布今年配發三.一元現金,殖利率八.六%,這個重磅宣布,立刻讓股價大漲逾五%,三月一日成交量十九.二一萬張,股價最高到三八.六五元。 中鋼這個宣示,立刻成為高殖利率的公司,如果整體鋼價繼續在高檔,中鋼會成為重量級的投…
[簡稱(name_with_context)] …幅有限,全年稅前大賺八四四億,稅後也有六二○.五三億元,EPS四.○二元,這是中鋼史上最好的獲利成績單,宣布今年配發三.一元現金,殖利率八.六%,這個重磅宣布,立刻讓股價大漲逾五%,三月一日成交量十九.二一萬張,股價最高到三八.六五元。 【中鋼】這個宣示,立刻成為高殖利率的公司,如果整體鋼價繼續在高檔,中鋼會成為重量級的投資股,像市場以美國為主的大成鋼、大國鋼,今年在長榮家族股權爭戰中可能扮演重要角色的長榮鋼,還有今年可能配四元股息的新光鋼都值得注意。最近不鏽鋼板的新鋼連拉兩支停板…",needs_review,,,,2
collision:2002,2002,中鋼,M.1650013861.A.1BE,2022-04-15 17:11:01,心得,name_with_context,dense,False,2,Re: [心得] 台積電停損畢業文,1,False,False,True,False,中鋼,281,"[簡稱(name_with_context)] …Re: [心得] 台積電停損畢業文 目前手上3張台積電和30張【中鋼】,台積電成本 649已嚴重套牢,當初漲到680以上沒賣,只 怪自己太貪心設個700才出的整數關卡,目前 採取的策略就是凹單,昨天領到股利入帳,加 上中鋼的股利一年約12萬左右,就當定存放著 也不再投入新資金買股或攤平了,等解套那天…",needs_review,,,,2
collision:2002,2002,中鋼,M.1583976746.A.4DF,2020-03-12 09:32:26,新聞,name_with_context,dense,False,1,[新聞] 日本3大鋼鐵廠 7年來首度凍漲基本薪資,1,False,False,True,False,中鋼,774,"[簡稱(name_with_context)] …,包 括製造商和非製造商都無意加薪,工會在疫情下也難以要求調漲薪資。 3.心得/評論:中鋼霸氣回應:今年持續調漲薪資,員工才會更有生產力。 在公司虧損的時候,唯獨逆向操作才能扭轉乾坤。 【中鋼】股價應聲大漲10元!…",needs_review,,,,2
collision:2002,2002,中鋼,M.1596379615.A.8D8,2020-08-02 22:46:55,心得,name_with_context,dense,False,3,[心得] 存股族的槓桿操作經驗,1,False,False,True,False,中鋼,861,"[簡稱(name_with_context)] …[心得] 存股族的槓桿操作經驗 有鑑於最近版上存股風行 分享自己存股的槓桿操作心得 7年級中段班,工作年資8年。自有資金約220萬 2017年尾開始存股 買入標的是玉山金、華南金、中華電信、台泥、【中鋼】、聚碩 今年疫情爆發後,一直在等股市向下修正一大波 等到5月底確定已V型反轉 拿家人的房子去貸款借了400萬,利率1.32%(原屋融資) 每月攤還約19K 6月初開始陸續加碼買入,並增加亞泥、光寶科、三陽工業 原本想買入100萬…",needs_review,,,,2
collision:2002,2002,中鋼,M.1697941439.A.E2D,2023-10-22 10:23:59,新聞,name_with_context,dense,False,2,[新聞] 貧窮感來襲 薪資指標惡化,1,False,False,True,False,中鋼,1257,"[簡稱(name_with_context)] …動報酬占GDP比重降至史上最低,則是因為我國產業多屬資本密集型產業。 心得/評論: 營業盈餘佔比升高,但是我國受僱人員報酬占GDP比重降至43.03%,史上最低,可支配所 得也不斷降低,貧富差距拉大。 定存股不斷下跌,如台泥,中華電,【中鋼】,都是警訊…",needs_review,,,,2
collision:2002,2002,中鋼,M.1608621420.A.021,2020-12-22 15:17:00,新聞,name_with_context,dense,False,2,[新聞],1,False,False,True,False,中鋼,419,"[簡稱(name_with_context)] …市場派陣營拿下經營權,並由林文淵出任董座一職。 大同新團隊上任後,積極重整營運及人事布局,包括新任總經理湯政仁,2001 年曾在大 同大學電機工程系擔任助理教授,2018 年卸任後,創業開設電腦公司,後續擔任思源資 訊董事長;財務長則延攬【中鋼】碳素化學財會處處長陳明男。 3.心得/評論: 相信林董! 帶領大同往前飛! 朋友今天加碼已10張。…",needs_review,,,,2
collision:2002,2002,中鋼,M.1678894745.A.9B9,2023-03-15 23:39:05,新聞,name_with_context,dense,False,4,[新聞] 14家金控全遭外資空襲 這5檔入賣超前10大,1,False,False,True,False,中鋼,1003,"[簡稱(name_with_context)] …其中,外資多單減碼超過空單減碼,淨多單減少 660 口至 6936 口。 外資買超前 10 名來看,聯電 23,602 萬張、緯創 11,744 萬張,為「唯二」獲買超破萬 個股,其餘依序為:元晶、華新、京元電子、茂迪、日月光投控、盛達、【中鋼】、元大滬 深 300 正 2。 外資賣超前 10 名部分,中信金 30,474 萬張、新光金 15,849 萬張、華航 14,279 萬張 、期街口布蘭特正 2 遭賣 12,200 萬張、國泰永續高股息 10,389 萬張、友達 10,3…",needs_review,,,,2
collision:2006,2006,東和鋼鐵,M.1623131277.A.2FE,2021-06-08 13:47:57,新聞,name,sparse,False,9,[新聞] 航運景氣爆炸 謝金河：長榮、陽明、萬海,1,False,False,True,False,東和鋼鐵,1023,"[簡稱(name)] …這幾天,台灣50及台灣中型100的指數成份股調整最吸睛,三家貨櫃航運公司全部進榜, 面板的友達入列,這四家公司取代台灣高鐵、緯頴、正新及可成,被替代的四家進入台灣 中型100,而進入台灣中型100的有中鴻、南帝、彩晶、AES、慧洋、南紡、【東和鋼鐵】、正 隆,這些公司都是近一年多來股價表現出色的。 謝金河表示,從台灣50的內容來看,台積電是不動的護國神山,而聯發科和鴻海的老二之 爭仍此起彼落,台達電看起來坐穩老六的位子。富邦金今年宣布高股利政策,坐上老七的 位子,也順利超車國泰金,在…",needs_review,,,,2
collision:2006,2006,東和鋼鐵,M.1645600975.A.6FF,2022-02-23 15:22:55,標的,name,sparse,False,4,[標的] 2015 豐興 跟著法人多,3,False,False,True,False,東和鋼鐵,1740,"[簡稱(name)] …棒線、鋼筋三大產品 且主要原料來源為廢鐵 因此追蹤豐興訊息時 最常看到的就是廢鐵收購價 及型鋼、棒線、鋼筋的週報價 跟規模相近的鋼鐵廠相比 豐興的獲利能力是龍頭級指標 在國內鋼鐵(碳鋼別)市場,其營收市佔 僅次於中鋼、燁輝、中鴻等 跟【東和鋼鐵】大約在伯仲之間 以下資料彙整至2/18 二、近期趨勢 日K圖 https://imgur.com/mPGGUuy 周K圖 https://imgur.com/1ocjctp 近月放量交易 https://imgur.com/QUz…
[簡稱(name)] …這說法就有點對不起來 不過看外資吃貨吃成這樣,姑且先接受 持續關注是否屬實 四、財報面-營業活動檢查 1)資產負債表 不動產、現金、應收帳、存貨 合計佔整體資產70% 另外業外投資約佔23%,是比較高 2)EPS/ROE比較(對照組【東和鋼鐵】、威致) 跟規模相近同業相比 豐興平均獲利能力比較好 僅2021年輸給東和鋼鐵 豐興近五年營收,相對不受市場波動影響 3)資產效能 近五年營收/資產比 都大於1,資產效能佳 4)資產負債比 資產負債比為2.61 負債總計僅0.19…
[簡稱(name)] …四、財報面-營業活動檢查 1)資產負債表 不動產、現金、應收帳、存貨 合計佔整體資產70% 另外業外投資約佔23%,是比較高 2)EPS/ROE比較(對照組東和鋼鐵、威致) 跟規模相近同業相比 豐興平均獲利能力比較好 僅2021年輸給【東和鋼鐵】 豐興近五年營收,相對不受市場波動影響 3)資產效能 近五年營收/資產比 都大於1,資產效能佳 4)資產負債比 資產負債比為2.61 負債總計僅0.19 負債控制的相當好 5)現金水位及週轉天數 現金水位僅10~15天 帳上相當…",needs_review,,,,2
collision:2006,2006,東和鋼鐵,M.1711249719.A.5BC,2024-03-24 11:08:39,新聞,name,sparse,False,2,[新聞] 下游鋼廠市況復甦 業者謹慎觀望3因素,1,False,False,True,False,東和鋼鐵,1037,"[簡稱(name)] …面對需求疲軟,中國指標鋼廠寶武4月平板類售價卻連10月以平高盤開出。 中鋼認為,全球鋼價歷經第1季震盪盤整後,可望於第2季再次加溫向上,後市期待美國聯邦 準備理事會(Fed)降息,帶動消費、活絡經濟。 進一步觀察下游鋼廠產業情況,春源、【東和鋼鐵】訂單回溫。尤其鋼構業務方面,因商辦、廠 辦建設需求牽動,春源訂單能見度長達一年,預估今年行情「倒吃甘蔗」;東鋼今年鋼構在 手訂單全滿,鋼筋訂單則有近百萬噸的成績。 美國通貨膨脹速度放緩,世豐螺絲觀察美洲市場有逐步回溫現象,加上當地基礎建設…",needs_review,,,,2
collision:2006,2006,東和鋼鐵,M.1620278539.A.B13,2021-05-06 13:22:19,標的,name,sparse,False,3,Re: [標的] 00733富邦臺灣中小A級動能50ETF,2,False,False,True,False,東和鋼鐵,629,"[簡稱(name)] …流動 : 性無虞的股票池中選擇具有CAPM模型定價下超額報酬的前50檔股票。 : 最後針對這50檔股票進行市值加權排序。單檔股票最大權重不超過20% : 最新的前十大成分股是:巨大、仁寶、陽明、美利達、彩晶、潤泰新、技嘉、聚陽、天鈺 : 、【東和鋼鐵】 : 、東和鋼鐵 : 應該是台灣目前唯一一檔中小型ETF : 如果 擔心台積電再上攻的機率不高 可以考慮分散部位到中小型企業 : 4. 進退場機制: : 去年分兩個月慢慢進場 : 大概去年Q4進場,今年小收穫 : 目前打算長期投 ----…
[簡稱(name)] …的股票池中選擇具有CAPM模型定價下超額報酬的前50檔股票。 : 最後針對這50檔股票進行市值加權排序。單檔股票最大權重不超過20% : 最新的前十大成分股是:巨大、仁寶、陽明、美利達、彩晶、潤泰新、技嘉、聚陽、天鈺 : 、東和鋼鐵 : 、【東和鋼鐵】 : 應該是台灣目前唯一一檔中小型ETF : 如果 擔心台積電再上攻的機率不高 可以考慮分散部位到中小型企業 : 4. 進退場機制: : 去年分兩個月慢慢進場 : 大概去年Q4進場,今年小收穫 : 目前打算長期投 ----- Sent f…",needs_review,,,,2
collision:2006,2006,東和鋼鐵,M.1620868754.A.85E,2021-05-13 09:19:14,新聞,name,sparse,False,9,[新聞] 無畏台股驚天跌 15檔外資逆勢挺,1,False,False,True,False,東和鋼鐵,874,"[簡稱(name)] …成交量暴增至逾7,800億元,預 估仍需一段時間整理消化,建議不妨先持續觀察國際疫情與台灣變化狀況。而針對超跌的 電子股而言,可趁機尋找績優且股價超跌具投資價值浮現,逢低介入。 外資趁機撿便宜的操作十分明顯,12日買超3億元以上的個股還有【東和鋼鐵】、聚陽及敦泰 ,另買超鴻準、中信金、儒鴻、中石化、佳凌、華新、聯詠、創意、新光鋼、旺宏、愛普 等各達2億元,台聚、嘉澤、陽明、臻鼎-KY、欣興、飛宏、廣宇、凌陽、群光、聯陽、華 邦電、松翰、緯穎、精英、漢唐、王品、南六、華通、京元電子等各達…",needs_review,,,,2
collision:2006,2006,東和鋼鐵,M.1626493837.A.1D8,2021-07-17 11:50:37,新聞,name,sparse,False,2,Re: [新聞] 中鋼連2月開平盤不漲價　小股東批讓利給,1,False,False,True,False,東和鋼鐵,273,"[簡稱(name)] …前就是有需求但是價格沒有像航運那樣飆漲 但是就是等中長線 那些奇怪的酸民一直做夢兩三天就要賺個23十% 哪裡有這麼輕鬆的.... 現階段,我自己判斷就是通膨,原物料上漲 傳產的天下,我就是買著等 被笑也沒關係 有圖有證明,我的【東和鋼鐵】就擺著等 https://i.imgur.com/8Xmys3d.jpg ----- Sent from JPTT on my iPhone…",needs_review,,,,2
collision:2006,2006,東和鋼鐵,M.1713140865.A.CBA,2024-04-15 08:27:45,新聞,name,sparse,False,4,[新聞] 112年董事均酬 國巨蟬連第3年奪冠 中信,1,False,False,True,False,東和鋼鐵,1154,"[簡稱(name)] …335萬~3,501萬元之間。 前十高中,以金融股居大宗,達5家、占半數,電子股1家、傳產僅和泰車1家。 排名第11~20名則以傳產股居多數、占5家, 金融股及電子股各3家及2家,依序為統一、統一超、國產、 聯發科、第一金、群益證、【東和鋼鐵】、華南金、中保科、緯創等,1,278萬~2,231萬元。 至於前一年(111年)上市公司董事均酬前十名依序為: 國巨、台積電、中信金、大立光、元大金、 開發金、力積電、台新金、光寶科、統一等。 上市公司董事均酬金額及排名,每年多會出…",needs_review,,,,2
collision:2006,2006,東和鋼鐵,M.1647504870.A.A14,2022-03-17 16:14:30,新聞,name,sparse,False,12,[新聞] 台股融券回補大戲 上秀,1,False,False,True,False,東和鋼鐵,1041,"[簡稱(name)] …豐金、緯穎、長榮航、新光金、華邦電、祥 碩、聯強、可成等。 至於在最後回補日的時程上,華航、彩晶、智原、萬海、光罩、台驊投控、南亞科等為本 周五(18日);下周則有長榮航、長榮、陽明、華邦電、創惟、聯電、新唐、新光金、旺 宏、南電、景碩、【東和鋼鐵】、永豐金等個股須要強制回補。 此外,飛宏、元晶、威盛、華通、榮成、敦泰、裕民、世芯-KY、新興、台玻、全新、元 大金等,則預計將在3月底至清明節前,進行融券回補。 第一金投顧董事長陳奕光指出,由於融券回補和年報、季報公布的時機相近,預料…",needs_review,,,,2
collision:2006,2006,東和鋼鐵,M.1619594269.A.B37,2021-04-28 15:17:49,標的,name,sparse,False,3,[標的] 00733富邦臺灣中小A級動能50ETF,1,False,False,True,False,東和鋼鐵,391,"[簡稱(name)] …大的股票。從剩下流動性無虞的股票池中選擇具有CAPM模型定價下超額報酬的前50檔股票。 最後針對這50檔股票進行市值加權排序。單檔股票最大權重不超過20% 最新的前十大成分股是:巨大、仁寶、陽明、美利達、彩晶、潤泰新、技嘉、聚陽、天鈺、【東和鋼鐵】 應該是台灣目前唯一一檔中小型ETF 如果 擔心台積電再上攻的機率不高 可以考慮分散部位到中小型企業 4. 進退場機制: 去年分兩個月慢慢進場 大概去年Q4進場,今年小收穫 目前打算長期投…",needs_review,,,,2
collision:2006,2006,東和鋼鐵,M.1600041647.A.3B9,2020-09-14 08:00:47,新聞,name,sparse,False,7,[新聞] 第4洞│台股震盪 達人挑低基期股,2,False,False,True,False,東和鋼鐵,1247,"[簡稱(name)] …盪恐將加劇,雖多頭格局未被破壞,但達人們選股轉 向低基期股,譬如巨騰-DR(9136)、驊宏資(6148)本周獲兩位達人選入,走勢可期。 本周四位達人總投組數量同樣維持五檔個股,華冠投顧分析師丁彥鈞選股內容與上周變化 不大,持續留有欣陸、【東和鋼鐵】、偉訓,僅新加入總太與立碁;整體持股比例下降5.3個 百分點至92.9%,同時在看好國內房市強滾滾的情況下,籌碼前兩大為總太與欣陸,占比 分別達22.1%、18.7%,東和鋼鐵占17.7%,至於偉訓與立碁則為17.6%與16.8%。 證券…
[簡稱(name)] …股,華冠投顧分析師丁彥鈞選股內容與上周變化 不大,持續留有欣陸、東和鋼鐵、偉訓,僅新加入總太與立碁;整體持股比例下降5.3個 百分點至92.9%,同時在看好國內房市強滾滾的情況下,籌碼前兩大為總太與欣陸,占比 分別達22.1%、18.7%,【東和鋼鐵】占17.7%,至於偉訓與立碁則為17.6%與16.8%。 證券分析師葉良超續留英業達外,另外選入台泥、聯發科、光寶科及福懋,選股持續以基 本面為考量,配合技術面居低檔支撐位置的個股為主;整體持股比例上升至100%,籌碼 押寶英業達與台泥,…",needs_review,,,,2
collision:2013,2013,中鋼構,M.1639983527.A.EFE,2021-12-20 14:58:47,新聞,name,sparse,False,4,[新聞] 公投過後台股不給力 跌破月線收17669點,1,False,False,True,False,中鋼構,545,"[簡稱(name)] …點,月線宣告失守,成交值也只有2604億元。... 台股今天下挫143點,收1萬7669點,月線宣告失守,成交值也只有2604億元。... 相對於權值股走弱,核四、三接等兩項公投案都未過,帶動綠能概念股今天的走勢,包括 聯合再生、達能、茂迪【中鋼構】、森崴能源等多檔個股都有不錯表現。 https://udn.com/news/amp/story/7251/5974966…",needs_review,,,,2
collision:2013,2013,中鋼構,M.1686816888.A.C37,2023-06-15 16:14:48,標的,name,sparse,False,2,[標的] 2211長榮鋼,2,False,False,True,False,中鋼構,1804,"[簡稱(name)] …鋼構部分其實很容易因為長榮鋼的名稱讓投資人以 為是在賣鋼鐵原料,其實他們是鋼鐵加工低碳排行業,可至官網查看實績(如陶朱隱園等 高難度建築),本業鋼構每年皆有內需穩定需求,爾後又有危老及都更長期需求,目前本 益比僅10,同業崑鼎本益比約20,【中鋼構】本益比24.8,這檔條件好中鋼構太多了,殖利率 也屬上乘,應該還很有向上的空間與條件,特此分享此檔好公司。…
[簡稱(name)] …稱讓投資人以 為是在賣鋼鐵原料,其實他們是鋼鐵加工低碳排行業,可至官網查看實績(如陶朱隱園等 高難度建築),本業鋼構每年皆有內需穩定需求,爾後又有危老及都更長期需求,目前本 益比僅10,同業崑鼎本益比約20,中鋼構本益比24.8,這檔條件好【中鋼構】太多了,殖利率 也屬上乘,應該還很有向上的空間與條件,特此分享此檔好公司。…",needs_review,,,,2
collision:2013,2013,中鋼構,M.1676899064.A.D2E,2023-02-20 21:17:44,新聞,name,sparse,False,1,[新聞] 中碳去年每股賺7.33元 擬配息5元,1,False,False,True,False,中鋼構,897,"[簡稱(name)] …署名:顏瑞田 原文內容: 中碳(1723)去年營收104.59億元,淨獲利17.02億元,換算每股稅後盈餘7.33元,董事 會20日通過配發現金股息5元,並通過工程預算約1.82億元的碳材料生產工廠二期石墨化 工場建置鋼構工程,由關係企業【中鋼構】公司承攬,而碳材料正是中碳今年開始,要強攻的 市場。 中碳20日召開董事會,通過111年度合併財務報告,全年營收104.59億元,淨獲利17.02億 元,換算每股稅後盈餘7.33元,董事會並日通過配發現金股息5元,預定6月13日召開股東…",needs_review,,,,2
collision:2013,2013,中鋼構,M.1705578105.A.58A,2024-01-18 19:41:45,新聞,name,sparse,False,1,Re: [新聞] 鄉林：營建原物料預告漲價 影響房價至少3,1,False,False,True,False,中鋼構,1420,"[簡稱(name)] …度公告從去年11月9日起新簽訂 : 的合約將附加碳排費用,每噸鋼筋加價150元,待政府開徵碳費日起,多退少補。 : 儘管威致隨後又修正公告,針對附加碳排費用,表示將依照政府相關規定明確後,再另行 : 通知因應措施。不過,這項動作,已預告包括【中鋼構】、東台、豐興等大廠也將陸續附加碳 : 排費用,「只是時間早晚的問題」。 : 另一方面,國內金融業也針對ESG綠色金融部分,開始有實際的行動,包括有申請通過綠 : 色標章的建案,將提供優惠貸款利率等,換言之,沒有通過綠色標章的建案,成本也會跟…",needs_review,,,,2
collision:2013,2013,中鋼構,M.1596536335.A.5A2,2020-08-04 18:18:55,新聞,name,sparse,False,2,[新聞] 中鋼砸20億設備更新 Q3轉盈有望,1,False,False,True,False,中鋼構,1060,"[簡稱(name)] …元、毛利率降到只剩1.88%, 稅後淨損36.63億元、年減151.01%,每股稅後淨損為0.24元。 中鋼財務副總楊岳崑表示,單季虧損縮小主要原因為4月內銷盤價有上漲,接著5~6月雖 開跌盤,但不像1月盤價還有降價追溯價格的情況,加上有【中鋼構】等業外收入等因素支撐 。至於上半年虧損最大原因,除了毛利率銳減、鋼品銷量較去年同期大減33萬公噸外,平 均單價也較去年同期減少2,000多元等因素影響。 展望未來,法人認為,中鋼第三季隨著連續三個月盤價上揚、與鋼品出貨量大增,營運逐 漸走…",needs_review,,,,2
collision:2013,2013,中鋼構,M.1651039203.A.357,2022-04-27 14:00:03,閒聊,name,sparse,False,5,[閒聊] 2022/04/27 盤後閒聊,1,False,False,True,False,中鋼構,429,[簡稱(name)] …自營商 +386 投信 -733 外資 -3240 台指選 自營商 -31488 投信 0 外資 -1804 小台指期 自營商 -873 投信 -3 外資 -3576 上市 漲停家數 (+10%) 4 (ABC-KY、【中鋼構】、力銘、寶齡富錦) 跌停家數 (-10%) 5 (今皓、虹堡、大統新創、金寶、天瀚) 上櫃 漲停家數 (+10%) 11 跌停家數 (-10%) 3 成交量排行:元大台灣50反1、長榮航、群創、新光金、華航 成交值排行:台積電、欣…,needs_review,,,,2
collision:2013,2013,中鋼構,M.1627204314.A.0CB,2021-07-25 17:11:54,新聞,name,sparse,False,2,[新聞] 中鋼攻離岸風電 報捷,2,False,False,True,False,中鋼構,648,"[簡稱(name)] …化成台灣競爭力,興達海基初步完成目標,未來發展會愈走愈順。 興達海基董事長謝榮淵表示,國內首座百分百國產化水下基礎產製完成,歷經從無到有最 艱鉅的任務,後續將以每月二座速度產出,台灣自主建置離岸風場邁開大步。 法人指出,興達海基成功整合【中鋼構】、中機、台蝕、萬機等22家協力廠資源,包括興達海 基、中鋼構、中機的利益都會回饋到中鋼,隨著後續出貨量穩定增加,對中鋼財報有錦上 添花效益。 法人表示,全世界最好的20處海上風場,有16處在台灣海峽,發展離岸風電產業是很大商 機,且走在日…
[簡稱(name)] …興達海基董事長謝榮淵表示,國內首座百分百國產化水下基礎產製完成,歷經從無到有最 艱鉅的任務,後續將以每月二座速度產出,台灣自主建置離岸風場邁開大步。 法人指出,興達海基成功整合中鋼構、中機、台蝕、萬機等22家協力廠資源,包括興達海 基、【中鋼構】、中機的利益都會回饋到中鋼,隨著後續出貨量穩定增加,對中鋼財報有錦上 添花效益。 法人表示,全世界最好的20處海上風場,有16處在台灣海峽,發展離岸風電產業是很大商 機,且走在日本、南韓前面,世紀鋼因離岸風電題材成為飆股,興達海基做得比世…",needs_review,,,,2
collision:2013,2013,中鋼構,M.1637733604.A.A17,2021-11-24 14:00:04,閒聊,name,sparse,False,4,[閒聊] 2021/11/24 盤後閒聊,1,False,False,True,False,中鋼構,441,[簡稱(name)] …-54 外資 -260 台指選 自營商 -1731 投信 0 外資 +1360 上市 漲停家數(+10%) 13 (譁裕、海光、凱美、台勝科、宏旭-KY、威致、大眾控、時碩工業、 康控-KY、【中鋼構】、鴻名、長榮航、台開) 跌停家數(-10%) 0 上櫃 漲停家數(+10%) 19 跌停家數(-10%) 1 (VHQ-KY) 成交量排行:華航、長榮航、新光金、光磊、中鴻 成交值排行:華航、台積電、長榮航、長榮、光磊 資料來源:T…,needs_review,,,,2
collision:2013,2013,中鋼構,M.1705576273.A.615,2024-01-18 19:11:13,新聞,name,sparse,False,1,[新聞] 鄉林：營建原物料預告漲價 影響房價至少3,1,False,False,True,False,中鋼構,1169,"[簡稱(name)] …第一槍,一度公告從去年11月9日起新簽訂 的合約將附加碳排費用,每噸鋼筋加價150元,待政府開徵碳費日起,多退少補。 儘管威致隨後又修正公告,針對附加碳排費用,表示將依照政府相關規定明確後,再另行 通知因應措施。不過,這項動作,已預告包括【中鋼構】、東台、豐興等大廠也將陸續附加碳 排費用,「只是時間早晚的問題」。 另一方面,國內金融業也針對ESG綠色金融部分,開始有實際的行動,包括有申請通過綠 色標章的建案,將提供優惠貸款利率等,換言之,沒有通過綠色標章的建案,成本也會跟 著增加。…",needs_review,,,,2
collision:2014,2014,中鴻,M.1625063041.A.A67,2021-06-30 22:24:01,新聞,name_with_context,sparse,False,3,[新聞] 航運鋼鐵押哪邊?投資長用簡單數學題解答,1,False,False,True,False,中鴻,1073,"[簡稱(name_with_context)] …繼續走到 18,000點呢?航運股和鋼鐵股,如果只能單押一邊,哪個更可能是主流的傳產大飆股? 筆者認為答案是航運股,由以下數個觀點來回答。第一,現在的鋼鐵股,還沒有明顯的龍 頭帶動,不像鋼鐵股在4月有中鋼拉動,股價從26元飆到46元,還有【中鴻】股價從20元飆到 62元,當時的鋼鐵大牛全部狂奔起來,一個族群必須要有這種氣勢,才能成為主流族群, 目前鋼鐵股強勢兩天後,今天的走勢並不整齊,有些股票還直接殺尾盤,不像貨櫃航運股 三雄,股價繼續齊創歷史新高,儘管長榮和陽明被處置,依然往上漲…",needs_review,,,,2
collision:2014,2014,中鴻,M.1663334547.A.D48,2022-09-16 21:22:27,新聞,name_with_context,sparse,False,12,[新聞] 台灣50納入永豐金、剔除力積電 外資投信,2,False,False,True,False,中鴻,1409,"[簡稱(name_with_context)] …5 元、以 18.45 元作收, 創下今年 4 月 18 日以來收盤新高。 外資買超前 10 名,力積電 1.58 萬張、華航 1.15 萬張,為「唯二」獲買超超過萬張的 個股,其餘依序為:正新、長榮航、緯創、榮運、飛宏、華南金、臺企銀、【中鴻】。 外資賣超前 10 名,永豐金 9.03 萬張、群創 2.44 萬張、聯電 2 萬張、台泥 1.74 萬 張、台新金 1.33 萬張、華新 1.3 萬張、元大滬深 300 正 2 遭賣 1.26 萬張、中信金 1.12 萬張、國泰永續…
[簡稱(name_with_context)] …。 投信買超前 10 名,永豐金 11.86 萬張,其餘依序為:第一金、華航、聯電、中信金、 友達、中鋼、亞泥、廣達、光寶科。 投信賣超前 10 名,力積電 2.82 萬張、緯創 1.08 萬張,其餘依序為:仁寶、台塑、華 通、玉山金、【中鴻】、群創、京元電子、義隆。 自營商買超前 10 名,元大台灣 50 反 1 獲買 3.44 萬張、期元大 S&P 原油反 1 獲 3.09 萬張、新光金 1.13 萬張,其餘依序為:長榮航、國泰美國道瓊反 1、正新、飛宏 、元大美債 20…",needs_review,,,,2
collision:2014,2014,中鴻,M.1622440417.A.5CD,2021-05-31 13:53:37,請益,name_with_context,sparse,False,2,[請益] 中鋼怎麼那麼慘？,1,False,False,True,False,中鴻,83,[簡稱(name_with_context)] …[請益] 中鋼怎麼那麼慘? 今天看鋼鐵類股噴的亂七八糟 只有中鋼不動如山 【中鴻】大成鋼 亂噴一通 中鋼是不是中邪了 怎麼了 ----- Sent from JPTT on my iPhone…,needs_review,,,,2
collision:2014,2014,中鴻,M.1620020044.A.E6E,2021-05-03 13:34:04,新聞,name_with_context,sparse,False,5,Re: [新聞] 陽明法人上修目標價至137元,1,False,False,True,False,中鴻,266,"[簡稱(name_with_context)] …關類股 第五級:台積電,鴻海 第五級:除下述第六級之外的生技股 第六級:合一,中天 第六級:DR股 第七級:大部分的KY股 僅供參考,自從賣掉電子科技股後,停損很多整體科技股雖然小賺,但停損十幾二十萬還是 會傷心,不過全壓陽明【中鴻】友達,已經全數獲利(剩友達買在高點)…",needs_review,,,,2
collision:2014,2014,中鴻,M.1622696983.A.7A4,2021-06-03 13:09:43,請益,name_with_context,sparse,False,1,Re: [請益] 大家怎麼看鋼鐵人呢,1,False,False,True,False,中鴻,145,[簡稱(name_with_context)] …Re: [請益] 大家怎麼看鋼鐵人呢 我也是在處置前一天買了【中鴻】 雖然之前也常常當韭菜 買在最高點接著就大崩跌 然後一賣就噴 等等韭菜操作 但這次我一點都不緊張 股版壞人多 鋼價還是持續在上升的 解封後需求會更多 鋼鐵人永不死 除非跌到30以下 不然不停損 附上單 https://i.imgur.com…,needs_review,,,,2
collision:2014,2014,中鴻,M.1675691975.A.BD2,2023-02-06 21:59:35,新聞,name_with_context,sparse,False,6,[新聞] 外資終結連14買砍貨櫃雙雄、搶進航空雙雄,1,False,False,True,False,中鴻,1135,"[簡稱(name_with_context)] …雙雄;值得一提 的是,外資在連三天加碼台積電後,今天也轉為調節持股。 投信買超前 10 名部分,永豐金、開發金、仁寶、英業達、元大金、宏碁、元太、廣達、 兆豐金、金居,都獲投信青睞。 投信賣超前 10 名方面,華新、金像電、技嘉、新唐、【中鴻】、華通、玉山金、榮剛、世界 、世紀鋼。 自營商買超前 10 名,期元大 S&P 原油反 1 獲買 6.1 萬張、元大台灣 50 反 1 獲買 3.72 萬張,其餘依序為:國泰智能電動車、宏達電、富邦未來車、長榮航、富邦元宇宙 、統一 FA…",needs_review,,,,2
collision:2014,2014,中鴻,M.1622698881.A.694,2021-06-03 13:41:21,請益,name_with_context,sparse,False,2,[請益] 韭菜如何平復情緒？,1,False,False,True,False,中鴻,190,"[簡稱(name_with_context)] …[請益] 韭菜如何平復情緒? 不廢話先上圖 https://i.imgur.com/ngI12mt.jpg 中鴻買在高點,現在又被關 看到鋼鐵一路烙賽心情更是苦逼 朋友說越關越大尾,我卻覺得越關越烙賽 【中鴻】根本面板 群創 陽明今天手癢認錯 跟一張 果然我一買就蒸丸 韭菜如何心中的苦水 嗚嗚嗚嗚嗚嗚嗚 陽明要套115年了嗎 ----- Sent from JPTT on my iPhone…",needs_review,,,,2
collision:2014,2014,中鴻,M.1618665536.A.072,2021-04-17 21:18:56,心得,name_with_context,sparse,False,5,Re: [心得] 長榮陽明友達群創中鋼中鴻台達化富邦金國,2,False,False,True,True,中鴻,1042,"[簡稱(name_with_context)] …tLBqS : 哦,對了,我還在2020/2/1買富邦金200多萬在46.08哦,一買就噴,完全買在起漲點 : 對帳單 : https://ibb.co/RHKg7XX : 。 : 我早在我自己臉書2021/4/3就推薦長榮陽明友達群創中鋼【中鴻】台達化富邦金國泰金這9 檔 : 為什麼推薦??? : 其實我一開始只推薦兩檔 : 長榮、富邦金 : 為什麼推薦這2檔 : 長榮 : : 因為我覺得最會漲的就是長榮,長榮一定是所有傳產的首選 : 富邦金 : : 我覺得金融首選就是富邦金,富邦…
[簡稱(name_with_context)] …選 : 富邦金 : : 我覺得金融首選就是富邦金,富邦金會100、200、300這樣漲上去,漲到我們大家都死 了 : 它還在漲 : 。 : 可是呢 : 我粉絲一直叫我推薦這2檔以外的 : 逼不得已,在2021/4/3推薦長榮陽明友達群創中鋼【中鴻】台達化富邦金國泰金,一推薦, 2 : 個禮拜瘋狂大漲 : 。 : https://ibb.co/8rYVzDd : 2021/4/3。推薦第一次 : 。 : https://ibb.co/7QxbVyj : 2021/4/10。推薦第二次…",needs_review,,,,2
collision:2014,2014,中鴻,M.1618662323.A.3A0,2021-04-17 20:25:23,心得,name_with_context,sparse,False,5,[心得] 長榮陽明友達群創中鋼中鴻台達化富邦金國,4,False,False,True,True,中鴻,676,"[簡稱(name_with_context)] …[心得] 長榮陽明友達群創中鋼【中鴻】台達化富邦金國 長榮陽明友達群創中鋼中鴻台達化富邦金國泰金,一次推薦9檔 。 再強調一次,我從來沒有跟任何粉絲收過任何錢,我也沒有開設任何課程,別亂檢舉謝謝 。 先附我個人「未實現」對單帳 這我其中一個帳號,裡面500多萬,未實現損益200…
[簡稱(name_with_context)] …[心得] 長榮陽明友達群創中鋼中鴻台達化富邦金國 長榮陽明友達群創中鋼【中鴻】台達化富邦金國泰金,一次推薦9檔 。 再強調一次,我從來沒有跟任何粉絲收過任何錢,我也沒有開設任何課程,別亂檢舉謝謝 。 先附我個人「未實現」對單帳 這我其中一個帳號,裡面500多萬,未實現損益200多萬 https://ibb.co/bP…
[簡稱(name_with_context)] …bb.co/bPtLBqS 哦,對了,我還在2020/2/1買富邦金200多萬在46.08哦,一買就噴,完全買在起漲點 對帳單 https://ibb.co/RHKg7XX 。 我早在我自己臉書2021/4/3就推薦長榮陽明友達群創中鋼【中鴻】台達化富邦金國泰金這9檔 為什麼推薦??? 其實我一開始只推薦兩檔 : 長榮、富邦金 為什麼推薦這2檔 長榮 : 因為我覺得最會漲的就是長榮,長榮一定是所有傳產的首選 富邦金 : 我覺得金融首選就是富邦金,富邦金會100、200、300這樣…",needs_review,,,,2
collision:2014,2014,中鴻,M.1619882775.A.ECF,2021-05-01 23:26:15,心得,name_with_context,sparse,False,6,Re: [心得] 長榮陽明友達群創中鋼中鴻台達化富邦金國,3,False,False,True,True,中鴻,2096,"[簡稱(name_with_context)] …善至美 。 簡單的來說 這份名單我覺得很完美 雖然已經漲了一大段了 但是同第一句話所說「我覺得會漲2021一整年」 一段時間之後,我們再來看他們的表現吧 ※ 引述《bluejade1235 (無依無靠)》之銘言: : 長榮陽明友達群創中鋼【中鴻】台達化富邦金國泰金,一次推薦9檔 : 。 : 再強調一次,我從來沒有跟任何粉絲收過任何錢,我也沒有開設任何課程,別亂檢舉謝謝 : 。 : 先附我個人「未實現」對單帳 : 這我其中一個帳號,裡面500多萬,未實現損益200多萬 : https…
[簡稱(name_with_context)] …tLBqS : 哦,對了,我還在2020/2/1買富邦金200多萬在46.08哦,一買就噴,完全買在起漲點 : 對帳單 : https://ibb.co/RHKg7XX : 。 : 我早在我自己臉書2021/4/3就推薦長榮陽明友達群創中鋼【中鴻】台達化富邦金國泰金這9檔 : 為什麼推薦??? : 其實我一開始只推薦兩檔 : 長榮、富邦金 : 為什麼推薦這2檔 : 長榮 : : 因為我覺得最會漲的就是長榮,長榮一定是所有傳產的首選 : 富邦金 : : 我覺得金融首選就是富邦金,富邦金…
[簡稱(name_with_context)] …首選 : 富邦金 : : 我覺得金融首選就是富邦金,富邦金會100、200、300這樣漲上去,漲到我們大家都死了 : 它還在漲 : 。 : 可是呢 : 我粉絲一直叫我推薦這2檔以外的 : 逼不得已,在2021/4/3推薦長榮陽明友達群創中鋼【中鴻】台達化富邦金國泰金,一推薦,2 : 個禮拜瘋狂大漲 : 。 : https://ibb.co/8rYVzDd : 2021/4/3。推薦第一次 : 。 : https://ibb.co/7QxbVyj : 2021/4/10。推薦第二次 :…",needs_review,,,,2
collision:2014,2014,中鴻,M.1624757018.A.16A,2021-06-27 09:23:38,心得,name_with_context,sparse,False,1,[心得] 魔鬼就藏在細節裡,1,False,False,True,False,中鴻,244,"[簡稱(name_with_context)] …朝向偉大的航道 連電影版都已經預告了 搖啊搖阿搖~~~~~~ 但仔細一看 其實真正要發動的是鋼鐵類股吧 看啊!!!!! 鋼鐵巨兵準備出動啦!!!! 美國大基建,低本益比 需求增溫,報價上漲 技術指標macd翻紅 新光鋼,大成鋼,【中鴻】 以上隨便挑一個,迎接波段開始的美好 首推新光鋼(2031),鋼鐵獲利王 一起複製航運成功模式 享受財富自由就趁這次了 https://i.imgur.com/aXeC1Rc.jpg…",needs_review,,,,2
collision:2340,2340,台亞,M.1640584836.A.E10,2021-12-27 14:00:36,閒聊,name_with_context,sparse,False,5,[閒聊] 2021/12/27 盤後閒聊,2,False,False,True,False,台亞,355,"[簡稱(name_with_context)] …、旭輝應材、新世紀、柏承、揚智、楠梓電 、 聯傑、柏騰、新美齊、和鑫、力特) 跌停家數 (-10%) 0 上櫃 漲停家數 (+10%) 18 跌停家數 (-10%) 1 成交值排行:【台亞】、華航、佳能、彩晶、和鑫 成交值排行:台亞、智原、台積電、聯發科、欣興 資料來源:TWSE 臺灣證券交易所、臺灣期貨交易所、奇摩股市 過了萬八的坎之後,這勢頭能保持到年度封關嗎?…
[簡稱(name_with_context)] …、 聯傑、柏騰、新美齊、和鑫、力特) 跌停家數 (-10%) 0 上櫃 漲停家數 (+10%) 18 跌停家數 (-10%) 1 成交值排行:台亞、華航、佳能、彩晶、和鑫 成交值排行:【台亞】、智原、台積電、聯發科、欣興 資料來源:TWSE 臺灣證券交易所、臺灣期貨交易所、奇摩股市 過了萬八的坎之後,這勢頭能保持到年度封關嗎?…",needs_review,,,,2
collision:2340,2340,台亞,M.1592368806.A.68B,2020-06-17 12:40:06,新聞,code,sparse,False,1,[新聞] 光磊變更不發股利 股價重跌8%,1,True,False,False,False,,700,"[代號] …[新聞] 光磊變更不發股利 股價重跌8% 1.原文連結: https://money.udn.com/money/story/5710/4640804 2.原文內容: LED廠光磊(【2340】)今年傳出經營權之爭,昨(16)日該公司召開股東常會後,市場派僅 獲一席董事,但市場認為,後市可能影響大股東日亞化技術支援,再加上該公司今(17) 日公告,原規畫配發1元現金股利變更為不配發股利,衝擊股價今日早盤重挫約8%。 光磊股價今日…",needs_review,,,,2
collision:2340,2340,台亞,M.1640757617.A.FC9,2021-12-29 14:00:17,閒聊,name_with_context,sparse,False,4,[閒聊] 2021/12/29 盤後閒聊,1,False,False,True,False,台亞,333,[簡稱(name_with_context)] …0 外資 -500 上市 漲停家數 (+10%) 13 跌停家數 (-10%) 0 上櫃 漲停家數 (+10%) 19 跌停家數 (-10%) 0 成交量排行:和鑫、華航、新光金、開發金、佳能 成交值排行:台積電、長榮、聯發科、【台亞】、中砂 資料來源:TWSE 臺灣證券交易所、臺灣期貨交易所、奇摩股市…,needs_review,,,,2
collision:2340,2340,台亞,M.1652183979.A.0E3,2022-05-10 19:59:39,活動,name_with_context,sparse,False,3,[活動] 「叫我賠錢王」財富對折再對折,1,False,False,True,False,台亞,864,[簡稱(name_with_context)] …2/1 https://i.imgur.com/7760DNO.jpg B帳號 2021/5-2022/5 波段為主 https://i.imgur.com/Dgw72Xd.jpg 目前各帳號未實現損益 A 很多股都跟著股票群現在洗碗中 【台亞】 飛宏都是曾經股票群熱門股 高手叫大家進場後直接收割一波 腳麻跑不掉現在在山頂等待救援 之前還有富采 台揚等等 跌20%沒耐心就砍了 https://i.imgur.com/bElzAP3.jpg B 台達化是配股的 如興之前跟著ptt某個…,needs_review,,,,2
collision:2340,2340,台亞,M.1652401251.A.007,2022-05-13 08:20:51,新聞,name_with_context,sparse,False,4,[新聞] MSCI台灣成分股增華航等4檔 小型指數增17,1,False,False,True,False,台亞,709,"[簡稱(name_with_context)] …轉進小型指數。 台股本次在MSCI全球標準型指數成分股新增華航、長榮航、力積電、華新4檔,刪除鴻準 、上銀、合一3檔。 在MSCI全球小型指數,台股新增17檔成分股,包括上品、鈺創、長榮鋼、鴻準、創惟、大 樹、上銀、中砂、聯華食、合一、【台亞】、瑞鼎、潤弘、三福化、東鹼、大亞、力智。 台股在全球小型指數刪除6檔成分股,包含安普新、華航、長榮航、金可-KY、日盛金、華 新。 MSCI是以美元計價的股價指數,提供投資專業人士一致性的比較基礎。MSCI每年2月、5月 、8月及11月…",needs_review,,,,2
collision:2340,2340,台亞,M.1688653096.A.3F1,2023-07-06 22:18:16,情報,name_with_context,sparse,False,1,[情報] 7/6全市場當沖虧損最多的股票,1,False,False,True,False,台亞,291,"[簡稱(name_with_context)] …的股票 1. 保瑞 -3975.1萬 2. 美時 -1057.2萬 3. 大宇資 -1015.7萬 7/6 全市場當沖獲利最多的股票 1. 緯創 +6383.1萬 2. 大立光 +2760.2萬 3. 【台亞】 +950.3萬 以上資料已扣減半之當沖交易稅,但不含手續費。 資料來源:證交所,以及 https://tradata.futurepnp.com/day-trade-analyze/income-rank 心得: 以為台…",needs_review,,,,2
collision:2340,2340,台亞,M.1639393118.A.57E,2021-12-13 18:58:38,情報,code,sparse,False,7,[情報] 1213 量大分點齊買股,1,True,False,False,False,,831,"[代號] …15.4 113,789 17.3 16,393 2.52 2.13% 0% 8215 明基材 43.5 67,822 28.84 13,004 5.62 3.78% 0.19% 【2340】 光磊 65.1 83,520 51.92 10,737 6.94 -0.06% 0% 2014 中鴻 40.9 63,840 25.69 9,739 3.91 0.46%…",needs_review,,,,2
collision:2340,2340,台亞,M.1644491666.A.E42,2022-02-10 19:14:26,情報,name_with_context,sparse,False,1,[情報] 台亞一月營收,2,False,False,True,True,台亞,155,"[簡稱(name_with_context)] …[情報] 【台亞】一月營收 1. 標題: 台亞一月營收 2. 來源: 公開資訊觀測站 3. 網址: https://mops.twse.com.tw/mops/web/index 4. 內文: https://i.imgur.com/3GZN4eS.…
[簡稱(name_with_context)] …[情報] 台亞一月營收 1. 標題: 【台亞】一月營收 2. 來源: 公開資訊觀測站 3. 網址: https://mops.twse.com.tw/mops/web/index 4. 內文: https://i.imgur.com/3GZN4eS.jpg 一月營收年減(-1…",needs_review,,,,2
collision:2427,2427,三商電,M.1686904056.A.072,2023-06-16 16:27:36,請益,name,sparse,False,1,Re: [請益] 持股健檢（都是看批踢踢買的）,1,False,False,True,False,三商電,504,[簡稱(name)] …看批踢踢買的) 迷你精選FJ35 https://imgur.com/o4AJPaK.jpg https://imgur.com/PpNQLg9.jpg 本季已實現損益 https://imgur.com/Lh1EyEG.jpg 【三商電】 賠錢賣 ! 除息的部分就懶的看了 因為沒有搭上航空題材 沒有搭上Ai題材 所以沒有像許多版友實現財富自由 資產翻了好幾倍 不過我並不後悔 自從加入師傅的陣營後 我就已經立誓過不碰飆股 拒絕買入 哪怕是剛發車我也要堅持師…,needs_review,,,,2
collision:2427,2427,三商電,M.1702622109.A.AAE,2023-12-15 14:35:09,請益,name,sparse,False,2,Re: [請益] 持股健檢（都是看批踢踢買的）,1,False,False,True,False,三商電,740,[簡稱(name)] …IiJZ.jpg 已實現損益 https://imgur.com/PYVNAkj.jpg 本季進出狀況 基本上只進不出 https://imgur.com/Jq5nOMp.jpg 未實現%排行 1 群光 +121.51% 2 【三商電】 +78.83% 3 長榮鋼 +72.74% 4 東元 +66.95% 5 事欣科 +51.17% 未實現金額排行 1 中華 +266515 2 群光 +119604 3 和潤企業 +88494 4 長榮鋼 +51216…,needs_review,,,,2
collision:2427,2427,三商電,M.1686377302.A.7D8,2023-06-10 14:08:22,標的,name,sparse,False,1,[標的] 3024 憶聲 多,1,False,False,True,False,三商電,413,"[簡稱(name)] …[標的] 3024 憶聲 多 1. 標的: 3024 tw 憶聲 2. 分類:多 3. 分析/正文:股市新手回饋,【三商電】有跟到,特來感謝,但還是抱不久,小賺零用錢, 這支原本只是想賺便當錢,來回操作,因為有土地題材,開始覺得年底有新希望,結果上 個月,外資ㄧ次殺了1000多張,於是加碼試試,當然不多,過了幾天,統一平鎮買了4000 多張,成本在15.3元,應…",needs_review,,,,2
collision:2427,2427,三商電,M.1615278098.A.7E7,2021-03-09 16:21:38,標的,name,sparse,False,2,[標的] 2905 三商,1,False,False,True,False,三商電,353,"[簡稱(name)] …[標的] 2905 三商 1. 標的: 2905 三商 2. 分類:多 3. 分析/正文: 這檔旗下事業非常多 餐飲有:三商巧福、拿坡里、福勝亭等 零售有:全家福鞋業、美廉社等 金融壽險有:三商美邦人壽、復華投信 其他知名的還有【三商電】腦和前一陣子火災的旭富製藥 不過佔營收比例最高的還是壽險 個人壽險佔52.82%、個人健康險佔24.64% 這陣子美債殖利率上升 壽險業整個都回神了 例如國泰金已經過高,長線大頭肩底成型並突破頸線了 2905這檔算是還沒漲到的標的 股價…",needs_review,,,,2
collision:2603,2603,長榮,M.1597756548.A.68A,2020-08-18 21:15:48,其他,code,dense,False,1,[其他] 109年08月18日信用交易統計,1,True,False,False,False,,605,"[代號] …0632R元大台灣50反1 資減 2,118 張 券增 34 張 00677U富邦VIX 資增 8,392 張 券增 1,749 張 ================================= 【2603】長榮 資增 14,278 張(近五日+44410張) ================================= 櫃買信用交易統計 資減 3.46 億 券減 675 張…",needs_review,,,,2
collision:2603,2603,長榮,M.1615986203.A.541,2021-03-17 21:03:23,其他,code,dense,False,5,[其他] 110年03月17日信用交易統計,1,True,False,False,False,,862,"[代號] …======= 2330台積電 資增 1,019 張 券增 49 張 2303聯電 資增 923 張 券減 735 張 2317鴻海 資減 1,714 張 券減 644 張 【2603】長榮 資減 6,628 張 券減 1,057 張 2610華航 資減 3,636 張 券減 947 張 3545敦泰 資減 2,134 張 券減 2,073 張 4961天鈺 資減 2…",needs_review,,,,2
collision:2603,2603,長榮,M.1594172755.A.FA0,2020-07-08 09:45:55,心得,code,dense,False,1,[心得] 持股停利,1,True,False,False,False,,499,"[代號] …618 開平11.7走高震盪 這裡我會依照分來慢慢減碼 如果再次跌破開盤價我會全砍 出量9000張到底是大戶上壓下撐盤中上下供應籌碼? 還是平盤上下換手準備再創高峰? 不得而知 但是大盤如果繼續拉權值中小個股上不去 我會慢慢小單量慢慢跑 【2603】十年底部11元是資方鐵版區 可以上下沖洗,加上昨天投信進場後市可期 但是投信資金昨天看了一下進場投信 它們都是做長期的波段XD 所以如果投資人有賺可以試著上下其手看看 只要是獲利就好了! 2890除息後目前是貼息狀態 跳空上去11元是鐵區…",needs_review,,,,2
collision:2603,2603,長榮,M.1671661438.A.075,2022-12-22 06:23:58,新聞,code,dense,False,1,[新聞] 貨櫃海運小旺季 運價漲了,1,True,False,False,False,,1055,"[代號] …:貨櫃海運小旺季 運價漲了 原文連結:https://reurl.cc/vm434N 發布時間:2022-12-22 02:24 記者署名:經濟日報 記者黃淑惠/台北報導 原文內容: 貨櫃海運旺季真的來了,農曆年前貨量噴發,長榮(【2603】)、陽明均表示,遠東到美西線 近期全面滿載,不少物流業者近期都已經收到海運業者的通知,各大航商將於明年1月1日 起加徵「旺季附加費」,每40呎櫃加收1,000美元以上,以現貨運價來看,漲幅竟逾140% 。 業界指出,此次貨櫃輪加收附加費,…",needs_review,,,,2
collision:2603,2603,長榮,M.1671026046.A.64C,2022-12-14 21:54:06,情報,code,dense,False,5,[情報] 111年12月14日信用交易統計,1,True,False,False,False,,1080,"[代號] …====== 1701中化#1 資增 3,993 張 券增 556 張 3035智原 資減 475 張 券減 69 張 2317鴻海 資減 1,425 張 券增 26 張 【2603】長榮 資增 1,327 張 券減 329 張 2610華航 資增 2,043 張 券減 605 張 ================================== 櫃買信用交易統計 資減…",needs_review,,,,2
collision:2603,2603,長榮,M.1624059280.A.EC3,2021-06-19 07:34:40,新聞,code,dense,False,2,[新聞] 無懼長榮被「關禁閉」航運股飆天價使2,1,True,False,False,False,,928,"[代號] …天價使2檔台股ETF跟攻頂、報酬率衝六成 原文連結:https://money.udn.com/money/story/5607/5540860 發布時間:2021-06-18 原文內容: 經濟日報 記者趙于萱/即時報導 無懼長榮(【2603】)被「關禁閉」,航運股18日再度開飆,占大盤成交比突破四成,連帶有 買航運股的台股ETF跟著上漲慶賀,特別是投資最多的富邦臺灣中小(00733)盤中飆上45 .4元,率先其他台股ETF創掛牌新高,累積今年來ETF漲幅也坐穩六成、績效高達66…",needs_review,,,,2
collision:2603,2603,長榮,M.1621634179.A.030,2021-05-22 05:56:19,請益,code,dense,False,2,Re: [請益] 航運這一波的強勢反彈有人真的抓的到嗎？,1,True,False,False,False,,555,[代號] …又說 你們看 我早就就叫你們賣航運之類的== ※ 引述《k99t (聖誕小雞)》之銘言: : 我記得吃好幾根跌停的時候 : 大家都說航運的死期到了 準備撞冰山 最冰的那座山 : 航運終究是景氣循環股 準備跌到起點吧 : 結果像是 : 長榮【2603】 跌了四天 : 馬上又給你漲回四天 : 陽明2609 跌了五天 : 又給你漲四天 : 萬海2615 跌三天 : 漲價四天創股價新高啦 : 航運這一波的走勢 : 不管是最懂航運的航海王、 : 或是最會技術分析的線仙、 : 最會看籌碼的人。 :…,needs_review,,,,2
collision:2603,2603,長榮,M.1646895862.A.34F,2022-03-10 15:04:22,新聞,code,dense,False,3,Re: [新聞] 宏遠估貨櫃三雄1月單月EPS6-7元　將長榮,1,True,False,False,False,,1994,"[代號] …(請以原文網頁/報紙之發布時間為準) : : 原文內容: : 記者張佩芬/台北報導 : 貨櫃三雄1月營收都創歷史新高,長期關注三家公司業績的宏遠投顧,昨(15)日率先修 訂? : 長榮(【2603】)的財測,估計1月單月EPS超過6元,全年EPS自55元提高為68.12元。宏遠後 續? : 提出對陽明(2609)與萬海(2615)更新評估,兩公司EPS有可能比長榮更高些。 : 宏遠分析,長榮1月營收568.41億元,月增 9%,年增1…",needs_review,,,,2
collision:2912,2912,統一超,M.1718185097.A.1E7,2024-06-12 17:38:17,新聞,code,sparse,False,1,[新聞] 蛋價創新低 超商茶葉蛋也降價？業者：暫無,1,True,False,False,False,,791,"[代號] …,像是即日起至6月 25日,在Hi-Life VIP APP整買零取購買茶葉蛋30顆享特惠319元(原組合售價390元), 限購10組,售完為止,同一期間,萊爾富還有推出石安嚴選椒麻蛋(單顆原價18元)2顆 30元優惠。 心得/評論: 【2912】上一波蛋價漲價時沒漲茶葉蛋 所以沒降價大家應該不會有多大意見 但5903這次茶葉蛋還是沒降價打算 看來成本降低 利潤增加 股東要更笑呵呵了 (?…",needs_review,,,,2
collision:6505,6505,台塑化,M.1724997603.A.CA0,2024-08-30 14:00:03,閒聊,name,sparse,False,3,[閒聊] 2024/08/30 盤後閒聊,1,False,False,True,False,台塑化,346,[簡稱(name)] …4億 台指期 自營商 -835 投信 +85 外資 -2583 台指選 自營商 -2764 投信 外資 +1171 漲停家數(+10%) 24 跌停家數(-10%) 0 成交量排行 中信金、新光金、東台、群創、【台塑化】 成交值排行 台積電、鴻海、中信金、聯鈞、均豪 ----------------------------------- 中秋節要來了 有肉肉跟月餅嗎? -- https://i.imgur.com/yj2pNIt.jpg…,needs_review,,,,2
collision:6505,6505,台塑化,M.1721627592.A.D5E,2024-07-22 13:53:12,新聞,name,sparse,False,2,Re: [新聞] 〈財經週報-石化業〉台塑四寶轉型 AI來,1,False,False,True,False,台塑化,72,[簡稱(name)] …Re: [新聞] 〈財經週報-石化業〉台塑四寶轉型 AI來 這幾天大盤跌倒爛 之前最差的四寶反而相對抗跌 終場【台塑化】、台塑翻紅、 台化平盤、南亞拉回小跌一角 川普概念股 之前跌起來放了 有推薦四寶哪隻嗎?…,needs_review,,,,2
collision:6505,6505,台塑化,M.1655340280.A.87E,2022-06-16 08:44:40,新聞,name,sparse,False,6,[新聞] 台積今除息 填息機率高,3,False,False,True,False,台塑化,1013,"[簡稱(name)] …今天填息機率高。 根據臺灣證券交易所統計, 今天集中市場計有台積電、美亞、華邦電、群光、宅配通、晶華、彩晶、 日友、福興等16檔個股除息,其中台積電影響加權指數約23.13點, 合計16檔除息後,指數共蒸發約30.25點。 另外,【台塑化】、聯電、陽明等6月底前也將接力演出, 台股今年總現金股息衝上2.36兆元,再創歷史新高, 總計今年除息下來,加權指數共將蒸發約703點,櫃買指數則蒸發約6.67點。 隨除權息旺季到來,個股填權息走勢將掀起新一波市場聚焦。 統計今年逾…
[簡稱(name)] …共將蒸發約703點,櫃買指數則蒸發約6.67點。 隨除權息旺季到來,個股填權息走勢將掀起新一波市場聚焦。 統計今年逾1,700家上市櫃公司合計將配發2.36兆元股息,高於去年的1.58兆元, 創下台股史上最高金額,其中台積電今天除息,【台塑化】、華新等6月底前跟進, 顯示台股潛在資金動能不虞匱乏。 觀察6月底前將除權息個股的現金股息總額,以聯發科的1,167.36億元居冠, 長榮952.38億,台積電713.09億元; 另外,陽明、聯電、台塑化、中華電、日月光投控、台化、…
[簡稱(name)] …高金額,其中台積電今天除息,台塑化、華新等6月底前跟進, 顯示台股潛在資金動能不虞匱乏。 觀察6月底前將除權息個股的現金股息總額,以聯發科的1,167.36億元居冠, 長榮952.38億,台積電713.09億元; 另外,陽明、聯電、【台塑化】、中華電、日月光投控、台化、和碩、南亞科等, 配息總金額都超過百億元。 華南投顧董事長儲祥生指出,除權息當天股價會因股息發放下跌, 但對投資人來說,其擁有市值不變,配股配息後將再回到投資人帳戶, 大盤指數會因配息蒸發。 值得注意的…",needs_review,,,,2
collision:6505,6505,台塑化,M.1630371186.A.607,2021-08-31 08:53:06,新聞,name,sparse,False,4,[新聞] 金控出頭天 市值前20強大洗牌,2,False,False,True,False,台塑化,523,"[簡稱(name)] …中信金(2891)及兆豐金(2886)也擠人前20大,分居 17名及18名。 金融類股指數30日收1,603點,站上1,600點關卡,並創下1997年12月23日來新高,金控股 股價及市值連日衝高,依證交所官網公告,台積電、鴻海、聯發科、【台塑化】等居前四大不 變,富邦金超車中華電成為第五大,國泰金超車聯電成為第七大,接下來為長榮、台達電 等合計居前十大,台股前十大市值大洗牌,原本台塑四寶在營運最高峰時,曾都名列前十 大。 但如今,四寶除了台塑化,其他三寶落在11名之後,包括南亞居…
[簡稱(name)] …交所官網公告,台積電、鴻海、聯發科、台塑化等居前四大不 變,富邦金超車中華電成為第五大,國泰金超車聯電成為第七大,接下來為長榮、台達電 等合計居前十大,台股前十大市值大洗牌,原本台塑四寶在營運最高峰時,曾都名列前十 大。 但如今,四寶除了【台塑化】,其他三寶落在11名之後,包括南亞居第11、台塑第12。 心得/評論: 宇宙邦、大樹金、一元金、發現金紛紛在前20大佔有一席之地 金融指數也創24年新高 但會不會是最後一棒讓我們繼續看下去…",needs_review,,,,2
collision:6505,6505,台塑化,M.1734124161.A.F95,2024-12-14 05:09:21,新聞,name,sparse,False,2,[新聞] 台化 恐遭臺灣50指數剔除,1,False,False,True,False,台塑化,939,"[簡稱(name)] …(EPS)0.25元,但本業的營業利益為負數,虧 損6.87億元;以第三季每股淨值51.98元對照12日收盤價31.2元,股價淨值比僅0.6倍,是 為數不多的優勢。 就基本面來說,國泰證券、元富證券認為,台化多數產品來自同業擴張威脅,加上【台塑化】 的收益年減及碳費課徵下,對台化評價維持中立。 心得/評論: 快踢快踢 發揮0050的優勢 快點把四寶跟這些被打趴的傳慘通通踢掉 南亞科已經被踢掉了 剩下這些一年踢兩個就好 快點踢光光…",needs_review,,,,2
collision:6505,6505,台塑化,M.1708966439.A.888,2024-02-27 00:53:59,新聞,name,sparse,False,8,[新聞] 萬九關前高檔震盪 台股漲58點收18948點,1,False,False,True,False,台塑化,917,"[簡稱(name)] …亦獲資金青睞,美時、保瑞、藥華藥等連袂走高;重電股也再度發威,中興電勁揚逾6%,亞力、大同、亞德客-KY等同步大漲,聯手發揮助攻火力。 不過,權值股表現不一,權王台積電盤中再攻上700大關,但盤中走勢震盪,終場僅小漲0.14%至698元,【台塑化】、中鋼、統一、國泰金、兆豐金等傳產、金融權值股則小幅收黑,壓抑了大盤上攻力道,加權指數終場上漲58.86點,收在18948.05點,仍續寫收盤新高。 三大法人動向方面,今日三大法人合計買超35.75億元,其中,自營商買超15.79億元,投…",needs_review,,,,2
collision:6505,6505,台塑化,M.1639896928.A.66D,2021-12-19 14:55:28,新聞,name,sparse,False,3,Re: [新聞] 郭台銘斷言「明年一定缺電」王定宇揭真相,1,False,False,True,False,台塑化,247,[簡稱(name)] …Re: [新聞] 郭台銘斷言「明年一定缺電」王定宇揭真相 郭董人很好的 所以我們要相信郭董 所以就要買發電概念股 所以【台塑化】 台汽電 大汽電(台汽電跟正隆)的汽電發電很重要 應該會小噴 那麼台泥有和平發電廠 還有NHΩA 成為全球儲能系統建置容量第4大公司 這樣的公司就應該會大噴特噴阿 接著 既然都要停電了 對於鴻海勢必要外移台灣 想必資本資出要大幅上升 所…,needs_review,,,,2
collision:6505,6505,台塑化,M.1608554590.A.CE9,2020-12-21 20:43:10,新聞,name,sparse,False,4,[新聞] 新缺貨概念股 躍交投亮點,1,False,False,True,False,台塑化,1091,"[簡稱(name)] …運輸熱到缺櫃缺倉等,激勵買盤目 光聚焦「新缺貨概念股」,成為市場交投亮點。 法人指出,最近市場關注度最高的「新缺貨概念股」,三大產業相關個股包括與iPhone 12有關的台積電(2330)、穩懋、日月光投控、同欣電等;與疫情有關的南帝、【台塑化】、 申豐等,以及與貨櫃運輸有關的長榮、陽明、萬海等。 疫情推動購物季買氣成長,蘋果計劃提高2021年上半年iPhone產量達9,600萬支,年增近 30%,明年全年產量上看2.3億支。摩根士丹利預期iPhone 12 Pro及Pro Ma…",needs_review,,,,2
collision:6790,6790,永豐實,M.1694509597.A.725,2023-09-12 17:06:37,新聞,name_with_context,sparse,False,2,[新聞] 對決！衛生紙掀價格促銷戰！,2,False,False,True,False,永豐實,1064,"[簡稱(name_with_context)] …,攜 手美式賣場好市多推出年度最狂會員日折扣特惠活動,11至21日單串舒潔三層抽取式衛生 紙狂降70元,號稱價格來到年度新低,折價後每串只要349元,折價幅度達16.71%。 面對美商強強聯手出擊,國內兩大家紙大廠也聯合本土賣場正面迎戰,【永豐實】旗下五月花 主力抽取式衛生紙品牌「厚棒」、二層衛生紙「極上」分頭出擊,近期配合通路檔期促銷 搶市,目前在全聯賣場,五月花「厚棒」抽取式衛生紙10入優惠價209元,「極上」也有 一串僅159元的促銷價,折價幅度也從16%起跳。 正隆旗下春風…
[簡稱(name_with_context)] …。 降價方案一推出,有網友在《Costco好市多商品經驗老實說》平台上,提醒版友勿錯過優 惠,省下來的錢到賣場飲食區買份熱狗堡加飲料還有找。這個擁有200多萬粉絲的公開社 團平台上,討論熱度相當高的主題之一就是衛生紙。 心得/評論: 【永豐實】、正隆股價要哭了... 產品歷年最低價 被舒潔打到不能不反擊 之前搶衛生紙的 不知有何感想?? 現在還要搶台鹽嗎?? 滿倉庫的鹽讓你搶 會去看抖音的 知識水準是什麼程度??…",needs_review,,,,2
collision:6790,6790,永豐實,M.1605522059.A.2AC,2020-11-16 18:20:59,新聞,name_with_context,sparse,False,2,[新聞] 永豐餘進擊 獲利爆發,3,False,False,True,False,永豐實,1889,"[簡稱(name_with_context)] …陰廠土地使用權利益入帳,第3季合計貢獻業外利益達17.34億元。 永豐餘總經理蔡維力表示,由於業內業外發功,推升今年前三季大賺41.17億元,年增 1.23倍,創同期新高。 在資產負債表方面,永豐餘轉型投控後,積極推動小金雞上市,子公司【永豐實】10月底登錄 興櫃,第3季完成釋股作業。 永豐實釋股標售價格達39.5元,對照永豐餘原本財報是按永豐實淨值12.7元列帳,中間價 差,透過釋股反映在永豐餘第3季財報上,推升每股淨值從去年底23.64元攀升至第3季的 25.14元。 育成…
[簡稱(name_with_context)] …7.34億元。 永豐餘總經理蔡維力表示,由於業內業外發功,推升今年前三季大賺41.17億元,年增 1.23倍,創同期新高。 在資產負債表方面,永豐餘轉型投控後,積極推動小金雞上市,子公司永豐實10月底登錄 興櫃,第3季完成釋股作業。 【永豐實】釋股標售價格達39.5元,對照永豐餘原本財報是按永豐實淨值12.7元列帳,中間價 差,透過釋股反映在永豐餘第3季財報上,推升每股淨值從去年底23.64元攀升至第3季的 25.14元。 育成+活化 實現公司價值 蔡維力說,永豐餘有近百年歷史…
[簡稱(name_with_context)] …發功,推升今年前三季大賺41.17億元,年增 1.23倍,創同期新高。 在資產負債表方面,永豐餘轉型投控後,積極推動小金雞上市,子公司永豐實10月底登錄 興櫃,第3季完成釋股作業。 永豐實釋股標售價格達39.5元,對照永豐餘原本財報是按【永豐實】淨值12.7元列帳,中間價 差,透過釋股反映在永豐餘第3季財報上,推升每股淨值從去年底23.64元攀升至第3季的 25.14元。 育成+活化 實現公司價值 蔡維力說,永豐餘有近百年歷史,「底子很厚」,公司正透過「育成」和「活化」等兩大 方…",needs_review,,,,2
collision:6790,6790,永豐實,M.1644234807.A.F09,2022-02-07 19:53:27,新聞,name_with_context,sparse,False,3,[新聞] 衛生紙漲定了 永豐餘：1串10包漲10元,1,False,False,True,False,永豐實,1125,"[簡稱(name_with_context)] …化學品、能源價格及人力成本,近年大幅上漲,平均成本年 增超過4成,甚至部分漲幅近倍,永豐餘去年底就已決定要調整衛生紙零售價格,但在與 行政院多次會商,考量照顧消費者及配合政府穩定物價的措施後,決定延後至農曆年後調 整價格,平均漲幅8%。 【永豐實】今日證實,已與各通路談妥,預計2月下旬於各通路陸續調整,平均漲幅約8%,後 續銷售價格,將視各通路檔期而定。 至於另1家家用紙大廠正隆,今日仍表示「持續評估中」。正隆表示,該公司與永豐餘生 產規模、生產成本相差不大,因此面對漲價的壓力相同…",needs_review,,,,2
collision:6790,6790,永豐實,M.1698305472.A.56A,2023-10-26 15:31:12,新聞,code,sparse,False,4,[新聞] 全球紙業第一家！永豐餘為何敢加入RE100,1,True,False,False,False,,944,"[代號] …程,可以將製程中的餘料轉化為替代燃料,並進一步發 展沼氣發電。這一承諾將與全球400多家企業一同推動市場變革,並證明再生能源在商業 中的重要性。 永豐餘(1907)正式宣布,旗下子公司包括中華紙漿(1905)、永豐餘工業用紙以及永豐 實(【6790】)共同參與由氣候組織(The Climate Group)及CDP主導的全球再生能源倡議 RE100,成為全球紙業領域中首家參與RE100倡議的企業,展現積極投身永續發展的承諾。 明確再生能源目標: 2030年:達成60%的再生能源使用…",needs_review,,,,2
mode:code,2603,長榮,M.1618623621.A.7E5,2021-04-17 09:40:21,新聞,code,dense,False,3,Re: [新聞] 誰會成為下一檔世芯-KY！謝金河：投資人,1,True,False,False,False,,2247,"[代號] …: 信金297億,元大金94億,這都是十分不可思議的好成績,若加上台塑四寶從原來虧損 變 : 成首季大賺633.89億,還有台積電、聯電淨利可能都不輸去年第四季,而面板雙雄首季 淨 : 利都會超過一○○億;陽明首季可能大賺逾250億,長榮(【2603】)會超過300億,若加上 萬 : 海,貨櫃三雄可能大賺超過800億,大家把這個盛況算一下,台股今年的基本面一定很 耀 : 眼,所以我回應谷月涵的話,台股整體沒有泡沫,但泡沫在個股。 : 超漲股出現老人與狗效應 : 每一次股價飆升到一個相對高…",needs_review,,,,2
mode:name,2330,台積電,M.1587304460.A.0BD,2020-04-19 21:54:20,公告,name,dense,False,1,[公告] makiyoisgood kaitai s111228s 水桶,1,False,False,True,False,台積,786,"[簡稱(name)] …-2-1,刪文水桶一個月。 說明:經板主巡視板面,makiyoisgood 文章閒聊,違反板規4-2-1,刪文水桶一週。 kaitai 文章閒聊,違反板規4-2-1,刪文水桶一個月。 s111228s 文章閒聊,說【台積】技術領先十年可沒有舉出為何是領先十年,因此判定 只是閒聊,違反板規4-2-1,刪文水桶一個月。 2 ! 3/25 eyespot □ [公告] j855102 kaitai teemo0330 水桶一週 2 !…",needs_review,,,,2
mode:name,1533,車王電,M.1690993349.A.209,2023-08-03 00:22:29,請益,name,sparse,False,1,[請益] 中國大陸北京泡水車概念股,1,False,False,True,False,車王電,68,"[簡稱(name)] …[請益] 中國大陸北京泡水車概念股 如題,最近刷影片都看到北京一堆泡水車 北京人又有錢是不是又會帶動車市消費 目前觀望【車王電】等車用元件... 請問還有哪些好的標的 謝謝…",needs_review,,,,2
mode:name,2330,台積電,M.1713630597.A.719,2024-04-21 00:29:57,請益,name,dense,False,1,"[請益] 自組股票0050, 當成分股漲跌時如何調整",1,False,False,True,False,台積電|台積,188,"[簡稱(name)] …[請益] 自組股票0050, 當成分股漲跌時如何調整 Hi 各位先進好, 假設如果有一億元的資金想要自組股票達成類似0050的效果 當成分股的股價變動時(如【台積電】連續跌停, 或中華電連續漲停之類的), 有需要做買/賣 的動作來調整持股比例嗎? 小弟想想似乎是不需要的, 因為""股價變動""等於""市值變動""又等於""持股比例變化"", 所以持股比例已經自動(被動)地調整好了, 完全不需要管理人買/賣進出…",needs_review,,,,2
mode:name,2330,台積電,M.1704380406.A.400,2024-01-04 23:00:06,新聞,name,dense,False,4,[新聞] 集保：年輕人偏愛ETF 退休族喜歡個股,5,False,False,True,False,台積電|台積,1051,"[簡稱(name)] …/ec.ltn.com.tw/article/breakingnews/4542105 發布時間: 2024/01/04 18:40 記者署名: 陳永吉 原文內容: 根據集保結算所統計,2023年底國內投資人持股前10大依序是:中鋼、【台積電】、國泰永續 高股息ETF(00878)、元大高股息ETF(0056)、開發金、鴻海、聯電、元大台灣50ETF( 0050)、玉山金及中信金。 集保結算所大數據平台進一步分析,若將投資人分為22歲以下學生族,23-65歲上班族、 家庭主婦,…
[簡稱(name)] …人分為22歲以下學生族,23-65歲上班族、 家庭主婦,及66歲以上退休族,可發現年齡層不同,持股偏好差異極大。以22歲以下學生 投資族為例,截至12月底,前5大持股分別是國泰永續高股息ETF、元大高股息ETF、元大 台灣50ETF、中鋼及【台積電】;台股ETF強占前3名,顯示分散及固定配息特性,對學生族群 有一定吸引力。 至於台股投資主力上班族及家庭主婦,持股占台股總市值約67.9%,前5大持股分別是國泰 永續高股息ETF、台積電、中鋼、元大高股息ETF及鴻海,其中國泰永續高股息股…
[簡稱(name)] …TF、元大高股息ETF、元大 台灣50ETF、中鋼及台積電;台股ETF強占前3名,顯示分散及固定配息特性,對學生族群 有一定吸引力。 至於台股投資主力上班族及家庭主婦,持股占台股總市值約67.9%,前5大持股分別是國泰 永續高股息ETF、【台積電】、中鋼、元大高股息ETF及鴻海,其中國泰永續高股息股東人數已 超過百萬人,而台積電也有近百萬股東,相較學生族投資人,上班族及家庭主婦明顯更青 睞大型電子股。 值得注意的是,儘管近幾年台股ETF迅速竄起,但退休族投資仍以個股為主;截至12月…",needs_review,,,,2
mode:name,2330,台積電,M.1711296944.A.F9C,2024-03-25 00:15:44,請益,name,dense,False,1,Re: [請益] 急需用錢 股票要賣沒漲的還是漲30%的,2,False,False,True,False,台積電|台積,389,"[簡稱(name)] …損來看。 均線全部站上的先別賣,股價還有往上的機會, 最優先賣的是均線全部往下,這種股票要回漲, 上面一堆賣壓,回彈不到哪裡去。 破季線的第二賣,剩下的你自己看。 看完你的投資標的, 最優先賣的是穩懋, 第二該賣的是龍巖, 第三是緯創或【台積】。 ※ 引述《subcrew (Working Below The Hype)》之銘言: : 如題 : 小弟最近急需用錢 一兩百萬左右 : 持股五成是台積電 持有成本算已經漲30% : 持股另外五成是緯創 穩懋 龍巖 加總起來不賺不賠 :…
[簡稱(name)] …自己看。 看完你的投資標的, 最優先賣的是穩懋, 第二該賣的是龍巖, 第三是緯創或台積。 ※ 引述《subcrew (Working Below The Hype)》之銘言: : 如題 : 小弟最近急需用錢 一兩百萬左右 : 持股五成是【台積電】 持有成本算已經漲30% : 持股另外五成是緯創 穩懋 龍巖 加總起來不賺不賠 : 要賣掉哪個 : 還是各賣一半呢 ----- Sent from JPTT on my iPhone…",needs_review,,,,2
mode:name,2330,台積電,M.1733906376.A.EA3,2024-12-11 16:39:36,新聞,name,dense,False,2,[新聞] 0050、0056納入陽明、長榮！被迫上賊船,1,False,False,True,False,台積電|台積,1320,"[簡稱(name)] …持股中的權重也相對有限 , 對ETF的整體波動影響不大。 例如:0056的成分股權重是以現金股利殖利率決定的,目前單一成分股的比重普遍維持在 3% -4%左右,避免了過度集中投入個別股票的風險。 而0050是以市值去分配權重,大多都是在【台積電】上,也不至於擔心景氣循環股的比例過高 。 這次成分股的調整,我覺得0050和0056仍然保持多元化配置,雖然我也不喜歡景氣循環股 , 但既然是以選股邏輯選出來的,我們也就不要太在意或是過度擔心了。畢竟這2檔都是歷 久 不衰的老字號ETF,…",needs_review,,,,2
mode:name,2812,台中銀,M.1584980490.A.9B5,2020-03-24 00:21:30,請益,name,sparse,False,1,[請益] 這樣我今天買的VIX算嗎,1,False,False,True,False,台中銀,175,"[簡稱(name)] …[請益] 這樣我今天買的VIX算嗎 早上蹲廁所手滑出清10張【台中銀】來嘗試買富邦VIX 不到3分鐘營業員打來說這個要簽風險切結書,問我能不能我去新竹一趟 但我現在住在中南部,就回他可能短期沒辦法,不然就算了吧 後來看到一度跌倒11.5還慶幸沒買成 結果晚上看庫存奇怪怎麼有 這樣就算成交了嗎,如果沒去簽…",needs_review,,,,2
mode:name,6505,台塑化,M.1619138537.A.CE9,2021-04-23 08:42:17,新聞,name,sparse,False,4,[新聞] 下一個護國神山在哪？謝金河透露與谷月涵,2,False,False,True,False,台塑化,1255,"[簡稱(name)] …出的條件,從總市值就可以看到端倪。台灣的台積電市值約6000億 美元,和台灣Gdp總量相近,這當然會是台灣的護國神山。 謝金河細數,往下找,誰是護國神山?鴻海590億美元,聯發科558億美元,都不到台積電 十分之一,300億美元級的也只有【台塑化】及中華電信,台達電努力往上爬,市值也只有277 億美元,最大的金控國泰金只有238億美元。 謝金河提到,大家都很希望台灣有第二座護國神山,甚至是護國群山,但這只是大家的期 待,大家還要更努力。他指出,我們常在在資本市場聽到誰是股王,但其實…
[簡稱(name)] …了創造更大的市值,如今 已遠遠被舜宇光學拋離,今天長榮海運市值很可能進一步超越大立光,成為市值第18的企 業。而聯發科挑戰高通,還有未竟之志,鴻海也必須在MIH得分。 心得/評論: 二位居然有共識,那大家知道該怎麼做了吧 鴻海,聯發科,【台塑化】,中華電信,台達電,國泰金 ----------------------------------發文提醒------------------------------- 1.發文前請先詳閱[新聞]分類發文規範,未依規範發文將受處份。 2.連…",needs_review,,,,2
mode:name,2344,華邦電,M.1613952264.A.DC2,2021-02-22 08:04:24,新聞,name,sparse,False,2,[新聞] 半導體廠投資高雄 今年預估再破千億,1,False,False,True,False,華邦電,1224,"[簡稱(name)] …南科橋頭科學園區、和發產業園 區、仁武產業園區。 陳其邁最看重的橋頭科學園區,年底將開放廠商選地,已有智崴、華宏新技、長行生技、 日月光、國巨、太普高、鑫科材料簽署投資意向書。 雖然台積電目前擴建重心仍在南科台南園區,但從二○一八年底,【華邦電】砸下三三五○億 元在路科擴廠後,不少科技廠商就搶先進駐高雄卡位;去年武漢肺炎疫情,造成全球供應 鏈重組,帶動半導體產業逆勢成長,更吸引多家半導體相關產業鏈大廠南漂高雄或加碼投 資。 經發局統計,陳其邁上任後,包括全球最大砷化鎵晶圓代工廠穩…",needs_review,,,,2
mode:name,2330,台積電,M.1611381192.A.B6C,2021-01-23 13:53:12,標的,name,dense,False,2,[標的] 鴻海 接棒護國神山,2,False,False,True,False,台積電|台積,443,"[簡稱(name)] …是以三大法人這種買超量,股價相對漲很少 https://i.imgur.com/wWOJya5.jpg 週五突破歷史套牢重壓力區站穩120,過去受傷散戶婆婆媽媽壓力轉支撐 已有投顧跟ptt法人跟鴻海,但早餐店的阿姨,路上的大學生還在講【台積電】 台積電長期看好但噴很久該休息了,散戶注意力轉往鴻海機率高 主力拉鴻海、八大拉鴻海權值股,也會有控大盤指數的作用 4. 進退場機制:(非長期投資者,必須有停損機制。請益免填) 鴻海名聲臭,大家信心不足,漲一跟紅K就會休息一陣子,下週…
[簡稱(name)] …人這種買超量,股價相對漲很少 https://i.imgur.com/wWOJya5.jpg 週五突破歷史套牢重壓力區站穩120,過去受傷散戶婆婆媽媽壓力轉支撐 已有投顧跟ptt法人跟鴻海,但早餐店的阿姨,路上的大學生還在講台積電 【台積電】長期看好但噴很久該休息了,散戶注意力轉往鴻海機率高 主力拉鴻海、八大拉鴻海權值股,也會有控大盤指數的作用 4. 進退場機制:(非長期投資者,必須有停損機制。請益免填) 鴻海名聲臭,大家信心不足,漲一跟紅K就會休息一陣子,下週見綠就加碼…",needs_review,,,,2
mode:name,2330,台積電,M.1644133122.A.792,2022-02-06 15:38:42,心得,name,dense,False,1,[心得] 看財經媒體影片 有感?,5,False,False,True,False,台積電|台積,217,"[簡稱(name)] …[心得] 看財經媒體影片 有感? 剛剛看了某財金媒體的影片 看到訪問來賓一位財金專家某某某 說 在小資族的心中最適合存股的排名.. 這位財金專家說 在他心中零股小資族存股的最大報酬是""【台積電】"" 因為他很看好電子股 他建議小資族、散戶 要存股的話第一名是台積電 可是我看了一下台積電的股價...6XX 三位數 也就是說我買一張需要60多萬... 所以台積電真的適合小資存股嗎? 叫肥肥我拿60萬來買台積電一張存股...會…
[簡稱(name)] …片 有感? 剛剛看了某財金媒體的影片 看到訪問來賓一位財金專家某某某 說 在小資族的心中最適合存股的排名.. 這位財金專家說 在他心中零股小資族存股的最大報酬是""台積電"" 因為他很看好電子股 他建議小資族、散戶 要存股的話第一名是【台積電】 可是我看了一下台積電的股價...6XX 三位數 也就是說我買一張需要60多萬... 所以台積電真的適合小資存股嗎? 叫肥肥我拿60萬來買台積電一張存股...會不會CP值太低? 大家怎麼看?…
[簡稱(name)] …金媒體的影片 看到訪問來賓一位財金專家某某某 說 在小資族的心中最適合存股的排名.. 這位財金專家說 在他心中零股小資族存股的最大報酬是""台積電"" 因為他很看好電子股 他建議小資族、散戶 要存股的話第一名是台積電 可是我看了一下【台積電】的股價...6XX 三位數 也就是說我買一張需要60多萬... 所以台積電真的適合小資存股嗎? 叫肥肥我拿60萬來買台積電一張存股...會不會CP值太低? 大家怎麼看?…",needs_review,,,,2
mode:name,2330,台積電,M.1704218681.A.FD5,2024-01-03 02:04:41,新聞,name,dense,False,1,[新聞] 日本石川強震 法人初估對供應鏈影響結果,1,False,False,True,False,台積電|台積,809,"[簡稱(name)] …質電容器 (MLCC)、陶瓷電容器電容等與半導體製程高度相關的村田製作所分部,也位於石川縣中 部。 不過,上述兩個企業都與這次地震所在地的北部能登地區有一段距離,需觀察未來餘震或 引發的海嘯是否對公司與產業造成影響。 心得/評論: 想到【台積電】設廠的熊本縣2016年也發生過大地震,熊本城因此封城搶修不對外開放。…",needs_review,,,,2
mode:name,2330,台積電,M.1698256563.A.2C3,2023-10-26 01:56:03,標的,name,dense,False,1,Re: [標的] SOXS 無腦多(賭Fed升息 台積財測爆炸),11,False,False,True,True,台積,2904,"[簡稱(name)] …Re: [標的] SOXS 無腦多(賭Fed升息 【台積】財測爆炸) 開個會後拿起手機看到SOXS大噴讓我一度因為自己在做夢 https://i.imgur.com/CcCqqSV.jpg 看了一下線圖已經打到年線 先把SOXS獲利了結 這邊可能出現短線反彈 反彈後再來考慮進場做空半導體 小小線…
[簡稱(name)] …https://i.imgur.com/T72TZls.jpg 主力是不是先看到了AMD 10/31的財報? 可能提前知道消息 爆賣一波 今天的黑k好震撼啊... ※ 引述《andylu1207 (andylu1207)》之銘言 : 細嚼【台積】法說會內容 感想只有感覺高層只想美化現況 對半導體景氣底部回答模稜兩可 完 : 全不像台積作風 : https://i.imgur.com/sRUSrFk.jpg : 稍早Powell演講內容非常鷹派 : 因為經濟仍就太強勁 高於預期 會使…
[簡稱(name)] …10/31的財報? 可能提前知道消息 爆賣一波 今天的黑k好震撼啊... ※ 引述《andylu1207 (andylu1207)》之銘言 : 細嚼台積法說會內容 感想只有感覺高層只想美化現況 對半導體景氣底部回答模稜兩可 完 : 全不像【台積】作風 : https://i.imgur.com/sRUSrFk.jpg : 稍早Powell演講內容非常鷹派 : 因為經濟仍就太強勁 高於預期 會使通膨死灰復燃 : 將不惜用各種手法打壓通膨至2% 其中需要打壓經濟發展, 也就是盤中看到美…",needs_review,,,,2
mode:name,2330,台積電,M.1720176040.A.242,2024-07-05 18:40:40,心得,name,dense,False,1,[心得] 2024年 H1 純量化半年報,1,False,False,True,False,台積電|台積,721,"[簡稱(name)] …沒選到(因獲利指標、籌碼等因素篩選掉了) 今年H1獲利25.2%,但大盤28.4%,以結果論來說表現並不好,6月輸太多,主因我的篩選 方式在今年確實不佔優勢,也分享給對量化有興趣且交易頻率高的朋友,純量化選股就會 有一些行情是賺不到的,如【台積電】太強時反而中小型個股會被出貨,另外報酬率也比不上 版上單壓一檔股票的大大們。…",needs_review,,,,2
mode:name,2330,台積電,M.1682146647.A.9C2,2023-04-22 14:57:27,新聞,name,dense,False,1,[新聞] 我促美勿過度強調「晶片風險論」,2,False,False,True,False,台積電|台積,970,"[簡稱(name)] …者署名:經濟日報 編譯季晶晶、記者鍾泓良╱綜合報導 原文內容: 美國面臨中國大陸武力侵犯台灣的威脅,希望減少對台灣晶片的依賴,但台灣官員認為拜 登政府的做法有些太過火。彭博資訊報導,台灣官員透過私下交流和秘密渠道,敦促美方 對於有關依賴【台積電】有危險的說法降低音量。 報導指出,台灣官員尤其對商務部長雷蒙多不滿,她再三稱美國對台灣晶片的依賴「站不 住腳」且「不安全」;他們對擔任美國眾議院外交委員會主席的眾議員麥考爾訪台期間的 言論也深感不安。麥考爾說台灣的半導體產業是「很容易受到…
[簡稱(name)] …灣。跡象顯示,億萬富翁巴菲特在內的投資人慎重看 待此事。 心得/評論: 美商務部長 Gina Raimondo 一直以來都是反對依賴台灣晶片, 最近又要去訪問中國,不知道對於晶片他又會有甚麼高深的意見, 台灣雖找官員去關切美方""依賴【台積電】有危險""這樣的說法, 但,美國要是打算玩兩面手法,基本上也不會理會這樣的""關切""吧? 各位神山股神們怎麼看呢?…",needs_review,,,,2
mode:name,2330,台積電,M.1620823256.A.8A5,2021-05-12 20:40:56,新聞,name,dense,False,4,[新聞] 台股重挫破萬六 官股40億進場先買這10檔,3,False,False,True,False,台積電|台積,586,"[簡稱(name)] …台股重挫破萬六 官股40億進場先買這10檔 自由時報 台北加權指數今日盤中重挫1400餘點、跌破半年線。(翻攝奇摩報價) 〔記者陳柔蓁/台北報導〕台北加權指數今日盤中重挫1400餘點、跌破半年線,但官股盤中40.3億元買盤進場,拉抬【台積電】、鴻海、長榮等,隨指數走升市場賣壓稍減,終場收737點長下影線。 台股今日收跌680.76點、1萬5902.37點,成交值新台幣7727.72億元。 今日八大行庫今日買超新光金、長榮、元大高股息、鴻海、華新、台積電、國泰永續高股息、中鋼…
[簡稱(name)] ….3億元買盤進場,拉抬台積電、鴻海、長榮等,隨指數走升市場賣壓稍減,終場收737點長下影線。 台股今日收跌680.76點、1萬5902.37點,成交值新台幣7727.72億元。 今日八大行庫今日買超新光金、長榮、元大高股息、鴻海、華新、【台積電】、國泰永續高股息、中鋼、開發金、中鴻等。主要賣超元大台灣50反1、期富邦VIX、群創、燁輝、彩晶、元大滬深300正2、華航、中石化、東華、永豐餘等。 分析師指出,官股行庫在上月台股高點獲利了結,最近開始重回股市,而且技術面來說,當股價與短…
[簡稱(name)] …股價會產生反轉的修正,因此台股有望止跌,投資人不必太擔心。 https://ec.ltn.com.tw/article/breakingnews/3530025 ---- 今天行庫買超的部分有 新光金、長榮、元大高股息、鴻海、華新、【台積電】、國泰永續高股息、中鋼、開發金、中鴻等。 是說現在不是萬六嗎 萬六就開始救起來 好像有點怪怪的 ----- Sent from JPTT on my Asus ASUS_I01WD.…",needs_review,,,,2
mode:name,1513,中興電,M.1709618402.A.C46,2024-03-05 14:00:02,閒聊,name,sparse,False,3,[閒聊] 2024/03/05 盤後閒聊,1,False,False,True,False,中興電,382,[簡稱(name)] …9 投信 -100 外資 -3584 漲停家數(+10%) 46 跌停家數(-10%) 2 成交量排行 群益台灣精選高息、燿華、緯創、 群益ESG投等債20+、復華臺灣科技優息 成交值排行 台積電、緯創、【中興電】、聯發科、奇鋐 ----------------------------------- 賺錢的那個人總不是我.... -- https://i.imgur.com/yj2pNIt.jpg…,needs_review,,,,2
mode:name,2330,台積電,M.1728905598.A.9DF,2024-10-14 19:33:18,標的,name,dense,False,1,Re: [標的] 國泰20年美債00687B 多 考慮出手,8,False,False,True,False,台積電|台積,1966,"[簡稱(name)] …p.jpeg : : 當時99我就看跌倒96,一路下秀倒93 : : 內資 大媽 黑手!全力要上24500! : : A33多頭大將軍,用美債展示什麼是轉折之王!00687我們30.5-31入場 : : 美債正二8-8.3入場 : : 明天【台積】最後上車機會 : : 夢到台積九月營收非常好! : : 台股本週23500!月底24500 : : 跟著我大聲喊!恐慌蛙蹦蹦叫!台積 富邦 國泰 長榮 漲停嘎到爆! : : 多蛙本週約妹小帥弟齊看房! : : 本週00687看見31,下週剩…
[簡稱(name)] …我就看跌倒96,一路下秀倒93 : : 內資 大媽 黑手!全力要上24500! : : A33多頭大將軍,用美債展示什麼是轉折之王!00687我們30.5-31入場 : : 美債正二8-8.3入場 : : 明天台積最後上車機會 : : 夢到【台積】九月營收非常好! : : 台股本週23500!月底24500 : : 跟著我大聲喊!恐慌蛙蹦蹦叫!台積 富邦 國泰 長榮 漲停嘎到爆! : : 多蛙本週約妹小帥弟齊看房! : : 本週00687看見31,下週剩30 : : 所以我才說,股市…
[簡稱(name)] …軍,用美債展示什麼是轉折之王!00687我們30.5-31入場 : : 美債正二8-8.3入場 : : 明天台積最後上車機會 : : 夢到台積九月營收非常好! : : 台股本週23500!月底24500 : : 跟著我大聲喊!恐慌蛙蹦蹦叫!【台積】 富邦 國泰 長榮 漲停嘎到爆! : : 多蛙本週約妹小帥弟齊看房! : : 本週00687看見31,下週剩30 : : 所以我才說,股市末升段,趕快來志賺錢 : : 美國要選舉,數據做得好 : : 華爾街配合殺美債下去 : : 麻煩恐慌蛙…",needs_review,,,,2
mode:name,2330,台積電,M.1620957551.A.62E,2021-05-14 09:59:11,標的,name,dense,False,1,Re: [標的] 大盤 開超低盤多,1,False,False,True,False,台積電|台積,536,"[簡稱(name)] …Re: [標的] 大盤 開超低盤多 大家早~ 今天權值股早盤強勢如虹,【台積電】以一個島狀反轉的技術型態突破16000。這附近先將權值股部位出一半,可以留底單等看看16300-16500。 按照以往經驗,「有機會」再打底或再甩轎一次,這也是今天先賣出一半的原因,因為最好賺的通常是這段~ 謝謝大家,祝各位週末愉快。…",needs_review,,,,2
mode:name,2009,第一銅,M.1614337789.A.A12,2021-02-26 19:09:49,請益,name,sparse,False,1,Re: [請益] 為什麼公債殖利率上升會跌,1,False,False,True,False,第一銅,304,"[簡稱(name)] …公債,公債價格狂跌,殖利率狂升 當 ”超猛” 通貨膨脹真的來臨時,美國政府就會出來大叫:我要升息!! 升息會讓企業營運成本大增,流通在市場上的錢收回央行,非常不利股市 以上皆非重點,重點是超猛通貨膨脹要來,你各位阿 大成鋼 【第一銅】 鋼鐵原物料股買起來 減持科技股,改持抗通膨股…",needs_review,,,,2
mode:name,1817,凱撒衛,M.1584013112.A.28A,2020-03-12 19:38:32,標的,name,sparse,False,1,Re: [標的] 3682亞太電 蹭飯多,2,False,False,True,False,凱撒衛,529,"[簡稱(name)] …Re: [標的] 3682亞太電 蹭飯多 標的文追蹤 京城銀+4.64% 【凱撒衛】-11.69% 亞太電-15.99% 京城銀跟武漢肺炎應該關連不大,最近只是恐慌跟跌。長期看好的理由並未消失,個人會 持續持有。明年配息時,至少40,上看50看法不變。 凱撒衛二月營收不甚理想,但在越南跟台灣營運的關係,受肺炎影響也不大…
[簡稱(name)] …] 3682亞太電 蹭飯多 標的文追蹤 京城銀+4.64% 凱撒衛-11.69% 亞太電-15.99% 京城銀跟武漢肺炎應該關連不大,最近只是恐慌跟跌。長期看好的理由並未消失,個人會 持續持有。明年配息時,至少40,上看50看法不變。 【凱撒衛】二月營收不甚理想,但在越南跟台灣營運的關係,受肺炎影響也不大。推測因為成 交量小,受到散戶恐慌的影響較大。個人會持續持有。 亞太電持有的理由,如之前標的文。在等合作案宣布,且經股價已大幅低於淨值。買進理 由沒消失,個人會持續持有。 大盤…",needs_review,,,,2
mode:name,2006,東和鋼鐵,M.1654784192.A.672,2022-06-09 22:16:32,新聞,name,sparse,False,3,[新聞] 郭哲榮：我配我配 配對交易「配得好」就,1,False,False,True,False,東和鋼鐵,1273,"[簡稱(name)] …淨流入超過330億元,所以當這些基金成分股進行調整時,就是值得你 注意的時機,更是掌握強勢股的好機會,因為這些基金會完全按照公告的成分股去買進持 股,而這些資訊也是大家唾手可得的。 例如:6月2日富時指數公告台灣高股息成分股將新增聯發科、【東和鋼鐵】、聯電、文曄、陽 明,過渡期間生效日為2022年6月20日到6月24日,你可以發現最為大家熟悉的貨櫃三雄之 一的陽明被納入成分股,加上原本長榮就是成分股名單之一,僅萬海未被納為成分股,所 以貨櫃三雄中陽明可望成為族群中最強勢的,而萬海會是最…",needs_review,,,,2
mode:name,2330,台積電,M.1721648109.A.F83,2024-07-22 19:35:09,創作,name,dense,False,1,[創作] 義勇積進行曲~,1,False,False,True,False,台積,102,[簡稱(name)] …[創作] 義勇積進行曲~ V來 不願做奴隸的股民 把我們的銀彈 築成我們新的神山 【台積】股民到了 最危險的時候 每個人被迫著 擰出最後的存款 V來 V來 V來 我們萬眾一心 冒著外資的提款 買進 冒著外資的提款 買進 買進 買進 進…,needs_review,,,,2
mode:name,2330,台積電,M.1637156103.A.A2F,2021-11-17 21:35:03,新聞,name,dense,False,1,[新聞] 聯發科新款處理器以天璣9000系列命名 高,1,False,False,True,False,台積電|台積,939,"[簡稱(name)] …的處理器,將會以「Snapdragon 8 gen1」為稱,而 原本預期將以天璣2000系列為稱的處理器,則會以「天璣9000」系列為稱。 兩款處理器都會以4nm製程打造,但Qualcomm依然會維持與三星合作代工,而聯發科則會 維持採用【台積電】代工資源。 至於兩款處理器在規格設計部分則是大同小異,均以Armv9指令集打造,其中Qualcomm新 款處理器將以1組運作時脈達3.0GHz的Cortex-X2 CPU,搭配三組運作時脈為2.5GHz的大核 CPU,加上四組運作時脈為1…",needs_review,,,,2
mode:name,2006,東和鋼鐵,M.1622943566.A.53E,2021-06-06 09:39:26,新聞,name,sparse,False,9,[新聞] 老謝力讚航運三雄、友達、富邦金,1,False,False,True,False,東和鋼鐵,1016,"[簡稱(name)] …,這當中台灣50及 台灣中型100的指數成份股調整最吸睛,三家貨櫃航運公司全部進榜,面板的友達入列, 這四家公司取代台灣高鐵,緯頴,正新及可成,被替代的四家進入台灣中型100,而進入 台灣中型100的有中鴻,南帝,彩晶,AES,慧洋,南紡,【東和鋼鐵】,正隆,這些公司都是 近一年多來股價表現出色的。 謝金河表示,從台灣50的內容來看,台積電是不動的護國神山,而聯發科和鴻海的老二之 爭仍此起彼落,台達電看起來坐穩老六的位子。富邦金今年宣布高股利政策,坐上老七的 位子,也順利超車國泰金,在…",needs_review,,,,2
mode:name,2330,台積電,M.1729169012.A.EDE,2024-10-17 20:43:32,標的,name,dense,False,2,Re: [標的] 國泰20年美債00687B 多 考慮出手,13,False,False,True,False,台積電|台積,2085,"[簡稱(name)] …Re: [標的] 國泰20年美債00687B 多 考慮出手 ※ 引述《ann16 (NNNNNNNNN)》之銘言: : ※ 引述《ann16 (NNNNNNNNN)》之銘言: : 不 : : 錯 : : 我九月【台積】900就預告1050必達標 : : 高手買在起漲點 : : 韭菜買在高點 : : 我們本週台積11-1200,反手去美債 : : 賺錢買房換車養二奶戰隊!準備好了嗎 : : 本週台積11-1200,轉手30.5-31美債!讓你爽 : : 跟…
[簡稱(name)] …引述《ann16 (NNNNNNNNN)》之銘言: : ※ 引述《ann16 (NNNNNNNNN)》之銘言: : 不 : : 錯 : : 我九月台積900就預告1050必達標 : : 高手買在起漲點 : : 韭菜買在高點 : : 我們本週【台積】11-1200,反手去美債 : : 賺錢買房換車養二奶戰隊!準備好了嗎 : : 本週台積11-1200,轉手30.5-31美債!讓你爽 : : 跟著我們百人研究團隊!買在低點,賣在高點 : : 美債我們準備進場 : : 債蛙再等等,我們大部…
[簡稱(name)] …NNNNN)》之銘言: : 不 : : 錯 : : 我九月台積900就預告1050必達標 : : 高手買在起漲點 : : 韭菜買在高點 : : 我們本週台積11-1200,反手去美債 : : 賺錢買房換車養二奶戰隊!準備好了嗎 : : 本週【台積】11-1200,轉手30.5-31美債!讓你爽 : : 跟著我們百人研究團隊!買在低點,賣在高點 : : 美債我們準備進場 : : 債蛙再等等,我們大部隊準備去解救債蛙 : : 美債只有00687在30.5-31才是送分題 : : 美債00…",needs_review,,,,2
mode:name,2330,台積電,M.1601353460.A.B1B,2020-09-29 12:24:20,新聞,name,dense,False,4,Re: [新聞] 中鋼推循環經濟有成 創造三贏,1,False,False,True,False,台積電|台積,867,"[簡稱(name)] …經營績效 有目共睹 一年比一年還爛 以2020/8/31 上市公司 市值排名前20大,股價還原權值報酬率(Bloomberg) 期間:2009/12/31~2020/8/31 名稱 Rtn % ---------------- 【台積電】 868.9 鴻海 12.2 聯發科 54.5 中華電 138.0 台塑化 45.9 國泰金 21.2 台塑 96.9 台達電 183.7 南亞 71.0 大立光 868.9 富邦金…",needs_review,,,,2
mode:name,2330,台積電,M.1595777724.A.31D,2020-07-26 23:35:24,請益,name,dense,False,6,Re: [請益] 停損的觀念與存股的精神有衝突嗎??,4,False,False,True,False,台積電|台積,283,"[簡稱(name)] …: 停損的精神就是最好不要跌到那個G點 不然我就砍單 尋找下一個標的 : 存股的精神就是 越跌越買 成本越低越好 : 這樣感覺不是有衝突嗎??? : 有沒有停損信奉者 也跟人家存股呢? 之前存股的問題很吃運氣啦~ 20年前 誰知道要存【台積電】? 華邦電 茂矽 旺宏 聯電 友達 ... 每一支聲勢也沒輸台積電 你要存哪一支? 但 0050 0056出現之後 存股終於不需要再停損了 就算是現在 以存股的角度來看 0050 0056 >> 台積電 誰知道20年後 台積…
[簡稱(name)] …: 存股的精神就是 越跌越買 成本越低越好 : 這樣感覺不是有衝突嗎??? : 有沒有停損信奉者 也跟人家存股呢? 之前存股的問題很吃運氣啦~ 20年前 誰知道要存台積電? 華邦電 茂矽 旺宏 聯電 友達 ... 每一支聲勢也沒輸【台積電】 你要存哪一支? 但 0050 0056出現之後 存股終於不需要再停損了 就算是現在 以存股的角度來看 0050 0056 >> 台積電 誰知道20年後 台積電是不是還可以跟現在一樣邱?…
[簡稱(name)] …20年前 誰知道要存台積電? 華邦電 茂矽 旺宏 聯電 友達 ... 每一支聲勢也沒輸台積電 你要存哪一支? 但 0050 0056出現之後 存股終於不需要再停損了 就算是現在 以存股的角度來看 0050 0056 >> 【台積電】 誰知道20年後 台積電是不是還可以跟現在一樣邱?…",needs_review,,,,2
mode:name,2330,台積電,M.1603447081.A.3D5,2020-10-23 17:58:01,新聞,name,dense,False,1,[新聞] 零股交易降稅 掀起話題,1,False,False,True,False,台積電|台積,1006,"[簡稱(name)] …比照當沖降稅,對零股交易也提供減稅優惠,以鼓勵小資族參與 台股投資。 目前證交稅率是千分之3,當沖的證交稅率減半,只有千分之1。 立法院財政委員會昨天審查金管會明年度預算案,立委賴士葆質詢表示,盤中零股交易下 周要上路,現在小資族買不起【台積電】、大立光等股票,零股交易可以讓小資族買得起這些 股票,金管會是否應比照當沖證交稅減半作法,讓小資族有機會多參與台股? 黃天牧回應質詢表示,金管會將研究零股交易降稅案,不過,租稅減免是財政部權責,是 否在實施半年後檢討交易量情況,若誘因需要…",needs_review,,,,2
mode:name,2330,台積電,M.1681278308.A.DA5,2023-04-12 13:45:08,閒聊,name,dense,False,2,[閒聊] 2023/04/12 盤後閒聊,1,False,False,True,False,台積電|台積,339,[簡稱(name)] …+1787 投信 -448 外資 -1290 台指選 自營商 -13990 投信 外資 +788 漲停家數(+10%) 27 跌停家數(-10%) 5 成交量排行 漢翔、中興電、大亞、群創、元大滬深300正2 成交值排行 【台積電】、中興電、長榮、世芯-KY、漢翔 ---------------------------------------- -- https://imgur.com/6GGT2ao.jpg…,needs_review,,,,2
mode:name,2330,台積電,M.1644639833.A.52B,2022-02-12 12:23:53,新聞,name,dense,False,1,Re: [新聞] 俄烏局勢一觸即發 美股重挫,1,False,False,True,False,台積電|台積,937,"[簡稱(name)] …指數下跌394.48點,或2.78%,收在13791.16點。 : 費城半導體指數下跌170.857點,或4.83%,收在3365.246點。(譯者:徐睿承)111021 2 : 心得/評論: : 憂心烏克蘭危機 道瓊重挫逾-503點 : 【台積電】ADR收盤下跌-3.70 (-2.97%)、收121.01元,聯電ADR收盤下跌-2.72%。 : 股市就怕戰爭,未戰就先崩了~ 美國下棋這麼看: 美方:示弱洞開,歡迎來打,我不去守 1. 團結北約 2. 拔掉北溪二號,順便教訓德國背骨…",needs_review,,,,2
mode:name,1760,寶齡富錦,M.1590409838.A.5BB,2020-05-25 20:30:38,標的,name,sparse,False,1,[標的] 4106 雃博,1,False,False,True,False,寶齡富錦,292,[簡稱(name)] …檔股票 共30張 從3/20以來這檔股票相對於其他的防疫股 算是比較弱勢 5/19純益年增八倍的消息見報後 外資已經先賣一趟 上禮拜五5/22外資買回來 今天外資雖然沒什麼動作 但整體而言量相當不錯有18k 感覺頗有一個月前【寶齡富錦】之勢 而且已經獲得英國、西班牙醫院的訂單 非常看好後勢 不附單讓板友來噓一噓 明天更會漲 嘻嘻 4. 進退場機制: 50停利 38、39可考慮停損…,needs_review,,,,2
mode:name,2330,台積電,M.1603347860.A.DCE,2020-10-22 14:24:20,公告,name,dense,False,1,[公告] Stock 樂透開獎,2,False,False,True,False,台積電|台積,5115,"[簡稱(name)] …[公告] Stock 樂透開獎 樂透說明 周間盤 標的:櫃買指數(OTC)漲跌幅 vs 【台積電】(GG)漲跌幅 以收盤漲跌趴數計 開盤順序: 4>3>2=1 1. 真的拉積: GG漲跌幅 > OTC漲跌幅 2. 雷我櫃買: GG漲跌幅 < OTC漲跌幅 3. 同舟共濟: 兩者差距正負0.1%內 (相減) 4. 神秘數字…
[簡稱(name)] …G)漲跌幅 以收盤漲跌趴數計 開盤順序: 4>3>2=1 1. 真的拉積: GG漲跌幅 > OTC漲跌幅 2. 雷我櫃買: GG漲跌幅 < OTC漲跌幅 3. 同舟共濟: 兩者差距正負0.1%內 (相減) 4. 神秘數字: 【台積電】盤中達到 466.5 5. 功德無量: 此選項不開純贊助 下注情況 1.真的拉積: 784 2.雷我櫃買: 362 3.同舟共濟: 50 4.神秘數字: 25 5.功德無量: 1 開獎時間:…",needs_review,,,,2
mode:name,2849,安泰銀,M.1727674212.A.11B,2024-09-30 13:30:12,新聞,name,sparse,False,1,[新聞] 獨／委託書戰情明朗 新光金公司派已拿下,1,False,False,True,False,安泰銀,1463,"[簡稱(name)] …反擊,一直到新光金確定和台新金談合併之後股價才上漲 ,而且新光金董事依法不需利益迴避。 二派股東在假期仍激烈廝殺,代表要衝刺到最後一刻。尤其新光金公司派方面更力求要把 贊成票不只衝過關,還要「衝更高」;相關人士指出,先前已經有例子國票金和【安泰銀】行 的合併案之所以沒有讓金管會過關,其中一個重要的檯面下的原因,在於反對合併案的比 率也非常的高,直追贊成票的比率,也因此,公司還不但要讓股東臨時會的合併票過關, 而且必須要「大幅領先」,否則主管機關不用等新壽增資的議題上場,就會直接因為反…",needs_review,,,,2
mode:name_with_context,2317,鴻海,M.1610690402.A.05A,2021-01-15 14:00:02,閒聊,name_with_context,dense,False,3,[閒聊] 2021/01/15 盤後閒聊,1,False,False,True,False,鴻海,389,[簡稱(name_with_context)] …36 投信 +150 外資 +3273 台指選 自營商 +2920 投信 外資 -7165 漲停家數(+10%) 18 跌停家數(-10%) 9 成交量排行 富邦VIX、長榮、聯電、元大台灣50反1、群創 成交值排行 台積電、長榮、【鴻海】、聯電、和碩 ----- https://i.imgur.com/6GGT2ao.jpg 救命RRRRRRRRRRRRRRRRRRRRRRRRRRRRRRRRRRRRRR 又留在山上洗碗了 還是有人沉入海底的 搶救紅包大作戰失敗了辣!…,needs_review,,,,2
mode:name_with_context,2901,欣欣,M.1695372678.A.186,2023-09-22 16:51:18,新聞,name_with_context,sparse,False,1,Re: [新聞] 央行副總裁陳南光再撰文開砲：升息消極,1,False,False,True,False,欣欣,973,[簡稱(name_with_context)] …就是產業 只要我產業持續賺錢 公司持續發薪水 人民就有錢可以消費 形成正向循環 再來談一下美國升息和降息循環 美元降息時 大量資金流出至新興市場 因此台灣流入資金增加 分別進入金融產品和實體產業 所以股市大漲 企業營收也增加 一片【欣欣】向榮 這時候就有大量少年股神 少年幣神出現XD 而美元升息循環時 資金回流美國 各企業估值一定下降 景氣不好 經營困難 這時候最重要的是什麼 一定是保護產業 因為只要產業活著 就能持續有收入 等待景氣回春那天 這裡就討論到第二…,needs_review,,,,2
mode:name_with_context,2901,欣欣,M.1625817898.A.79B,2021-07-09 16:04:58,心得,name_with_context,sparse,False,2,[心得] 面板一有好消息，就會被大盤帶下去,1,False,False,True,False,欣欣,166,"[簡稱(name_with_context)] …息,就會被大盤帶下去 欸不是欸, 友達營收好消息, 一整個要噴發的樣子, 結果全世界的股市都要來作對?? 直接壞消息連發,跌爆 今天面板本來要漲停的, 結果被搞到拉不起來, 收了個不上不下的平盤, 下禮拜我看世界股市又會開始【欣欣】向榮, 然後面板沒有好消息, 就會繼續下去了。 之後友達要公布季報或月營收的時候, 我要直接買反一了。…",needs_review,,,,2
mode:name_with_context,1310,台苯,M.1696238636.A.E6C,2023-10-02 17:23:56,新聞,name_with_context,sparse,False,5,[新聞] 台塑四寶Q3本業要賺錢了 旺季需求可望延Q,1,False,False,True,False,台苯,1128,"[簡稱(name_with_context)] …業傳統「金九銀十」旺季,今年雖然終端需求不強,但隨PVC、EVA等塑化報價轉強,台塑、華夏、台聚等廠仍可有表現可期,第3季營收可較第2季成長,獲利部分則也可明顯改善。苯及SM(苯乙烯)、酚酮方面,苯目前供應仍偏緊、價格維持,隨SM價格上修,【台苯】下半年利潤會愈來愈好,第3季有望轉虧為盈。 另,大陸聚酯市場開工率近來持續九成左右的高開動率,顯見終端庫存漸去、需求漸復,配合芳香烴類產品好轉,台化第3季有望轉正,擺脫連四季虧損窘境。至於台達化,雖然SM、ABS樹脂等價格上升,有助利差好…",needs_review,,,,2
mode:name_with_context,2393,億光,M.1718800962.A.11B,2024-06-19 20:42:42,新聞,name_with_context,sparse,False,5,[新聞] 00713成分股調整出爐！分手鴻海、仁寶等,1,False,False,True,False,億光,1243,"[簡稱(name_with_context)] …刪除 各15檔,換股檔數比例為30%,相關變動將自6月19日交易結束後生效(6月20日起生效) ,本次主要調節AI股,轉進金融股。 00713規模為771.86億元,追蹤臺灣指數公司特選高股息低波動股價指數,成分股將納入 亞泥、三陽工業、【億光】、漢唐、長榮航、京城銀、新產、統一證、華南金、中信金、聯詠 、中磊、中租-KY、中鼎、裕融;成分股刪除中碳、長榮鋼、汎德永業、光寶科、鴻海、 仁寶、京元電子、榮運、日月光投控、臻鼎-KY、瀚宇博、台郡、啟碁、群電、至上。 00713指數編…",needs_review,,,,2
mode:name_with_context,2609,陽明,M.1627053233.A.E57,2021-07-23 23:13:53,標的,name_with_context,dense,False,1,Re: [標的] 萬海 2615 無腦空,2,False,False,True,False,陽明,1103,"[簡稱(name_with_context)] …交易與及時停損與停利 : 只要把握這兩句 就可以在市場長久生存獲利 : 貨櫃三雄股價最高就是萬海 持續放空萬海 籌碼再強 還是改變不了 : 運價高漲是一時 塞船 塞港終究會解決的未來趨勢 我原本看不懂為何台驊 萬海股價會比【陽明】 長榮高 我一直想不通 主力的錢卡在萬海 台驊有甚麼意義 每天一堆電子股漲停板 萬海 台驊再上去 難道能翻倍? 今天果然台驊下殺 終於了結我一番困惑 就是主力也撐不住了 市場根本不買台驊 萬海的股價跟長榮 陽明價差這麼大的…
[簡稱(name_with_context)] …萬海股價會比陽明 長榮高 我一直想不通 主力的錢卡在萬海 台驊有甚麼意義 每天一堆電子股漲停板 萬海 台驊再上去 難道能翻倍? 今天果然台驊下殺 終於了結我一番困惑 就是主力也撐不住了 市場根本不買台驊 萬海的股價跟長榮 【陽明】價差這麼大的帳 所以台驊大跌 萬海從大漲殺回平盤 外資大賣 很少見唷 以前外資是很挺台驊跟萬海 再來說到今天FBX又大漲了 但是 今晚最新ING美股航運股ZIM 大跌3% DAC大跌超過5% 所以真的別看FBX買股票 因為…",needs_review,,,,2
mode:name_with_context,2609,陽明,M.1672786403.A.B1F,2023-01-04 06:53:23,新聞,name_with_context,dense,False,2,[新聞] 貨櫃雙雄營運添利多,1,False,False,True,False,陽明,1082,"[簡稱(name_with_context)] …長約運價近日傳已開始簽訂,少部分貨主與航商簽訂的價格甚至高 過現貨價,優於市場預期。業界認為,有望為後續價格定錨。 根據統計,長榮(2603)的歐洲線營收占比近兩成,在新的2.4萬TEU巨輪的重兵部署下, 現貨價、長約價若上漲都最受惠;而【陽明】歐洲線占比逾四成,長約價格若能向上,對其營 運也有正面意義。 全球貨櫃運價指數上周已終止連27黑,根據最新出爐最新一期SCFI貨櫃運價指數上漲0.46 點至1,107.55點,周漲幅0.04%;其中主力航線遠東到歐洲及遠東到美西運價都上漲…",needs_review,,,,2
mode:name_with_context,2702,華園,M.1595816132.A.730,2020-07-27 10:15:32,新聞,name_with_context,silent,False,3,[新聞] 12682泡沫快了？老謝驚洩30年前股市慘案,2,False,False,True,False,華園,973,"[簡稱(name_with_context)] …9.html ※過長無法點擊者必須縮網址 2.原文內容: 台股近期逼近30年前12682高點,對於市場專家示警「台股潛藏泡沫、危險」的說法,財 信傳媒董事長謝金河表示,在當時投機炒作的年代,有6家金融股股價逾千元,還有台火 1420元、【華園】飯店1075元,本益比高到離譜,導致股市崩盤;但現在台積電本益比不到20 倍,仍相當有投資價值,此時此刻的台股跟30年前完全不同,千萬不要看到一萬二就緊張 ! 謝金河在臉書發文表示,30年前,台股漲到12682,當時市場上全民玩股票,股價…
[簡稱(name_with_context)] …有6家金融股股價逾千元,國泰人壽炒到1975元那年,EPS8.52元,每股 淨值21.5元,回推本益比231倍;三商銀漲到1110元左右那年,一銀EPS 10.62元,淨值 26.5元,本益比104.5倍,而台火靠土地資產,漲到1420元,【華園】飯店來到1075元。「這 是大投機時代,超高本益比、股價淨值比、殖利率1%都沒有,最後股價終於崩潰。」 謝金河認為,這次台股重返30年前指數,當然有很多超漲,不合理的股價,但台灣股民非 常理性,以台積電為例,上半年EPS9.17元,全年2…",needs_review,,,,2
mode:name_with_context,2303,聯電,M.1610949602.A.802,2021-01-18 14:00:02,閒聊,name_with_context,dense,False,4,[閒聊] 2021/01/18 盤後閒聊,2,False,False,True,False,聯電,399,"[簡稱(name_with_context)] …指期 自營商 +1429 投信 -178 外資 -3131 台指選 自營商 -11851 投信 0 外資 +1139 漲停家數(+10%) 31 跌停家數(-10%) 6 成交量排行 長榮、群創、富邦VIX、元大台灣50反1、【聯電】 成交值排行 台積電、長榮、鴻海、聯電、台達電 短期要強大的獲利,就要有伴隨極大風險的心裡準備, 要當個偉大的航海王,就需要有卓越的眼光及遠大的抱負, 股板的想當水手股民,各個都是看著長遠的基本面,卻操作著短期且頻繁的進出, 與其抱…
[簡稱(name_with_context)] …178 外資 -3131 台指選 自營商 -11851 投信 0 外資 +1139 漲停家數(+10%) 31 跌停家數(-10%) 6 成交量排行 長榮、群創、富邦VIX、元大台灣50反1、聯電 成交值排行 台積電、長榮、鴻海、【聯電】、台達電 短期要強大的獲利,就要有伴隨極大風險的心裡準備, 要當個偉大的航海王,就需要有卓越的眼光及遠大的抱負, 股板的想當水手股民,各個都是看著長遠的基本面,卻操作著短期且頻繁的進出, 與其抱得膽顫心驚,為何不選擇GG,也對,你們…",needs_review,,,,2
mode:name_with_context,2610,華航,M.1647923748.A.68E,2022-03-22 12:35:48,心得,name_with_context,dense,False,1,Re: [心得] 股市菜雞的心得分享與勸世交流,1,False,False,True,False,華航,1192,"[簡稱(name_with_context)] …是至少現在自己的操作都是有想法有依據 不過還是免不了被牽著走,看著財經台喊富邦金,我就跟著買進富邦金 看著海運偃旗息鼓的轉空運,我也跟著進場航空 富邦金有小賺,但並不是因為聽了老師的話,而是自己堅持了兩個多月才看到波段後出貨 長榮航、【華航】當初覺得有點買高(28塊),但心想只要解封突破新高也不過分分鐘的是, 結果遇到農曆年前的逃離潮,自己心性不穩跟著跑,結果農曆年後馬上轉紅創新高 想再買機票都已經慢了 長榮當初跌到115,想著要105;結果漲回129時認為會再回跌,就又錯過…",needs_review,,,,2
mode:name_with_context,2409,友達,M.1617775202.A.4D8,2021-04-07 14:00:02,閒聊,name_with_context,dense,False,2,[閒聊] 2021/04/07 盤後閒聊,2,False,False,True,False,友達,568,"[簡稱(name_with_context)] …0%) 1074.41億 台指期 自營商 +1255 投信 -127 外資 -3746 台指選 自營商 -11349 投信 +266 外資 +4571 漲停家數(+10%) 71 跌停家數(-10%) 5 成交量排行 群創、【友達】、長榮、彩晶、期富邦VIX 成交值排行 長榮、台積電、群創、友達、晶豪科 阿文:嗚嗚搶輸還要幫補><,人真壞 感謝阿文對股板辛苦的付出,好心好報,有一天會賺大錢的。 ===================================…
[簡稱(name_with_context)] …信 -127 外資 -3746 台指選 自營商 -11349 投信 +266 外資 +4571 漲停家數(+10%) 71 跌停家數(-10%) 5 成交量排行 群創、友達、長榮、彩晶、期富邦VIX 成交值排行 長榮、台積電、群創、【友達】、晶豪科 阿文:嗚嗚搶輸還要幫補><,人真壞 感謝阿文對股板辛苦的付出,好心好報,有一天會賺大錢的。 ======================================================= 我大GG現在上下抓摸…",needs_review,,,,2
mode:name_with_context,2609,陽明,M.1620999993.A.8B4,2021-05-14 21:46:33,標的,name_with_context,dense,False,2,Re: [標的] 2108南帝 防疫&套套多,1,False,False,True,False,陽明,506,[簡稱(name_with_context)] …處理? : 南帝算是防疫股嗎?禮拜一會大爆噴嗎?謝謝指教 南帝是不是防疫類股? 疫情剛爆發時也沒有大漲 2天前新聞說是 可是今天卻跌停 有點像買新聞出貨 今天已經跌破所有均線表態向下 又跌破爆大量低點了 星期一開高就快逃吧 就像今天的【陽明】 昨天跌破大量低點了 開盤還想撐 就是一路向下 不過南帝沒有融資多殺多的問題 應該只是慢慢盤下去…,needs_review,,,,2
mode:name_with_context,2323,中環,M.1667872256.A.0FB,2022-11-08 09:50:56,標的,name_with_context,dense,False,2,Re: [標的] 長榮滿手現金最後會做什麼?,1,False,False,True,False,中環,424,"[簡稱(name_with_context)] …難看到去年那種百年一見的榮景 : 不過要馬上變成大虧 應該也未必? : 那長榮公司手上那麼多現金 除了拿去發給股東貼息之外 : 還可以做些什麼? 減資已經玩過了 之前文章有人提庫藏股 : 還是趁股市低點 學【中環】轉型為投資公司 把台GG與其他績優股買好買滿? : 應該會有比直接配息給股東更有效益的事才對 : 大家來猜長榮公司最後會怎麼處理手上這些現金? 我來猜, 在海邊買一大塊地,繳一些政治獻金後 把桃園交流道旁的長榮貨櫃場搬過去…",needs_review,,,,2
mode:name_with_context,2610,華航,M.1584524584.A.8AD,2020-03-18 17:43:04,請益,name_with_context,dense,False,1,Re: [請益] 現在空哪個股票勝率最高,1,False,False,True,False,華航,310,"[簡稱(name_with_context)] …Re: [請益] 現在空哪個股票勝率最高 ※ 引述《froglilibon (立立蹦)》之銘言: : 【華航】 長榮這兩個感覺很慘 : 等全面鎖國的話應該會跌爆吧 : 還有什麼會跌很慘的股票嗎 昨天 高手 大富翁分析師 就叫你密他了, 公布五檔,除了第三個有寫說要高手帶, 剩下4檔 開盤催下去 收盤 就笑呵呵了~ 勝率高達 75% !!!…",needs_review,,,,2
mode:name_with_context,2303,聯電,M.1606724858.A.CD8,2020-11-30 16:27:38,新聞,name_with_context,dense,False,3,[新聞] 外資上週賣超45.41億元 賣超聯電最多,4,False,False,True,True,聯電,586,"[簡稱(name_with_context)] …[新聞] 外資上週賣超45.41億元 賣超【聯電】最多 1.原文連結: ※過長無法點擊者必須縮網址 https://udn.com/news/story/7240/5054374 2.原文內容: 外資上週賣超45.41億元 賣超聯電最多 2020-11-30 13:38 中央社 / 台…
[簡稱(name_with_context)] …[新聞] 外資上週賣超45.41億元 賣超聯電最多 1.原文連結: ※過長無法點擊者必須縮網址 https://udn.com/news/story/7240/5054374 2.原文內容: 外資上週賣超45.41億元 賣超【聯電】最多 2020-11-30 13:38 中央社 / 台北30日電 台灣證券交易所統計,上週外資在集中市場賣超新台幣45.41億元,其中賣超聯電3.84萬 張最多,買超友達8.95萬張最多。 上週外資自集中市場賣超最多前3名上市公司依序為…
[簡稱(name_with_context)] …ws/story/7240/5054374 2.原文內容: 外資上週賣超45.41億元 賣超聯電最多 2020-11-30 13:38 中央社 / 台北30日電 台灣證券交易所統計,上週外資在集中市場賣超新台幣45.41億元,其中賣超【聯電】3.84萬 張最多,買超友達8.95萬張最多。 上週外資自集中市場賣超最多前3名上市公司依序為聯電賣超3萬8423張、台積電賣超3萬 4802張、長榮航賣超3萬2287張。 上週外資自集中市場買超最多前3名上市公司依序為友達買超8萬9507…",needs_review,,,,2
mode:name_with_context,2606,裕民,M.1718766253.A.C63,2024-06-19 11:04:13,新聞,name_with_context,sparse,False,3,[新聞] 《金融股》遠東銀決派利1.012元 續拚穩,1,False,False,True,False,裕民,1151,"[簡稱(name_with_context)] …產及存、放款均成長逾4%,並持續布局四軸驅動轉型。 遠東銀此次會中亦完成董事全面改選,本屆董事席次配置調整為7席一般董事及4席獨董, 新任一般董事為董事長侯金英、副董事長徐旭東,遠東新法人代表王孝一、鄭澄宇、吳均 龐,亞泥法人代表鍾聰明、【裕民】法人代表俞明德。 而遠東銀新任4席獨董為王小蕙、張家祝、盧秋玲、沈平,其中現任德明財經科技大學校 長盧秋玲、曾任摩根史坦利公司執行董事的沈平為本屆新任獨董,合計11席董事中女性董 事維持3席。 遠東銀2023年合併淨收益127.93億元…",needs_review,,,,2
mode:name_with_context,2609,陽明,M.1685438027.A.945,2023-05-30 17:13:47,新聞,name_with_context,dense,False,1,[新聞] 顏益財談海運 明年最辛苦,3,False,False,True,False,陽明,897,"[簡稱(name_with_context)] …波景氣反轉運價急跌,小型船舶紛紛退出美國線,顏 益財認為,目前三大海運聯盟市占逾82%,對運價有一定掌握,沒有理由大開殺戒砍價競 爭,只要持盈保泰,有效管控成本、小虧為贏,航商靠存美元利息收入挹注就很可觀。 也因此,顏益財認為,投資長榮、【陽明】的風險相對低,建議手中有存股的人可長抱,兩者 分別配發70、20元高股利,以29日長榮收盤價157元計、現金殖利率達44%,陽明收盤價6 2元、現金殖利率也有32%,但恐怕要2到3年才能填息。 至於空手的人可以評估進場,陽明除息後股價只有…
[簡稱(name_with_context)] …爭,只要持盈保泰,有效管控成本、小虧為贏,航商靠存美元利息收入挹注就很可觀。 也因此,顏益財認為,投資長榮、陽明的風險相對低,建議手中有存股的人可長抱,兩者 分別配發70、20元高股利,以29日長榮收盤價157元計、現金殖利率達44%,【陽明】收盤價6 2元、現金殖利率也有32%,但恐怕要2到3年才能填息。 至於空手的人可以評估進場,陽明除息後股價只有40多元,位階相對低,只要不做短線, 長抱2、3年,等待下一波景氣循環周期上升段,有機會獲利30%~50%。 台驊29日舉行股…
[簡稱(name_with_context)] …為,投資長榮、陽明的風險相對低,建議手中有存股的人可長抱,兩者 分別配發70、20元高股利,以29日長榮收盤價157元計、現金殖利率達44%,陽明收盤價6 2元、現金殖利率也有32%,但恐怕要2到3年才能填息。 至於空手的人可以評估進場,【陽明】除息後股價只有40多元,位階相對低,只要不做短線, 長抱2、3年,等待下一波景氣循環周期上升段,有機會獲利30%~50%。 台驊29日舉行股東會,顏益財在會後受訪做以上表示,並預估今年海運營運第二季比第一 季好,航商已形成穩價共識,從5月…",needs_review,,,,2
mode:name_with_context,2313,華通,M.1588947105.A.19F,2020-05-08 22:11:45,心得,name_with_context,sparse,False,2,Re: [心得] 有人看電視做股票嗎？,3,False,False,True,False,華通,1397,"[簡稱(name_with_context)] …傳奇、金錢x、老x、下班xxx、理財xxx,如果一天之中有這些節目我都會看過一次 然後我晚上11點都會看YT上的百分百,通常我都快轉1.5倍看,但是這還要看是哪個分析師 像是星期四的那個我會比較看一下他講的盤勢 就如百分百前不久講到一檔【華通】,反正現在PCB族群5G、伺服器不外乎那幾檔 重點來了 像上禮拜說到反指標分析師有買表哥,我心驚驚啊...但是我研究了一下,他第一季真的 不理想 那又想想,不理想的話,股價為何不跌下來?反而有點強勢橫盤整理 我就知道,可以續抱,而且長紅那…
[簡稱(name_with_context)] …不理想的話,股價為何不跌下來?反而有點強勢橫盤整理 我就知道,可以續抱,而且長紅那天我會跑,因為投信都還沒跑... 因為我持股有,所以我回頭再看看線型、籌碼那些,思考一下要不要續抱 然後,再看看同樣族群有沒有漲 像我這一個月來買過博智、【華通】、台表科、臻鼎、欣興 其實都有到達我的目標價,但是我做得很短,有賺就跑 而且一檔股票我會分1-3次資金,如果打到第一條均線或支撐時,會加碼看看 因為沒法本多忠勝,所以還是會設好停損 基本上就是跌破趨勢、跌破均線、法人買股價跌、跌破支撐這四…
[簡稱(name_with_context)] …時間真的蠻多的 我都不太看那些節目推薦的股票,我反而比較在乎他為何推薦 然後就是反覆驗證他的方法對不對,我覺得這是重點啦... https://i.imgur.com/1L2CnTW.jpg 我因為百分百有推薦,中間有出掉,而少賺不少【華通】 但我又因為相信自己的判斷,所以抱牢了表哥 總之,錢是自己的,自己還是要有一套策略 畢竟,每天熱門輪動的股票一堆,隨便射飛鏢都可能被說中啊 看那些財經節目也好幾年了,我真的覺得或多或少自己還是因此有點進步吧 想到之前AD光碟講得多好多…",needs_review,,,,2
mode:name_with_context,2609,陽明,M.1660217495.A.A34,2022-08-11 19:31:35,新聞,name_with_context,dense,False,8,[新聞] 外資寵、官股愛 12檔金融股「錢」景佳,1,False,False,True,False,陽明,1067,"[簡稱(name_with_context)] …有外資及官股券商買盤輪番進駐,推升金融類股指數日K棒連4根中 紅棒,成交值放大至298億元,較前一日激增2.17倍。 國安基金護盤一手敲金融股、一手逢低買半導體股。據統計,八大官股券商10日買超前十 高股包括:台新金、開發金、聯電、長榮、【陽明】、永豐金、正道、臺企銀、台積電、兆豐 金、長榮航等,各達1,500~3,500張,集中在金融股、半導體股及航運股。 外資10日賣超台股175億元,買超多集中金融及蘋概股,包括永豐金、統一實、訊舟、耿 鼎、中興電、新光金、鴻海、金像電、華通…",needs_review,,,,2
mode:name_with_context,2014,中鴻,M.1620661678.A.79C,2021-05-10 23:47:58,新聞,name_with_context,sparse,False,4,[新聞] 資金很快回到電子股，大錯特錯？35年老,10,False,False,True,False,中鴻,2448,"[簡稱(name_with_context)] …[新聞] 資金很快回到電子股,大錯特錯?35年老 資金很快回到電子股,大錯特錯?35年老手重押傳產股,看好「這二檔」複製【中鴻】飆漲 2021-05-10 23:04 萬寶週刊 撰文/蔡明彰 萬寶投顧蔡明彰強調,大跌眼鏡,美國4月非農就業報告新增就業僅26.6萬人,遠低於預 期的100萬人,但經濟復甦的利空,上週五美股卻大漲,因為美國聯準會將會持續寬鬆貨 幣政…
[簡稱(name_with_context)] …之又少,象徵業績成長動能 有限,但傳產的百元高價股有成衣雙雄儒鴻、聚陽創新高,也有航運的陽明、萬海創新高 ,暗示紡織股的業績將會大幅成長,而且紡織股的月營收YoY逾100%比比皆是,說明紡織 股股價上漲的斜率開始變陡,紡織上游原料將複製鋼鐵【中鴻】的飆漲模式。 中鴻為何今年大漲260%有二大原因,首先全球熱軋報價創歷史新高,中鴻第一季大賺17 億元,EPS 1.18元,單季EPS為去年全年0.37元的3倍。其次,市場忽視中鴻潛力,仍以舊 思維看待,中鴻原名燁隆鋼鐵,不敵中國低價傾銷…
[簡稱(name_with_context)] …動能 有限,但傳產的百元高價股有成衣雙雄儒鴻、聚陽創新高,也有航運的陽明、萬海創新高 ,暗示紡織股的業績將會大幅成長,而且紡織股的月營收YoY逾100%比比皆是,說明紡織 股股價上漲的斜率開始變陡,紡織上游原料將複製鋼鐵中鴻的飆漲模式。 【中鴻】為何今年大漲260%有二大原因,首先全球熱軋報價創歷史新高,中鴻第一季大賺17 億元,EPS 1.18元,單季EPS為去年全年0.37元的3倍。其次,市場忽視中鴻潛力,仍以舊 思維看待,中鴻原名燁隆鋼鐵,不敵中國低價傾銷,20年前請求政府紓…",needs_review,,,,2
mode:name_with_context,2317,鴻海,M.1616133601.A.A94,2021-03-19 14:00:01,閒聊,name_with_context,dense,False,3,[閒聊] 2021/03/19 盤後閒聊,1,False,False,True,False,鴻海,336,[簡稱(name_with_context)] …+647 投信 -536 外資 -679 台指選 自營商 -26280 投信 外資 -3321 漲停家數(+10%) 51 跌停家數(-10%) 3 成交量排行 期富邦VIX、陽明、長榮、群創、期街口布蘭特正2 成交值排行 台積電、【鴻海】、天鈺、陽明、長榮 ----------------------- 吃筍好痛苦... 該怎麼辦... — https://imgur.com/6GGT2ao -----…,needs_review,,,,2
mode:name_with_context,1409,新纖,M.1711019455.A.AA1,2024-03-21 19:10:55,心得,name_with_context,sparse,False,5,[心得] 兩萬風口上，菜雞也能飛,1,False,False,True,False,新纖,739,"[簡稱(name_with_context)] …練自己學著要抱緊,後續一直也沒很認真操作就 當作存錢,抱著0050和台積電零股,加減放著領股利當零用錢也是一種小確幸(?) 後來到去年年底剛好工作上的轉變期與家母時隔二十年重新投入股市,開始整理手邊持股 ,把一些長期愛動不動或虧損的標的(【新纖】、永豐餘)停損後,重拾白天上班、晚上觀盤 下預約單、假日追 劇的日子。 到了今天大約不到半年的日子,在台股站穩兩萬點的歷史性時刻暫時的告一段落,獲利了 結(等待大盤空下來再進場?) 這次的操作覺得雖然也是殺進殺出賺賺便當錢,但心態上的轉…",needs_review,,,,2
mode:name_with_context,2317,鴻海,M.1611205278.A.AAF,2021-01-21 13:01:18,請益,name_with_context,dense,False,2,[請益] 假如台灣沒有台積電 指數是多少,1,False,False,True,False,鴻海,870,[簡稱(name_with_context)] …台積電八成持股是外資 所以近幾年的經濟大好股市大漲 對大部分的市井小民是完全感受不到 台積電是有護城河的公司 他並不容易被別人取代 台積電不像鴻海要看蘋果的臉色 台積電就算不做蘋果的生意 其他公司依然捧著錢上門 這也是台積電的毛利率遠高於【鴻海】的主因 電子業的景氣起伏很大而且很難預料 台積電也曾三十幾元 一般而言軟體的公司本益比平均比硬體公司的本益比高 獲利也比較好預測 物理有其極限但創意沒有 未來Google還是那個Google 台積電還能是現在的台積電嗎 想像一下 如果沒有…,needs_review,,,,2
mode:name_with_context,2609,陽明,M.1625054011.A.FC7,2021-06-30 19:53:31,情報,name_with_context,dense,False,1,[情報] 皇翔公告處分陽明股票,2,False,False,True,True,陽明|陽明海運,728,"[簡稱(name_with_context)] …[情報] 皇翔公告處分【陽明】股票 說明 1.證券名稱: 陽明海運股份有限公司 2.交易日期:110/6/17~110/6/30 3.交易數量、每單位價格及交易總金額: 交易數量:2,500,000股 每股平均價格:新台幣162.69元 交易總金額:新台幣406,737…
[簡稱(name_with_context)] …[情報] 皇翔公告處分陽明股票 說明 1.證券名稱: 【陽明海運】股份有限公司 2.交易日期:110/6/17~110/6/30 3.交易數量、每單位價格及交易總金額: 交易數量:2,500,000股 每股平均價格:新台幣162.69元 交易總金額:新台幣406,737仟元 4.處分利益(或損失)(取得有…",needs_review,,,,2
mode:name_with_context,2317,鴻海,M.1711021603.A.BF1,2024-03-21 19:46:43,新聞,name_with_context,dense,False,3,[新聞] 00939掛牌股價虎頭蛇尾 調查：台灣民眾,1,False,False,True,False,鴻海,1282,"[簡稱(name_with_context)] …發科等 電子權值股熄火,使得大盤開高震盪,指數終場下跌72.75點,收19784.45點,跌幅0.37% ,成交值新台幣5201億元。 台積電收盤下跌4元,收在758元,跌幅0.52%;聯發科下跌20元,收在1130元,跌幅1.74% ;【鴻海】盤中股價最高來到142元,創2010年5月中旬以來波段高點,終場以以138元作收, 上漲1.47%。 台股處在高檔震盪,據國泰金發布3月國民經濟信心調查結果,民眾對台股的樂觀指數走 揚到25.3,創下2011年2月以來新高,風險偏好指數也…",needs_review,,,,2
mode:name_with_context,2609,陽明,M.1621044781.A.658,2021-05-15 10:13:01,請益,name_with_context,dense,False,1,Re: [請益] 陽明本週持股人數多2.2萬人,1,False,False,True,True,陽明,119,"[簡稱(name_with_context)] …Re: [請益] 【陽明】本週持股人數多2.2萬人 還在用股東人數預測股價漲跌,笑死 https://i.imgur.com/z09dVe4.jpg 你告訴我你看出什麼規律了? 股東人數一直增加,大戶持股一直減少 股價卻一直漲到不要不要的,到底? 不要一回檔就開始找…",needs_review,,,,2
mode:name_with_context,2801,彰銀,M.1622543705.A.050,2021-06-01 18:35:05,新聞,name_with_context,sparse,False,1,[新聞] 金管會准併保德信 台新金：6年內處分彰銀,10,False,False,True,True,彰銀,1528,"[簡稱(name_with_context)] …------- 以上注意事項得刪除 ------------------------- 原文標題: (請勿刪減原文標題) 金管會准併保德信 台新金:6年內處分【彰銀】持股 原文連結: (請善用縮網址工具) https://www.cna.com.tw/news/firstnews/202106015008.aspx 發布時間…
[簡稱(name_with_context)] …(請以原文網頁/報紙之發布時間為準) 2021/6/1 18:06 原文內容: (中央社記者吳佳蓉宅北1日電)金管會有條件核准台新金取得保德信100%股份,台新金 今天表示,為更長遠布局,將於6年內處分【彰銀】22.55%持股,開始處分後便不再提名、推 薦彰銀董事人選,以此換成100%投資的保德信人壽。 2005年政府推動二次金改,台新金標購彰銀特別股,但在2014年股東會改選中喪失彰銀經 營權,狀告財政部「背信」並求償。官司纏訟多年,如今隨著…
[簡稱(name_with_context)] …報紙之發布時間為準) 2021/6/1 18:06 原文內容: (中央社記者吳佳蓉宅北1日電)金管會有條件核准台新金取得保德信100%股份,台新金 今天表示,為更長遠布局,將於6年內處分彰銀22.55%持股,開始處分後便不再提名、推 薦【彰銀】董事人選,以此換成100%投資的保德信人壽。 2005年政府推動二次金改,台新金標購彰銀特別股,但在2014年股東會改選中喪失彰銀經 營權,狀告財政部「背信」並求償。官司纏訟多年,如今隨著台新金將處分彰銀股票,十 多年的紛爭可望將畫下句點…",needs_review,,,,2
mode:name_with_context,2002,中鋼,M.1607626392.A.472,2020-12-11 02:53:12,心得,name_with_context,dense,False,1,Re: [心得] 既然PO這種文 就已經準備好被噓爆了,1,False,False,True,False,中鋼,1155,[簡稱(name_with_context)] …實 價投根本沒什麼人會批評或反對 價投字面講的就是 一家公司值一百 結果只賣五十 字面邏輯上 根本沒有人會反對價投 價投真正問題在 不知道真正價值 很多人的價 基本就是看過往本益比 厲害一點就是現金流與資產負債品質 這樣子會買【中鋼】不是特斯拉 價投的價 是未來的價 過去是有點好用但也有時出錯的指標 價投跟現在過去賺錢無關 價投真正難 在於要懂產業 懂護城河 難度其實不低 許多人連產品都不知道就喊價投 但好在 至少許多大公司產品都在生活 多少可以輔助判斷…,needs_review,,,,2
mode:name_with_context,2609,陽明,M.1647438721.A.02E,2022-03-16 21:52:01,新聞,name_with_context,dense,False,1,[新聞] 長榮減資背後藏宮鬥大戲？專家驚曝可能,2,False,False,True,False,陽明,835,"[簡稱(name_with_context)] …花費更多成本去購買股票,然而股權被稀釋並非 長榮小股東所樂見的。 儘管如此,郭哲榮也提出質疑,「我怕的是,更多投資人會聯想到,既然可能會進行私募 ,股權會被稀釋,而造成長榮股票的買氣低落,那會不會對股價造成壓力?」 航運三雄長榮、萬海及【陽明】都已公布股利政策,萬海擬配息12元,包含現金股利 10.5元 、股票股利1.5元,配發率 28.33%,殖利率落在6%左右;陽明配發20元的現金股利,配發 率約41%,殖利率約15%;長榮合計配發24元,殖利率達15.1%。 心得/評論:…
[簡稱(name_with_context)] …既然可能會進行私募 ,股權會被稀釋,而造成長榮股票的買氣低落,那會不會對股價造成壓力?」 航運三雄長榮、萬海及陽明都已公布股利政策,萬海擬配息12元,包含現金股利 10.5元 、股票股利1.5元,配發率 28.33%,殖利率落在6%左右;【陽明】配發20元的現金股利,配發 率約41%,殖利率約15%;長榮合計配發24元,殖利率達15.1%。 心得/評論: 對折透支長再度開示,長榮股價有壓,明天長榮先1根逆勢起飛嗎? 手握長榮船票的你各位股東大大可以暫時鬆口氣了(原本股東要變船…",needs_review,,,,2
mode:name_with_context,2303,聯電,M.1611207411.A.B14,2021-01-21 13:36:51,新聞,name_with_context,dense,False,5,[新聞] 謝金河：五條好漢撐起台股一片天,6,False,False,True,False,聯電,1597,"[簡稱(name_with_context)] …○四一.五九的歷史新高,指數到了萬四、萬五,都是見關不是關,到了一萬六也是 飛奔探頭。這樣凌厲的漲勢,不但散戶投資人很緊張,就連中央官員也都示警說,台股有 泡沫化的危險。 其實台股的大漲,集中在權值股四檔個股,包括台積電、聯發科、台達電、【聯電】,今年鴻 海加速前進,從去年底迄今,台股加權指數上漲三六一五點,但這五檔個股貢獻了二七○ 九點,在上市九四八家企業中,其他九四三家才貢獻了九一○點。換句話說,台積電等五 檔個股貢獻了七五%的上揚指數,其他二五%才貢獻了四分之一。如果買到不對…
[簡稱(name_with_context)] …哪裡?沒有標準答案,而 台股加權指數單是台積電就占了三二%的權重,台積電的漲跌撼動台股,這已沒有什麼疑 義,因此,與其大家擔心台股崩盤,不如注意台積電何時成長到盡頭。 台積電實現了六○○元目標價,大盤指數也到了一萬六千點,這個時候有人想到【聯電】,外 資把聯電目標價調升到六三元,十九日聯電一口氣大漲六.七五%,成為帶領台股上漲的 新尖兵,照這個態勢來看,跟晶圓有關的包括茂矽、華邦、世界先進,甚至力積電及台積 電周邊的精材、創意,及供應鏈相關成員家登、洋基工程等也會跟著迎風而上,還有…
[簡稱(name_with_context)] …答案,而 台股加權指數單是台積電就占了三二%的權重,台積電的漲跌撼動台股,這已沒有什麼疑 義,因此,與其大家擔心台股崩盤,不如注意台積電何時成長到盡頭。 台積電實現了六○○元目標價,大盤指數也到了一萬六千點,這個時候有人想到聯電,外 資把【聯電】目標價調升到六三元,十九日聯電一口氣大漲六.七五%,成為帶領台股上漲的 新尖兵,照這個態勢來看,跟晶圓有關的包括茂矽、華邦、世界先進,甚至力積電及台積 電周邊的精材、創意,及供應鏈相關成員家登、洋基工程等也會跟著迎風而上,還有聯電 再度搶上…",needs_review,,,,2
mode:name_with_context,2329,華泰,M.1623399175.A.68C,2021-06-11 16:12:55,新聞,name_with_context,sparse,False,2,[新聞] 該買電子股了嗎？法人看好被動元件接棒漲,1,False,False,True,False,華泰,1090,"[簡稱(name_with_context)] …破月線,多頭趨勢仍在,但指數沒空間,選股不 選市,個股持續輪動中,近期開始有傳產、電子風水輪流轉的感覺了。 半導體我看好矽晶圓、封測股,近來股價表現都不錯,環球晶、日月光都持續高漲不跌, 石英元件希華我認為也非常低估,上期推薦記憶體封測的【華泰】,本周股價持續創新高,最 高來到21.6元,我認為將輪到被動元件漲了,近來龍頭股國巨(2327),最低跌破年線後 站回,股價低不破低準備反彈過季線、半年線的反壓區。 國巨營收即將挑戰2018高峰 國巨5月營收92.02億元,年增105.…",needs_review,,,,2
mode:name_with_context,2351,順德,M.1623133700.A.E7A,2021-06-08 14:28:20,心得,name_with_context,sparse,False,1,[心得] 近期高檔爆大量的各股不要碰,2,False,False,True,False,順德,353,"[簡稱(name_with_context)] …[心得] 近期高檔爆大量的各股不要碰 近期爆大量的各股,包含前幾天的海光還有今天的【順德】,通通被當韭菜,很多人損失慘重 要如何知道是否爆大量,什麼量算大量,個人有一個很簡單的算法 集保總張數還有大股東大於400張的張數,兩個相減,相減之後就是目前在外流動的股數 ,當 然大於400張大股東會偷倒,但是不管。 只要當日成交張…
[簡稱(name_with_context)] …目前在外流動的股數 ,當 然大於400張大股東會偷倒,但是不管。 只要當日成交張數接近相減之後張數,占十分之一以上就要跑 以海光為例,0602當天交易量12萬張,集保張數18萬張,都已經接近集保張數了,這個完 全不考慮一定要跑 再來看【順德】,集保張數扣掉大於400張股東張數為47688,昨天交易量27314,已經一半以 上的 數量了 以上兩檔股票高點爆量,讓很多散戶上了一課,高檔爆量該跑就跑,絕對不要留下來洗碗 當韭菜,當然大戶還可以分批跑,如果看到交易量呈現階梯式的逐漸爆…",needs_review,,,,2
mode:name_with_context,2317,鴻海,M.1724911202.A.928,2024-08-29 14:00:02,閒聊,name_with_context,dense,False,3,[閒聊] 2024/08/29 盤後閒聊,1,False,False,True,False,鴻海,365,[簡稱(name_with_context)] …自營商 -7953 投信 +40 外資 +3081 漲停家數(+10%) 27 跌停家數(-10%) 0 成交量排行 新光金、元大台灣50反1、中信金、 東台、永光 成交值排行 台積電、聯均、均豪、【鴻海】、大立光 ----------------------------------- 恥骨每天不是跌就是死魚 -- https://i.imgur.com/yj2pNIt.jpg…,needs_review,,,,2
mode:name_with_context,2609,陽明,M.1627698610.A.346,2021-07-31 10:30:10,請益,name_with_context,dense,False,2,Re: [請益]船兒往北極還是南極漂？,2,False,False,True,False,陽明,683,"[簡稱(name_with_context)] …Re: [請益]船兒往北極還是南極漂? 【陽明】目前價位117 本益比很低 今年eps至少30 如果這波還不漲 就不用期待了 背後一定有什麼利空 還沒出來 也許明年eps只剩10~15元 後年因為船隻供給更多 eps只剩5元 這樣守得住100元嗎 市場最大 當利多都不漲 也不要凹單…
[簡稱(name_with_context)] …低 今年eps至少30 如果這波還不漲 就不用期待了 背後一定有什麼利空 還沒出來 也許明年eps只剩10~15元 後年因為船隻供給更多 eps只剩5元 這樣守得住100元嗎 市場最大 當利多都不漲 也不要凹單 更不要攤平 個人也認為【陽明】117不貴 但現在就是連外資也不斷砍 低點110不能再破 不然融資就要大量殺 殺到95附近才是中期買點 ※ 引述《hslin12 (熊熊)》之銘言: : 我先聲明目前我還沒上船,但我想買船票,但怕買 : 了又暈船,有點猶豫,想問大家的是…",needs_review,,,,2
mode:name_with_context,2609,陽明,M.1617967034.A.24A,2021-04-09 19:17:14,新聞,name_with_context,dense,False,6,[新聞] 陽明等10檔上市股 12日起恢復信用交易,4,False,False,True,True,陽明,561,"[簡稱(name_with_context)] …[新聞] 【陽明】等10檔上市股 12日起恢復信用交易 原文標題: 陽明等10檔上市股 12日起恢復信用交易 原文連結: https://reurl.cc/YWb9bO 發布時間: 2021/04/09 18:36 中央社 原文內容: 台灣證券交易所今…
[簡稱(name_with_context)] …[新聞] 陽明等10檔上市股 12日起恢復信用交易 原文標題: 【陽明】等10檔上市股 12日起恢復信用交易 原文連結: https://reurl.cc/YWb9bO 發布時間: 2021/04/09 18:36 中央社 原文內容: 台灣證券交易所今天公布,上市公司109年度財務報告的每股淨值資料符合應…
[簡稱(name_with_context)] …上市公司公告並申報的109年度財務報告每股淨值資料, 做出適當處置,除應暫停融資融券交易的有價證券之外,每股淨值回復至票面新台幣10元 以上,應恢復融資融券交易的有價證券共有10檔。 上述10檔股票包括士紙、燁興、中鴻、麗正、威盛、皇普、【陽明】、浪凡、元晶、新天地。 另外,每股淨值低於票面,應暫停融資融券交易的有價證券,之前已因列為變更交易方法 而暫停融資融券交易,依併案處理繼續暫停者為英瑞-KY。 每股淨值回復至票面以上,應恢復融資融券交易,但之前已因列為變更交易方法而暫停…",needs_review,,,,2
mode:name_with_context,2609,陽明,M.1627724687.A.D04,2021-07-31 17:44:47,新聞,name_with_context,dense,False,2,[新聞] 航運、台積電全被慘套 山頂冤魂求解套,2,False,False,True,False,陽明,874,"[簡稱(name_with_context)] …嗎」、「正常來說台積電比較可能,就算崩盤的話,還是台積電可能」、 「存本,每次台積電大跌的時候就加買,盤久了就能解套了」。 貨櫃三雄近期遭空方轟炸,昨日上演大反攻,三雄尾盤齊攻漲停作收,今(30日)早長 榮、萬海小漲開出,被列處置股的【陽明】則漲逾4%,隨後盤中賣壓出籠,尾盤由紅翻黑, 萬海、陽明中場被打到跌停,分別以223.5元和117元作收,長榮跌逾8%,收在132元。 心得:台積被套 和貨櫃被套 大家好像都覺得台積解套機會大很多 不過股版都說當大家意見都一…
[簡稱(name_with_context)] …能」、 「存本,每次台積電大跌的時候就加買,盤久了就能解套了」。 貨櫃三雄近期遭空方轟炸,昨日上演大反攻,三雄尾盤齊攻漲停作收,今(30日)早長 榮、萬海小漲開出,被列處置股的陽明則漲逾4%,隨後盤中賣壓出籠,尾盤由紅翻黑, 萬海、【陽明】中場被打到跌停,分別以223.5元和117元作收,長榮跌逾8%,收在132元。 心得:台積被套 和貨櫃被套 大家好像都覺得台積解套機會大很多 不過股版都說當大家意見都一致的時候 要反著看???…",needs_review,,,,2
mode:name_with_context,2409,友達,M.1630392523.A.48C,2021-08-31 14:48:43,新聞,name_with_context,dense,False,11,[新聞] 晶圓雙雄、金融股急拉 台股上演擺尾秀,1,False,False,True,False,友達,975,"[簡稱(name_with_context)] …買盤,推升股價翻紅,大漲約 1.5%,收在 614 元;晶圓代工二哥聯電 同步由黑翻紅,終場小漲 0.5%。 觀察其他權值股表現,大立光終於止跌回升,午盤漲勢逐漸拉大,終場上漲 2.8%,收全 場最高 2680 元;聯發科、台達電、國巨、【友達】、聯詠等電子股,賣壓仍相當沉重。近來 受到外資青睞的金融股,今天盤中普遍遭調節,但尾盤也突然湧入大量資金,金控雙雄逆 勢翻紅,玉山金也強勢上漲近 4%。 中鋼下半年營運逐月走揚,今日除息交易,每股發放 0.3 元現金股利,開盤瞬間即完成…",needs_review,,,,2
mode:name_with_context,2002,中鋼,M.1621066710.A.5EC,2021-05-15 16:18:30,新聞,name_with_context,dense,False,4,[新聞] 台股下周一仍正常開市！本周螞蟻雄兵踐,1,False,False,True,False,中鋼,936,"[簡稱(name_with_context)] …速回檔,引發多殺多,然而逢低買盤搶進,加權指數終 場收17285.00點,一週跌281.66點,跌幅1.60%,價量背離。同時上櫃指數收204.39點, 大跌4.97%,表現遜色。 看類股表現,傳產股不再整齊,鋼鐵股一柱擎天,漲3.7%,【中鋼】漲4.8%,下影線長達13% ;中鴻價量俱揚,漲22.5%。運輸股漲0.6%,貨櫃運輸才是主流,長榮漲7.6%,陽明14.7% 。金融股也有表現,漲2%,富邦金股利大方送,大漲10%。 電子股收黑,但週五明顯回血。聯發科利多褪色,大跌10…",needs_review,,,,2
mode:name_with_context,2610,華航,M.1663653602.A.241,2022-09-20 14:00:02,閒聊,name_with_context,dense,False,3,[閒聊] 2022/09/20 盤後閒聊,1,False,False,True,False,華航,293,[簡稱(name_with_context)] …台指期 自營商 -867 投信 +177 外資 +4427 台指選 自營商 +10821 投信 外資 +1765 漲停家數(+10%) 9 跌停家數(-10%) 3 成交量排行 長榮航、華新、友達、元大台灣50反1、【華航】 成交值排行 台積電、長榮、長榮航、華新、美時 -- https://imgur.com/6GGT2ao.jpg…,needs_review,,,,2
mode:name_with_context,2609,陽明,M.1627473831.A.CC3,2021-07-28 20:03:51,新聞,name_with_context,dense,False,1,[新聞] 陽明五度調漲運價，9/1起加收GRI費用,8,False,False,True,True,陽明,1052,"[簡稱(name_with_context)] …合費率附加費(GRI),而這也是陽 明繼7月1日、7月15日、8月1日及8月15日加收GRI費用後,短短2個月時間,連續第五度調 漲運費,以行動說明貨櫃海運市場正旺。而本土法人在最新出爐的報告中也強調明年海運 市場供不應求恐更嚴重,決定調高【陽明】目標價至370元,維持「買進」建議,這也是目前 市場上喊出陽明目標的最高價。 杜書勤日前曾表示,拜登有澄清沒有要干預運價,基本 上比較關心的是延滯的滯留費用;而運費主要是尊重市場自由機制;而對於海運市場景氣 仍是看好,港口壅塞造成船跟櫃子缺…
[簡稱(name_with_context)] …8月1日及8月15日加收GRI費用後,短短2個月時間,連續第五度調 漲運費,以行動說明貨櫃海運市場正旺。而本土法人在最新出爐的報告中也強調明年海運 市場供不應求恐更嚴重,決定調高陽明目標價至370元,維持「買進」建議,這也是目前 市場上喊出【陽明】目標的最高價。 杜書勤日前曾表示,拜登有澄清沒有要干預運價,基本 上比較關心的是延滯的滯留費用;而運費主要是尊重市場自由機制;而對於海運市場景氣 仍是看好,港口壅塞造成船跟櫃子缺的情形,加上近期西歐洪水及美國內陸運輸等問題下 ,預估塞港船期…
[簡稱(name_with_context)] …櫃加收900美元,每40呎櫃加收1000美元,40呎特殊櫃加收1125美元;至於採IPI及MLB 運輸方式的遠東-美國GRI,遠東-加拿大GRI,每20呎櫃加收1800美元,每40呎櫃加收2000 美元,40呎特殊櫃加收2250美元;這也是【陽明】2個月內,第五度宣布加收GRI費用,將有利 陽明營收及獲利表現。 陽明日前公布6月營收首次突破250億元關卡,達275.36億元,月增14.56%,年增率更高達 152.17%;第二季營收732.7億元,季增17.64%、年增130.18…",needs_review,,,,2
mode:name_with_context,1519,華城,M.1672898402.A.EEC,2023-01-05 14:00:02,閒聊,name_with_context,sparse,False,2,[閒聊] 2023/01/05 盤後閒聊,1,False,False,True,False,華城,373,[簡稱(name_with_context)] …自營商 +1085 投信 +20 外資 +2406 台指選 自營商 +5608 投信 -100 外資 +215 漲停家數(+10%) 11 跌停家數(-10%) 0 成交量排行 元大台灣50反1、元大滬深300正2、【華城】、期元大S&P原油反1 、期街口布蘭特正2 成交值排行 台積電、創意、世芯-KY、華城、元太 ---------------------------------------- -- https://imgur.com/…,needs_review,,,,2
mode:name_with_context,3033,威健,M.1665197308.A.2FB,2022-10-08 10:48:28,標的,name_with_context,sparse,False,3,Re: [標的] 持股健檢,1,False,False,True,False,威健,877,[簡稱(name_with_context)] …建議你就放著配就很好了 也不太會大虧的 放長期報酬率還是很有機會轉正的 而中華電的部分 它是很棒的定存股 可以留著沒關係 至於其他的玉山金 第一金 台新金 目前也沒有什麼重大利空或是不利因素 可以繼續放著 而你的通路股【威健】跟增你強的部分 本肥魯保羅覺得 現在通路股雖然獲利還是有不錯水準 但是股價今年從高點除完息到現在 還是跌了不少 最近股價也比較沒什麼在漲 以現價獲利了結本肥魯覺得是不錯的停利點 建議你也可以把獲利了結的錢 改買大聯大或是文曄…,needs_review,,,,2
mode:name_with_context,1301,台塑,M.1715226881.A.C84,2024-05-09 11:54:41,心得,name_with_context,sparse,False,2,"[心得] 幫太太做賺, 自己做卻賠",2,False,False,True,False,台塑,698,"[簡稱(name_with_context)] …價沒有太大波動 4. 分散到不同產業 5. 公司有一定知名度, 平常生活消費會有相關 6. 當時股價不會太貴, 沒有被炒作到太高 主要想法是只要公司有賺錢放著領股利也是屌打定存 於是當時選了以下幾檔: 1. 中華電 2. 鴻海 3. 【台塑】 4. 長佳 5. 台灣高鐵 6. 黑松 中間有一陣子看台塑今年的營業狀況和展望不太好, 想汰弱留強 就賣掉加碼高鐵/黑松 於是到了現在......... 她賺快 40% 了 = = 在鴻海最近變飇股前我都和她說起起落落不要太掛礙,…
[簡稱(name_with_context)] …平常生活消費會有相關 6. 當時股價不會太貴, 沒有被炒作到太高 主要想法是只要公司有賺錢放著領股利也是屌打定存 於是當時選了以下幾檔: 1. 中華電 2. 鴻海 3. 台塑 4. 長佳 5. 台灣高鐵 6. 黑松 中間有一陣子看【台塑】今年的營業狀況和展望不太好, 想汰弱留強 就賣掉加碼高鐵/黑松 於是到了現在......... 她賺快 40% 了 = = 在鴻海最近變飇股前我都和她說起起落落不要太掛礙, 反正我們是賺股利當好一點的定存 平常心, 平常心 結果現在…",needs_review,,,,2
mode:name_with_context,2610,華航,M.1598876032.A.84F,2020-08-31 20:13:52,未分類,name_with_context,dense,False,3,台股大跌137點 尾盤爆量拋472億元,1,False,False,True,False,華航,880,"[簡稱(name_with_context)] …2,456.93億元;月線收十 字線,8月上漲點。今日收盤後,MSCI季度調整生效,最後一盤爆出472億元成交量,將指數 摜低43點。 台股最後一盤成交量, 台積電爆出3.6萬張, 群創也爆出3.5萬張, 長榮有2萬張, 聯電有5萬張, 【華航】達18.3萬張。 台股早盤在亞洲主要股市上漲帶動之下,曾開高走揚到12,831點,隨後權值股賣壓出籠,台 積電(2330)也由439元下滑到426.5元,拉低指數跌破平盤,臨收盤前,指數走低至12,626 點,下跌近百點,更讓今日盤中高低…",needs_review,,,,2
mode:name_with_context,2610,華航,M.1585143910.A.15B,2020-03-25 21:45:10,新聞,name_with_context,dense,False,6,[新聞] 外資又轉為賣超22.9億元 續調節富邦VIX、友達,1,False,False,True,False,華航,577,"[簡稱(name_with_context)] …站買方,投信買超 13.28 億元,自營商與外資同向,賣超 21.4 億元,外資賣超 22.94 億元;外資今日並減碼台指期多單 4210 口,多單未平倉口數降至 46822 口。 外資今日買超元大滬深 300 正 2,逾 1.7 萬張,【華航】、長榮航也超過萬張,電子大型股如台積電、欣興、仁寶、群創,買超張數仍有 4000 張以上。 外資今日持續調節富邦 VIX,超過 4.5 萬張,另外賣超聯電、友達、京元電超過 6000 張,並減碼金融權值股,賣超中信金、元大金、玉山金、合庫…",needs_review,,,,2
tier:dense,2317,鴻海,M.1729514035.A.926,2024-10-21 20:33:55,新聞,name_with_context,dense,False,3,[新聞] 張菲擁「上千張鴻海股票」！抱20年堅持,7,False,False,True,True,鴻海,568,"[簡稱(name_with_context)] …[新聞] 張菲擁「上千張【鴻海】股票」!抱20年堅持 張菲擁「上千張鴻海股票」!抱20年堅持不賣 驚人市值網驚呆 https://star.ettoday.net/news/2839459 記者孟育民/台北報導 鴻海股價相關話題不斷,演藝圈大哥張菲曾在2019年主持…
[簡稱(name_with_context)] …[新聞] 張菲擁「上千張鴻海股票」!抱20年堅持 張菲擁「上千張【鴻海】股票」!抱20年堅持不賣 驚人市值網驚呆 https://star.ettoday.net/news/2839459 記者孟育民/台北報導 鴻海股價相關話題不斷,演藝圈大哥張菲曾在2019年主持鴻海尾牙時透露,60元就開始買 鴻海了,…
[簡稱(name_with_context)] …[新聞] 張菲擁「上千張鴻海股票」!抱20年堅持 張菲擁「上千張鴻海股票」!抱20年堅持不賣 驚人市值網驚呆 https://star.ettoday.net/news/2839459 記者孟育民/台北報導 【鴻海】股價相關話題不斷,演藝圈大哥張菲曾在2019年主持鴻海尾牙時透露,60元就開始買 鴻海了,手上有上千張,持有長達20年,賺逾1億元,當時即便漲到120元都沒有賣,如今 股價飆破200元,超狂市值也曝光了,讓網全驚呆! 如今鴻海股票飆漲超過…",needs_review,,,,2
tier:dense,2603,長榮,M.1611126425.A.989,2021-01-20 15:07:05,新聞,code,dense,False,1,[新聞] 長榮目標價 二外資上修,1,True,False,False,False,,890,"[代號] …7180 2.原文內容: 國際運價大漲持續,花旗環球證券報告指出,受惠市場需求強勁,去年以來運價上漲趨勢 可望延續到第2季,上修今年航運業需求增幅至6.2%,中國出口集裝箱運價指數(CCFI) 漲幅預測也提高為5%,台灣航運股首選長榮(【2603】),目標價升至45.1元;摩根大通也基 於看好航運業景氣,上修長榮目標價至48元。 目前外資圈對長榮目標價最高仍是滙豐證喊52元,摩根大通和花旗證券緊追在後。長榮昨 (19)日早盤反應利多一度大漲,但賣壓出籠,終場大跌2元或5.8%收32…",needs_review,,,,2
tier:dense,2330,台積電,M.1692750002.A.DE8,2023-08-23 08:20:02,新聞,name,dense,False,3,[新聞] AI鏈 9月旺來了,2,False,False,True,False,台積電|台積,1130,"[簡稱(name)] …08-23/1024/20230823900003.jpg 萬眾矚目的AI全球領頭羊輝達(NVIDIA)財報公告在即,摩根士丹利證券搶先進行供應鏈 大追蹤,最新發現AI GPU、伺服器供應訂單從9月起會顯著提升,提前為市場注入強心針 ,點名【台積電】、創意、廣達、光寶科等14檔台股AI相關半導體上游、下游硬體股。 摩根士丹利證券半導體產業分析師詹家鴻指出,根據調查,輝達H100晶片全在配置交付中 ,目前沒有交貨等待期。先前包括台系封測廠、美超微、廣達、英業達等全都受惠,輝達 AI伺服…
[簡稱(name)] …根士丹利分析師Joe Moore認為,因輝達第三季已經大量打消舊款 A100晶片為主的大量庫存,台灣相關供應鏈營運的成長幅度,很可能超越輝達本身的營收 成長性。 大摩給予「優於大盤」投資評等的AI相關供應鏈,包括半導體上游的晶心科、創意、【台積】 電、世芯-KY、京元電;下游硬體股代表則為光寶科、台達電、致茂、華碩、緯創、技嘉 、奇鋐、金像電、廣達。 就最重要的AI占營收比例來看,市場高度關注的下游硬體股中,2024年以技嘉、緯穎、廣 達營收來自AI占比最高,分別是39%、28%…",needs_review,,,,2
tier:dense,2330,台積電,M.1635934493.A.F03,2021-11-03 18:14:53,新聞,name,dense,False,1,[新聞] 向美國低頭 傳三星、SK海力士準備繳交公,1,False,False,True,False,台積電|台積,753,"[簡稱(name)] …、SK海力士(SK hynix)等半導體企業在11月8日提供商業數據,遭到相關企業悍拒。但 現有韓媒報導,三星電子和SK海力士決定將配合美方要求,在期限前向美國政府提供晶片供 應鏈數據。 美國拜登政府今年9月23日於白宮召開半導體峰會,包括【台積電】、英特爾(Intel)、三星( Samsung)等企業都出席與會。 為了解決晶片荒,美國商務部長雷蒙多(Gina Raimondo)在會上表示,美國政府需要晶片 供應鏈的更多資訊,以提高透明性、找出瓶頸所在,要求相關企業在45天內提交有關…",needs_review,,,,2
tier:dense,2609,陽明,M.1627813133.A.14E,2021-08-01 18:18:53,請益,name_with_context,dense,False,1,Re: [請益] 宏遠是不是正在賭上商譽？,2,False,False,True,False,陽明,1165,"[簡稱(name_with_context)] …膩)》之銘言: : 上半年海運看最準的是宏遠沒錯 : 上半年宏遠的觀點的確是屌打其他所有法人 : 但下半年呢? : 如果在股價上升的過程中 : 調升目標價 那還說的過去 : 但宏遠實際上這兩個月根本賣爆海運 : 不過有趣的一件事就是 : 在【陽明】被當垃圾倒已經跌超過50%的時候 : 宏遠突然拋出一個370的目標價 : 整整現在的3倍多 : 就算目標價打8折也有296 : 宏遠現在手中船票應該只剩一點點了 : 宏遠這波操作 : 以目前跟目標價這麼誇張的差距 : 若無法達到 : 宏遠是…
[簡稱(name_with_context)] …的都覺得不好 保守的人等到禮拜三看看吧 我是不知道我有喊過別人賠錢什麼 但是應該都賺的比賠的多吧? 長榮我之前在這邊po文 本來我看好會到200 突破200我喊250 站不上就停損 長榮跌破十日線我也有po文喊出場 然後第一次【陽明】跌到150-160 長榮第一次跌倒150 我都有po文可以進場搶反彈 長榮 第一次跌到130 116附近這兩次反彈我都 有喊可以搶反彈 只要不貪心應該都可以獲利進場 就連上禮拜五長榮最高反彈150-151是很大的壓力點 有人寫信給…",needs_review,,,,2
tier:dense,2303,聯電,M.1645770344.A.080,2022-02-25 14:25:44,新聞,name_with_context,dense,False,1,[新聞] 聯電擴產顯示供需仍健康，目標價114.5 元,8,False,False,True,True,聯電,1178,"[簡稱(name_with_context)] …[新聞] 【聯電】擴產顯示供需仍健康,目標價114.5 元 原文標題:聯電擴產顯示供需仍健康,外資喊買並給予 114.5 元目標價 (請勿刪減原文標題) 原文連結:https:/…
[簡稱(name_with_context)] …[新聞] 聯電擴產顯示供需仍健康,目標價114.5 元 原文標題:【聯電】擴產顯示供需仍健康,外資喊買並給予 114.5 元目標價 (請勿刪減原文標題) 原文連結:https://technews.tw/2022/02/25/umc-…
[簡稱(name_with_context)] …(請以原文網頁/報紙之發布時間為準) 原文內容:作者 侯 冠州 晶圓代工大廠聯電昨日宣布,將在新加坡 Fab12i 廠區擴建一座新先進晶圓廠計畫,新廠 第一期月產能規劃 30,000 片晶圓,2024 年底開始量產;看好【聯電】未來營運,高盛也重 申買入評級,並給予 114.5 元目標價。 聯電指出,聯電新廠 (Fab12i P3)是新加坡最先進半導體晶圓代工廠之一,提供 22/28 奈米製程,總投資金額為 50 億美元。聯電新加坡投入 12 吋晶圓製造廠營運…",needs_review,,,,2
tier:dense,2409,友達,M.1676208382.A.D46,2023-02-12 21:26:22,新聞,name_with_context,dense,False,6,[新聞] 融券回補潮 引爆軋空行情,2,False,False,True,False,友達,996,"[簡稱(name_with_context)] …能再伺機進場回補、建立持股部位,可望助長軋空氣勢。 根據統計,現階段逾百家上市櫃公司已公布股東會日期,以時程來推算,這些公司的融券 最後回補日,自即日起至4月底前,將會接續登場。 若以融券餘額的張數來看,包括聯電、長榮航、華航、宏達電、【友達】、中鴻、陽明等,融 券餘額的張數都超過萬張。 另外,華新、萬海、鈺創、長榮、裕隆、彩晶、力積電等,須回補的融券張數也都各自在 6,000張以上。 其他4月底前必須回補的融券張數超過5,000張的個股,還包括高力、威盛、開發金、晶豪 科、…
[簡稱(name_with_context)] …等。 進一步分析現階段相關個股的券資比表現狀況,諸如中鴻、鈺創、宏達電、光罩、高力、 聯電、敦泰、長榮航、晶豪科、威盛、萬海等,當前的券資比都在三成以上。 其他目前券資比在一成以上的個股,還包括裕隆、力積電、華航、彩晶、開發金、華新、 【友達】、長榮、陽明等。 第一金投顧董事長陳奕光指出,股東會行情和季報、年報公布的時機相近,預料上市櫃個 股的營收成長、業題展望等題材,仍是市場關注的焦點;融券回補張數的多寡、以及券資 比的高低等,更是攸關台股軋空行情能否持續開展的關鍵。 台股…",needs_review,,,,2
tier:dense,2303,聯電,M.1630562406.A.E6B,2021-09-02 14:00:06,閒聊,name_with_context,dense,False,4,[閒聊] 2021/09/02 盤後閒聊,2,False,False,True,False,聯電,388,"[簡稱(name_with_context)] …台指選 自營商 -2260 投信 0 外資 -1144 上市 漲停家數(+10%) 3 (中華化、無敵、宏旭-KY) 跌停家數(-10%) 0 上櫃 漲停家數(+10%) 13 跌停家數(-10%) 2 成交量排行:【聯電】、長榮、友達、群創、陽明 成交值排行:聯電、長榮、新唐、陽明、台積電 *今天收盤時,萬海也呈上揚走勢 資料來源:TWSE 臺灣證券交易所、臺灣期貨交易所、奇摩股市 狹岸公園欲暖身,天地末途尋無終。 苦中望有相見緣,心頭間要乎多空。…
[簡稱(name_with_context)] …0 外資 -1144 上市 漲停家數(+10%) 3 (中華化、無敵、宏旭-KY) 跌停家數(-10%) 0 上櫃 漲停家數(+10%) 13 跌停家數(-10%) 2 成交量排行:聯電、長榮、友達、群創、陽明 成交值排行:【聯電】、長榮、新唐、陽明、台積電 *今天收盤時,萬海也呈上揚走勢 資料來源:TWSE 臺灣證券交易所、臺灣期貨交易所、奇摩股市 狹岸公園欲暖身,天地末途尋無終。 苦中望有相見緣,心頭間要乎多空。…",needs_review,,,,2
tier:dense,2330,台積電,M.1725554105.A.FA4,2024-09-06 00:35:05,標的,name,dense,False,1,Re: [標的] 00713元大高息低波刀口舔血多,1,False,False,True,False,台積電|台積,708,"[簡稱(name)] …式告一段落。 經過兩次結算,透過選擇權獲利回補,50張00713的成本降低到14.06元,目前在華南質押 中,無法顯示。 為了方便觀看,以籌碼K顯示。 https://i.imgur.com/n0U6aRW.jpeg 另外,除了佈局【台積電】/鴻海取代正二,也使用預售屋作為槓桿。 27.35坪/42萬/95萬車位 (同戶型實登+房仲朋友打聽) 預售資產=1243.7 預售負債=982 淨值=261.7 另有140萬質押負債。 淨投入348萬 淨資產673.7萬 三個月…",needs_review,,,,2
tier:dense,2330,台積電,M.1594730948.A.81E,2020-07-14 20:49:08,標的,name,dense,False,1,[標的] 大盤 空,1,False,False,True,False,台積電|台積,1173,"[簡稱(name)] …資金往太陽能跑,太陽能股大多不能當沖,我不是很愛 估計是受惠於政府有意在學校裝設冷氣 個人看好4934,應該還有很大的漲幅空間(要做的盈虧自負) 風電也有可能會一起動,其實有幾檔已經先發動了 大盤還沒轉空,看起來會在這邊盤一陣子,拉【台積電】拉金融來出其他股 手上有多單的記得減碼或者進避險單,個人是偏好放空台指期作避險 生技、IC設計這種就不要再碰了,肯定會優先被殺 祝各位賺大錢,以上 4. 進退場機制:(非長期投資者,必須有停損機制) 避險單空8月台指期12030以…",needs_review,,,,2
tier:dense,2317,鴻海,M.1618877463.A.A28,2021-04-20 08:11:03,新聞,name_with_context,dense,False,3,[新聞] 「不敗教主」9檔存股口袋名單曝光！　最,2,False,False,True,False,鴻海,2146,"[簡稱(name_with_context)] …投資標的(如指數、股票、 基金),具有「分散風險」的效果。 陳重銘特別舉國泰台灣(00881)、中國高股息(00882)這組投資組合為例子;00881追 蹤「臺灣5G+通訊指數」,持股權重最高的成分股是被譽為「護國神山」的台積電,其次 是【鴻海】、聯發科、聯電、大立光,「具有成長性」。 另一隻台灣上市的中信中國高股息(00882),指數以香港上市的高息中國企業為主,有 高配息,「成長性加高股息,我是這樣搭配」陳重銘說。 針對有投資人擔心台股盤旋萬七,是不是泡沫化要來了?陳重銘認…
[簡稱(name_with_context)] …國泰道瓊(00668)、國泰費城半導體基金(00830);至於越股,去年12月進場中信 投信的越南基金,花了8萬美金,投資報酬率截至目前有20%,計畫會放個10年、20年。 之所以會買越南基金,陳重銘表示,是因為看到中美貿易戰開打後,不僅【鴻海】決定去越南 設廠,許多台灣廠商也是,「覺得可以把越南當成20年前的中國」。 陳重銘也用「存股」幫女兒度過轉職期,3個月賺600萬,有別於一般父母會力求兒女學才 藝,陳重銘反其道而行,他強調,從小幫孩子存股票,等孩子長大就能讓他們不受限於低…",needs_review,,,,2
tier:dense,2330,台積電,M.1691764027.A.467,2023-08-11 22:27:07,新聞,name,dense,False,1,"[新聞] 搶救台電 經部擬增資1,000億",1,False,False,True,False,台積電|台積,1049,"[簡稱(name)] …、或補貼國營事業的負面名聲,只好讓台電股本繼續擴大。因此,台電明年資本額將擴 張至5,800億元。 為填補台電虧損缺口,政院亦曾討論由國發基金挹注台電200億元,以及台電繼續發行500億 元特別股,惟上述兩方式都面臨困難。 國發基金持有【台積電】6%多股權,已賺飽股利,台電和經濟部一度爭取國發基金撥補台電200 億元,但政院協商後,遭主計總處駁回,主計總處認為,近期國際燃料價格已下跌,預計台 電接下來的虧損將會趨緩。簡言之,國發基金獲利全數繳庫後,不會再另外挹注台電。 針對台電原…",needs_review,,,,2
tier:dense,2002,中鋼,M.1622613602.A.BF2,2021-06-02 14:00:02,閒聊,name_with_context,dense,False,3,[閒聊] 2021/06/02 盤後閒聊,2,False,False,True,False,中鋼,292,"[簡稱(name_with_context)] …(1.36%) 666.36億 台指期 自營商 -839 投信 +721 外資 +748 台指選 自營商 +10322 投信 外資 -648 漲停家數(+10%) 33 跌停家數(-10%) 1 成交量排行 長榮、群創、【中鋼】、陽明、友達 成交值排行 長榮、陽明、敦泰、中鋼、群創 --------------------------------- 是不是太早笑了…
[簡稱(name_with_context)] …營商 -839 投信 +721 外資 +748 台指選 自營商 +10322 投信 外資 -648 漲停家數(+10%) 33 跌停家數(-10%) 1 成交量排行 長榮、群創、中鋼、陽明、友達 成交值排行 長榮、陽明、敦泰、【中鋼】、群創 --------------------------------- 是不是太早笑了…",needs_review,,,,2
tier:dense,2330,台積電,M.1580107428.A.43E,2020-01-27 14:43:48,新聞,name,dense,False,1,[新聞] 中國台商大挑戰 年後恐無工可用,1,False,False,True,False,台積電|台積,1078,"[簡稱(name)] …示,若台商有短期擴廠、擴產能等需求,今年為台商回台方案第二年,也會秉持去 年單一窗口快速審查方式,協助台商快速完成行政流程。 心得評論: 台商在中國的組裝代工廠應該不少吧 因為中國春節可能持續放假至二月初 組裝代工廠的空窗會影響多少產能 【台積電】的晶片需求是否會因為組裝廠休假而暫時減少需求 (成品沒人組裝) 如果疫情持續下去 各大代工廠將產線移至他國的可能性 及時間又需要多久…",needs_review,,,,2
tier:dense,2330,台積電,M.1603174437.A.E0F,2020-10-20 14:13:57,新聞,name,dense,False,1,[新聞] 受惠疫情 保時捷台灣銷售成長20%,1,False,False,True,False,台積,795,"[簡稱(name)] …額移給 台灣,於是台灣成為疫情受惠的市場。 台灣保時捷總裁 Mathias Busse表示:「感謝台灣消費者的持續支持,台灣保時捷屢創 銷售佳績。接下來,我們將迎來品牌首部純電跑車 Taycan,於此同時,台灣保時捷更已 偕同經銷夥伴於全【台積】極布建充電網絡,期望提供Taycan車主輕鬆無虞、暢所無阻的純 電駕馭樂趣。」 延續上半年的出色表現,保時捷前三季在亞太、非洲與中東市場共交車達87,030輛,較 去年同期小幅增長1%。而美國總交車數為39,734輛,歐洲則為55,483…",needs_review,,,,2
tier:dense,2330,台積電,M.1619060276.A.FB6,2021-04-22 10:57:56,請益,code,dense,False,1,Re: [請益] 金融股存股推薦,1,True,False,False,False,,407,[代號] …※ 引述《wendysnow (等待)》之銘言: : 大家好 : 目前想規劃把每月可以存款的錢買一張金融股 : 想穩定的長期存股 希望可以達成買到100張 : 想請問大家 : 第一金跟中信金 比較推薦存哪一張好? : *資金有限不要再叫我買【2330】(已有一張6xx套牢中) : *拜託不要笑我萬七存股(只想逼迫自己每月存錢) : 謝謝大家…,needs_review,,,,2
tier:dense,2330,台積電,M.1607597561.A.8FD,2020-12-10 18:52:41,標的,name,dense,False,2,Re: [標的] 和碩 4938 做多,2,False,False,True,False,台積電|台積,1200,"[簡稱(name)] …籌碼乾淨 有持續回補可能性 : 4. 進退場機制:65以下皆是買點 75出 : 最短看70 : 一般來說不退場 除非大盤崩 : 不然1-200點波動可心如止水 : 我的成本在63 持有10張 有跌會再加碼 : 近幾年我都投資和碩 京元電 【台積電】 : 前陣子買日月光 都是偏中長期持有的投資 : 不一定看盤 : 做短線的朋友 : 跌時受不了的話 就61賣出 : 大跌往下可買 往上也不心疼 : 進可攻退可守 : 就算看壞 放空相對大多數股票 和碩肉太少 : 放心做多 就會贏 : 和碩…
[簡稱(name)] …勝太強了 接下來還是鎧勝這個題材 大暴賺 1/15 且有電動車這個本夢比 大家可以去看一下鎧勝這個月的業績 而且和碩對比鴻海廣達 現在價格真的不高 唯一的缺點就是他不是做高階的i12 但在這樣的大盤 如果你不追飆股 又沒有其他像日月光 【台積電】那樣半導體 不知道要買什麼 就買皮卡丘 因為他又比鴻海便宜 如果有拉回我會繼續加碼 明後天如果能有貼近平盤價或追高一點的價 都是可以買進的範圍 這個前提是你是看公司長期的 最後再說一下籌碼方面 之前借券賣的 現在好時機 已經補3000…",needs_review,,,,2
tier:dense,2330,台積電,M.1636619013.A.206,2021-11-11 16:23:33,新聞,name,dense,False,1,[新聞] 元宇宙持續發酵！廖賜政：和碩很早就做,1,False,False,True,False,台積電|台積,993,"[簡稱(name)] …,「5、6年前就有」,並持續與 客戶配合增加產能,廖說:「我們好幾家客戶都在做,時間到的話對我們有相當幫助,我 們不是剛剛進來的大學生。」 廖賜政表示,和碩涉獵的產品非常廣泛,除了元宇宙以外,還有商務、工業方面的需求, 比如說,在疫情期間【台積電】為了要順利引進機器設備,讓機器快點生產,所以機器供應商 並非親自來台灣指導設備建置,而是透過設備商由遠端教導台灣工程師,縮短時間、加快 增進工廠開廠。 廖賜政透露,目前在生產的設備一部分會因為疫情關係,應用到的範圍不止於半導體,甚 至普及…",needs_review,,,,2
tier:dense,2330,台積電,M.1715933958.A.5F9,2024-05-17 16:19:18,新聞,name,dense,False,2,[新聞] 成熟製程晶圓廠 H2迎春燕,2,False,False,True,False,台積電|台積,1112,"[簡稱(name)] …營運走出本波谷底,在半導體產業回升帶動下,下半年市場需求可望較上半 年明確回升,且美中貿易戰加劇,國際大廠訂單轉單效應放大,成熟晶圓代工廠下半年營運 將有更明顯回升,近日世界先進股價衝上14個月新高,力積電及聯電也維持近期高檔。 今年以來【台積電】因掌握先進製程優勢,穩坐全球晶圓代工龍頭寶座,持續扮演全球晶圓代工 產業成長的火車頭,但今年以來多數市調機構也預測,庫存逐漸去化結束後,全球半導體產 業可望走升,雖然成熟製程競爭依舊激烈,但整體成熟製程晶圓代工可望優於去年表現。 法人表示…
[簡稱(name)] …熟製程晶圓更是歐 美國家關切重點,先前已有台廠表示,貿易壁壘下已感受到不少國際大廠更積極調整下單, 將原本因低價投片中國晶圓代工廠的訂單轉向台廠,預期半導體供應鏈的去中化速度下半年 將加速,中國成熟製程廠近兩年來對台廠衝擊也將逐步減緩。 【台積電】創高帶動,再加上成熟製程廠,包括聯電、世界先進及力積電下半年營運也可望明顯 脫離谷底,近期市場資金進場布局成熟製程晶圓廠。 世界先進今年首季營運表現已明顯優於市場預期,股價近期走勢相對強勁,16日股價上漲4. 32%,收在96元,逼近百元…",needs_review,,,,2
tier:dense,2330,台積電,M.1719649370.A.302,2024-06-29 16:22:50,新聞,name,dense,False,2,[新聞] 全球瘋AI鏈！大摩點名8台廠「優於大盤」,4,False,False,True,False,台積電|台積,824,"[簡稱(name)] …[新聞] 全球瘋AI鏈!大摩點名8台廠「優於大盤」 原文標題: 全球瘋AI鏈!大摩點名8台廠「優於大盤」 【台積電】1原因令投資人憂心了 原文連結: https://reurl.cc/yL97aD 發布時間: 2024-06-29 13:29 記者署名: 林瑩真 原文內容: 人工智慧(AI)風潮席捲全球,尤其是全球都在關注輝達超級晶片GB…
[簡稱(name)] …機、輝達GPU測試時間、AI PC半 導體、利基型記憶體價格、中國晶圓廠設備(WFE)與成熟製程、類比IC產業,及特殊應用I C產業(ASIC)。 雖然大摩表示,2025年的訂單與供應鏈分配仍有待確定,不過也看好台系電子供應廠,其中 又以【台積電】、聯發科、聯電、世芯-KY、創意、祥碩、義隆電、京元電等8檔個股是「優於大 盤」的等級;另外群聯、日月光投控則是「中立」;南亞科、矽力*-KY等則為「劣於大盤」 。 對此,大摩半導體產業分析師詹家鴻指出,機構投資人主要持股與焦點都在台積電…
[簡稱(name)] …台積電、聯發科、聯電、世芯-KY、創意、祥碩、義隆電、京元電等8檔個股是「優於大 盤」的等級;另外群聯、日月光投控則是「中立」;南亞科、矽力*-KY等則為「劣於大盤」 。 對此,大摩半導體產業分析師詹家鴻指出,機構投資人主要持股與焦點都在【台積電】、SK海力 士、輝達(NVIDIA)上,只是台積電相較歷史平均的高估值仍讓人擔憂,反倒是中國在AI領 域的發展趨勢頗有潛力,也成為投資議題之一。 而大摩台灣區研究部主管施曉娟表示,預估還有數個月時間才能確定GB200晶片2025年訂單 與…",needs_review,,,,2
tier:dense,2603,長榮,M.1610975860.A.EB6,2021-01-18 21:17:40,其他,code,dense,False,1,[其他] 110年01月18日信用交易統計,1,True,False,False,False,,745,"[代號] …0632R元大台灣50反1 資增 89 張 券增 310 張 00677U富邦VIX 資減 12,948 張 券增 29,130 張 ================================= 【2603】長榮 資增 14,782 張 券減 28,745 張 ================================= 老蘇專區 3037欣興(空) 資增 2,876 張 券減 1,862 張(券賣173張)…",needs_review,,,,2
tier:dense,2409,友達,M.1625463690.A.992,2021-07-05 13:41:30,心得,name_with_context,dense,False,1,[心得] 原來今天航運會跌是哲哲出場了,1,False,False,True,False,友達,173,[簡稱(name_with_context)] …來自未來的男人 今天航運為怎麼跌 因為我出場了啦 趙子龍七進七出 是我郭哲榮 有沒有投資長真的滿厲害的 看到未來走勢 不過他說還是會找機會進場航運 今天他根本控制了整個台股 都在他的計算中 有沒有他真的來自未來? 對了 他的【友達】今天表現得如何?…,needs_review,,,,2
tier:dense,2323,中環,M.1585077281.A.B64,2020-03-25 03:14:41,新聞,name_with_context,dense,False,2,Re: [新聞] 中環2/11~3/23處分台灣高鐵1023.2萬股,3,False,False,True,True,中環,884,"[簡稱(name_with_context)] …) 買在kd6, 停損 (3) 現在買kd3,... 媽的? 還停損??? : 推 Dimitre : XD 反指標出場 高鐵可以買了 03/25 01:59 我不知道【中環】買進賣出的依據是甚麼? 不過我剛剛去看一下 (1) kd棒在 3/19 十字變盤, kd值 10 (其實20以下都超跌,....3/19是kd值 20以下的第9天) (2) 到昨天, 連續四根紅K棒…
[簡稱(name_with_context)] …1) kd棒在 3/19 十字變盤, kd值 10 (其實20以下都超跌,....3/19是kd值 20以下的第9天) (2) 到昨天, 連續四根紅K棒 (3) 歪資小兒轉買 唯一的缺點是量縮 感覺【中環】真的有可能賣在地板 ps: 今天錢線百分百也有介紹, 有一個避險基金去抄 疫情影響的星巴克等股票 , 人家去抄底, 中環卻砍出?? : 推 wedwu : 本來想當台灣波克夏,結果變成台灣剝嗑嚇.…
[簡稱(name_with_context)] …) 到昨天, 連續四根紅K棒 (3) 歪資小兒轉買 唯一的缺點是量縮 感覺中環真的有可能賣在地板 ps: 今天錢線百分百也有介紹, 有一個避險基金去抄 疫情影響的星巴克等股票 , 人家去抄底, 【中環】卻砍出?? : 推 wedwu : 本來想當台灣波克夏,結果變成台灣剝嗑嚇. 03/25 02:17 : 推 siribest : 剝殼蝦…",needs_review,,,,2
tier:dense,2330,台積電,M.1610085602.A.2C9,2021-01-08 14:00:02,閒聊,name,dense,False,5,[閒聊] 2021/01/08 盤後閒聊,2,False,False,True,False,台積電|台積,358,"[簡稱(name)] …商 -211 投信 +802 外資 -2530 台指選 自營商 +4928 投信 0 外資 -10654 漲停家數(+10%) 37 跌停家數(-10%) 9 成交量排行 長榮、聯電、華邦電、群創、元大台灣50反1 成交值排行 【台積電】、長榮、國巨、聯電、鴻海 台積電年去12月合併營收為1173.65億元,月減6%,年增13.6%, 累計去年合併營收為1.33兆元,年增25.2%。 代表下週會??? 我也不知道,反正月底前會上600元就好。…
[簡稱(name)] …資 -2530 台指選 自營商 +4928 投信 0 外資 -10654 漲停家數(+10%) 37 跌停家數(-10%) 9 成交量排行 長榮、聯電、華邦電、群創、元大台灣50反1 成交值排行 台積電、長榮、國巨、聯電、鴻海 【台積電】年去12月合併營收為1173.65億元,月減6%,年增13.6%, 累計去年合併營收為1.33兆元,年增25.2%。 代表下週會??? 我也不知道,反正月底前會上600元就好。…",needs_review,,,,2
tier:dense,2330,台積電,M.1618466306.A.58B,2021-04-15 13:58:26,心得,name,dense,False,1,[心得] 終於知道為何大家愛中華電了,1,False,False,True,False,台積電|台積,127,[簡稱(name)] …[心得] 終於知道為何大家愛中華電了 【台積電】買在675 合一買在316 最近又買了耀登 連跌停賣也沒能要收 變水餃股了 來來回回虧了六十萬 心裡覺得好累 看了一下 只有當初嫌他漲的慢的中華電是紅的 好像沒第一次虧錢那麼難過了 只是覺得有點疲倦 股海無涯 我之後只純…,needs_review,,,,2
tier:dense,2409,友達,M.1644850689.A.3C9,2022-02-14 22:58:09,請益,name_with_context,dense,False,2,Re: [請益] 聯電到底是在跌什麼?,1,False,False,True,False,友達,380,"[簡稱(name_with_context)] …Re: [請益] 聯電到底是在跌什麼? 這種大型股,完全都是看外資 不是一般著主力可以拉 看看鋼鐵龍,吹了半年,主力就是不拉,出脫才拉 現在哲哲,鼓勵買【友達】聯電 散戶車越來越重 除非大利多 不然你是主力會拉到70給你跑嗎 https://i.imgur.com/okAxrfz.jpg 附上70哭哭單 未來頂多反彈,不可能拉上去救你 面板30有人救嗎 海運200有人救嗎 主力資金寧願去炒別的股…",needs_review,,,,2
tier:dense,2330,台積電,M.1710830890.A.CEA,2024-03-19 14:48:10,新聞,name,dense,False,1,Fw:  [新聞] 水情不佳！高屏搶水大戰一觸即發,8,False,False,True,False,台積電|台積,1541,"[簡稱(name)] …實施限水措施,許多農民不是提前灌溉水稻就是改種較抗旱作物。 春雨不如預期,高雄與台南共用的南化水庫蓄水率近日跌破5成,高屏溪川流量低於近5年同期平均值,高雄灌溉區已啟動分區輪灌,屏東高樹農民發現30公尺深水井抽不到地下水,環團也憂心,未來【台積電】設廠將惡化用水問題。南區水資源分署、農水署表示,目前用水正常。不過,水資源分配是南台灣旱季最大難題,一觸即發的高屏搶水恐讓「南霸天之爭」浮上水面。 高屏搶水早有先例,屏東縣前縣長潘孟安、縣長周春米都曾與高雄市陳其邁搶過水源;2026年高雄…
[簡稱(name)] …劉姓農民說,種水稻需要灌溉,用水量大,他栽種小黃瓜,用水量較少,但若缺水也會影響品質,只要務農都怕缺水。高屏溪對岸的屏東高樹去年11月至今還沒下雨,王姓農民憂心說,近期水圳的水位變低,30公尺深的水井抽不到水,要再往下深挖才有水。 此外,【台積電】高雄2奈米廠預定年底進駐,明年起量產,初期每日用水4.3萬CMD (立方公尺/每天)。地球公民基金會指出,台積電允諾使用再生水,雖不影響高雄民生用水,但台積電附近還有橋頭科學園區,再生水廠的整體布建及規畫期程令人擔心。 高雄市府水利局說,…
[簡稱(name)] …岸的屏東高樹去年11月至今還沒下雨,王姓農民憂心說,近期水圳的水位變低,30公尺深的水井抽不到水,要再往下深挖才有水。 此外,台積電高雄2奈米廠預定年底進駐,明年起量產,初期每日用水4.3萬CMD (立方公尺/每天)。地球公民基金會指出,【台積電】允諾使用再生水,雖不影響高雄民生用水,但台積電附近還有橋頭科學園區,再生水廠的整體布建及規畫期程令人擔心。 高雄市府水利局說,未來楠梓及橋頭兩座再生水廠日供11萬噸工業用水,相關期程均配合台積電各廠運作時程,用水可以無縫接軌;橋科用水量不…",needs_review,,,,2
tier:silent,1103,嘉泥,M.1599655208.A.216,2020-09-09 20:40:08,新聞,name_with_context,silent,False,5,[新聞] 優質「殭屍股」有救了 證交所公佈方案,1,False,False,True,False,嘉泥,768,"[簡稱(name_with_context)] …入造市行列。證交所指出, 新加坡在2014年就推出活絡優質低流動性股票交易量能措施,隔年相關個股的成交量提升 12%,成效非常明顯。(照片:張佳琪攝影) https://reurl.cc/8noQAy 我發現且有買的冷門股,請參考一下:【嘉泥】、台聚、東陽、市電、亞崴、勤美、中橡、毅 嘉、漢平、嘉里大榮、山隆、新產、國票金、永信、至興、大豐電、統一實、大台北、欣 天然、新保、全國。…",needs_review,,,,2
tier:silent,9918,欣天然,M.1678944841.A.596,2023-03-16 13:34:01,情報,name,silent,False,2,[情報] 巨有科技澄清媒體報導,1,False,False,True,False,欣天然,939,"[簡稱(name)] …關係(請輸入本公司或子公司):本公司 5.傳播媒體名稱:今周刊 6.報導內容:根據《今周刊》透過經濟新報資料庫調查,至去年第三季底,帳上有投資 澳豐相關基金的掛牌公司達十家,除了寶齡富錦與台端,還包含義隆、宏致、時報、 新復興、巨有科技、【欣天然】、南光、創為精密,合計持有約23.64億元。 7.發生緣由:依中華民國證券櫃檯買賣中心通知澄清媒體報導。 8.因應措施: 本公司持有CCIB DFSP FUND美金500仟元已於民國112年2月15日申請贖回, 並取得贖回確認單確認贖回淨值…",needs_review,,,,2
tier:silent,1339,昭輝,M.1639986478.A.43C,2021-12-20 15:47:58,情報,code,silent,False,1,[情報] 110年12月20日 櫃買法人買賣金額統計表,1,True,False,False,False,,1202,[代號] …---- 外資買超 外資賣超 1.榮剛 2082 1.元太 -4667 2.聚和 1780 2.智冠 -1500 3.合晶 【1339】 3.創惟 -1346 4.美琪瑪 1325 4.茂迪 -1187 5.大國鋼 1281 5.中美晶 -1169 ------------同場加映---…,needs_review,,,,2
tier:silent,6902,GOGOLOOK,M.1712375472.A.37B,2024-04-06 11:51:12,公告,code,silent,False,1,[公告] 04/06 處置公告,1,True,False,False,False,,519,"[代號] …們在打擊詐騙和保障資訊安全 。賴清德強調政府與私人企業合作的重要性,特別是走著瞧這間公司,展示了解決社會問 題需要跨界合作的積極態度。突顯了政府對打擊詐騙的重視以及新創公司在科技領域的活 力。 520總統就職,信賴產業持續發酵,準備走著瞧(【6902】)?…",needs_review,,,,2
tier:silent,1103,嘉泥,M.1617185015.A.AEE,2021-03-31 18:03:35,新聞,name_with_context,silent,False,3,[新聞] 谷月涵拋「台股泡沫化」 謝金河：基本面,1,False,False,True,False,嘉泥,897,"[簡稱(name_with_context)] …營收35.46兆,前三季淨利1.69兆元,他預 估全年可望超過2.5兆元,比2019年至少成長25%,這可能是全球最耀眼的盈餘成長市場 。 謝金河點出,像是面板的友達、群創業績出現巨大變化,從虧損變成大賺;很多產業也都 驚爆好成績,像台泥、【嘉泥】、台達化、廣達、華碩、仁寶等公司;還有很多金融股殖利率 不差,甚至從銀行借錢來賺息差也很划算。 謝金河分享,每一年的這個時候,他都很專注各家企業的年報,或注意哪些公司已經吹出 很大的泡沫,但他認為但台股股價合理,值得長期投資的公司仍很多,每…",needs_review,,,,2
tier:silent,1521,大億,M.1599740552.A.B21,2020-09-10 20:22:32,新聞,name_with_context,silent,False,3,[新聞],1,False,False,True,False,大億,889,"[簡稱(name_with_context)] …%。依此估算,符合條件的包括:旭隼(6409)、裕日車、鮮活果汁-KY、廣隆、 伸興、富邦媒、可寧衛、一零四、泰昇-KY、碩天、駐龍、大統益、振樺電、震旦行、華 立、勝一、中碳、聯德控股-KY、英利-KY、新產、中保科、全國電、鼎固-KY、【大億】、卓 越、中聯資源、車王電、黑松、程泰等。 法人指出,依條件選出的潛力造市股,確實有部分是長期營運穩定,配息也不錯,被視為 存股熱門標的,如伸興、大統益、可寧衛、中保科、一零四等。不過證交所強調,明年3 月底財報出爐,還會依年報和配息狀況…",needs_review,,,,2
tier:silent,1203,味王,M.1620714589.A.777,2021-05-11 14:29:49,新聞,code,silent,False,2,"[新聞] 本土感染再擴大 7本土,6調查中,4境外",1,True,False,False,False,,474,"[代號] …清。 新增7例本土COVID-19病例,1例為案1187接觸者,6例感染源待釐清 中央流行疫情指揮中心今(11)日公布國內新增7例本土COVID-19確定病例,1例為案1187之 接觸者(案1201), 6例感染源待釐清(案1202、案【1203】,案1208至案1211),並包括1起遊 藝場群聚事件。 -----以下略,詳見連結 心得/評論: 今天本土+7 難怪今天大盤一度跌700多點招待,恐怖喔!這只是剛開始!…",needs_review,,,,2
tier:silent,1512,瑞利,M.1641794402.A.43E,2022-01-10 14:00:02,閒聊,name_with_context,silent,False,6,[閒聊] 2022/01/10 盤後閒聊,1,False,False,True,False,瑞利,551,[簡稱(name_with_context)] …87 小台指期 自營商 +1695 投信 0 外資 +4018 夜盤 台指期 自營商 +166 投信 0 外資 +818 台指選 自營商 -1633 投信 0 外資 -1787 上市 漲停家數(+10%) 15 (【瑞利】、業旺、亞諾法、東森、辛耘、聯德、宅配通、ABC-KY、 康那香、天瀚、毛寶、科風、嘉里大榮、日馳、恆大) 跌停家數(-10%) 3 (新世紀、錸寶、晟鈦) 上櫃 漲停家數(+10%) 16 跌停家…,needs_review,,,,2
tier:silent,1783,和康生,M.1678196677.A.002,2023-03-07 21:44:37,心得,name,silent,False,5,Re: [心得] 隔日沖今年還沒賠錢,1,False,False,True,False,和康生,675,"[簡稱(name)] …現在反而能讓我賺30萬以 上了 但還是很謹慎,因為我看書完到現在也才學不到一個月,至少進出場的原則跟期間跌幅都 能坦然面對 我的做法是先實驗買了大概6支不同類型個股但都跟想要的技術指標相同,然後放著看它 們的變化有沒有跟預期一樣 譬如【和康生】剛買有賺,我就不信剛黃金交叉能跌,結果隔天就跌停 哈哈 結論是多頭真的很難賠錢,就算跌放著也會漲回來,除非已經轉空頭就要停損等低點再接 回來 真的能吃到一大段波段比較賺,也不用一直盯盤,現在覺得多看反而容易操作失誤,已經 改掉隔日沖的操…",needs_review,,,,2
tier:silent,2302,麗正,M.1605247331.A.232,2020-11-13 14:02:11,閒聊,name_with_context,silent,False,2,[閒聊] 2020/11/13 盤後閒聊,1,False,False,True,False,麗正,453,"[簡稱(name_with_context)] …數1395萬8496張,委賣張數998萬2649張,成交張數584萬6634張。 收盤時上漲525家,下跌305家,持平124家。 成交量前5名個股為長榮、群創、富邦VIX、友達、元大台灣50反1。 漲幅前5名個股為首利、威致、譁裕、【麗正】、麗臺。 跌幅前5名個股為凱羿-KY、鈞泰、隴華、十銓、達欣工。…",needs_review,,,,2
tier:silent,1527,鑽全,M.1624433624.A.168,2021-06-23 15:33:44,情報,code,silent,False,2,[情報] 110年06月23日 櫃買法人買賣金額統計表,1,True,False,False,False,,1196,[代號] …3977 2.大田 -1958 3.中菲行 3175 3.晶宏 -1874 4.中美晶 2481 4.福邦證 -1154 5.富喬 【1527】 5.普誠 -1150 ------------同場加映--------------------- 環球晶 外 +290 投 +250 自 +59 高端疫苗 外 +663 投 0…,needs_review,,,,2
tier:silent,6614,資拓宏宇,M.1707307550.A.38F,2024-02-07 20:05:50,新聞,name,silent,False,3,[新聞] 【中華電拚兆】搶進台股兆元市值俱樂部,1,False,False,True,False,資拓宏宇,1311,"[簡稱(name)] …以不變應萬變,遙遙領先另2家對手,在台灣百強企業排名中,僅次台積電、聯發科和 鴻海,是排名第4的台灣掛牌公司,並且市值逼近兆元。 元月中旬,中華電信董事長郭水義接受本刊專訪,誓言打造兆元市值的科技艦隊,每年力捧 1隻小金雞上市,中華資安、【資拓宏宇】預計在第2季興櫃掛牌。他更預告下一個戰場將在影視 內容,中華電信將全力以赴。 2023年底,台灣電信市場大整併,從5家變3家,台灣大和遠傳誓言挑戰千萬用戶,中華電信 卻老神在在按兵不動;面對新市場變局,元月中旬,中華電信董事長郭水義在百忙…",needs_review,,,,2
tier:silent,2466,冠西電,M.1734588002.A.FEF,2024-12-19 14:00:02,閒聊,name,silent,False,6,[閒聊] 2024/12/19 盤後閒聊,1,False,False,True,False,冠西電,514,"[簡稱(name)] …+886 投信 -1,249 外資 -1,713 台指選 自營商 -8,404 投信 +10 外資 +1,812 小台指期 自營商 -207 投信 -3 外資 -8,924 上市 漲停家數 (+10%) 6 (佳能、【冠西電】、眾達-KY、友勁、IKKA-KY、友訊) 跌停家數 (-10%) 2 (中福、大飲) 上櫃 漲停家數 (+10%) 9 跌停家數 (-10%) 0 成交量排行:群益ESG投等債20+、亞光、泰金寶-DR、佳能、元大美債20正2…",needs_review,,,,2
tier:silent,7722,LINEPAY,M.1732610834.A.CD7,2024-11-26 16:47:14,新聞,code,silent,False,1,[新聞] LINE Pay申購抽籤爆量詐騙現蹤 LINE Pay,1,True,False,False,False,,728,"[代號] …ttps://ec.ltn.com.tw/article/breakingnews/4875780 發布時間: 2024/11/26 16:37 記者署名: 記者李靚慧/台北報導 原文內容: 第三方支付業者LINE Pay(連加網路、【7722】)正進行上市前公開承銷申購,因價差逾8萬 元,首日已吸引近6萬投資人參與,中簽率不到3%,LINE Pay接獲訊息,已有投資詐騙群 組聲稱,只要配合開戶即可代為申購,呼籲投資人,切勿相信其他不明投資管道。 LINE Pay進行初次上市股票…",needs_review,,,,2
tier:silent,2433,互盛電,M.1685065497.A.1FA,2023-05-26 09:44:57,標的,name,silent,False,2,Re: [標的] 2606.TW 裕民 幫老婆定存多,1,False,False,True,False,互盛電,511,"[簡稱(name)] …最近股市走弱,自己的戶頭不敢動 : 只能觀望一些防禦型股票,看能不能在這波被打下來 : 幫老婆賺點殖利率無腦放著 : 其中安心在這波沒摔下去,仍然維持 8% 獲利加上現金股利 : 三陽做出超省油迪爵,逆勢報噴可惜 26 元賣了 : 大聯大,【互盛電】,佳醫,崇友等都超硬 : 裕民看起來跟三陽相反,應該是個油價受災戶 : 只要油價鬆動應該就會有所反應 : 決定明天開始分批小買 3 張 : 4. 進退場機制:菜市場奧客態度,40以下斤斤計較掛買,5% 停損 : 2022-07-06 收盤價…",needs_review,,,,2
tier:silent,2702,華園,M.1625700391.A.886,2021-07-08 07:26:31,新聞,name_with_context,silent,False,4,"[新聞] 元大投顧丟震撼彈 喊台股上21,000點",1,False,False,True,False,華園,1300,"[簡稱(name_with_context)] …30.97億元及1.01萬張, 化解市場籌碼過於浮濫的疑慮。 但外資持續站在賣方,今年以來累計賣超大盤4,347億元,權值電子攻高承壓。 所幸12日可望迎來「微解封」的利多下,觀光與貿易百貨等族群7日提前反應, 六福、新天地、鳳凰、【華園】、夏都、第一店等個股7日紛紛漲停, 在電子與傳產分割天下裡成功竄出頭。 另外上市櫃6月營收也陸續公布,根據提前揭曉的逾500檔個股統計, 高達71檔個股單月營收創下歷史新高, 電子股挺過「五窮六絕」魔咒,成為多頭最大倚仗。 法人指…",needs_review,,,,2
tier:silent,1783,和康生,M.1628575207.A.5AC,2021-08-10 14:00:07,閒聊,name,silent,False,5,[閒聊] 2021/08/10 盤後閒聊,1,False,False,True,False,和康生,514,[簡稱(name)] …(-1.10%) 815.98億 台指期 自營商 -93 投信 -511 外資 -1574 台指選 自營商 -7307 投信 0 外資 +467 上市 漲停家數(+10%) 0 跌停家數(-10%) 4 (杏輝、十銓、【和康生】、杜康-DR) 上櫃 漲停家數(+10%) 11 (富驛-KY、松崗、美琪瑪、臺龍、聚積、耀勝、康聯訊、地心引力、 港建、精聯、金雨) 跌停家數(-10%) 11 (燦星旅、鑫科、亞泰金屬、IET-…,needs_review,,,,2
tier:sparse,2316,楠梓電,M.1728021606.A.531,2024-10-04 14:00:06,閒聊,name,sparse,False,2,[閒聊] 2024/10/04 盤後閒聊,1,False,False,True,False,楠梓電,596,"[簡稱(name)] …億 日盤 台指期 自營商 -424 投信 -259 外資 +2,392 台指選 自營商 -20,294 投信 0 外資 +7 上市 漲停家數 (+10%) 12 (映泰、星通、豐祥-KY、日成-KY、麗嬰房、艾笛森、【楠梓電】、 錸寶、百和興業-KY、大洋-KY、精金、淘帝-KY) 跌停家數 (-10%) 5 (中櫃、萬海、菱光、貿聯-KY、鈞興-KY) 上櫃 漲停家數 (+10%) 11 跌停家數 (-10%) 3…",needs_review,,,,2
tier:sparse,2015,豐興,M.1620661196.A.382,2021-05-10 23:39:56,新聞,name_with_context,sparse,False,3,Re: [新聞] 鋼價創20年新高！ 小型建商、營造商恐掀,1,False,False,True,False,豐興,1365,"[簡稱(name_with_context)] …回收,絲毫不能浪費,因為國際鋼價狂 : 飆,美國熱軋鋼捲價格,去年每噸460美元,現在漲到約1500美元,創新高,幾乎是20年 : 均價的3倍。 : 國內鋼價也一路向上,中鋼、中鴻報價連11漲,鋼鐵大廠今年前4個月營收,新光鋼、燁 : 興、【豐興】等,皆有兩位數成長,傳出小型建商快扛不住,醞釀跑路潮。 : 房市專家倪子仁表示,「建材本來用A貨現在用A-,我的水泥原來的磅數,是比較紮實一 : 點,它們用多少磅數的就降下來了,所以偷工減料狀況,購屋者要注意。」 : 房市專家示警,原物料飆…",needs_review,,,,2
tier:sparse,2344,華邦電,M.1605318358.A.670,2020-11-14 09:45:58,新聞,name,sparse,False,1,Re: [新聞] 成大男開戶1個月「股票慘賠14.7萬」,1,False,False,True,False,華邦電,646,"[簡稱(name)] …騙 ※ 引述《pipiboygay (喜歡男人的男生)》之銘言: : 今天看到這一篇新聞,說這個大學生初玩股票,因為無腦操作而賠了14萬多元 : 但看完之後我心裡有些問題,就是我不懂他到底是怎麼操作然後賠錢的?? : 新聞中說他買了力麗和【華邦電】等股票,陸續賠了數千到幾萬元 : 接著又說賠了14萬元不會特別傷心,也只占他本金的一半而已,根本不在乎呀 : 那我就不懂了,既然他先前有賺錢了,現在賠了14萬也不會難過在乎 : 現在既然他不缺這筆錢,也沒有要急用錢 : 那他為什麼不能把他手…",needs_review,,,,2
tier:sparse,1513,中興電,M.1709210685.A.D43,2024-02-29 20:44:45,新聞,name,sparse,False,2,[新聞] 雲豹能源攜手泰國SSP集團 開發陸域風場,2,False,False,True,False,中興電,1065,"[簡稱(name)] …能、售電平台、水處理及生質能等六大業務, 更將營運版圖延伸至100%再生塑膠袋、生物性分解廚餘、電動自行車、智慧養殖等循環經 濟項目,未來將串聯更多國際夥伴,加速海外市場投資腳步,放眼全球實現低碳永續家園 之企業 心得/評論: 原本以為【中興電】同時能吃太陽能和風能等綠電,已經很不得了了 沒想到雲豹能源橫空出世,比中興電還能賺 而且這已經數不清是第幾個強者和雲豹能源聯手了 嘻嘻…
[簡稱(name)] …、生物性分解廚餘、電動自行車、智慧養殖等循環經 濟項目,未來將串聯更多國際夥伴,加速海外市場投資腳步,放眼全球實現低碳永續家園 之企業 心得/評論: 原本以為中興電同時能吃太陽能和風能等綠電,已經很不得了了 沒想到雲豹能源橫空出世,比【中興電】還能賺 而且這已經數不清是第幾個強者和雲豹能源聯手了 嘻嘻…",needs_review,,,,2
tier:sparse,6505,台塑化,M.1601810005.A.2DD,2020-10-04 19:13:25,新聞,name,sparse,False,7,[新聞] 龍頭、配息轉機股 Q3最夯,2,False,False,True,False,台塑化,967,"[簡稱(name)] …股民數增加以存股風行或第1季的防疫股 狂潮,此波配息股、龍頭股、轉機股等三類標的受到青睞,市場震盪時催出前所未見的交 易能量。 投資人搶進瞄準權王台積電,股王大立光,高殖利率金融股中信金、玉山金、元大金、第 一金、台中銀,以及台泥、台化、【台塑化】、長榮、新興、華航、台灣大、遠傳、日月光投 控、統一、中興電、寶成、力麗等個股,使得台股多達164檔個股股民創新高。 法人分析,第3季人氣股分布在電子、傳產、金融,科技股主要是大型龍頭股,如台積電 受惠英特爾7奈米研發不順,單季飆漲38%…
[簡稱(name)] …、傳產、金融,科技股主要是大型龍頭股,如台積電 受惠英特爾7奈米研發不順,單季飆漲38%,總股民跨越50萬大關,晉升台股人氣第六強; 股王大立光雖下跌,但看好iPhone拉貨,鏡頭持續升級,投資人愈跌愈買。 傳產股長榮、新興、華航、力麗、【台塑化】等,受惠運價大漲、油價反彈、搶攻蘋果鏈等轉 機題材,買氣不遑多讓。金融、電信股發揮高殖利率題材,又以去年來人氣快速成長的玉 山金最為突出,累積已有40萬股民擁抱玉山金、直追國泰金43萬人,為人氣第五高金融股 。 https://bit.l…",needs_review,,,,2
tier:sparse,2009,第一銅,M.1621649437.A.E75,2021-05-22 10:10:37,新聞,name,sparse,False,1,Re: [新聞] 台股崩跌1400點...吳淡如見機上車「買到,1,False,False,True,False,第一銅,478,"[簡稱(name)] …已經發誓不當投機人,前兩天,我有點忍不住,違 : https://bit.ly/3eLwA6e 結果..回首來時路 5/14真的是阿呆谷 5/14買萬海 81 現在114 買長榮海 70 現在84 買【第一銅】 51 現在60 我辦公室一個就是長榮掉到70買50張 現在一算已經賺70萬了 看看第一篇下面推文XDDDDDDDDD 群眾真的都是盲目的又只會酸 難怪人家在賺錢你只能反指標…",needs_review,,,,2
tier:sparse,3036,文曄,M.1628767229.A.6E2,2021-08-12 19:20:29,標的,name_with_context,sparse,False,2,Re: [標的] 2316 楠梓電 忍辱負重多,1,False,False,True,False,文曄,1113,[簡稱(name_with_context)] …RMB 每股楠梓電有1.32股滬電 (滬電今年除權1元) 13.22*4.3*1.32 = 75 4.信仰面: https://imgur.com/Oz8dEE4 陳爸 2000張陪我們 公司派 加碼9000張 5. 有跟單【文曄】的 撥一點資金 992316 991451 XD ※ 引述《HotIvy (Ivy)》之銘言: : 唉 上次沒聽媽媽的話 : 沒賣38.25 現在27 QQ : 抱上抱下真痛 : 還有人玩這隻嗎QQ : 財報超短評 : 本業連兩季好轉…,needs_review,,,,2
tier:sparse,2344,華邦電,M.1645521879.A.C19,2022-02-22 17:24:39,新聞,name,sparse,False,4,[新聞] 不只長榮航、華航創高 專家曝這些股票都,1,False,False,True,False,華邦電,1103,"[簡稱(name)] …獅、鳳凰、五福等, 同樣提前反應解封題材,股價相繼出現走強,可進一步觀察。 至於電子股以個股表現為主,短期題材偏多者優先,如近日DRAM、NOR Flash、NAND Flash等價格趨勢向上,記憶體相關IC的群聯、鈺創、晶豪科,記憶體的【華邦電】、南亞科 ,記憶體模組的威剛等,股價相對強勢,可留意。而受惠伺服器新平台帶動,對於散熱效 能要求再拉升,如奇鋐、雙鴻等,經過橫盤整理後,近日再轉強,要列入追蹤。另外,電 動車供應鏈隨著各國政策加速推動,前景持續看好,當中如連接線器的鴻碩、詮…",needs_review,,,,2
tier:sparse,2337,旺宏,M.1641879815.A.2AB,2022-01-11 13:43:35,新聞,name_with_context,sparse,False,1,[新聞] 旺宏營收挺進500億新高 吳敏求：品質好才,6,False,False,True,True,旺宏,2253,"[簡稱(name_with_context)] …[新聞] 【旺宏】營收挺進500億新高 吳敏求:品質好才 原文標題:旺宏營收挺進500億新高 吳敏求:品質好才夠格選市場! 原文連結: https://reurl.cc/nEoMan 發布時間: 2022-01-10 13:49 聯合新聞網 / 遠見…
[簡稱(name_with_context)] …[新聞] 旺宏營收挺進500億新高 吳敏求:品質好才 原文標題:【旺宏】營收挺進500億新高 吳敏求:品質好才夠格選市場! 原文連結: https://reurl.cc/nEoMan 發布時間: 2022-01-10 13:49 聯合新聞網 / 遠見 原文內容: 半導體記憶體大廠旺宏電子2021迎來歷…
[簡稱(name_with_context)] …質好才 原文標題:旺宏營收挺進500億新高 吳敏求:品質好才夠格選市場! 原文連結: https://reurl.cc/nEoMan 發布時間: 2022-01-10 13:49 聯合新聞網 / 遠見 原文內容: 半導體記憶體大廠【旺宏】電子2021迎來歷史高點,營收可望突破500億大關,站穩利基型記 憶體龍頭寶座。個人風格鮮明的董事長吳敏求,帶領旺宏走過全額交割沉潛期,迎向新生 。 荒野裡,兩個人遇到一隻餓昏的熊,A驚慌失措地問B,「怎麼辦?怎麼辦?」豈料B氣定 神閒地…",needs_review,,,,2
tier:sparse,1513,中興電,M.1678163871.A.742,2023-03-07 12:37:51,新聞,name,sparse,False,3,[新聞] 領頭羊！證交所力推創新板　泓德能源成「,1,False,False,True,False,中興電,824,"[簡稱(name)] …市場。 心得/評論: 綠能能源股這幾天全面噴出,3/14號核二,三號機停機後,能源股大概還會再衝一波吧 感覺多大戶從過年前就在吃貨了 鴻德能源過年前70現在133 (連續兩天兩根漲停) 雲豹能源過年前也差不多70 現在123 【中興電】也漲到快100 森崴能源也快90了…",needs_review,,,,2
tier:sparse,2308,台達電,M.1587742442.A.499,2020-04-24 23:34:02,新聞,name,sparse,False,5,[新聞] 這17檔股票　國安基金連買三次都賺,1,False,False,True,False,台達電,1146,"[簡稱(name)] …年9月、2011年12月及2015年8月,最近這三次啟動護盤後,實際買進股票情況來看 ,三次護盤,國安基金都有買進的股票共有22檔,其中有17檔股票,讓國安基金連買三次 、賺三次。 這17檔股票,包括台積電、台化、統一、台塑、南亞、鴻海、【台達電】、廣達、聯發科、台 泥、矽品、台灣大、彰銀、兆豐金、遠傳、華南金及第一金。 其中三次獲利合計,讓國安基金賺最多的前五檔股票,依序是海鴻獲利22.35億元、台化 22.31億元、南亞21.488億元、兆豐金20.568億元及廣達20.35億…",needs_review,,,,2
tier:sparse,1513,中興電,M.1720507405.A.67E,2024-07-09 14:43:25,新聞,name,sparse,False,1,[新聞] 快訊／金門全島大停電！交通號誌癱瘓「小,1,False,False,True,False,中興電,383,"[簡稱(name)] …獲通報現已搶修中,初步研判與機組跳機有關,但停電原因仍待進一步釐 清。粗估至少影響近4萬戶。 心得/評論: 1. 金門縣全島傳出大停電 不只沒冷氣,連交通號誌都癱瘓 2. 不缺電,是跳電,請勿散布謠言,當了中共同路人 3. 【中興電】是最好的標的…",needs_review,,,,2
tier:sparse,2605,新興,M.1717259613.A.D9D,2024-06-02 00:33:33,標的,name_with_context,sparse,False,2,Re: [標的] 6125.TW 廣運大M空空空,1,False,False,True,False,新興,1105,[簡稱(name_with_context)] …=====================跟廣運無關的分界線================= 前段時間我從陽明(67)出掉跳到新興(28.5) 中間也一段時間陽明多漲快20% XD 但是如果陽明捏到現在 其實額外的報酬率也跟跳到【新興】差不多 有時候選擇位階相對低的 搖起來也比較不會慌 另外大盤的看法 本來美股星期五睡覺之前都破線 睡醒都拉回 代表這波party至少還可以持續一段時間 之前買的put昨天看到從211xx拉到21200以上就先出掉了 等大盤拉…,needs_review,,,,2
tier:sparse,1301,台塑,M.1611632074.A.449,2021-01-26 11:34:34,新聞,name_with_context,sparse,False,1,[新聞] 快訊／竹科「晶圓原料」槽車翻覆！恐怖,1,False,False,True,False,台塑,543,"[簡稱(name_with_context)] …稱Silane,係由矽及氫合成,為半導體重要的原料,用於生 產製成晶圓等,矽甲烷為自燃性氣體與空氣接觸便會自燃,並釋放出未結晶的二氧化矽 。矽甲烷和水接觸後會形成矽酸 (silicic acid) 具有腐蝕性的危害。 3.心得/評論: 【台塑】發爐救股價,積晶翻車救散戶。 發正念救股價!缺貨斷工發大財!…",needs_review,,,,2
tier:sparse,1504,東元,M.1678435017.A.AD7,2023-03-10 15:56:57,新聞,name_with_context,sparse,False,1,[新聞] 東元2月營收創13年來同期高,11,False,False,True,True,東元,682,"[簡稱(name_with_context)] …[新聞] 【東元】2月營收創13年來同期高 東元2月營收創13年來同期高 智慧能源營收倍增 2023/3/10 14:54 來源 中央社 原文 https://reurl.cc/ZXWZKl 記者鍾榮峰 (中央社記者鍾榮峰台北10日電)機電大廠東元今天下午…
[簡稱(name_with_context)] …[新聞] 東元2月營收創13年來同期高 【東元】2月營收創13年來同期高 智慧能源營收倍增 2023/3/10 14:54 來源 中央社 原文 https://reurl.cc/ZXWZKl 記者鍾榮峰 (中央社記者鍾榮峰台北10日電)機電大廠東元今天下午公布2月合併營收新台幣46.0…
[簡稱(name_with_context)] …新聞] 東元2月營收創13年來同期高 東元2月營收創13年來同期高 智慧能源營收倍增 2023/3/10 14:54 來源 中央社 原文 https://reurl.cc/ZXWZKl 記者鍾榮峰 (中央社記者鍾榮峰台北10日電)機電大廠【東元】今天下午公布2月合併營收新台幣46.01億 元,是13年來同期高點。東元指出,機電系統暨自動化事業群及智慧能源事業群同步成長 ,其中智慧能源事業群營收與去年同期相比倍數成長。 東元2月自結合併營收46.01億元,較1月45.23億元微增1…",needs_review,,,,2
tier:sparse,2607,榮運,M.1727085965.A.8FC,2024-09-23 18:06:05,新聞,name_with_context,sparse,False,1,[新聞] FT：美國港口罷工下個月一觸即發 供應鏈,1,False,False,True,False,榮運,999,"[簡稱(name_with_context)] …。「如果 新的主合約協議未能達成,沉睡的巨人將在2024年10月1日周二準備咆哮。」「我的成員 已經為可能的罷工準備一年之久。」 心得/評論:各大港口說好的一起串連罷工嗎? 不過應該沒人看到上周運價跌... 今天跑去放空的吧!? 長【榮運】價跌一個多月.. 股價反而創一個多月來短期新高 外資今天大買特買 說好的沒人玩航運呢! 怎都被外資掃光 https://i.imgur.com/hMJfx4X.jpeg https://i.imgur.com/V7QiOZw.jpeg…",needs_review,,,,2
tier:sparse,1608,華榮,M.1690965677.A.01D,2023-08-02 16:41:17,新聞,name_with_context,sparse,False,2,[新聞] 「能源聖杯」可實踐？投資者搶搭「超導熱,1,False,False,True,False,華榮,1031,"[簡稱(name_with_context)] …,自7月27日至31日期間飆漲34.22%。 這股超導熱也帶動台股相關個股,由於LK-99為銅摻雜的鉛磷灰石,導致銅、鉛概念股也跟著飆升,國內最大鉛合金提煉製造商泰銘、銅片大廠第一銅及絞銅線廠商太空梭昨日直衝漲停,金益鼎也大漲3.89%,【華榮】、大山、華新則上漲1%至4%。即便今天台股大跌,相關個股仍延續凶猛漲勢,可見投資者對常溫超導體的前景十分看好,已打算搶先一步進場投資。 心得/評論: 這兩天最熱的就這話題 各種分析評論看了一圈 該上車上車,該觀望觀望 熱度能維持多久…",needs_review,,,,2
tier:sparse,2014,中鴻,M.1620885818.A.389,2021-05-13 14:03:38,心得,name_with_context,sparse,False,2,Re: [心得] 一張不賣奇蹟自來,1,False,False,True,False,中鴻,417,[簡稱(name_with_context)] …自來 補上對帳單 可對照昨天股數跟淨值 https://i.imgur.com/EvrnHLw.jpg https://i.imgur.com/pyhtFxm.jpg 今天依然是抱股看戲 手上大部分持股依然是今天殺盤重點 南紡 長榮 【中鴻】 大成鋼跌停 寶隆跌8%多 昇佳跌快7% 連三天累積虧損達364萬 但我依然一張都沒有賣 各位兄弟黑暗就快過去 我們一起向市場之神祈禱吧 ※ 引述《//i.imgur.com/1Bc0erK.jpg》之銘言: : 大家放心 :…,needs_review,,,,2
tier:sparse,2616,山隆,M.1734511692.A.296,2024-12-18 16:48:12,請益,name_with_context,sparse,False,3,[請益] 會大起大落的ETF?,1,False,False,True,False,山隆,420,"[簡稱(name_with_context)] …[請益] 會大起大落的ETF? 以後大部位操作應該只會買0050+SPY+QQQ相關的ETF了 真的被0050反1這種垃圾ETF和台塑家族的股票搞死 多年積攢的血汗錢賠掉好多 以前台塑、【山隆】 這種跟油有關的,雜誌、理財節目、版上一定常常會推的定存股 現在是定存骨,7個石化廠 把台韓都卷死了 現在台積電風光,可是難保他20年後還是每年EPS超過50 買0050這種優點就不贅述了,自動會把爛股踢出去(ex:台化快了) 想請…",needs_review,,,,2
tier:sparse,1110,東泥,M.1727407673.A.499,2024-09-27 11:27:53,情報,code,sparse,False,1,[情報] 2634 漢翔公司說明稿,1,True,False,False,False,,579,"[代號] …資料」報導 ,本公司工程師於公開社群帳號,多次分享包含國機國造的高教機及下一代戰機的工程機 敏資料。本公司說明如下: 經查,報載工程師確為本公司員工,目前負責環控系統與相關熱流分析工作。本公司各架 勇鷹號交付空軍後,均依程序驗收及服役,惟【1110】機服役期間,發現機艙噪音及抖動現象 ,返廠進行測試及改善,該員為工程處置團隊中的一員,執行飛機異常狀態分析與排除作 業,在處置期間加班頻繁,因而於個人社群媒體抒發。 再查,本公司經該員同意,進入其社群帳號後台,逐一檢視所有貼文、限時動態典…",needs_review,,,,2
tier:sparse,2108,南帝,M.1617518540.A.730,2021-04-04 14:42:20,請益,name_with_context,sparse,False,1,Re: [請益] 散戶是不是都落後資訊？如何選股？,1,False,False,True,False,南帝,842,[簡稱(name_with_context)] …技術分析 : 什麼籌碼面都是浮雲 : 主力想拉就拉 想跌就跌 : 只是在幫漲跌找理由罷了 : 板上少年股神可以開示一下嗎? 1. 漲幅排行榜中挑有基本面的強勢股 5. 財務估算目前股價低估 6. 殖利率位於歷史殖利率區間下緣 1.【南帝】 https://i.imgur.com/fDodZQn.jpg 1.強勢股 2.有基本面 3.營收成長 https://i.imgur.com/Gwp5iLr.jpg https://i.imgur.com/jvKUiHs.jpg 漲…,needs_review,,,,2
tier:sparse,1907,永豐餘,M.1623733257.A.9E9,2021-06-15 13:00:57,標的,name,sparse,False,1,Re: [標的] 台玻 jojo多,1,False,False,True,False,永豐餘,436,"[簡稱(name)] …Re: [標的] 台玻 jojo多 認真說,看到這種新聞才要擔心。 為何呢? 你知我知獨眼龍也知, 國營企業的瓶支毛利最低毛最多, 小瓶子一支不到十塊錢,載運又麻煩, 在原物料裡面,就玻璃反應最不明顯, 看看【永豐餘】... 所以看到台玻連台酒的單都接, 各位知道怎麼做了吧...... ※ 引述 《twnndnpdnc (資收王)》 之銘言: : 標題: [標的] 台玻 jojo多 : 時間: Tue Jun 15 11:49:23 2021 :…",needs_review,,,,2
tier:sparse,2605,新興,M.1734434358.A.021,2024-12-17 19:19:18,新聞,name_with_context,sparse,False,1,[新聞] 三福化全年營運仍看成長；明年半導體業,3,False,False,True,False,新興,1020,"[簡稱(name_with_context)] …2024-12-17 16:31:42 記者署名: 記者 劉莞青 原文內容: 三福化(4755)今(17)日舉辦法說會,會中董事長巫信弘看好今(2024)年在新工程收入開發 進帳挹注下,全年營收應該可有正向成長,未來會持續推動越南、【新興】化學品產銷工作, 冀營收、獲利向上。而展望2025年,三福化暫看會有中個位數的營收成長表現,主要是前 幾年資本支出較高的新興化學品與先進封裝材料的成長帶動,且越南材料與氣體廠的稼動 率表現都會慢慢轉好。 董事長巫信弘在法說會致詞中表示,2…
[簡稱(name_with_context)] …會,會中董事長巫信弘看好今(2024)年在新工程收入開發 進帳挹注下,全年營收應該可有正向成長,未來會持續推動越南、新興化學品產銷工作, 冀營收、獲利向上。而展望2025年,三福化暫看會有中個位數的營收成長表現,主要是前 幾年資本支出較高的【新興】化學品與先進封裝材料的成長帶動,且越南材料與氣體廠的稼動 率表現都會慢慢轉好。 董事長巫信弘在法說會致詞中表示,2024年雖然少了代理業務的收入,但是有開發多年的 高壓氧艙的工程收入進帳;面板客戶雖然面臨減產,但是其他產業的營收則有增加,…
[簡稱(name_with_context)] …預期 全年營收估落在50幾億元上下,仍然保持成長。他也看好,後續三福化會持續加大分公司 如越南廠、顯影劑回收相關的產銷工作,繼續推動三福化營收、獲利慢慢向上。 在2025年展望上,三福化暫估會有5~6%的營收成長,主要來自CoWoS材料、【新興】化學品的 顯影劑回收所帶動,且這些相關資本支出前幾年已陸續投入,2025年預期有較好回收;越 南方面,材料廠逐漸走出越南太陽能業者被反傾銷調查的影響,2025年冀稼動率可以從現 在30%以下慢慢回到50%以上,氣體廠則可從現在60%拉高到8…",needs_review,,,,2
bulk,2330,台積電,M.1673333948.A.910,2023-01-10 14:59:08,情報,code,dense,True,28,[情報] 0110 上市投信買賣超排行,2,True,False,True,False,台積電|台積,2687,"[代號] …930 8 2368金像電 741 9 2201裕隆 700 10 0050元大台灣50 600 11 2327國巨 523 12 【2330】台積電 494 13 2317鴻海 429 14 6443元晶 427 15 2027大成鋼 421 16 2002中鋼 411 17…
[簡稱(name)] …930 8 2368金像電 741 9 2201裕隆 700 10 0050元大台灣50 600 11 2327國巨 523 12 2330【台積電】 494 13 2317鴻海 429 14 6443元晶 427 15 2027大成鋼 421 16 2002中鋼 411 17…",auto_correct,代號與簡稱互相印證（兩個獨立訊號一致）,,,3
bulk,1760,寶齡富錦,M.1644846010.A.C91,2022-02-14 21:40:10,情報,code,sparse,True,2,[情報] 0214 處置股票與注意股票統計分析,2,True,False,True,False,寶齡富錦,2214,"[代號] …-4% 5個交易日後 20分 10天 6111 大宇資 -3.77% 5個交易日後 20分 10天 3707 漢磊 -4.98% 5個交易日後 5分 10天 【1760】 寶齡富錦 4.72% 5個交易日後 5分 10天 3228 金麗科 -3.97% 5個交易日後 5分 10天 6547 高端疫苗 -1.23% 5個交易日後 5分 1…
[簡稱(name)] …-4% 5個交易日後 20分 10天 6111 大宇資 -3.77% 5個交易日後 20分 10天 3707 漢磊 -4.98% 5個交易日後 5分 10天 1760 【寶齡富錦】 4.72% 5個交易日後 5分 10天 3228 金麗科 -3.97% 5個交易日後 5分 10天 6547 高端疫苗 -1.23% 5個交易日後 5分 10天 61…",auto_correct,代號與簡稱互相印證（兩個獨立訊號一致）,,,3
bulk,1802,台玻,M.1667544799.A.BFF,2022-11-04 14:53:19,情報,code,sparse,True,27,[情報] 1104 上市投信買賣超排行,1,True,False,True,False,台玻,2565,[代號] …636 12 2886兆豐金 597 13 2892第一金 545 14 6456GIS-KY 470 15 2409友達 428 16 【1802】台玻 413 17 8046南電 413 18 3702大聯大 387 19 2881富邦金 382 20 2882國泰金 371 21…,auto_correct,代號與簡稱互相印證（兩個獨立訊號一致）,,,3
bulk,2707,晶華,M.1735636855.A.F3A,2024-12-31 17:20:55,情報,code,sparse,True,23,[情報] 00915/00918等相關指數成分股審核結果,1,True,False,True,False,晶華,1308,[代號] …強、2454 聯發科、 2504 國產、2603 長榮、2727 王品、2881 富邦金、3008 大立光、 6689 伊雲谷、6873 泓德能源 成分股刪除(12): 1806 冠軍、2383 台光電、2542 興富發、2618 長榮航、【2707】 晶華、 2891 中信金、3034 聯詠、3045 台灣大、3708 上緯投控、5434 崇越、 6176 瑞儀、8454 富邦媒 00923 臺灣ESG低碳50指數 190.62億 成分股納入(4):2360 致茂、3665 貿聯-KY…,auto_correct,代號與簡稱互相印證（兩個獨立訊號一致）,,,3
bulk,2002,中鋼,M.1700118178.A.88E,2023-11-16 15:02:58,情報,code,dense,True,27,[情報] 1116 上市投信買賣超排行,1,True,False,True,False,中鋼,2754,"[代號] …1,078 7 4770 上品 1,000 8 2610 華航 945 9 3376 新日興 789 10 1101 台泥 658 11 【2002】 中鋼 644 12 1519 華城 566 13 9914 美利達 489 14 2329 華泰 476 15 1605 華新 466 16…",auto_correct,代號與簡稱互相印證（兩個獨立訊號一致）,,,3
bulk,2323,中環,M.1703837635.A.EC7,2023-12-29 16:13:55,情報,code,dense,True,26,[情報] 1229 上市外資買賣超排行,1,True,False,True,False,中環,3062,"[代號] …潤泰新 -2,061 25 3706 神達 -1,958 26 00929 復華台灣科技優息 -1,843 27 2454 聯發科 -1,775 28 【2323】 中環 -1,690 29 4967 十銓 -1,580 30 2903 遠百 -1,564 31 2303 聯電 -1,472 32 2014…",auto_correct,代號與簡稱互相印證（兩個獨立訊號一致）,,,3
bulk,2330,台積電,M.1624972023.A.C65,2021-06-29 21:07:03,情報,code,dense,True,12,[情報] 110年06月29日信用交易統計,2,True,False,True,False,台積電|台積,1793,"[代號] …3 張 2034允強 資減 4,303 張 券增 1,782 張 2010春源 資增 778 張 券增 117 張 ================================== 大哥二哥 【2330】台積電 資增 29 張 券增 5 張 2303聯電 資減 2,697 張 券增 82 張 ================================== 2642宅配通 資減…
[簡稱(name)] …張 2034允強 資減 4,303 張 券增 1,782 張 2010春源 資增 778 張 券增 117 張 ================================== 大哥二哥 2330【台積電】 資增 29 張 券增 5 張 2303聯電 資減 2,697 張 券增 82 張 ================================== 2642宅配通 資減 7…",auto_correct,代號與簡稱互相印證（兩個獨立訊號一致）,,,3
bulk,2915,潤泰全,M.1672142055.A.C63,2022-12-27 19:54:15,情報,code,sparse,True,5,[情報] 1227 上市櫃外資投信同買排行,1,True,False,True,False,潤泰全,764,[代號] …+0.15 930 370 5 2324仁寶 23 0 753 1675 6 9910豐泰 207.5 -2.5 743 14 7 【2915】潤泰全 67.9 +0.6 696 76 8 2634漢翔 35 -0.25 634 425 9 2356英業達 26.15 +0.05 595…,auto_correct,代號與簡稱互相印證（兩個獨立訊號一致）,,,3
bulk,1533,車王電,M.1635527335.A.9E3,2021-10-30 01:08:55,情報,code,sparse,True,4,[情報] 1029 處置股票與注意股票統計分析,2,True,False,True,False,車王電,4272,"[代號] …個交易日後 價、量 5分 10天 2314 台揚 1.94% 5個交易日後 價、量 5分 10天 8183 精星 2.99% 5個交易日後 價、量 5分 10天 【1533】 車王電 2.2% 5個交易日後 5分 10天 6684 安格 -0.59% 5個交易日後 5分 10天 6243 迅杰 9.9…
[簡稱(name)] …價、量 5分 10天 2314 台揚 1.94% 5個交易日後 價、量 5分 10天 8183 精星 2.99% 5個交易日後 價、量 5分 10天 1533 【車王電】 2.2% 5個交易日後 5分 10天 6684 安格 -0.59% 5個交易日後 5分 10天 6243 迅杰 9.9%…",auto_correct,代號與簡稱互相印證（兩個獨立訊號一致）,,,3
bulk,1308,亞聚,M.1654498075.A.2AE,2022-06-06 14:47:55,情報,code,sparse,True,21,[情報] 0606上市投信買賣超排行,1,True,False,True,False,亞聚,3387,[代號] …-631 11 2049上銀 680 11 1605華新 -539 12 2317鴻海 592 12 【1308】亞聚 -510 13 2637慧洋-KY 551 13 4755三福化 -424 14 1301台塑 474 14…,auto_correct,代號與簡稱互相印證（兩個獨立訊號一致）,,,3
bulk,1319,東陽,M.1735541491.A.B77,2024-12-30 14:51:31,情報,code,sparse,True,24,[情報] 1230 上市投信買賣超排行,1,True,False,True,False,東陽,4475,[代號] …元大金 144 3010 華立 136 8150 南茂 135 【1319】 東陽 134 1101 台泥 131 3008 大立光 125…,auto_correct,代號與簡稱互相印證（兩個獨立訊號一致）,,,3
bulk,1303,南亞,M.1733385941.A.B3A,2024-12-05 16:05:41,情報,code,sparse,True,25,[情報] 1205 上市外資買賣超排行,1,True,False,True,False,南亞,4559,"[代號] …華邦電 -5,851 2615 萬海 -4,812 00637L 元大滬深300正2 -4,471 【1303】 南亞 -4,298 1301 台塑 -4,068 2409 友達…",auto_correct,代號與簡稱互相印證（兩個獨立訊號一致）,,,3
bulk,2330,台積電,M.1664269761.A.3A9,2022-09-27 17:09:21,情報,code,dense,True,5,[情報] 0927 上市櫃外資投信買超金額排行,2,True,False,True,False,台積電|台積,890,"[代號] …42.5 -3 資料來源:https://tinyurl.com/57bdwj9z 投信 排行 股票名稱 百萬 收盤價 漲跌 1 3443創意 244 585 +9 2 【2330】台積電 161 448 +1.5 3 2376技嘉 142 89 -0.2 4 2912統一超 133 281 +3.5 5 1402遠東新 1…
[簡稱(name)] …-3 資料來源:https://tinyurl.com/57bdwj9z 投信 排行 股票名稱 百萬 收盤價 漲跌 1 3443創意 244 585 +9 2 2330【台積電】 161 448 +1.5 3 2376技嘉 142 89 -0.2 4 2912統一超 133 281 +3.5 5 1402遠東新 126…",auto_correct,代號與簡稱互相印證（兩個獨立訊號一致）,,,3
bulk,1514,亞力,M.1702368680.A.379,2023-12-12 16:11:20,情報,code,sparse,True,27,[情報] 1212 上市外資買賣超排行,1,True,False,True,False,亞力,3065,"[代號] …715 定穎投控 -2,219 30 2331 精英 -2,083 31 3338 泰碩 -1,990 32 1314 中石化 -1,971 33 【1514】 亞力 -1,952 34 1609 大亞 -1,898 35 2913 農林 -1,836 36 2516 新建 -1,784 37 9105…",auto_correct,代號與簡稱互相印證（兩個獨立訊號一致）,,,3
bulk,1504,東元,M.1733813430.A.852,2024-12-10 14:50:30,情報,code,sparse,True,27,[情報] 1210 上市投信買賣超排行,1,True,False,True,False,東元,4453,"[代號] …和碩 -1,382 2610 華航 -1,290 2892 第一金 -1,247 【1504】 東元 -1,245 4904 遠傳 -1,193 3045 台灣大…",auto_correct,代號與簡稱互相印證（兩個獨立訊號一致）,,,3
bulk,1216,統一,M.1642665342.A.5F3,2022-01-20 15:55:42,情報,code,sparse,True,31,[情報] 0120上市投信買賣超排行,1,True,False,True,False,統一,3398,[代號] …-173 41 3665貿聯-KY 150 41 1476儒鴻 -161 42 2354鴻準 140 42 【1216】統一 -151 43 3380明泰 139 43 6285啟碁 -150 44 2108南帝 125 44…,auto_correct,代號與簡稱互相印證（兩個獨立訊號一致）,,,3
bulk,2002,中鋼,M.1706511339.A.93D,2024-01-29 14:55:39,情報,code,dense,True,32,[情報] 0129 上市投信買賣超排行,1,True,False,True,False,中鋼,4379,[代號] …智伸科 -20 1102 亞泥 -17 2308 台達電 -14 【2002】 中鋼 -14 1101 台泥 -12 1605 華新 -1…,auto_correct,代號與簡稱互相印證（兩個獨立訊號一致）,,,3
bulk,1301,台塑,M.1622098320.A.3F9,2021-05-27 14:52:00,情報,code,sparse,True,33,[情報] 0527 上市投信買賣超排行,1,True,False,True,False,台塑,3293,[代號] …-179 27 4961天鈺 309 27 2886兆豐金 -122 28 3003健和興 290 28 【1301】台塑 -117 29 8150南茂 289 29 6505台塑化 -110 30 2912統一超 276 30…,auto_correct,代號與簡稱互相印證（兩個獨立訊號一致）,,,3
bulk,1301,台塑,M.1698057316.A.B94,2023-10-23 18:35:16,情報,code,sparse,True,8,[情報] 112/10/23 八大公股銀行買賣超排行,1,True,False,True,False,台塑,2858,[代號] …0 18 富邦台灣半導體 -648 19 中鋼 1707 19 亞太電 -639 20 新光金 1320 20 長榮 -638 21 中信美國公債0-1 【1301】 21 欣興 -629 22 新興 1282 22 中工 -614 23 毅嘉 1190 23 聯強 -606 24 國泰台灣領袖50 1…,auto_correct,代號與簡稱互相印證（兩個獨立訊號一致）,,,3
bulk,1301,台塑,M.1633071191.A.490,2021-10-01 14:53:11,情報,code,sparse,True,31,[情報] 1001上市投信買賣超排行,1,True,False,True,False,台塑,2723,"[代號] …2,531 2 1802台玻 -1,905 3 2002中鋼 1,993 3 2368金像電 -1,558 4 【1301】台塑 1,667 4 2313華通 -1,330 5 2883開發金 1,313 5 2345智邦 -1,321…",auto_correct,代號與簡稱互相印證（兩個獨立訊號一致）,,,3
bulk,1612,宏泰,M.1636620411.A.2B8,2021-11-11 16:46:51,情報,code,sparse,True,33,[情報] 1111上市外資買賣超一日排行,1,True,False,True,False,宏泰,5588,"[代號] …1,749 30 00885 富邦越南 17.40 + 0.08 +0.46% 1,729 31 6443 元晶 37.55 -1.30 -3.35% 1,676 32 【1612】 宏泰 26.30 + 0.50 +1.94% 1,575 33 2537 聯上發 10.25 + 0.05 +0.49% 1,391 34 3545 敦泰 154.5…",auto_correct,代號與簡稱互相印證（兩個獨立訊號一致）,,,3
bulk,2707,晶華,M.1678692183.A.789,2023-03-13 15:23:03,情報,code,sparse,True,29,[情報] 0313 上市投信買賣超排行,1,True,False,True,False,晶華,2778,[代號] …5 28 6456GIS-KY -263 29 1101台泥 -252 30 1752南光 -250 31 2376技嘉 -228 32 【2707】晶華 -221 33 6239力成 -211 34 2360致茂 -200 35 3706神達 -200 36 2723美食-KY -1…,auto_correct,代號與簡稱互相印證（兩個獨立訊號一致）,,,3
bulk,1102,亞泥,M.1721372289.A.E27,2024-07-19 14:58:09,情報,code,sparse,True,28,[情報] 0719 上市投信買賣超排行,1,True,False,True,False,亞泥,4496,"[代號] …上海商銀 5,129 1402 遠東新 5,008 2303 聯電 4,753 【1102】 亞泥 4,479 3702 大聯大 4,159 3711 日月光投控 3,…",auto_correct,代號與簡稱互相印證（兩個獨立訊號一致）,,,3
bulk,2812,台中銀,M.1587197352.A.A26,2020-04-18 16:09:12,其他,code,sparse,True,19,[其他] 2020年上市櫃公司殖利率排行(4/17),2,True,False,True,False,台中銀,7294,"[代號] …0.5 15.1 1.48 2816 旺旺保 7.28 1.38 0.5 18.95 3.3 3556 禾瑞亞 7.28 3.3 0 45.35 3.29 【2812】 台中銀 7.27 0.8 0.52 11 1.16 2542 興富發 7.26 3 1 41.3 0.82 3015 全漢 7.25 1.…
[簡稱(name)] …15.1 1.48 2816 旺旺保 7.28 1.38 0.5 18.95 3.3 3556 禾瑞亞 7.28 3.3 0 45.35 3.29 2812 【台中銀】 7.27 0.8 0.52 11 1.16 2542 興富發 7.26 3 1 41.3 0.82 3015 全漢 7.25 1.5 0…",auto_correct,代號與簡稱互相印證（兩個獨立訊號一致）,,,3
bulk,2349,錸德,M.1686125457.A.228,2023-06-07 16:10:57,情報,code,sparse,True,25,[情報] 0607 上市外資買賣超排行,1,True,False,True,False,錸德,3027,"[代號] …9 28 00680L 元大美債 2,509 29 2892 第一金 2,283 30 8112 至上 2,232 31 2498 宏達電 2,218 32 【2349】 錸德 2,214 33 1907 永豐餘 2,209 34 2867 三商壽 2,193 35 2329 華泰 2,193 36 2312 金寶…",auto_correct,代號與簡稱互相印證（兩個獨立訊號一致）,,,3
bulk,1760,寶齡富錦,M.1670223789.A.09B,2022-12-05 15:03:09,情報,code,sparse,True,31,[情報] 1205 上市投信買賣超排行,2,True,False,True,False,寶齡富錦,2730,"[代號] …1,050 15 2634漢翔 1,000 16 2357華碩 856 17 2723美食-KY 818 18 6491晶碩 758 19 【1760】寶齡富錦 690 20 2421建準 618 21 3037欣興 610 22 2327國巨 580 23 3702大聯大 531 24…
[簡稱(name)] …0 15 2634漢翔 1,000 16 2357華碩 856 17 2723美食-KY 818 18 6491晶碩 758 19 1760【寶齡富錦】 690 20 2421建準 618 21 3037欣興 610 22 2327國巨 580 23 3702大聯大 531 24 2…",auto_correct,代號與簡稱互相印證（兩個獨立訊號一致）,,,3
bulk,1721,三晃,M.1653897881.A.C07,2022-05-30 16:04:41,情報,code,sparse,True,29,[情報] 0530上市外資買賣超排行,1,True,False,True,False,三晃,3364,[代號] …-360 46 2498宏達電 2300 46 2006東和鋼鐵 -346 47 2886兆豐金 2260 47 【1721】三晃 -340 48 2368金像電 2194 48 3034聯詠 -319 49 1609大亞 2107 49…,auto_correct,代號與簡稱互相印證（兩個獨立訊號一致）,,,3
bulk,2337,旺宏,M.1623048743.A.C29,2021-06-07 14:52:23,情報,code,sparse,True,26,[情報] 0607上市投信買賣超排行,1,True,False,True,False,旺宏,3356,[代號] …487 12 2027大成鋼 -358 13 2504國產 400 13 2882國泰金 -322 14 【2337】旺宏 358 14 2356英業達 -290 15 2379瑞昱 266 15 2324仁寶 -282 16…,auto_correct,代號與簡稱互相印證（兩個獨立訊號一致）,,,3
bulk,2317,鴻海,M.1662029257.A.EDA,2022-09-01 18:47:37,情報,code,dense,True,28,Re: [情報] 0901 上市外資買賣超排行,1,True,False,True,False,鴻海,5414,"[代號] …-24,864 : 3 2330台積電 -18,602 : 4 00878國泰永續高股息 -18,150 : 5 2884玉山金 -17,843 : 6 【2317】鴻海 -14,897 : 7 2887台新金 -14,321 : 8 00893國泰智能電動車 -14,182 : 9 6770力積電 -13,548 : 10…",auto_correct,代號與簡稱互相印證（兩個獨立訊號一致）,,,3
bulk,2845,遠東銀,M.1734509089.A.368,2024-12-18 16:04:49,情報,code,sparse,True,29,[情報] 1218 上市外資買賣超排行,1,True,False,True,False,遠東銀,4581,"[代號] …亞光 5,853 1402 遠東新 5,622 2610 華航 5,546 【2845】 遠東銀 5,508 8070 長華* 4,819 1326 台化…",auto_correct,代號與簡稱互相印證（兩個獨立訊號一致）,,,3
bulk,2002,中鋼,M.1675325721.A.6B0,2023-02-02 16:15:21,情報,code,dense,True,30,[情報]0202 上市外資買賣超排行,1,True,False,True,False,中鋼,3040,"[代號] …00878 國泰永續高股息 -10,356 8 2884 玉山金 -9,063 9 2888 新光金 -7,545 10 2201 裕隆 -7,504 11 【2002】 中鋼 -5,183 12 3481 群創 -4,971 (喵嗚...) 13 2834 臺企銀 -4,488 14 2880 華南金 -4,425 15 24…",auto_correct,代號與簡稱互相印證（兩個獨立訊號一致）,,,3
bulk,1611,中電,M.1639071222.A.E20,2021-12-10 01:33:42,情報,code,silent,True,2,[情報] 1209 處置股票與注意股票統計分析,1,True,False,True,False,中電,4140,[代號] …72% 4個交易日後 5分 10天 [8] 911608 明輝-DR 0.27% 4個交易日後 5分 10天 [8] 911868 同方友友-DR -0.77% 4個交易日後 5分 10天 【1611】 中電 0.8% 5個交易日後 20分 10天 3228 金麗科 -2.73% 5個交易日後 20分 10天 6235 華孚 -0.67% 5個交易日後 20…,auto_correct,代號與簡稱互相印證（兩個獨立訊號一致）,,,3
bulk,2913,農林,M.1681978262.A.A0B,2023-04-20 16:11:02,情報,code,sparse,True,32,[情報] 0420 上市外資買賣超排行,1,True,False,True,False,農林,2982,"[代號] …605 華新 -3,425 19 6285 啟碁 -3,277 20 1513 中興電 -3,249 21 3715 定穎投控 -3,215 22 【2913】 農林 -2,960 23 8222 寶一 -2,950 24 2002 中鋼 -2,741 25 3231 緯創 -2,665 26 2498…",auto_correct,代號與簡稱互相印證（兩個獨立訊號一致）,,,3
bulk,2347,聯強,M.1720162504.A.697,2024-07-05 14:55:04,情報,code,sparse,True,21,[情報] 0705 上市投信買賣超排行,1,True,False,True,False,聯強,4456,"[代號] …華通 -8,238 5469 瀚宇博 -5,997 4958 臻鼎-KY -5,987 【2347】 聯強 -5,547 3037 欣興 -4,224 3189 景碩…",auto_correct,代號與簡稱互相印證（兩個獨立訊號一致）,,,3
bulk,2344,華邦電,M.1636630682.A.9F1,2021-11-11 19:38:02,情報,code,sparse,True,4,[情報] 1111 上市櫃外資投信買超金額排行,2,True,False,True,False,華邦電,878,"[代號] …3 2 3515華擎 442 237.5 +21.5 3 2436偉詮電 244 93.4 +8.4 4 6278台表科 122 122 +10 5 【2344】華邦電 114 28.35 0 6 6515穎崴 91.2 366.5 +28.5 7 6271同欣電 89.2 286 -2 8 2609陽明 76.6…
[簡稱(name)] …3515華擎 442 237.5 +21.5 3 2436偉詮電 244 93.4 +8.4 4 6278台表科 122 122 +10 5 2344【華邦電】 114 28.35 0 6 6515穎崴 91.2 366.5 +28.5 7 6271同欣電 89.2 286 -2 8 2609陽明 76.6 1…",auto_correct,代號與簡稱互相印證（兩個獨立訊號一致）,,,3
bulk,2303,聯電,M.1653979530.A.F0F,2022-05-31 14:45:30,情報,code,dense,True,29,[情報] 0531上市投信買賣超排行,1,True,False,True,False,聯電,3423,[代號] …-2646 13 2324仁寶 1186 13 2014中鴻 -2200 14 3036文曄 1004 14 【2303】聯電 -1962 15 2885元大金 935 15 1402遠東新 -1841 16 2481強茂 872 16…,auto_correct,代號與簡稱互相印證（兩個獨立訊號一致）,,,3
bulk,2303,聯電,M.1726733282.A.3A7,2024-09-19 16:08:02,情報,code,dense,True,19,[情報] 0919 上市外資買賣超排行,1,True,False,True,False,聯電,3041,"[代號] …美債20正2 -2,504 13 2382 廣達 -2,457 14 2454 聯發科 -2,315 15 00713 元大台灣高息低波 -2,245 16 【2303】 聯電 -2,213 17 3062 建漢 -2,203 18 2317 鴻海 -1,809 19 2504 國產 -1,766 20 3189…",auto_correct,代號與簡稱互相印證（兩個獨立訊號一致）,,,3
bulk,2308,台達電,M.1636017507.A.BCC,2021-11-04 17:18:27,情報,code,sparse,True,4,[情報] 1104 上市櫃外資投信買超金額排行,2,True,False,True,False,台達電,884,"[代號] …買超金額排行 外資 排行 股票名稱 百萬 收盤價 漲跌 1 3037欣興 750 190 +2.5 2 2618長榮航 585 21 +0.3 3 【2308】台達電 498 253.5 +6.5 4 2610華航 401 19.2 +0.1 5 8046南電 342 535 +5 6 3481群創 3…
[簡稱(name)] …排行 外資 排行 股票名稱 百萬 收盤價 漲跌 1 3037欣興 750 190 +2.5 2 2618長榮航 585 21 +0.3 3 2308【台達電】 498 253.5 +6.5 4 2610華航 401 19.2 +0.1 5 8046南電 342 535 +5 6 3481群創 327…",auto_correct,代號與簡稱互相印證（兩個獨立訊號一致）,,,3
collision:1216,1216,統一,M.1616733868.A.8E1,2021-03-26 12:44:28,標的,code,sparse,False,1,[標的] 1216 統一 清明多 端午多多 中秋多多多,1,True,True,True,True,統一,235,"[代號] …[標的] 【1216】 統一 清明多 端午多多 中秋多多多 2. 分類:多 3. 分析/正文: 1.清明開始進入食品類股旺季,過年屯的糧都消耗的差不多了,需求開始湧現! 2.去年受疫情影響,EPS還創次高,今年正常發揮的話,獲利應該相當可觀 3.長期…",auto_correct,代號出現在標題（標題非排行表欄位）,,,3
collision:1216,1216,統一,M.1655700995.A.DED,2022-06-20 12:56:35,新聞,code,sparse,False,3,[新聞] 貴到吃不下！台灣食物通膨率排名亞洲第二,1,True,False,True,False,統一,1192,"[代號] …因,那為什麼台灣牛奶比新加坡還貴 按照這道理,台灣四面環海,那為什麼海鮮也特貴 不過我也不知道了,剛需的消耗品花費增加,加上電費(疑似)要漲的消息 對台股整體不會是好消息 硬要說觀察標的的話 卜蜂(1215) 味全(1201) 統一(【1216】)…",auto_correct,代號與簡稱互相印證（兩個獨立訊號一致）,,,3
collision:1216,1216,統一,M.1604973641.A.5F3,2020-11-10 10:00:41,標的,code,sparse,False,1,[標的] 1216多,2,True,True,True,False,統一,517,"[代號] …[標的] 【1216】多 ------------------------------------------------------------------------- 1.發文前請先詳閱[標的]分類發文規範,未依規範發文將受處份。 2.發標的文未充實內文,…
[代號] …機制若非長期投資,請輸入停損價,否則依板規1-1-6處份 4.若為長期投資,但無充份分析理由,將依板規1-1-5處份 4.請依格式輸入內容,未依格式者板規1-1-2砍文處份。 5.分類選填請益或心得者,進退場機制得刪去。 1. 標的: 【1216】 統一 2. 分類:多/空/請益/心得 多 3. 分析/正文: 1.統一獅冠軍 2.7-11打折還要網友罵,很有獲利王的精神 3.10月外資好像都有一點點的買 4. 進退場機制:(非長期投資者,必須有停損機制) 停利:68 停損:62 怎…",auto_correct,代號出現在標題（標題非排行表欄位）,,,3
collision:1216,1216,統一,M.1687699049.A.103,2023-06-25 21:17:29,新聞,code,sparse,False,5,[新聞] 國際股市偏空 台股節後留意這些事,1,True,False,True,False,統一,1354,"[代號] …資提 前部署,買超包括長榮航(2618)、大同(2371)、雲品(2748)等15檔,擁抗跌籌碼, 有望伺機再戰新局。 另,目前進入法人季底作帳、除息與股東會等旺季,包括和泰車(2207)、日月光投控( 3711)6月27日股東會,統一(【1216】)6月28日股東會,以及聯電(2303)6月27日,長榮 (2603)、台達電(2308)、日月光投控(3711)等6月30日的除息秀,都將受到市場關 注。 (時報資訊 李慧蘭) 心得/評論: 端午連假期間 歐美股都跌 TSM也跌…",auto_correct,代號與簡稱互相印證（兩個獨立訊號一致）,,,3
collision:1216,1216,統一,M.1728572057.A.78A,2024-10-10 22:54:17,新聞,code,sparse,False,2,[新聞] 促「班班喝鮮乳」實施牛奶券制度,1,True,False,True,False,統一,976,"[代號] …。因此,她要呼籲各位家長們,能夠多多支持勾選鮮奶的選項 ,一起支持落實喝鮮奶的政策 https://cnews.com.tw/247241009a05/ 心得 只聽過減少電子消費需求 但沒聽過少喝牛奶的 是否味全1201 統一【1216】 有望受惠學校題材 甚至超商等通路業者同步受惠呢…",auto_correct,代號與簡稱互相印證（兩個獨立訊號一致）,,,3
collision:1216,1216,統一,M.1701763095.A.C4E,2023-12-05 15:58:15,新聞,code,sparse,False,1,[新聞] 南紡售統一國際大樓持分，貢獻獲利31億,1,True,False,True,True,統一,843,"[代號] …,處分利益為31.31億元,獲利率達73%,在本季入帳後,可望貢獻南紡每股盈餘約1.89元。該公司今年前三季每股稅後虧損0.37元,第四季本業估持續小虧,但因此筆業外收益入袋,將令南紡第四季以及全年度一舉轉虧為盈。 而該幢大樓原本由統一(【1216】)與南紡共同持分,在南紡處分後,全數收歸統一旗下。據悉,統一國際大樓商場目前為「誠品信義店」,將營業到12/24,之後統一將收歸自用。 南紡指出,目前市況好轉,基本面逐漸脫離谷底,下半年優於上半年,對明年營運回春抱以期待之外,公司也致力產…",auto_correct,代號與簡稱互相印證（兩個獨立訊號一致）,,,3
collision:1216,1216,統一,M.1604840222.A.62B,2020-11-08 20:57:02,標的,code,sparse,False,1,[標的] 1216 統一 多,2,True,True,True,True,統一,225,"[代號] …[標的] 【1216】 統一 多 1. 標的:1216 統一 2. 分類:多 3. 分析/正文: 技術面:近日低點10/30 的 60.6 剛好守住三月的低點也是60.6 籌碼面: 外資持續超級賣 但是賣不下去 加上最近統一台南站買方 消息面: 7-11…
[代號] …[標的] 1216 統一 多 1. 標的:【1216】 統一 2. 分類:多 3. 分析/正文: 技術面:近日低點10/30 的 60.6 剛好守住三月的低點也是60.6 籌碼面: 外資持續超級賣 但是賣不下去 加上最近統一台南站買方 消息面: 7-11即將迎來一波促銷 (再一個半局)…",auto_correct,代號出現在標題（標題非排行表欄位）,,,3
collision:1216,1216,統一,M.1637834314.A.B73,2021-11-25 17:58:34,情報,code,sparse,False,3,[情報] 1125分點重壓股,1,True,False,True,False,統一,597,"[代號] …泰金 61.6 20,058 台灣匯立 8,332 41.54% 1,470.25 6016 康和證 14.2 1,119 國票長城 400 35.73% 59.45 【1216】 統一 68.1 2,634 美商高盛 899 34.13% 568.2 2889 國票金 16.2 3,717 兆豐忠孝 1,267 34.08% 299…",auto_correct,代號與簡稱互相印證（兩個獨立訊號一致）,,,3
collision:1216,1216,統一,M.1618998777.A.648,2021-04-21 17:52:57,新聞,code,sparse,False,2,[新聞] 台股領航報酬指數 新增華碩、長榮,1,True,False,True,False,統一,660,"[代號] …2021/04/21 14:37:34 相關:統一,華碩,長榮,中租-KY 【時報-台北電】台灣指數公司公布「台灣指數公司特選台股領航報酬指數」2021年成分 股定期審核結果。成分股納入華碩(2357)、長榮(2603)二檔,並刪除統一(【1216】)、 中租-KY(5871)二檔成分股。成分股納入和刪除之變動自4月21日起生效。(新聞來源: 工商即時 呂淑美) https://www.chinatimes.com/realtimenews/20210421002613-260410…",auto_correct,代號與簡稱互相印證（兩個獨立訊號一致）,,,3
collision:1216,1216,統一,M.1581341587.A.063,2020-02-10 21:33:07,標的,code,sparse,False,1,[標的] 統一 1216 多,2,True,True,True,True,統一,323,"[代號] …[標的] 統一 【1216】 多 ------------------------------------------------------------------------- 1. 標的:1216 統一 2. 分類:多 3. 分析/正文: 從年後下殺後便連…
[代號] …[標的] 統一 1216 多 ------------------------------------------------------------------------- 1. 標的:【1216】 統一 2. 分類:多 3. 分析/正文: 從年後下殺後便連漲數天優於大盤 考量到台灣民情 連尿布 衛生紙 衛生棉 這種無關緊要的玩意都能屯 一但疫情未好轉 需要自主管理人數增多 不便出門 再加上以下風向帶起來 ""人可以不戴口罩 但不能…",auto_correct,代號出現在標題（標題非排行表欄位）,,,3
collision:1216,1216,統一,M.1593324311.A.C0D,2020-06-28 14:05:11,新聞,code,sparse,False,1,[新聞] 被酸數位會員落後全家 統一董座：蠻好笑,1,True,False,True,True,統一,782,"[代號] …[新聞] 被酸數位會員落後全家 統一董座:蠻好笑 1.原文連結: https://ec.ltn.com.tw/article/breakingnews/3208373 2.原文內容: 〔記者楊雅民/台北報導〕統一(【1216】)今天召開股東會,統一集團董事長羅智先被酸 7-ELEVEN數位會員落後全家,他不以為然的妙回,「我覺得講這個東西蠻好笑的咧」,數 位化只是工具,決戰點在商品和服務,絕對不是工具。 他說,就像10年前有手機很稀奇,今天有手機根本不稀奇了,…",auto_correct,代號與簡稱互相印證（兩個獨立訊號一致）,,,3
collision:1216,1216,統一,M.1695257449.A.964,2023-09-21 08:50:49,標的,code,sparse,False,1,[標的] 1216 統一烤肉多多,2,True,True,True,True,統一,211,"[代號] …[標的] 【1216】 統一烤肉多多 1. 標的: 1216 統一 2. 分類:多 3. 分析/正文: 今年中秋連假與雙十連假是連續兩週放 烤肉活動可能會連續兩週 統一去年買下的家樂福大概會直接受益 烤肉除了要買食材還要買飲料 純喫茶跟茶裏王都是熱門人…
[代號] …[標的] 1216 統一烤肉多多 1. 標的: 【1216】 統一 2. 分類:多 3. 分析/正文: 今年中秋連假與雙十連假是連續兩週放 烤肉活動可能會連續兩週 統一去年買下的家樂福大概會直接受益 烤肉除了要買食材還要買飲料 純喫茶跟茶裏王都是熱門人選 統一也有幾間百貨在連假人潮勢必爆…",auto_correct,代號出現在標題（標題非排行表欄位）,,,3
collision:1216,1216,統一,M.1732221437.A.8E7,2024-11-22 04:37:17,標的,code,sparse,False,1,[標的] 8044.TW 網家 統一入股多,2,True,False,True,True,統一,1832,"[代號] …4.TW 網家 統一入股多 標的:8044.TW 網家 分類:多 (請選擇並刪除無關分類) 分析/正文: 〈新聞資訊〉 PChome網路家庭集團(8044-TW)於10/23周三晚間宣布,董事會通過私募普通股案,並將引 進統一企業(【1216】)參與認購。依照私募計畫,若統一企業持有3成股份,將成為PChome 的最大法人股東。網家預計將於 2024 年 12 月 19 日召開股東臨時會,決定私募61,694 ,120 股普通股的實際定價。 台灣這兩家公司都在布局物流倉儲,富邦…
[代號] …才能在短時間 內,更有效率滿足消費者的購物需求。 〈總結〉 對於統一準備入股網家將近3成股份,基本上是利大於弊。統一有強大的營運資本後盾, 源源不絕的資金,還有自身零售相關的強大物流鏈,毫無疑問對網家來說注入了強心針 前陣子的消息:統一(【1216】)集團擴大布局電商領域再下一城,繼日前斥資收購雅虎台灣電 商事業。 其實不難看出這次統一是鐵了心的要提振自己線上零售的弱勢,不再讓現在的富邦媒專美 於前 所以這一次的私募我認為會是相當順利。 〈K線圖〉 https://i.imgur.co…",auto_correct,代號與簡稱互相印證（兩個獨立訊號一致）,,,3
collision:1216,1216,統一,M.1686128099.A.CDC,2023-06-07 16:54:59,新聞,code,sparse,False,1,[新聞] 綠商標排行 統一、蘋果占先機,1,True,False,True,True,統一,1161,"[代號] …23/06/05 15:28 記者署名: 王逸芯 原文內容: 為協助業界瞭解我國綠商標申請註冊趨勢,進行淨零減碳布局,智慧財產局整理分析我國 綠商標在各大產品類別之申請趨勢,完成「我國近十年綠商標產業之比較分析」報告,其 中,統一(【1216】)、蘋果及開曼群島商阿里巴巴集團控股有限公司之綠商標申請量名列前茅 。 商標是表彰商品或服務來源,同時也是目前市場與經濟走向的指標,正當全球都積極努力 將發燒中的地球搶救降溫至原有綠色大地,除了技術面的介入,智慧財產權中的商標,同 樣也是…",auto_correct,代號與簡稱互相印證（兩個獨立訊號一致）,,,3
collision:1216,1216,統一,M.1637315300.A.68B,2021-11-19 17:48:20,情報,code,sparse,False,2,[情報] 1119分點重壓股,1,True,False,True,False,統一,461,"[代號] …宏亞 23.4 1,009 凱基市政 449 44.53% 10.83 2308 台達電 261.0 3,614 美商高盛 1,380 38.18% 259.75 【1216】 統一 68.2 5,088 台灣摩根士丹利 1,781 35% 568.2 6668 中揚光 58.7 2,352 元大 820 34.85% 7.83 3231…",auto_correct,代號與簡稱互相印證（兩個獨立訊號一致）,,,3
collision:1216,1216,統一,M.1713618210.A.FE6,2024-04-20 21:03:30,新聞,code,sparse,False,2,[新聞] 股市暴跌 統一羅智先：全球需求脆弱造成,1,True,False,True,True,統一,912,"[代號] …球需求脆弱造成股市緊張且波動加大 原文連結: https://news.cnyes.com/news/id/5531119 發布時間: 2024-04-20 18:08 記者署名: 鉅亨網記者張欽發 原文內容: 由統一 (【1216】-TW) 集團在台南打造新世代複合商場「Par K* Avenue」占地高達 1500 坪, 並於今 (20) 正式日揭幕,對於台股集中市場盤中重挫逾 1000 點,終場還是大跌 774.08 點,統一集團董事長羅智先指出,目前從全球需求來…",auto_correct,代號與簡稱互相印證（兩個獨立訊號一致）,,,3
collision:1216,1216,統一,M.1693888299.A.2BD,2023-09-05 12:31:39,新聞,code,sparse,False,5,[新聞] 毛小孩帶旺 寵物概念有戲、2檔漲停,2,True,False,True,False,統一,922,"[代號] …2023.09.05 記者署名: 龍彩霖 原文內容: 金融股近期表現突出的旺旺保(2816)除受惠搶眼的半年報以外,寵物險題材亦受到關注, 今日強勢亮燈攻漲停,改寫13年半高價,帶動概念股東森(2614)跟進漲停,其於包括統一 (【1216】)、大成(1210)、卜蜂(1215)、福壽(1219)等走勢相對溫吞。 台灣每年寵物商機上看600億元,各家業者卯足勁搶攻,萬達寵物(6968)8月31日以每股45 元登錄興櫃,受惠寵物商機熱絡,僅僅兩天就大漲了101.84%,近兩日股…
[代號] …為營運再添動能,近期吸引外資偏多操作,盤初價量俱揚火速攻頂。 法人分析,以往第三季食品出貨旺季,多數以人食為主,近年寵物肉品跟著傳統旺季水漲 船高,業者指出,寵物肉品零食乃兵家必爭之地,第三季還有寵物展加持,在出貨力道亦 強勁,包括統一(【1216】)、大成、福壽(1219)等均有新品推出,成為成長動能另一新引 擎。 (時報資訊 龍彩霖) 心得/評論: 今天鎖了一萬六千多張 經歷過多次減資以後 70幾元買進 減資多次 成本逼近200元 來一根漲停 被套牢散戶就笑開懷了…",auto_correct,代號與簡稱互相印證（兩個獨立訊號一致）,,,3
collision:1301,1301,台塑,M.1692333578.A.E33,2023-08-18 12:39:38,新聞,code,sparse,False,6,[新聞] 雙護盤資金啟動 挺AI、價值型股,3,True,False,True,False,台塑,1046,"[代號] …價值型股 2023年8月18日 週五 上午7:59 【時報-台北電】 八大公股行庫及投信的國家隊雙資金17日兵分兩路進行護盤,除了持續拉抬產業展望樂觀的 AI股,維繫台股主流股人氣外,更進場護盤台化(1326)、南亞(1303)、台塑(【1301】)、 中鋼(2002)及金控等價值型的股票。 國泰證期顧問處經理蔡明翰表示,觀察17日台股行情成功逆轉勝,由最低16,264點拉到最高 16,550點,終場達16,516點,拉252點是國家隊投信及八大公股行庫的政府雙護盤資金是兵 分兩路…
[簡稱(name_with_context)] …AI、價值型股 2023年8月18日 週五 上午7:59 【時報-台北電】 八大公股行庫及投信的國家隊雙資金17日兵分兩路進行護盤,除了持續拉抬產業展望樂觀的 AI股,維繫台股主流股人氣外,更進場護盤台化(1326)、南亞(1303)、【台塑】(1301)、 中鋼(2002)及金控等價值型的股票。 國泰證期顧問處經理蔡明翰表示,觀察17日台股行情成功逆轉勝,由最低16,264點拉到最高 16,550點,終場達16,516點,拉252點是國家隊投信及八大公股行庫的政府雙護盤資金是…
[簡稱(name_with_context)] …50點,終場達16,516點,拉252點是國家隊投信及八大公股行庫的政府雙護盤資金是兵 分兩路進行,包括買超熱門的AI股如川湖、建準、智原、台光電、健鼎、緯穎、創意等電子 股。 另外,一部份護盤資金則是布局重量級的傳產權值股金控股、中鋼、【台塑】四寶等,其中因反 傾銷稅影響的台化17日最低殺到59.8元,終場收在62元,留了2.1元的下影線,投信買超5,0 14張,護盤有功。 國泰投信董事長張錫日前表示,台股目前仍為多頭市場,但17日再度測試半年線,最低為16 ,264點,已殺跌…",auto_correct,代號與簡稱互相印證（兩個獨立訊號一致）,,,3
collision:1301,1301,台塑,M.1727311522.A.B96,2024-09-26 08:45:22,標的,code,sparse,False,1,Re: [標的] 1301台塑 波段多 利空多 爛到多,3,True,True,True,True,台塑,572,"[代號] …Re: [標的] 【1301】台塑 波段多 利空多 爛到多 ※ 引述《c98765432c (ccc)》之銘言: : 標的:1301台塑 : 分類:左側交易耐心三年多 : 分析/正文: : 1.中國在加大擴廠力道有限,已經跌無可跌,淨值 : 就在35-40是還能跌的哪去…
[代號] …Re: [標的] 1301台塑 波段多 利空多 爛到多 ※ 引述《c98765432c (ccc)》之銘言: : 標的:【1301】台塑 : 分類:左側交易耐心三年多 : 分析/正文: : 1.中國在加大擴廠力道有限,已經跌無可跌,淨值 : 就在35-40是還能跌的哪去? : 2.再爛都還是我0050的持股,被動式買盤支持下 : 至少不會下市安心買就對。 : 3.老人被…
[簡稱(name_with_context)] …: 就在35-40是還能跌的哪去? : 2.再爛都還是我0050的持股,被動式買盤支持下 : 至少不會下市安心買就對。 : 3.老人被套加上年輕人不買傳產,造就今天股價的 : 不斷下跌,價值浮現不買心很癢,人妻我取。 : 4.庫存持股之一【台塑】 -30%中,每天睡得著吃得飽 : 每天精神好,麥寮收起來看看台灣會不會倒?所以 : 不用擔心倒掉的問題只有報酬率優於劣於大盤的問題! : 5.加計通膨因素考量該股已低估落後大盤10年的年 : 化報酬率,也就是爛到無可救藥,長線來說三折出…",auto_correct,代號出現在標題（標題非排行表欄位）,,,3
collision:1301,1301,台塑,M.1678435097.A.92C,2023-03-10 15:58:17,情報,code,sparse,False,1,[情報] 1301台塑 股利分派 現金4.2,1,True,True,True,True,台塑,359,[代號] …[情報] 【1301】台塑 股利分派 現金4.2 1. 董事會決議日期:112/03/10 2. 股利所屬年(季)度:111年 年度 3. 股利所屬期間:111/01/01 至 111/12/31 4. 股東配發內容: (1)盈餘分配之現金股利(元/股):4.…,auto_correct,代號出現在標題（標題非排行表欄位）,,,3
collision:1304,1304,台聚,M.1633353026.A.48B,2021-10-04 21:10:26,標的,code,sparse,False,1,[標的] 1304 台聚  多多多多多,4,True,True,True,True,台聚,331,"[代號] …[標的] 【1304】 台聚 多多多多多 1. 標的:1304 台聚 2. 分類:多 3. 分析/正文: 籌碼面:籌碼集中,大戶持有增加 慘戶賣出 技術面:漲多拉回,準備再次進攻 消…
[代號] …[標的] 1304 台聚 多多多多多 1. 標的:【1304】 台聚 2. 分類:多 3. 分析/正文: 籌碼面:籌碼集中,大戶持有增加 慘戶賣出 技術面:漲多拉回,準備再次進攻 消息面:大陸停電、神秘油大漲漲過7月高點…
[簡稱(name)] …[標的] 1304 【台聚】 多多多多多 1. 標的:1304 台聚 2. 分類:多 3. 分析/正文: 籌碼面:籌碼集中,大戶持有增加 慘戶賣出 技術面:漲多拉回,準備再次進攻 消息面:…",auto_correct,代號出現在標題（標題非排行表欄位）,,,3
collision:1304,1304,台聚,M.1632998089.A.917,2021-09-30 18:34:49,新聞,code,sparse,False,2,Re: [新聞] EVA漲勢為「末升段」 法人︰下波PVC接棒,2,True,False,True,False,台聚,802,"[代號] …2月反轉,下波接棒的則是PVC(聚氯乙烯),最看 : 好台塑(1301)未來表現,而台塑也認為PVC第4季價格將會回升。 : EVA價格 估11-12月反轉 : 凱基投顧最新報告指出,EVA價格持續上漲,每噸報價來到3520美元,上修台聚(【1304】) : 今年全年每股稅後盈餘(EPS)預估值為5.38元,不過,報告認為EVA漲勢已處於「末升段 : 」,推估將於11-12月反轉下跌,主要因為當前EVA價格已較其他材料呈現溢價,將刺激替 : 代效果; : 心得/評論:…
[簡稱(name)] …1-12月反轉,下波接棒的則是PVC(聚氯乙烯),最看 : 好台塑(1301)未來表現,而台塑也認為PVC第4季價格將會回升。 : EVA價格 估11-12月反轉 : 凱基投顧最新報告指出,EVA價格持續上漲,每噸報價來到3520美元,上修【台聚】(1304) : 今年全年每股稅後盈餘(EPS)預估值為5.38元,不過,報告認為EVA漲勢已處於「末升段 : 」,推估將於11-12月反轉下跌,主要因為當前EVA價格已較其他材料呈現溢價,將刺激替 : 代效果; : 心得/評論:…",auto_correct,代號與簡稱互相印證（兩個獨立訊號一致）,,,3
collision:1304,1304,台聚,M.1585048457.A.303,2020-03-24 19:14:17,新聞,code,sparse,False,5,[新聞] 台股大漲國家隊出場？八大行庫賣超3.3億,2,True,False,True,False,台聚,502,"[代號] …收在9285.62點、一舉站上5日線,但 國家隊悄悄出場,八大行庫中斷連九日買超、今日轉為賣超3.3億元。 八大行庫今日賣超前十名依序為,新光金(2888)、中信金(2891)、富邦臺灣加權反1 (00676R)、聯電(2303)、台聚(【1304】)、金像電(2368)、台開(2841)、磐亞(47 07)、元大S&P石油(00642U)、聯嘉(6288)。 八大行庫今日買超前十名依序為,群創(3481)、富邦VIX(00677U)、元大台灣50反1( 00632R)、街口布蘭特油…
[簡稱(name)] …9點,收在9285.62點、一舉站上5日線,但 國家隊悄悄出場,八大行庫中斷連九日買超、今日轉為賣超3.3億元。 八大行庫今日賣超前十名依序為,新光金(2888)、中信金(2891)、富邦臺灣加權反1 (00676R)、聯電(2303)、【台聚】(1304)、金像電(2368)、台開(2841)、磐亞(47 07)、元大S&P石油(00642U)、聯嘉(6288)。 八大行庫今日買超前十名依序為,群創(3481)、富邦VIX(00677U)、元大台灣50反1( 00632R)、街…",auto_correct,代號與簡稱互相印證（兩個獨立訊號一致）,,,3
collision:1304,1304,台聚,M.1657894357.A.C14,2022-07-15 22:12:37,情報,code,sparse,False,1,[情報]  1304 台聚 廢氣處理設備發生爐管破裂,4,True,True,True,True,台聚,646,"[代號] …[情報] 【1304】 台聚 廢氣處理設備發生爐管破裂 1. 標題: 1304台聚 公告依高雄市勞檢處要求廢氣處理設備R-302-TO爐管 破裂停工改善 2. 來源: (公司名、網站名) 公開資訊觀測…
[代號] …[情報] 1304 台聚 廢氣處理設備發生爐管破裂 1. 標題: 【1304】台聚 公告依高雄市勞檢處要求廢氣處理設備R-302-TO爐管 破裂停工改善 2. 來源: (公司名、網站名) 公開資訊觀測站 3. 網址:…
[簡稱(name)] …[情報] 1304 【台聚】 廢氣處理設備發生爐管破裂 1. 標題: 1304台聚 公告依高雄市勞檢處要求廢氣處理設備R-302-TO爐管 破裂停工改善 2. 來源: (公司名、網站名) 公開資訊觀測站…",auto_correct,代號出現在標題（標題非排行表欄位）,,,3
collision:1304,1304,台聚,M.1621919918.A.080,2021-05-25 13:18:38,新聞,code,sparse,False,3,[新聞] 台聚：主力產品最近需求弱 看好下半年重,11,True,False,True,True,台聚,1011,"[代號] …看好下半年重演拉貨行情 原文連結: https://money.udn.com/money/story/5612/5481746 發布時間: 2021-05-24 16:23經濟日報 記者曾仁凱/台北即時報導 原文內容: 台聚(【1304】)今天舉行線上法說會,公司看好主力產品EVA(乙烯醋酸乙烯酯共聚物)雖 然最近因為下游太陽能封裝膜廠降產造成需求減弱,但大陸政府對於太陽能全年建置設有 政策目標,看好今年下半年可能重演去年的拉貨行情,對於營運後勢不看淡。 台聚發言人吳銘宗…
[簡稱(name)] …[新聞] 【台聚】:主力產品最近需求弱 看好下半年重 原文標題: 台聚:主力產品最近需求弱 看好下半年重演拉貨行情 原文連結: https://money.udn.com/money/story/5612/5481746 發布時間: 2021-05…
[簡稱(name)] …[新聞] 台聚:主力產品最近需求弱 看好下半年重 原文標題: 【台聚】:主力產品最近需求弱 看好下半年重演拉貨行情 原文連結: https://money.udn.com/money/story/5612/5481746 發布時間: 2021-05-24 16:23經濟日報 記者曾仁凱/台北即時報導…",auto_correct,代號與簡稱互相印證（兩個獨立訊號一致）,,,3
collision:1414,1414,東和,M.1625029573.A.DBF,2021-06-30 13:06:13,請益,code,silent,False,1,[請益] 東和紡織1414是發生了什麼事,1,True,True,True,True,東和,55,"[代號] …[請益] 東和紡織【1414】是發生了什麼事 早上停損持有的東和,想說終於解套了,結果現在東和、大東、宏益等紛紛漲停,請問發生 了什麼事?紡織要起風了嗎..…",auto_correct,代號出現在標題（標題非排行表欄位）,,,3
collision:1414,1414,東和,M.1637749888.A.D0C,2021-11-24 18:31:28,情報,code,silent,False,4,[情報] 1124分點重壓股,1,True,False,True,False,東和,787,"[代號] …s://reurl.cc/Q6k4EZ 最新日期:2021年11月24日 個股買超第一名且買超佔比在20%以上的券商分點,共33檔符合 股號 名稱 收盤價 成交張數/券商名稱 買超張數/買賣超占比/股本(億) 【1414】 東和 17.8 4,186 元富大昌 2,179 52.05% 22 3701 大眾控 67.6 5,362 元大 2,742 51.13% 19.0…",auto_correct,代號與簡稱互相印證（兩個獨立訊號一致）,,,3
collision:1414,1414,東和,M.1675257628.A.E78,2023-02-01 21:20:28,請益,code,silent,False,2,[請益] 關於股票繼承,1,True,False,True,False,東和,213,[代號] …[請益] 關於股票繼承 各位好 最近因為家父過世 目前已經跑完遺產稅的流程 準備開始跑相關的繼承 財產清冊上面有留一些其他家人們也不知道的零股 其中兩隻是東和紡織(【1414】)100股 跟國產建材(2054)522股 但上面沒有證券商 其他像台塑跟統一的零股都有寫是亞東證券 https://imgur.com/a/N8xnts1 想請問如果要辦理股票繼承的話 是要直接去電公司詢問 還是有什麼管道可…,auto_correct,代號與簡稱互相印證（兩個獨立訊號一致）,,,3
collision:1414,1414,東和,M.1637834314.A.B73,2021-11-25 17:58:34,情報,code,silent,False,3,[情報] 1125分點重壓股,1,True,False,True,False,東和,597,"[代號] …亞 86.3 4,746 新加坡商瑞銀 1,596 33.62% 793.08 6285 啟碁 76.0 1,531 凱基 500 32.65% 39.73 【1414】 東和 18.2 2,289 元富大昌 694 30.31% 22 金融和塑化刷一波 有個股連續兩天進榜喔…",auto_correct,代號與簡稱互相印證（兩個獨立訊號一致）,,,3
collision:1414,1414,東和,M.1639059223.A.3F4,2021-12-09 22:13:43,標的,code,silent,False,7,[標的] 12/2~12/9號地緣券商可能有買,1,True,False,True,False,東和,268,"[代號] …題,提供大家參考,前幾周有抓到長榮。 是抓一段時間的(近五天),不是單看一天, 應該多少會有點幫助。 2883 開發金 5608 四維航 1611 中電 2312 金寶 1444 力麗 1409 新纖 2617 台航 1710 東聯 【1414】 東和 4414 如興 2612 中航 1616 億泰 2104 中橡 2211 長榮鋼 2611 志信 另外試算表表列: https://reurl.cc/zWVlqa ----- Sent from JPTT on my iPhon…",auto_correct,代號與簡稱互相印證（兩個獨立訊號一致）,,,3
collision:1605,1605,華新,M.1680866102.A.821,2023-04-07 19:15:02,情報,code,sparse,False,1,[情報] 1605 華新  112年3月營收,1,True,True,False,False,,413,"[代號] …[情報] 【1605】 華新 112年3月營收 本年迄今累計營收 去年同期累計營收 累計營收成長率 50,677,330 42,565,909 19.06% 112年03月營收…",auto_correct,代號出現在標題（標題非排行表欄位）,,,3
collision:1605,1605,華新,M.1685373982.A.86E,2023-05-29 23:26:22,情報,code,sparse,False,1,[情報] 1605 華新 現增發股參與發行海外存託憑證,1,True,True,False,False,,1023,[代號] …[情報] 【1605】 華新 現增發股參與發行海外存託憑證 1. 標題:本公司董事會決議辦理以現金增資發行普通股方式參與 發行海外存託憑證 2. 來源:公開資訊觀測站 3. 網址:https://mops.twse.com.tw/mops/web/t05sr…,auto_correct,代號出現在標題（標題非排行表欄位）,,,3
collision:1605,1605,華新,M.1687255746.A.644,2023-06-20 18:09:06,標的,code,sparse,False,1,[標的] 1605華新最近到底在做什麼？看不懂,2,True,True,False,False,,262,"[代號] …[標的] 【1605】華新最近到底在做什麼?看不懂 1. 標的:1605.tw華新 2. 分類:討論 3. 分析/正文: 借券每天7000+穩定輸出,連續9天,今天大概也是 https://i.imgur.com/Vx1Ee44.jpg 每天大額交易穩定輸…
[代號] …[標的] 1605華新最近到底在做什麼?看不懂 1. 標的:【1605】.tw華新 2. 分類:討論 3. 分析/正文: 借券每天7000+穩定輸出,連續9天,今天大概也是 https://i.imgur.com/Vx1Ee44.jpg 每天大額交易穩定輸出,交易量跟借券賣出數差不多,也是連續9天 htt…",auto_correct,代號出現在標題（標題非排行表欄位）,,,3
collision:1605,1605,華新,M.1592394589.A.4B5,2020-06-17 19:49:49,標的,code,sparse,False,1,[標的] 1605 華新   做多,2,True,True,False,False,,650,"[代號] …[標的] 【1605】 華新 做多 1. 標的:1605 華新 2. 分類:多 3. 分析/正文: 技術分析: ---------------月K線--------------- KD值52↑ (偏高) 未來有可能走在月K線的60均線以上 -----…
[代號] …[標的] 1605 華新 做多 1. 標的:【1605】 華新 2. 分類:多 3. 分析/正文: 技術分析: ---------------月K線--------------- KD值52↑ (偏高) 未來有可能走在月K線的60均線以上 ---------------日K線------…",auto_correct,代號出現在標題（標題非排行表欄位）,,,3
collision:1605,1605,華新,M.1625474157.A.6B0,2021-07-05 16:35:57,情報,code,sparse,False,3,Re: [情報] 2034 允強 5月自結0.21,1,True,False,True,False,華新麗華,2253,"[代號] ….2E 今年EPS應該會在2.5左右 股價就是看人要不要炒 : https://ctee.com.tw/news/stocks/437725.html : 近期受到國際鎳價反轉大跌影響,再加上整體市場需求不強 : 不銹鋼盤元大廠華新麗華(【1605】)29日開出的4月產品內銷價格 : 每公噸大降3,000元,此舉為去年5月以來首度調降價格。 : https://money.udn.com/money/story/5607/5416338 : 然後5月盤價華新又漲了4,000/噸 : 等…",auto_correct,代號與簡稱互相印證（兩個獨立訊號一致）,,,3
collision:1605,1605,華新,M.1620366291.A.6B4,2021-05-07 13:44:51,其他,code,sparse,False,1,[其他] 1605 華新 Q1財報0.55,1,True,True,False,False,,499,[代號] …[其他] 【1605】 華新 Q1財報0.55 1.財務報告提報董事會或經董事會決議日期:110/05/07 2.審計委員會通過財務報告日期:110/04/26 3.財務報告報導期間起訖日期(XXX/XX/XX~XXX/XX/XX):110/01/01~110/…,auto_correct,代號出現在標題（標題非排行表欄位）,,,3
collision:1762,1762,中化生,M.1580634932.A.658,2020-02-02 17:15:32,標的,code,sparse,False,1,[標的] 1701中化,2,True,False,True,False,中化生,1102,"[代號] …於追高),讓我在紛 亂的大盤中配置一份資金,希望進可攻(價差)退可守(配息),就此找到了他。 依此次持有心態排序優先順序: 消息 > 籌碼 > 技術 > 基本。 消息面: 中化最為人所知的除了穩定經營的人用藥動物用藥外,旗下還有【1762】 中化生生產原料藥,這次武漢疫情新春開盤漲一天後星期五就回檔,讓人 覺得中化是否只是單純的醫藥股而非防疫概念股? 但在官網發現到中化不只賣藥品還有通路、醫材...等等算是很完整的 醫療一條龍,產品服務眾多,而符合這次疫情消息的有…
[簡稱(name_with_context)] …讓我在紛 亂的大盤中配置一份資金,希望進可攻(價差)退可守(配息),就此找到了他。 依此次持有心態排序優先順序: 消息 > 籌碼 > 技術 > 基本。 消息面: 中化最為人所知的除了穩定經營的人用藥動物用藥外,旗下還有1762 【中化生】生產原料藥,這次武漢疫情新春開盤漲一天後星期五就回檔,讓人 覺得中化是否只是單純的醫藥股而非防疫概念股? 但在官網發現到中化不只賣藥品還有通路、醫材...等等算是很完整的 醫療一條龍,產品服務眾多,而符合這次疫情消息的有 1. 蘇…",auto_correct,代號與簡稱互相印證（兩個獨立訊號一致）,,,3
collision:1762,1762,中化生,M.1701474903.A.3DD,2023-12-02 07:55:03,標的,code,sparse,False,1,[標的] 1762中化生,1,True,True,True,True,中化生,1205,"[代號] …[標的] 【1762】中化生 ------------------------------------------------------------------------- 1.發標的文未充實內文,多空理由不充實者,板規1-1-5或4-4處份 2.進退場機制…",auto_correct,代號出現在標題（標題非排行表欄位）,,,3
collision:1762,1762,中化生,M.1630984093.A.8C7,2021-09-07 11:08:13,標的,code,sparse,False,1,[標的] 1762 中化生 疫情投信多,6,True,True,True,True,中化生,184,"[代號] …[標的] 【1762】 中化生 疫情投信多 1. 標的:1762 中化生 疫情投信多 2. 分類:多 3. 分析/正文: 中化生是極少數投信 最近連續買的生技股 幾乎是保底穩賺 肯定有什麼內褲線 Delta疫情不斷擴散 下午記者會可能更嚴重? 生…
[代號] …[標的] 1762 中化生 疫情投信多 1. 標的:【1762】 中化生 疫情投信多 2. 分類:多 3. 分析/正文: 中化生是極少數投信 最近連續買的生技股 幾乎是保底穩賺 肯定有什麼內褲線 Delta疫情不斷擴散 下午記者會可能更嚴重? 生技股全面噴發 美德醫 毛寶 康那香 直…
[簡稱(name_with_context)] …[標的] 1762 【中化生】 疫情投信多 1. 標的:1762 中化生 疫情投信多 2. 分類:多 3. 分析/正文: 中化生是極少數投信 最近連續買的生技股 幾乎是保底穩賺 肯定有什麼內褲線 Delta疫情不斷擴散 下午記者會可能更嚴重? 生技股全面…",auto_correct,代號出現在標題（標題非排行表欄位）,,,3
collision:1762,1762,中化生,M.1593574655.A.CD4,2020-07-01 11:37:35,標的,code,sparse,False,1,[標的] 1762 中化生,2,True,True,True,True,中化生,164,"[代號] …[標的] 【1762】 中化生 1. 標的:中化生 2. 分類:多 3. 分析/正文: 美國瑞德西韋的療程價格已經出來了,依照歐美不愛打疫苗且看起來也不在乎自己被感染 的尿性,將來依賴這檔藥物的機率很高,台灣有搞頭就是中化生,雖然已經被炒過一波, 但疫情依然…
[簡稱(name_with_context)] …[標的] 1762 中化生 1. 標的:中化生 2. 分類:多 3. 分析/正文: 美國瑞德西韋的療程價格已經出來了,依照歐美不愛打疫苗且看起來也不在乎自己被感染 的尿性,將來依賴這檔藥物的機率很高,台灣有搞頭就是【中化生】,雖然已經被炒過一波, 但疫情依然日漸嚴重,還有空間 4. 進退場機制:(非長期投資者,必須有停損機制) 進:現在! 停損:不可能…",auto_correct,代號出現在標題（標題非排行表欄位）,,,3
collision:1762,1762,中化生,M.1630986960.A.953,2021-09-07 11:56:00,新聞,code,sparse,False,1,[新聞] 史國國王認證瑞德西韋具療效 兩台廠具量,1,True,False,True,False,中化生,1013,"[代號] …/02/23 12:55 原文內容: 台灣非洲唯一邦交國史瓦帝尼國王恩史瓦帝三世提到,服用台灣贈送的抗病毒 藥物後,新冠疫情已痊癒,並將為人民購買藥物,據了解,該藥物是老藥瑞德西韋 (Remdesivir),而台原料藥廠中化生 (【1762】-TW)、台耀 (4746-TW) 均具備生產能力,將 可直接受惠。 中化生已可合成 1.60、1.55、1.58 gm (克) 等三批、共 4.73gm(克) 瑞德西韋原料藥, 純度 99.72%,以 1 萬名病患使用量約 11 公…",auto_correct,代號與簡稱互相印證（兩個獨立訊號一致）,,,3
collision:1762,1762,中化生,M.1650865820.A.196,2022-04-25 13:50:20,新聞,code,sparse,False,2,[新聞] 波段或存股任你選 專家看好3檔高EPS生醫,3,True,False,True,False,中化生,1456,"[代號] …台灣上市生醫類股EPS排名前10的個股中,挑出3檔供投資人參 考。 找生醫類股時,如想做波段或存股需求,阿格力有不同推薦,他於東森財經新聞台《理財 達人秀》指出,波段族可觀察原料藥或醫藥通路族群,因為它們多是EPS高的公司,例如 中化生(【1762】);存股族則能鎖定學名藥或醫療照顧,這2個族群比較腳踏實地在賺錢、 穩穩的,例如佳醫(4104)跟生達(1720),想買這種股票就要回到價值面評估,觀察本 益比跟殖利率。 中化生它去(2021)年的EPS為5.17元,本益比大概13倍,最…
[簡稱(name_with_context)] …也特別從台灣上市生醫類股EPS排名前10的個股中,挑出3檔供投資人參 考。 找生醫類股時,如想做波段或存股需求,阿格力有不同推薦,他於東森財經新聞台《理財 達人秀》指出,波段族可觀察原料藥或醫藥通路族群,因為它們多是EPS高的公司,例如 【中化生】(1762);存股族則能鎖定學名藥或醫療照顧,這2個族群比較腳踏實地在賺錢、 穩穩的,例如佳醫(4104)跟生達(1720),想買這種股票就要回到價值面評估,觀察本 益比跟殖利率。 中化生它去(2021)年的EPS為5.17元,本益比大概…
[簡稱(name_with_context)] …或醫藥通路族群,因為它們多是EPS高的公司,例如 中化生(1762);存股族則能鎖定學名藥或醫療照顧,這2個族群比較腳踏實地在賺錢、 穩穩的,例如佳醫(4104)跟生達(1720),想買這種股票就要回到價值面評估,觀察本 益比跟殖利率。 【中化生】它去(2021)年的EPS為5.17元,本益比大概13倍,最近股價呈谷底翻揚,站上所 有均線呈現多頭格局,阿格力表示,它去年一整年年增25%,今年首季的累積年增率已達 25%,是間仍在成長的公司。 阿格力進一步說明,美國藥廠Amarin有…",auto_correct,代號與簡稱互相印證（兩個獨立訊號一致）,,,3
collision:1907,1907,永豐餘,M.1688528182.A.CCE,2023-07-05 11:36:22,新聞,code,sparse,False,2,[新聞] 何壽川爆料：華紙要用飛灰蓋宿舍,7,True,False,True,False,永豐餘,590,"[代號] …新聞網址:https://bit.ly/43bvqHn 發布時間:2023年6月30日 上午10:16 記者署名:邱莉玲/台北報導 原文內容: 華紙(1905)今(30)日舉行股東會。永豐餘集團二代掌門人何壽川先爆料,旗下永豐餘 (【1907】)、華紙用固體廢棄物轉化為代煤能源後,剩下的一點飛灰、底灰(Ash),開發 出非水泥的新綠色建材,以後大家就不用去挖山開採水泥。華紙去年已使用新綠色建材在 花蓮廠蓋出一面牆,未來希望華紙可以蓋一棟宿舍,證明給市場和全球看。 不僅如此,永豐…
[簡稱(name)] …標題:係金A!何壽川爆料:華紙要用飛灰蓋宿舍 新聞網址:https://bit.ly/43bvqHn 發布時間:2023年6月30日 上午10:16 記者署名:邱莉玲/台北報導 原文內容: 華紙(1905)今(30)日舉行股東會。【永豐餘】集團二代掌門人何壽川先爆料,旗下永豐餘 (1907)、華紙用固體廢棄物轉化為代煤能源後,剩下的一點飛灰、底灰(Ash),開發 出非水泥的新綠色建材,以後大家就不用去挖山開採水泥。華紙去年已使用新綠色建材在 花蓮廠蓋出一面牆,未來希望華紙可以…
[簡稱(name)] …蓋宿舍 新聞網址:https://bit.ly/43bvqHn 發布時間:2023年6月30日 上午10:16 記者署名:邱莉玲/台北報導 原文內容: 華紙(1905)今(30)日舉行股東會。永豐餘集團二代掌門人何壽川先爆料,旗下【永豐餘】 (1907)、華紙用固體廢棄物轉化為代煤能源後,剩下的一點飛灰、底灰(Ash),開發 出非水泥的新綠色建材,以後大家就不用去挖山開採水泥。華紙去年已使用新綠色建材在 花蓮廠蓋出一面牆,未來希望華紙可以蓋一棟宿舍,證明給市場和全球看。 不…",auto_correct,代號與簡稱互相印證（兩個獨立訊號一致）,,,3
collision:1907,1907,永豐餘,M.1622200160.A.D04,2021-05-28 19:09:20,新聞,code,sparse,False,3,[新聞] 陸碳市交易將啟動，永豐餘擁完整固碳產業,11,True,False,True,True,永豐餘,1099,"[代號] …2021-05-27 12:50:49 記者 邱建齊 報導中國生態環境部昨(26)日表示,已 完成上線交易模擬測試及真實資金測試,各項準備工作就緒後,擬於今(2021)年6月底前 啟動全國碳市場上線交易。 投控公司並為紙業龍頭的永豐餘(【1907】)投資組合中,從造林到造紙、林漿紙一貫,形成完 整固碳產業鏈。而面對台灣疫情升溫,永豐餘近期在法說會中提到,若盡快走出則有正常 商機發展,但若沒走出,也是有疫情時期的營運模式,對今(2021)年營運可較樂觀看待; 法人看好疫情加持永豐實(6…
[簡稱(name)] …[新聞] 陸碳市交易將啟動,【永豐餘】擁完整固碳產業 原文標題:陸碳市交易將啟動,永豐餘擁完整固碳產業鏈 原文連結:https://bit.ly/3wIdP9U 發布時間:2021/5/27 科技脈動 原文內容: MoneyDJ新聞 2021-05-27 12:50:…
[簡稱(name)] …[新聞] 陸碳市交易將啟動,永豐餘擁完整固碳產業 原文標題:陸碳市交易將啟動,【永豐餘】擁完整固碳產業鏈 原文連結:https://bit.ly/3wIdP9U 發布時間:2021/5/27 科技脈動 原文內容: MoneyDJ新聞 2021-05-27 12:50:49 記者 邱建齊 報導中國生態環境部昨(26)日…",auto_correct,代號與簡稱互相印證（兩個獨立訊號一致）,,,3
collision:1907,1907,永豐餘,M.1621412254.A.092,2021-05-19 16:17:34,新聞,code,sparse,False,1,[新聞] 永豐餘股東常會 專業經理人接手經營團隊,15,True,False,True,True,永豐餘,921,"[代號] …餘股東常會 專業經理人接手經營團隊 原文標題:永豐餘股東常會 專業經理人接手經營團隊 原文連結:https://bit.ly/3hPyiFZ 發布時間:2021/05/17 13:11 原文內容: 〔記者陳炳宏/台北報導〕永豐餘投控(【1907】)今日舉辦股東會,說明2020年營業狀況, 及改選5席董事和選任4席獨立董事。董事會提名人均當選,5位一般董事為劉慧瑾、蔡維 力、黃鯤雄、王金山及黃俊傑,獨立董事則為盧希鵬、黃迪熹、張懿云、胡均立。永豐餘 表示,下午舉行董事長改選,已轉型為…
[簡稱(name)] …[新聞] 【永豐餘】股東常會 專業經理人接手經營團隊 原文標題:永豐餘股東常會 專業經理人接手經營團隊 原文連結:https://bit.ly/3hPyiFZ 發布時間:2021/05/17 13:11 原文內容: 〔記者陳炳宏/台北報導〕永豐餘投控(1…
[簡稱(name)] …[新聞] 永豐餘股東常會 專業經理人接手經營團隊 原文標題:【永豐餘】股東常會 專業經理人接手經營團隊 原文連結:https://bit.ly/3hPyiFZ 發布時間:2021/05/17 13:11 原文內容: 〔記者陳炳宏/台北報導〕永豐餘投控(1907)今日舉辦股東會,說明2020年營業狀況,…",auto_correct,代號與簡稱互相印證（兩個獨立訊號一致）,,,3
collision:1907,1907,永豐餘,M.1732164552.A.E35,2024-11-21 12:49:12,新聞,name,sparse,False,1,[新聞] 永豐餘 把耍廢變成綠金生意,16,False,False,True,True,永豐餘,1213,"[簡稱(name)] …[新聞] 【永豐餘】 把耍廢變成綠金生意 原文標題: 永豐餘 把耍廢變成綠金生意 百年展揭幕,以醣為本發展特殊材料科技做成百件產品,展現廢棄物全循環利用成果 原文連結: https://reurl.cc/96EKaa 發布時間:04:10 2024/11…
[簡稱(name)] …[新聞] 永豐餘 把耍廢變成綠金生意 原文標題: 【永豐餘】 把耍廢變成綠金生意 百年展揭幕,以醣為本發展特殊材料科技做成百件產品,展現廢棄物全循環利用成果 原文連結: https://reurl.cc/96EKaa 發布時間:04:10 2024/11/21 記者署名:邱莉玲 原文內容:…
[簡稱(name)] …把耍廢變成綠金生意 百年展揭幕,以醣為本發展特殊材料科技做成百件產品,展現廢棄物全循環利用成果 原文連結: https://reurl.cc/96EKaa 發布時間:04:10 2024/11/21 記者署名:邱莉玲 原文內容: 【永豐餘】百年展20日揭幕,以醣為本發展特殊材料科技做成的百件產品吸睛,從全循環屋到 電子紙低碳建材、綠色紡纖與包材等,完整呈現永豐餘透過科技將廢棄物全循環利用的成果,不僅重新定義包材、紡織、 建築的新概念,也讓外界一窺永豐餘竟然可以把「耍廢」變成一…",auto_correct,三字以上簡稱出現在標題,,,3
collision:1907,1907,永豐餘,M.1622110562.A.D27,2021-05-27 18:16:02,情報,code,sparse,False,4,[情報] 0527 最佳獲利分點一日買超,2,True,False,True,False,永豐餘,795,"[代號] …大金 11 25.2 41,652 3,844 96.52 -0.04% 0% 2801 彰銀 9 16.85 83,453 3,650 61.45 -0.11% 0% 【1907】 永豐餘 14 37.7 26,681 3,053 114.39 0.52% 0.4% 資料來源 https://reurl.cc/O0bOZy 還是航運和空運占多數…
[簡稱(name)] …25.2 41,652 3,844 96.52 -0.04% 0% 2801 彰銀 9 16.85 83,453 3,650 61.45 -0.11% 0% 1907 【永豐餘】 14 37.7 26,681 3,053 114.39 0.52% 0.4% 資料來源 https://reurl.cc/O0bOZy 還是航運和空運占多數…",auto_correct,代號與簡稱互相印證（兩個獨立訊號一致）,,,3
collision:1907,1907,永豐餘,M.1652431172.A.D9C,2022-05-13 16:39:32,情報,code,sparse,False,1,[情報] 1907.TW 永豐餘 第一季財報,2,True,True,True,True,永豐餘,564,"[代號] …[情報] 【1907】.TW 永豐餘 第一季財報 1. 標題:公告本公司111年第一季合併財務報告 2. 來源:公開資訊觀測站 3. 網址:https://mops.twse.com.tw/mops/web/t05sr01_1 4. 內文: 1.提報董事…
[簡稱(name)] …[情報] 1907.TW 【永豐餘】 第一季財報 1. 標題:公告本公司111年第一季合併財務報告 2. 來源:公開資訊觀測站 3. 網址:https://mops.twse.com.tw/mops/web/t05sr01_1 4. 內文: 1.提報董事會或經董事會決…",auto_correct,代號出現在標題（標題非排行表欄位）,,,3
collision:1907,1907,永豐餘,M.1598608149.A.D25,2020-08-28 17:49:09,新聞,code,sparse,False,6,[新聞] 資金關愛 造紙股開趴,4,True,False,True,False,永豐餘,945,"[代號] …高、一度大漲6.28%至268.21點,創20 18年2月底以來2年半高點。 其中,工紙大廠榮成(1909)直攻漲停價16.65元、代理銷售的寶隆(1906)齊攻漲停 價15.2元,雙創3月中以來近半年高點,早盤維持逾8%漲幅。永豐餘(【1907】)放量勁揚7. 25%至18.5元,創2004年6月中以來近16年3個月新高,早盤維持逾6%漲幅。 而永豐餘旗下華紙(1905)同步歡慶,持平開出後震盪走揚6.81%至9.57元,登2個月 波段高點,早盤維持逾5%漲幅。造紙大廠正隆(1…
[簡稱(name)] …日開平走高、一度大漲6.28%至268.21點,創20 18年2月底以來2年半高點。 其中,工紙大廠榮成(1909)直攻漲停價16.65元、代理銷售的寶隆(1906)齊攻漲停 價15.2元,雙創3月中以來近半年高點,早盤維持逾8%漲幅。【永豐餘】(1907)放量勁揚7. 25%至18.5元,創2004年6月中以來近16年3個月新高,早盤維持逾6%漲幅。 而永豐餘旗下華紙(1905)同步歡慶,持平開出後震盪走揚6.81%至9.57元,登2個月 波段高點,早盤維持逾5%漲幅。造紙大…
[簡稱(name)] …攻漲停價16.65元、代理銷售的寶隆(1906)齊攻漲停 價15.2元,雙創3月中以來近半年高點,早盤維持逾8%漲幅。永豐餘(1907)放量勁揚7. 25%至18.5元,創2004年6月中以來近16年3個月新高,早盤維持逾6%漲幅。 而【永豐餘】旗下華紙(1905)同步歡慶,持平開出後震盪走揚6.81%至9.57元,登2個月 波段高點,早盤維持逾5%漲幅。造紙大廠正隆(1904)亦開高走揚,上漲4.94%至27.6 元。僅士紙(1903)開低後翻紅上漲1.11%後又乏力,於平盤附近…",auto_correct,代號與簡稱互相印證（兩個獨立訊號一致）,,,3
collision:2002,2002,中鋼,M.1670939176.A.331,2022-12-13 21:46:16,情報,code,dense,False,7,[情報] 111年12月13日信用交易統計,2,True,False,True,False,中鋼,1204,"[代號] …張 停券 2303聯電 資減 708 張 券增 318 張 ================================== 2014中鴻#3 資增 1,610 張 券增 8 張 【2002】中鋼#5 資增 1,433 張 券增 120 張 ================================== 1701中化#1 資增 2,389 張 券增 1,314 張 3705永信#2 資增…
[簡稱(name_with_context)] …停券 2303聯電 資減 708 張 券增 318 張 ================================== 2014中鴻#3 資增 1,610 張 券增 8 張 2002【中鋼】#5 資增 1,433 張 券增 120 張 ================================== 1701中化#1 資增 2,389 張 券增 1,314 張 3705永信#2 資增…",auto_correct,代號與簡稱互相印證（兩個獨立訊號一致）,,,3
collision:2002,2002,中鋼,M.1665471670.A.805,2022-10-11 15:01:10,情報,code,dense,False,1,"[情報] 2002中鋼 9月營收 -17.5%mom,-28.8%yoy",4,True,True,True,True,中鋼,453,"[代號] …[情報] 【2002】中鋼 9月營收 -17.5%mom,-28.8%yoy 1. 標題: 2002中鋼 9月營收 -17.5%mom,-28.8%yoy 2. 來源: (公司名、網站名) 公開資訊觀…
[代號] …[情報] 2002中鋼 9月營收 -17.5%mom,-28.8%yoy 1. 標題: 【2002】中鋼 9月營收 -17.5%mom,-28.8%yoy 2. 來源: (公司名、網站名) 公開資訊觀測站 3. 網址:…
[簡稱(name_with_context)] …[情報] 2002【中鋼】 9月營收 -17.5%mom,-28.8%yoy 1. 標題: 2002中鋼 9月營收 -17.5%mom,-28.8%yoy 2. 來源: (公司名、網站名) 公開資訊觀測站…",auto_correct,代號出現在標題（標題非排行表欄位）,,,3
collision:2002,2002,中鋼,M.1707983924.A.A06,2024-02-15 15:58:44,情報,code,dense,False,1,[情報] 中鋼2002 一月營收 MOM+8.3%,4,True,True,True,True,中鋼,420,"[代號] …[情報] 中鋼【2002】 一月營收 MOM+8.3% 1. 標題:中鋼2002 一月營收 2. 來源:公開資訊觀測站 3. 網址:https://mops.twse.com.tw/mops/web/t05st10_ifrs…
[代號] …[情報] 中鋼2002 一月營收 MOM+8.3% 1. 標題:中鋼【2002】 一月營收 2. 來源:公開資訊觀測站 3. 網址:https://mops.twse.com.tw/mops/web/t05st10_ifrs (請善用縮網址工具) 4.…
[簡稱(name_with_context)] …[情報] 【中鋼】2002 一月營收 MOM+8.3% 1. 標題:中鋼2002 一月營收 2. 來源:公開資訊觀測站 3. 網址:https://mops.twse.com.tw/mops/web/t05st10_ifrs…",auto_correct,代號出現在標題（標題非排行表欄位）,,,3
collision:2002,2002,中鋼,M.1624940331.A.9F6,2021-06-29 12:18:51,標的,code,dense,False,1,[標的] 2002中鋼 短線多,4,True,True,True,True,中鋼,189,"[代號] …[標的] 【2002】中鋼 短線多 1. 標的:2002中鋼 2. 分類:短線多/中長線多 3. 分析/正文: 技術面5分K線V轉,日K站穩所有均線,加上昨天紅K沒跌破, 資金面錢感覺錢還沒離開,資金派對還在開, 鋼鐵需求還是一直都會有,…
[代號] …[標的] 2002中鋼 短線多 1. 標的:【2002】中鋼 2. 分類:短線多/中長線多 3. 分析/正文: 技術面5分K線V轉,日K站穩所有均線,加上昨天紅K沒跌破, 資金面錢感覺錢還沒離開,資金派對還在開, 鋼鐵需求還是一直都會有,今年預期賺贏前幾年。 4. 進退…
[簡稱(name_with_context)] …[標的] 2002【中鋼】 短線多 1. 標的:2002中鋼 2. 分類:短線多/中長線多 3. 分析/正文: 技術面5分K線V轉,日K站穩所有均線,加上昨天紅K沒跌破, 資金面錢感覺錢還沒離開,資金派對還在開, 鋼鐵需求還是一直都會有,今年…",auto_correct,代號出現在標題（標題非排行表欄位）,,,3
collision:2002,2002,中鋼,M.1630291125.A.615,2021-08-30 10:38:45,新聞,name_with_context,dense,False,1,[新聞] 中鋼翁朝棟：今年稅前盈餘力拚建廠50年新,1,True,False,True,True,中鋼,934,"[簡稱(name_with_context)] …均上漲1.2%,提振市場動 能,以迎接第4季旺季來臨,看好表現「月」來越旺。(編輯:潘羿菁)1100830 心得/評論: ※必需填寫滿20字 就算讓利 今年稅前盈餘將創歷史新高 【中鋼】市值排世界第6 有夠強 股價能再重返40嗎QQ 992002…",auto_correct,代號與簡稱互相印證（兩個獨立訊號一致）,,,3
collision:2002,2002,中鋼,M.1603094588.A.0DB,2020-10-19 16:03:08,新聞,code,dense,False,1,[新聞] 海運鐵礦石供應預期增長 大陸需求強勁將,2,True,False,True,False,中鋼,1301,"[代號] …019年的15.54億噸,增加至2020 年的16.16億噸,以及2021年的17.41億噸,與2022年的18.24億噸,2020-2022年的增長率 分別為4.0%、7.8%、4.8%。 3.心得/評論:鐵礦砂價格上漲,鋼價上漲,對於【2002】簡直是利多,現在中鋼果然是利多 不斷公司,建案推出後三天內完售,而且還要進軍台南市,成為南霸天的 建設公司!股板板友們都對於2002未來的股價有著強大的信心!…
[代號] …8%。 3.心得/評論:鐵礦砂價格上漲,鋼價上漲,對於2002簡直是利多,現在中鋼果然是利多 不斷公司,建案推出後三天內完售,而且還要進軍台南市,成為南霸天的 建設公司!股板板友們都對於【2002】未來的股價有著強大的信心!…",auto_correct,代號與簡稱互相印證（兩個獨立訊號一致）,,,3
collision:2002,2002,中鋼,M.1600742560.A.A7F,2020-09-22 10:42:40,新聞,code,dense,False,1,[新聞] 中鋼轉盈 加薪3%,4,True,False,True,True,中鋼,743,"[代號] …s://money.udn.com/money/story/5612/4878164 2.原文內容:中鋼轉盈 加薪3% 2020-09-22 01:25經濟日報 記者林政鋒/高雄報導 鋼市向好,國內鋼鐵兩大咖中鋼與義聯同步調薪。中鋼(【2002】)平均調幅3%並追溯到今年 4月起生效;義聯集團平均調幅同樣落在3%,但基層員工最高可調高6%至7%,從明年1月生 效。 南部二大鋼廠合計逾2.5萬名員工加薪,對傳統產業以及休閒服務業將產生示範效應,有 助國內後疫情時期的經濟復甦。 中…
[簡稱(name_with_context)] …鋼廠,「成果都是 員工創造的」,加上8月起轉虧為盈,雖然外部環境危機憂患、疫情未歇,但調薪既照顧 同仁又激勵士氣,同心協力共邁向更好的未來。 中鋼員工約1.1萬人,採平均調薪3%的政策,績效表現優異的資淺人員調幅會高於資深人 員。據了解,【中鋼】在今年3月就有調薪的規劃,惟有感於當時國內疫情嚴峻,百業低迷蕭 條,因此將全案擱置,到當前8月財報出爐確定轉虧為盈後再全面啟動。 3.心得/評論:中鋼調薪3%,股東看到了笑的合不冗嘴,大聲贊同中鋼加薪政策! 加薪…
[簡稱(name_with_context)] …約1.1萬人,採平均調薪3%的政策,績效表現優異的資淺人員調幅會高於資深人 員。據了解,中鋼在今年3月就有調薪的規劃,惟有感於當時國內疫情嚴峻,百業低迷蕭 條,因此將全案擱置,到當前8月財報出爐確定轉虧為盈後再全面啟動。 3.心得/評論:【中鋼】調薪3%,股東看到了笑的合不冗嘴,大聲贊同中鋼加薪政策! 加薪幫助中鋼股東提高eps,是聰明的政策!當中鋼股東真幸福!…",auto_correct,代號與簡稱互相印證（兩個獨立訊號一致）,,,3
collision:2002,2002,中鋼,M.1623746312.A.911,2021-06-15 16:38:32,新聞,code,dense,False,1,[新聞] 《鋼鐵股》中鋼7月平盤終結連12漲 Q3盤,1,True,False,True,True,中鋼,1185,"[代號] …平盤終結連12漲 Q3盤價續漲4.1% https://www.chinatimes.com/realtimenews/20210615004535-260410?chdtv 15:58 2021/06/15 時報資訊 沈培華 中鋼(【2002】)考量疫情影響,以及協助穩定物價等因素,決議7月份月盤產品以平盤開出, 終結連12個月漲勢;第三季季盤產品隨國際鋼價呈現補漲,此次全產品平均調幅4.1%。 中鋼今日召開7月份及第三季內銷鋼品盤價會議。中鋼公司指出,國內鋼市受新冠疫情影 響…",auto_correct,代號與簡稱互相印證（兩個獨立訊號一致）,,,3
collision:2002,2002,中鋼,M.1645795795.A.502,2022-02-25 21:29:55,情報,code,dense,False,6,[情報] 11年02月25日信用交易統計,2,True,False,True,False,中鋼,1332,"[代號] …3714富采 資增 2,757 張 券減 342 張 3037欣興 資減 2,448 張 券減 268 張 3035智原 資增 938 張 券增 586 張(券資比64%) 【2002】中鋼 資增 3,627 張 券減 48 張 2498宏達電 資增 1,079 張 券減 361 張 ================================== 櫃買信用交易統計 資增…
[簡稱(name_with_context)] …富采 資增 2,757 張 券減 342 張 3037欣興 資減 2,448 張 券減 268 張 3035智原 資增 938 張 券增 586 張(券資比64%) 2002【中鋼】 資增 3,627 張 券減 48 張 2498宏達電 資增 1,079 張 券減 361 張 ================================== 櫃買信用交易統計 資增 0…",auto_correct,代號與簡稱互相印證（兩個獨立訊號一致）,,,3
collision:2002,2002,中鋼,M.1621185468.A.1C1,2021-05-17 01:17:48,新聞,code,dense,False,1,[新聞] 疫情增溫 傳產拉高管制規格,1,True,False,True,False,中鋼,531,"[代號] …制規格 疫情增溫 傳產拉高管制規格 https://money.udn.com/money/story/5612/5462615 2021-05-17 00:58經濟日報 本報綜合報導 疫情增溫,高雄市政府將疫情警戒提升到「準三級」,中鋼(【2002】)宣布,全面取消第3 季產銷聯誼會,且罕見要求同仁「暫停到餐廳用餐」;塑化方面,台塑集團則表示,已全 面實施「分流」辦公,不排除提升防疫層級。 中鋼表示,因應疫情升級,開盤前的產銷聯誼會將全面取消,改為數位交流。另,遵造政 府規範,強化各…",auto_correct,代號與簡稱互相印證（兩個獨立訊號一致）,,,3
collision:2002,2002,中鋼,M.1621844004.A.2DE,2021-05-24 16:13:24,新聞,code,dense,False,7,[新聞]新聞解析／航運股還可以追？法人兩大觀察,2,True,False,True,False,中鋼,1875,"[代號] …下,持續吸引資金買進,主要是有基本面支撐 ,除港塞、缺櫃等問題未完全解決外,運價仍在上漲中,且將進入旺季,都吸引資金推進 。 張陳浩認為,除了航運股之外,看好鋼鐵股在拉回整理後仍有機會再攻,認為可以在拉回 時布局,例如具基本面題材的中鋼(【2002】),在壓回時就是好買點;另外,紡織股也可以 留意,尤其是初升段的集盛(1455)等股,電子股部分,修正很多的IC設計股也可以留意 ;防疫相關股則是看好快篩題材股。 心得/評論: ※必…
[簡稱(name_with_context)] …股強勢下,持續吸引資金買進,主要是有基本面支撐 ,除港塞、缺櫃等問題未完全解決外,運價仍在上漲中,且將進入旺季,都吸引資金推進 。 張陳浩認為,除了航運股之外,看好鋼鐵股在拉回整理後仍有機會再攻,認為可以在拉回 時布局,例如具基本面題材的【中鋼】(2002),在壓回時就是好買點;另外,紡織股也可以 留意,尤其是初升段的集盛(1455)等股,電子股部分,修正很多的IC設計股也可以留意 ;防疫相關股則是看好快篩題材股。 心得/評論:…",auto_correct,代號與簡稱互相印證（兩個獨立訊號一致）,,,3
collision:2006,2006,東和鋼鐵,M.1608567276.A.C4A,2020-12-22 00:14:36,標的,name,sparse,False,1,Re: [標的] 東和鋼鐵 （中長期多單）,2,False,False,True,True,東和鋼鐵,811,"[簡稱(name)] …Re: [標的] 【東和鋼鐵】 (中長期多單) 目前最初進場的獲利來到13%了 今天一根出量長紅 算是一個攻擊指標 但追漲有一定風險 請先自行評估買進時的虧損風險 https://i.imgur.com/eWPoMyu.jpg 目前鋼鐵正在強勢 這種因為上游原物料…
[簡稱(name)] …最重要的一件事 如果要操作波段 我反而建議新手把重點放在策略上 而不是預測未來的走勢 因為只要非長期投資 都會遇到盤勢、技術面、籌碼影響 這些都是屬於機率分析 沒人能看得準 ※ 引述《padbear (G)》之銘言: : 1. 標的:【東和鋼鐵】 : 2. 分類:中長期多單 : 3. 分析/正文: : 基本面 : 在原物料的漲價下,相關產品也陸續漲價中,近期內還是持續享有低存貨成本的優勢 : 相關廠商威致、海光、豐興最近都在噴 : 技術面 : 目前判斷爲整理,短期內要有波段漲幅還是…",auto_correct,三字以上簡稱出現在標題,,,3
collision:2006,2006,東和鋼鐵,M.1627619193.A.E8C,2021-07-30 12:26:33,請益,name,sparse,False,1,[請益] 東和鋼鐵 怎麼那麼弱 ?,4,False,False,True,True,東和鋼鐵,94,"[簡稱(name)] …[請益] 【東和鋼鐵】 怎麼那麼弱 ? 觀察一陣子了 , 比其他鋼鐵股還弱 東和鋼鐵 要減資 , 不像大成鋼還要增資 而且我在 MOD 看奧運時 , 還看到 東和鋼鐵的廣告 感覺經營階層還滿努力的 東和鋼鐵怎麼那麼弱 ?…
[簡稱(name)] …[請益] 東和鋼鐵 怎麼那麼弱 ? 觀察一陣子了 , 比其他鋼鐵股還弱 【東和鋼鐵】 要減資 , 不像大成鋼還要增資 而且我在 MOD 看奧運時 , 還看到 東和鋼鐵的廣告 感覺經營階層還滿努力的 東和鋼鐵怎麼那麼弱 ?…
[簡稱(name)] …[請益] 東和鋼鐵 怎麼那麼弱 ? 觀察一陣子了 , 比其他鋼鐵股還弱 東和鋼鐵 要減資 , 不像大成鋼還要增資 而且我在 MOD 看奧運時 , 還看到 【東和鋼鐵】的廣告 感覺經營階層還滿努力的 東和鋼鐵怎麼那麼弱 ?…",auto_correct,三字以上簡稱出現在標題,,,3
collision:2006,2006,東和鋼鐵,M.1583382718.A.AE7,2020-03-05 12:31:58,新聞,code,sparse,False,2,[新聞] 中鋼Q2銷量看增＋世紀鋼迎風，鋼鐵股抗跌,2,True,False,True,False,東和鋼鐵,680,"[代號] …標,至290萬噸,比首季的實績280萬噸續增。 中鋼在2月21日開出第二季內銷盤價,目前接單狀況不錯,但因新冠肺炎疫情干擾短期鋼 市,公司持續密切注意疫情對市場供需之影響。 中鋼今股價跌0.15元至22.85元,鋼鐵股盤中有東和鋼鐵(【2006】)、志聯(2024)上漲,另外 ,法人青睞股續強,像是自營商及外資聯手加碼的大成鋼(2027),外資等三大法人聯手買 超的世紀鋼今盤中大漲。 3.心得/評論:中鋼集團回春,預期第二季會回暖,投資朋友們應該趁現在趕快把家當…
[簡稱(name)] …增加銷售目 標,至290萬噸,比首季的實績280萬噸續增。 中鋼在2月21日開出第二季內銷盤價,目前接單狀況不錯,但因新冠肺炎疫情干擾短期鋼 市,公司持續密切注意疫情對市場供需之影響。 中鋼今股價跌0.15元至22.85元,鋼鐵股盤中有【東和鋼鐵】(2006)、志聯(2024)上漲,另外 ,法人青睞股續強,像是自營商及外資聯手加碼的大成鋼(2027),外資等三大法人聯手買 超的世紀鋼今盤中大漲。 3.心得/評論:中鋼集團回春,預期第二季會回暖,投資朋友們應該趁現在趕快把家當…",auto_correct,代號與簡稱互相印證（兩個獨立訊號一致）,,,3
collision:2006,2006,東和鋼鐵,M.1711123820.A.9E4,2024-03-23 00:10:20,新聞,code,sparse,False,1,[新聞] 《鋼鐵股》除息首日 世豐、東鋼表現不,5,True,False,True,False,東和鋼鐵,869,"[代號] …e.com.tw/news/20240322700952-430201 發布時間:2024.03.22 11:41 記者署名:葉時安 原文內容:豐達科(3004)周四除息首日,周五填息僅差一步,而周五輪到世豐(2065)、東和 鋼鐵(【2006】)除息,世豐盤中翻紅穩步填息路,然東和鋼鐵股價高檔修正,周五大跌半根跌停 ,失守70元關卡、摔下近4個月低點,面臨貼息困境。 展望今年營運,東鋼目前鋼筋在手訂單近百萬噸,鋼構今年訂單全滿,並已看到明年上半年 ;世豐也持續看好美洲地區客戶對…
[代號] …鋼構今 年訂單全滿,並已看到明年上半年,不過今年仍有大陸房地產、美國降息、鋼價、電價成本 等變數,若下半年狀況好轉,公司營運仍有機會一拚。目前公司前2月營收成長14.85%,目 前仍在成長軌道上。 心得/評論:鋼鐵股春燕啾啾啾,東和鋼鐵(【2006】)週五綠的很難看,一路從80掉到68,為 四個月新低,但在營收和EPS都呈現正面趨勢,或許是個入場時點。…
[簡稱(name)] …2700952-430201 發布時間:2024.03.22 11:41 記者署名:葉時安 原文內容:豐達科(3004)周四除息首日,周五填息僅差一步,而周五輪到世豐(2065)、東和 鋼鐵(2006)除息,世豐盤中翻紅穩步填息路,然【東和鋼鐵】股價高檔修正,周五大跌半根跌停 ,失守70元關卡、摔下近4個月低點,面臨貼息困境。 展望今年營運,東鋼目前鋼筋在手訂單近百萬噸,鋼構今年訂單全滿,並已看到明年上半年 ;世豐也持續看好美洲地區客戶對於螺絲螺帽產品需求持續提升;豐達科更持續挾…",auto_correct,代號與簡稱互相印證（兩個獨立訊號一致）,,,3
collision:2006,2006,東和鋼鐵,M.1622633994.A.847,2021-06-02 19:39:54,情報,code,sparse,False,5,[情報] 0602 最佳獲利集中買超個股,2,True,False,True,False,東和鋼鐵,741,"[代號] …15 18.25 144,539 4,813 0.88 -0.62% 0.22% 2888 新光金 12 10.05 69,070 4,722 0.47 1.28% 0% 【2006】 東和鋼鐵15 51.9 39,484 3,974 2.04 -1.18% -0.04% 1907 永豐餘 15 43.0 56,044 3,659 1.53 0.58…
[簡稱(name)] …25 144,539 4,813 0.88 -0.62% 0.22% 2888 新光金 12 10.05 69,070 4,722 0.47 1.28% 0% 2006 【東和鋼鐵】15 51.9 39,484 3,974 2.04 -1.18% -0.04% 1907 永豐餘 15 43.0 56,044 3,659 1.53 0.58% 0.49…",auto_correct,代號與簡稱互相印證（兩個獨立訊號一致）,,,3
collision:2006,2006,東和鋼鐵,M.1618222703.A.669,2021-04-12 18:18:23,其他,code,sparse,False,1,[其他] 2006 東和鋼鐵 公布三月自結營收,2,True,True,True,True,東和鋼鐵,224,"[代號] …[其他] 【2006】 東和鋼鐵 公布三月自結營收 本月 4,969,779 本年累計 12,868,075 去年同期 3,713,297 去年累計 9,617,646…
[簡稱(name)] …[其他] 2006 【東和鋼鐵】 公布三月自結營收 本月 4,969,779 本年累計 12,868,075 去年同期 3,713,297 去年累計 9,617,646 增減金…",auto_correct,代號出現在標題（標題非排行表欄位）,,,3
collision:2006,2006,東和鋼鐵,M.1651952283.A.EDA,2022-05-08 03:38:03,新聞,code,sparse,False,6,[新聞] 鋼鐵大廠Q1財報亮眼 東鋼暫居第1,4,True,False,True,False,東和鋼鐵,1068,"[代號] …龍頭中鋼(2002)第1季稅後大賺逾百億元,EPS0.7元優於去年 同期,旗下中鋼構(2013)首季EPS0.55元,來到近9年來新高,中鴻(2014)受到原料大漲 ,表現不如去年同期;其餘華新麗華(1605)、豐興(2015)、東和鋼鐵(【2006】)等指標性 大廠均繳出EPS超過1元成績,並由東和鋼鐵每股盈餘1.76元、暫居第1。 中鋼昨(6日)召開董事會,通過第1季財報案,中鋼第1季營收1152.12 億元、營業利益 13 4.75 億元、稅前淨利145.02億元,首季稅後淨利達…
[簡稱(name)] …1季財報,龍頭中鋼(2002)第1季稅後大賺逾百億元,EPS0.7元優於去年 同期,旗下中鋼構(2013)首季EPS0.55元,來到近9年來新高,中鴻(2014)受到原料大漲 ,表現不如去年同期;其餘華新麗華(1605)、豐興(2015)、【東和鋼鐵】(2006)等指標性 大廠均繳出EPS超過1元成績,並由東和鋼鐵每股盈餘1.76元、暫居第1。 中鋼昨(6日)召開董事會,通過第1季財報案,中鋼第1季營收1152.12 億元、營業利益 13 4.75 億元、稅前淨利145.02億元,首季…
[簡稱(name)] …7元優於去年 同期,旗下中鋼構(2013)首季EPS0.55元,來到近9年來新高,中鴻(2014)受到原料大漲 ,表現不如去年同期;其餘華新麗華(1605)、豐興(2015)、東和鋼鐵(2006)等指標性 大廠均繳出EPS超過1元成績,並由【東和鋼鐵】每股盈餘1.76元、暫居第1。 中鋼昨(6日)召開董事會,通過第1季財報案,中鋼第1季營收1152.12 億元、營業利益 13 4.75 億元、稅前淨利145.02億元,首季稅後淨利達到107.71億元,EPS0.7元,優於去年同 期0.…",auto_correct,代號與簡稱互相印證（兩個獨立訊號一致）,,,3
collision:2006,2006,東和鋼鐵,M.1627554809.A.13E,2021-07-29 18:33:29,新聞,code,sparse,False,1,[新聞] 鎳價飆漲 允強、東鋼吃補,2,True,False,True,False,東和鋼鐵,950,"[代號] …(請以原文網頁/報紙之發布時間為準) 原文內容: 國際鎳價持續上漲,本季可達每噸2萬美元高價位,不鏽鋼大廠允強(2034)有望轉嫁成 本而受惠,28日股價逆勢走強,終場上漲2.43%,收在42.2元。而鋼筋大廠東和鋼鐵( 【2006】)股價也獲得買盤拉升,終場小漲0.21%,收在46.85元。 觀察三大法人動向,在允強部分,外資賣超194張,投信賣超274張,自營商買超359張, 合計賣超109張。在東鋼部分,外資買超東鋼1,195張,投信賣超778張,自營商買超11…
[簡稱(name)] …(請以原文網頁/報紙之發布時間為準) 原文內容: 國際鎳價持續上漲,本季可達每噸2萬美元高價位,不鏽鋼大廠允強(2034)有望轉嫁成 本而受惠,28日股價逆勢走強,終場上漲2.43%,收在42.2元。而鋼筋大廠【東和鋼鐵】( 2006)股價也獲得買盤拉升,終場小漲0.21%,收在46.85元。 觀察三大法人動向,在允強部分,外資賣超194張,投信賣超274張,自營商買超359張, 合計賣超109張。在東鋼部分,外資買超東鋼1,195張,投信賣超778張,自…",auto_correct,代號與簡稱互相印證（兩個獨立訊號一致）,,,3
collision:2006,2006,東和鋼鐵,M.1625489246.A.7D8,2021-07-05 20:47:26,新聞,code,sparse,False,4,[新聞] 鋼價下半年易漲難跌 中鋼領軍鋼鐵股激昂,2,True,False,True,False,東和鋼鐵,1052,"[代號] …新光鋼今年營收、獲利挑戰歷史新高,EPS上看9元以上。新光鋼今早股價攻上94.6元新高 。 心得/評論: 國際搶料大作戰,沒有意外的話鋼鐵Q3鋼價仍看漲! 鋼鐵龍頭2002中鋼領軍今天一樣在打40關卡大魔王。 今天漲停的鋼鐵股有 【2006】東和鋼鐵、2008高興昌、2012春雨、2017官田鋼、2025千興、2029盛餘 鋼鐵 Is Not Over Yet~! 大鋼鐵時代正式來臨!…
[簡稱(name)] …今年營收、獲利挑戰歷史新高,EPS上看9元以上。新光鋼今早股價攻上94.6元新高 。 心得/評論: 國際搶料大作戰,沒有意外的話鋼鐵Q3鋼價仍看漲! 鋼鐵龍頭2002中鋼領軍今天一樣在打40關卡大魔王。 今天漲停的鋼鐵股有 2006【東和鋼鐵】、2008高興昌、2012春雨、2017官田鋼、2025千興、2029盛餘 鋼鐵 Is Not Over Yet~! 大鋼鐵時代正式來臨!…",auto_correct,代號與簡稱互相印證（兩個獨立訊號一致）,,,3
collision:2013,2013,中鋼構,M.1577936125.A.088,2020-01-02 11:35:25,新聞,code,sparse,False,1,[新聞] 中鋼構 轉動風電商機,12,True,False,True,True,中鋼構,761,"[代號] …://money.udn.com/money/story/5710/4262158 2.原文內容:中鋼構 轉動風電商機 2020-01-02 00:04經濟日報 記者林政鋒/高雄報導 台商回流加上風電商機發酵,二大上市鋼結構廠中鋼構(【2013】)、世紀鋼新年度基本面看 旺。尤其中鋼構全年度八成訂單量在握,基本面鞏固立於不敗之地。 法人分析說,隨著中鋼水下基礎廠興達海基竣工啟用,離岸風電商機今年將是鋼結構廠的 重頭戲。周二中鋼構收盤25.1元,跌0.2元。 中鋼構董事長陳天民指…
[簡稱(name)] …[新聞] 【中鋼構】 轉動風電商機 1.原文連結: https://money.udn.com/money/story/5710/4262158 2.原文內容:中鋼構 轉動風電商機 2020-01-02 00:04經濟日報 記者林政鋒/高雄報導 台商回流…
[簡稱(name)] …[新聞] 中鋼構 轉動風電商機 1.原文連結: https://money.udn.com/money/story/5710/4262158 2.原文內容:【中鋼構】 轉動風電商機 2020-01-02 00:04經濟日報 記者林政鋒/高雄報導 台商回流加上風電商機發酵,二大上市鋼結構廠中鋼構(2013)、世紀鋼新年度基本面看 旺。尤其中鋼構全年度八成訂單量在握,基本面鞏固立於不敗之地。 法人分析…",auto_correct,代號與簡稱互相印證（兩個獨立訊號一致）,,,3
collision:2013,2013,中鋼構,M.1625121212.A.B37,2021-07-01 14:33:32,標的,code,sparse,False,1,[標的] 2013 中鋼構 多 中鋼GOGOGO,6,True,True,True,True,中鋼構,407,"[代號] …[標的] 【2013】 中鋼構 多 中鋼GOGOGO 1. 標的: 2013 中鋼構 2. 分類:多 3. 分析/正文: 一、基本面 中鋼構 出貨排到明年 https://udn.com/news/story/7252/5210915 主要業務為大樓建築…
[代號] …[標的] 2013 中鋼構 多 中鋼GOGOGO 1. 標的: 【2013】 中鋼構 2. 分類:多 3. 分析/正文: 一、基本面 中鋼構 出貨排到明年 https://udn.com/news/story/7252/5210915 主要業務為大樓建築、科技廠房以及公共建設,還是風電概念股 二、財務面…
[簡稱(name)] …[標的] 2013 【中鋼構】 多 中鋼GOGOGO 1. 標的: 2013 中鋼構 2. 分類:多 3. 分析/正文: 一、基本面 中鋼構 出貨排到明年 https://udn.com/news/story/7252/5210915 主要業務為大樓建築、科技廠…",auto_correct,代號出現在標題（標題非排行表欄位）,,,3
collision:2013,2013,中鋼構,M.1626050700.A.259,2021-07-12 08:45:00,新聞,code,sparse,False,4,[新聞] 中鴻6月營收14年新高,7,True,False,True,False,中鋼構,1187,"[代號] …收14年新高 原文連結: https://ctee.com.tw/news/stocks/487132.html 發布時間:2021.07.12 工商時報 原文內容: 受惠於價格大漲與出貨暢旺,鋼鐵族群包括中鴻(2014)、中鋼構(【2013】)、東鋼(2006)、燁 輝(2023)、聚亨(2022)、春雨(2012)等相關鋼廠6月合併營收普遍呈現大幅成長局面,其 中,中鴻單月營收達48.33億元、年增62.39%,創2007年3月以來單月新高。 中鴻6月營收為48.33億元、…
[代號] …響。 心得/評論: 2014中鴻創14年單月新高,加上美股鋼鐵類群上週五大漲, 基礎建設、中俄課稅利多連發,鋼鐵類股這周基本上方向向上了。 你手上有沒有文中被點名的持股? 準備噴一波! 一起成為鋼鐵人! 中鴻(2014)、中鋼構(【2013】)、東鋼(2006)、燁輝(2023)、聚亨(2022)、春雨(2012)…
[簡稱(name)] …鴻6月營收14年新高 原文連結: https://ctee.com.tw/news/stocks/487132.html 發布時間:2021.07.12 工商時報 原文內容: 受惠於價格大漲與出貨暢旺,鋼鐵族群包括中鴻(2014)、【中鋼構】(2013)、東鋼(2006)、燁 輝(2023)、聚亨(2022)、春雨(2012)等相關鋼廠6月合併營收普遍呈現大幅成長局面,其 中,中鴻單月營收達48.33億元、年增62.39%,創2007年3月以來單月新高。 中鴻6月營收為48.…",auto_correct,代號與簡稱互相印證（兩個獨立訊號一致）,,,3
collision:2013,2013,中鋼構,M.1615026405.A.560,2021-03-06 18:26:45,新聞,code,sparse,False,3,[新聞] 別管台積電了 股神驚天動作洩2種股票大爆,2,True,False,True,False,中鋼構,2036,"[代號] …轉往똊鴗1B鋼鐵、航運、生技、鏡頭大立光,投以關愛的眼神。 未來指數突破前高的主角必定是塑化台塑、南亞等傳產龍頭,鋼鐵、航運族群打群架助攻,這些股票未來的成交量或許都將超過10萬張起跳,若如此就是徵兆,因為技術分析說的「量比價行」,鋼鐵人【2013】中鋼構的噴出示範,複製飆漲模式明確,若鋼鐵複製飆漲模式成功,那已經三年沒開張的散裝航運股也不寂寞,因為美國即將通過2兆美元的基礎建設法案,鋼價必上揚,必帶旺全球鋼鐵榮景,何況這次有美國與大陸推動基建,勢將造成全球鋼價大漲,散裝航運也動起來,…
[簡稱(name)] …1B鋼鐵、航運、生技、鏡頭大立光,投以關愛的眼神。 未來指數突破前高的主角必定是塑化台塑、南亞等傳產龍頭,鋼鐵、航運族群打群架助攻,這些股票未來的成交量或許都將超過10萬張起跳,若如此就是徵兆,因為技術分析說的「量比價行」,鋼鐵人2013【中鋼構】的噴出示範,複製飆漲模式明確,若鋼鐵複製飆漲模式成功,那已經三年沒開張的散裝航運股也不寂寞,因為美國即將通過2兆美元的基礎建設法案,鋼價必上揚,必帶旺全球鋼鐵榮景,何況這次有美國與大陸推動基建,勢將造成全球鋼價大漲,散裝航運也動起來,因為和…",auto_correct,代號與簡稱互相印證（兩個獨立訊號一致）,,,3
collision:2013,2013,中鋼構,M.1640004591.A.F42,2021-12-20 20:49:51,新聞,code,sparse,False,4,[新聞] 台股綠光罩頂 權值股下殺 跌元百點,2,True,False,True,False,中鋼構,711,"[代號] …缺口,多頭攻勢再次被澆熄,日KD指標轉折向下,不利多頭反擊,下檔支撐看前低附近,支撐不破,仍偏多看。 從技術面觀察,今日開低走低回補缺口,多頭攻勢再次被澆熄,日KD指標轉折向下,不利? 個股表現方面,鋼鐵業無虞今日表現抗跌,包括中鋼構(【2013】)、中鴻(2014)、大國鋼(8415 新冠肺炎疫情方面,目前全球確診人數突破2.74億人,死亡人數逾534萬人。世衛組織日前 台股近期在題材上可留意鋼鐵、生技、低本益比等族群類股,在外資放假之餘,成交量能? 心得/評論: 台股綠光…
[簡稱(name)] …走低回補缺口,多頭攻勢再次被澆熄,日KD指標轉折向下,不利多頭反擊,下檔支撐看前低附近,支撐不破,仍偏多看。 從技術面觀察,今日開低走低回補缺口,多頭攻勢再次被澆熄,日KD指標轉折向下,不利? 個股表現方面,鋼鐵業無虞今日表現抗跌,包括【中鋼構】(2013)、中鴻(2014)、大國鋼(8415 新冠肺炎疫情方面,目前全球確診人數突破2.74億人,死亡人數逾534萬人。世衛組織日前 台股近期在題材上可留意鋼鐵、生技、低本益比等族群類股,在外資放假之餘,成交量能? 心得/評論:…",auto_correct,代號與簡稱互相印證（兩個獨立訊號一致）,,,3
collision:2013,2013,中鋼構,M.1629373076.A.152,2021-08-19 19:37:56,標的,code,sparse,False,1,Re: [標的] 2013 中鋼構 多 中鋼GOGOGO,6,True,True,True,True,中鋼構,629,"[代號] …Re: [標的] 【2013】 中鋼構 多 中鋼GOGOGO ※ 引述《jin168chen (毛毛蟲)》之銘言: : 1. 標的: 2013 中鋼構 : 2. 分類:多 : 3. 分析/正文: : 一、基本面 : 中鋼構 出貨排到明年 : https://udn.c…
[代號] …Re: [標的] 2013 中鋼構 多 中鋼GOGOGO ※ 引述《jin168chen (毛毛蟲)》之銘言: : 1. 標的: 【2013】 中鋼構 : 2. 分類:多 : 3. 分析/正文: : 一、基本面 : 中鋼構 出貨排到明年 : https://udn.com/news/story/7252/5210915 : 主要業務為大樓建築、科技廠房以及公共建設,還是風電概念股…
[簡稱(name)] …Re: [標的] 2013 【中鋼構】 多 中鋼GOGOGO ※ 引述《jin168chen (毛毛蟲)》之銘言: : 1. 標的: 2013 中鋼構 : 2. 分類:多 : 3. 分析/正文: : 一、基本面 : 中鋼構 出貨排到明年 : https://udn.com/n…",auto_correct,代號出現在標題（標題非排行表欄位）,,,3
collision:2013,2013,中鋼構,M.1639712022.A.86E,2021-12-17 11:33:42,標的,code,sparse,False,2,[標的] 2031.TW新光鋼 風神 多,3,True,False,True,False,中鋼構,688,"[代號] …2031.TW新光鋼 風神 多 1. 標的:2031.TW 新光鋼 2. 分類:多 3. 分析/正文: (一)本週強勢股太陽能類股,今日轉到風力發電。風力發電類股上游包括:上緯投控(3708 )漲停/世紀鋼(9958)大漲/中鋼構(【2013】)大漲/新光鋼(2031)第一根突破。 (二)新光鋼(2031)今年以來受惠產品量、鋼價齊揚,前三季獲利已超過歷年全年,今年營 運確立將創下新高紀錄。針對明年展望,新光鋼董事長粟明德指出,目前來自於公共工程 、風力發電、太陽能用的鋼材接單…
[簡稱(name)] …[標的] 2031.TW新光鋼 風神 多 1. 標的:2031.TW 新光鋼 2. 分類:多 3. 分析/正文: (一)本週強勢股太陽能類股,今日轉到風力發電。風力發電類股上游包括:上緯投控(3708 )漲停/世紀鋼(9958)大漲/【中鋼構】(2013)大漲/新光鋼(2031)第一根突破。 (二)新光鋼(2031)今年以來受惠產品量、鋼價齊揚,前三季獲利已超過歷年全年,今年營 運確立將創下新高紀錄。針對明年展望,新光鋼董事長粟明德指出,目前來自於公共工程 、風力發電、太陽能用…
[簡稱(name)] …興櫃。 (四)全年來看,法人看好新光鋼今年受惠價、量齊揚,以及低價庫存利益顯現,營收、獲 利將創歷史新高, EPS則看8~9元,較歷史高峰2007年的3.5元倍數成長。以目前股價來看 預估本益比在7倍左右;同樣負責風力發電上游原材料鋼材的【中鋼構】預估本益比在26.9倍 。11月營收年增23.7%。 (五)大戶持股比例上升 散戶持股比例下降 4. 進退場機制:停損第一根起漲57.6 停利短看半年線65元,中長看前高94.6或三位數整 數關卡 附上對帳單 https://i.im…",auto_correct,代號與簡稱互相印證（兩個獨立訊號一致）,,,3
collision:2013,2013,中鋼構,M.1658372027.A.0EC,2022-07-21 10:53:47,新聞,code,sparse,False,2,[新聞] 拜登沒宣布氣候緊急狀態 發行政命令推,2,True,False,True,False,中鋼構,1307,"[代號] …部餓死。世界就會自然而然的只剩 下生活環保的有錢人了。 真,人口控管大師風電之王拜登。 補充舊文,風電概念股 離岸風電概念股利多題材夯,15日歡聲雷動,上緯投控(3708)漲逾5%,中鼎(9933)、 永冠-KY(1589)、中鋼構(【2013】)強勢「來電」。 2022年6月15日…
[簡稱(name)] …的人口全部餓死。世界就會自然而然的只剩 下生活環保的有錢人了。 真,人口控管大師風電之王拜登。 補充舊文,風電概念股 離岸風電概念股利多題材夯,15日歡聲雷動,上緯投控(3708)漲逾5%,中鼎(9933)、 永冠-KY(1589)、【中鋼構】(2013)強勢「來電」。 2022年6月15日…",auto_correct,代號與簡稱互相印證（兩個獨立訊號一致）,,,3
collision:2013,2013,中鋼構,M.1637760649.A.005,2021-11-24 21:30:49,情報,code,sparse,False,7,[情報] 110年11月24日信用交易統計,2,True,False,True,False,中鋼構,1397,"[代號] …145 張 2388威盛 資增 531 張 券減 169 張 2340光磊 資增 4,018 張 券增 553 張 3016嘉晶 資增 982 張 券減 193 張 【2013】中鋼構 資增 1,009 張 券增 105 張 ================================== 櫃買信用交易統計 資增 10.60 億 券增 1,243 張 5351鈺創 資減…
[簡稱(name)] …張 2388威盛 資增 531 張 券減 169 張 2340光磊 資增 4,018 張 券增 553 張 3016嘉晶 資增 982 張 券減 193 張 2013【中鋼構】 資增 1,009 張 券增 105 張 ================================== 櫃買信用交易統計 資增 10.60 億 券增 1,243 張 5351鈺創 資減 5…",auto_correct,代號與簡稱互相印證（兩個獨立訊號一致）,,,3
collision:2013,2013,中鋼構,M.1651952283.A.EDA,2022-05-08 03:38:03,新聞,code,sparse,False,6,[新聞] 鋼鐵大廠Q1財報亮眼 東鋼暫居第1,3,True,False,True,False,中鋼構,1068,"[代號] ….ly/3w20IDn 發布時間: 2022/05/07 15:01 記者署名: 記者林菁樺/台北報導 原文內容: 鋼鐵廠陸續公告第1季財報,龍頭中鋼(2002)第1季稅後大賺逾百億元,EPS0.7元優於去年 同期,旗下中鋼構(【2013】)首季EPS0.55元,來到近9年來新高,中鴻(2014)受到原料大漲 ,表現不如去年同期;其餘華新麗華(1605)、豐興(2015)、東和鋼鐵(2006)等指標性 大廠均繳出EPS超過1元成績,並由東和鋼鐵每股盈餘1.76元、暫居第1。…
[簡稱(name)] …/bit.ly/3w20IDn 發布時間: 2022/05/07 15:01 記者署名: 記者林菁樺/台北報導 原文內容: 鋼鐵廠陸續公告第1季財報,龍頭中鋼(2002)第1季稅後大賺逾百億元,EPS0.7元優於去年 同期,旗下【中鋼構】(2013)首季EPS0.55元,來到近9年來新高,中鴻(2014)受到原料大漲 ,表現不如去年同期;其餘華新麗華(1605)、豐興(2015)、東和鋼鐵(2006)等指標性 大廠均繳出EPS超過1元成績,並由東和鋼鐵每股盈餘1.76元、暫…
[簡稱(name)] …期0.58元。 中鴻日前也公告單季營收124.1億元、年增14.58%,營業利益4.51億元、稅前淨利5.05億元 、稅後淨利5.01億元、年減70.52%,EPS為0.35元,首季業績因鋼價走跌,但料源提升,因 此較去年同期衰退。 【中鋼構】因半導體大廠擴建加上商辦百貨大樓營建工程暢旺,第1季稅後淨利1.09億元、年增4 5.33%,EPS為0.55元,寫下近9年來同期新高。 電線電纜大廠華新麗華公告第1季財務報告,單季營收淨額約為425.57億元,營業毛利為54. 92億元…",auto_correct,代號與簡稱互相印證（兩個獨立訊號一致）,,,3
collision:2014,2014,中鴻,M.1627349479.A.FDD,2021-07-27 09:31:19,新聞,code,sparse,False,3,[新聞] 杜金龍：航運翻覆、鋼鐵退場 傳產行情告,3,True,False,True,False,中鴻,880,"[代號] …多不漲、對利空立即反應,就是空頭訊號,在技術面上,鋼鐵指數 在5月11日創高216點後,一個高點比一個高點低,又在上週四跌破上升支撐線,下一個測 試支撐位置在167.5點、等於還有16.5%回檔空間。 鋼鐵三大指標股中鋼(2002)、中鴻(【2014】)、世紀鋼(9958),已較高點回檔23%、17 %、13%。杜金龍指出,目前主力還在關注航運,尚未對鋼鐵重手調節,昨日僅中鴻遭外 資賣超1.3萬張最多;航運修正波結束後,可預見鋼鐵將成下個目標,投資人應擇機獲利 了結。 杜金龍指出,航運…
[簡稱(name_with_context)] …鐵股利多不漲、對利空立即反應,就是空頭訊號,在技術面上,鋼鐵指數 在5月11日創高216點後,一個高點比一個高點低,又在上週四跌破上升支撐線,下一個測 試支撐位置在167.5點、等於還有16.5%回檔空間。 鋼鐵三大指標股中鋼(2002)、【中鴻】(2014)、世紀鋼(9958),已較高點回檔23%、17 %、13%。杜金龍指出,目前主力還在關注航運,尚未對鋼鐵重手調節,昨日僅中鴻遭外 資賣超1.3萬張最多;航運修正波結束後,可預見鋼鐵將成下個目標,投資人應擇機獲利 了結。 杜金龍…
[簡稱(name_with_context)] …撐線,下一個測 試支撐位置在167.5點、等於還有16.5%回檔空間。 鋼鐵三大指標股中鋼(2002)、中鴻(2014)、世紀鋼(9958),已較高點回檔23%、17 %、13%。杜金龍指出,目前主力還在關注航運,尚未對鋼鐵重手調節,昨日僅【中鴻】遭外 資賣超1.3萬張最多;航運修正波結束後,可預見鋼鐵將成下個目標,投資人應擇機獲利 了結。 杜金龍指出,航運、鋼鐵相繼遭主力棄養,傳產行情告終,目前風向來到中小型電子股, 所以車用電子、能源股出來跑龍套活絡台股人氣,但這些小權值股無益…",auto_correct,代號與簡稱互相印證（兩個獨立訊號一致）,,,3
collision:2014,2014,中鴻,M.1646645875.A.8E1,2022-03-07 17:37:55,情報,code,sparse,False,4,[情報] 0307 量大分點齊買,1,True,False,True,False,中鴻,592,"[代號] ….05 221,879 37.79 17,288 2.95 -0.22% 0.04% 2607 榮運 39.0 90,359 34.71 5,176 2 0.18% 0.26% 【2014】 中鴻 43.9 94,831 41.27 4,150 1.81 -0.18% 1.03% 2340 台亞 50.4 11,661 5.87 3,264 1.64 0.…",auto_correct,代號與簡稱互相印證（兩個獨立訊號一致）,,,3
collision:2014,2014,中鴻,M.1620138930.A.711,2021-05-04 22:35:30,新聞,code,sparse,False,2,[新聞] 暴跌逾500點 萬七失守 大立光重回股王,2,True,False,True,False,中鴻,898,"[代號] …上方,漲幅約0.5%;IC設計回檔修正,聯發科(2454)、聯詠(3034)、瑞昱 (2379)、群聯(8299)等跌幅都在3%以上;鋼鐵股賣壓蜂擁而出,盤中官田鋼(2017 )、建錩(5014)、佳大(2033)、燁輝(2023)、中鴻(【2014】)等16檔個股一度亮燈跌 停,鋼鐵指數大跌7%以上。 中國信託臺灣ESG永續關鍵半導體ETF經理人張圭慧表示,4月台股股價頻創新高,且每日 當沖金額占比從3月底的30%,到4月底升高到38%;對於投資人來說,台股在資金行情、 景氣復甦帶動…
[簡稱(name_with_context)] …在平盤上方,漲幅約0.5%;IC設計回檔修正,聯發科(2454)、聯詠(3034)、瑞昱 (2379)、群聯(8299)等跌幅都在3%以上;鋼鐵股賣壓蜂擁而出,盤中官田鋼(2017 )、建錩(5014)、佳大(2033)、燁輝(2023)、【中鴻】(2014)等16檔個股一度亮燈跌 停,鋼鐵指數大跌7%以上。 中國信託臺灣ESG永續關鍵半導體ETF經理人張圭慧表示,4月台股股價頻創新高,且每日 當沖金額占比從3月底的30%,到4月底升高到38%;對於投資人來說,台股在資金行情、 景…",auto_correct,代號與簡稱互相印證（兩個獨立訊號一致）,,,3
collision:2014,2014,中鴻,M.1639396746.A.769,2021-12-13 19:59:06,新聞,code,sparse,False,1,[新聞] 中鴻 需求可望回溫,3,True,False,True,True,中鴻,507,"[代號] …s묥玵E 原文連結:https://reurl.cc/zW3GLa s묥玵E 發布時間:2021/12/12 原文內容:中鴻(【2014】)受惠於2021年獲利表現亮麗。與看好明年農曆年後的鋼市前景,激勵上周五股價走揚,終場上漲0.05元、收38.50元,成交量2.59萬張,後市行情持續看俏。 中鴻前三季稅後淨利達54.44億元,EPS為3.79元,創歷史同期新高。近期受到…
[簡稱(name_with_context)] …s묥玵E 原文連結:https://reurl.cc/zW3GLa s묥玵E 發布時間:2021/12/12 原文內容:【中鴻】(2014)受惠於2021年獲利表現亮麗。與看好明年農曆年後的鋼市前景,激勵上周五股價走揚,終場上漲0.05元、收38.50元,成交量2.59萬張,後市行情持續看俏。 中鴻前三季稅後淨利達54.44億元,EPS為3.79元,創歷史同期新高…
[簡稱(name_with_context)] …s묥玵E 發布時間:2021/12/12 原文內容:中鴻(2014)受惠於2021年獲利表現亮麗。與看好明年農曆年後的鋼市前景,激勵上周五股價走揚,終場上漲0.05元、收38.50元,成交量2.59萬張,後市行情持續看俏。 【中鴻】前三季稅後淨利達54.44億元,EPS為3.79元,創歷史同期新高。近期受到中國大陸鋼價下跌和下游出口缺櫃塞港影響,11月分鋼品出貨量下降到16.7萬公噸,但受惠於鋼價正處於盤整築底階段,預期2022年農曆年後經市場庫存調節後,整體市場需求…",auto_correct,代號與簡稱互相印證（兩個獨立訊號一致）,,,3
collision:2014,2014,中鴻,M.1629071717.A.EFE,2021-08-16 07:55:17,新聞,code,sparse,False,2,[新聞] 中美祭兩大利多 鋼鐵族群沾光 7檔看旺,1,True,False,True,False,中鴻,1299,"[代號] …大陸為了環保限產, 下半年須減產粗鋼6,000萬公噸等大利多因素助攻,歐美市場需求持續發燒, 國際鋼材供給更加吃緊,鋼價持續看漲。 受這些因素激勵,除中鋼(2002)9月內銷盤價重啟漲勢,每公噸漲300~500元外, 市場預期中鴻(【2014】)將於本周開出的9月盤價也可望順勢調漲, 受惠廠商有美亞(2020)、燁輝(2023)、盛餘(2029)、新光鋼(2031)、 大成鋼(2027)等,預期下半年接單持續暢旺,且營運動能也持續看旺。 鋼鐵專家表示,美國參議院日前通過1.…",auto_correct,代號與簡稱互相印證（兩個獨立訊號一致）,,,3
collision:2014,2014,中鴻,M.1625474157.A.6B0,2021-07-05 16:35:57,情報,code,sparse,False,3,Re: [情報] 2034 允強 5月自結0.21,2,True,False,True,False,中鴻,2253,"[代號] …七月 300系列續漲 3000, 360系列漲 8000 : 所以近期股價往上追的, 是六七月盤元漲價後, 隔月的基本面 : 可以預期六七月自結的 EPS應該會有比較好的成長率 : 相同的, 中鋼7月盤價持平, 但第三季季盤會延續季漲 : 【2014】中鴻 六月營收應該會很好, 因為六月盤價大漲 : 但8月上旬公布7月營收時, 應該會普普 : 之後能否續多, 就要看八九月中鋼盤價漲多少 : 但中鋼昨天說一號熱軋的歲修要延後到明年四月來因應市場需求 : 想必下半年鋼鐵會持續有好的基本面 :…
[簡稱(name_with_context)] …00系列續漲 3000, 360系列漲 8000 : 所以近期股價往上追的, 是六七月盤元漲價後, 隔月的基本面 : 可以預期六七月自結的 EPS應該會有比較好的成長率 : 相同的, 中鋼7月盤價持平, 但第三季季盤會延續季漲 : 2014【中鴻】 六月營收應該會很好, 因為六月盤價大漲 : 但8月上旬公布7月營收時, 應該會普普 : 之後能否續多, 就要看八九月中鋼盤價漲多少 : 但中鋼昨天說一號熱軋的歲修要延後到明年四月來因應市場需求 : 想必下半年鋼鐵會持續有好的基本面 : 另…",auto_correct,代號與簡稱互相印證（兩個獨立訊號一致）,,,3
collision:2014,2014,中鴻,M.1657267365.A.23D,2022-07-08 16:02:45,情報,code,sparse,False,1,[情報] 2014 中鴻 六月營收 月減年減,2,True,True,True,True,中鴻,328,"[代號] …[情報] 【2014】 中鴻 六月營收 月減年減 https://mops.twse.com.tw/mops/web/t05st10_ifrs 本資料由 (上市公司) 中鴻 公司提供 民國111年06月 單位:新台幣仟元 項目 營業收入淨額 本月…
[簡稱(name_with_context)] …[情報] 2014 【中鴻】 六月營收 月減年減 https://mops.twse.com.tw/mops/web/t05st10_ifrs 本資料由 (上市公司) 中鴻 公司提供 民國111年06月 單位:新台幣仟元 項目 營業收入淨額 本月…",auto_correct,代號出現在標題（標題非排行表欄位）,,,3
collision:2340,2340,台亞,M.1634797648.A.CF0,2021-10-21 14:27:28,新聞,code,sparse,False,1,[新聞] 日亞化接掌光磊董事會 衝刺感測半導體,3,True,False,True,False,台亞,989,"[代號] …日亞化接掌光磊董事會 衝刺感測半導體 原文標題:日亞化接掌光磊董事會 衝刺感測半導體 原文連結:https://ctee.com.tw/news/tech/535414.html 發布時間:2021.10.21 原文內容: 光磊(【2340】)於今日上午完成110年第一次臨時股東會,股東會中所有議案均全數通過,其 中市場矚目的經營權之爭也劃下句點宣告落幕,由日亞化學全面主導並且接手董事會,這 也讓光磊名正言順地納入日亞化學集團之內,將來不論是在先進的感測半導體技術、高端 技術人…
[簡稱(name_with_context)] …告知全體股東光磊將擺脫舊有的光電產業包袱,將邁向感測半導體科技公司,而市場消 息更大膽的預測光磊將申請變更上市類別,以為股東創造更高更好的本益比。 此外,股東會中更進一步通過將處分大陸子公司的議案,短期內雖然會造成大陸子公司營 收無法納入【台亞】(前光磊)的合併營收中,但經處分後的利益未來仍會回補,對於整體台亞 (前光磊)的營收與獲利影響甚小。 而觀看其新任董事會的名單,除了董事席次大幅縮減為7席外,其中王虹東、戴圳家、石 上幸志、李國光是舊有董事會成員,新任獨立董事包括蔡士光、…
[簡稱(name_with_context)] …,而市場消 息更大膽的預測光磊將申請變更上市類別,以為股東創造更高更好的本益比。 此外,股東會中更進一步通過將處分大陸子公司的議案,短期內雖然會造成大陸子公司營 收無法納入台亞(前光磊)的合併營收中,但經處分後的利益未來仍會回補,對於整體【台亞】 (前光磊)的營收與獲利影響甚小。 而觀看其新任董事會的名單,除了董事席次大幅縮減為7席外,其中王虹東、戴圳家、石 上幸志、李國光是舊有董事會成員,新任獨立董事包括蔡士光、吳建志與賴振東則是這一 次改選的亮點,翻開三位的簡歷可以說是非常豐…",auto_correct,代號與簡稱互相印證（兩個獨立訊號一致）,,,3
collision:2340,2340,台亞,M.1640875001.A.3AB,2021-12-30 22:36:41,情報,code,sparse,False,7,[情報] 110年12月30日信用交易統計,2,True,False,True,False,台亞,1320,"[代號] …63 張 2883開發金 資減 6,035 張 券減 50,638 張 1314中石化 資增 3,478 張 券增 24 張 3583辛耘 資增 138 張 券增 514 張 【2340】台亞 資減 1,450 張 券減 1,051 張 ================================== 櫃買信用交易統計 資增 0.50 億 券減 401 張…
[簡稱(name_with_context)] …張 2883開發金 資減 6,035 張 券減 50,638 張 1314中石化 資增 3,478 張 券增 24 張 3583辛耘 資增 138 張 券增 514 張 2340【台亞】 資減 1,450 張 券減 1,051 張 ================================== 櫃買信用交易統計 資增 0.50 億 券減 401 張…",auto_correct,代號與簡稱互相印證（兩個獨立訊號一致）,,,3
collision:2340,2340,台亞,M.1637202731.A.0B1,2021-11-18 10:32:11,標的,code,sparse,False,1,Re: [標的] 2340.TW 光磊 多,2,True,True,False,False,,1151,"[代號] …Re: [標的] 【2340】.TW 光磊 多 ※ 引述《wayne6250 (wayne)》之銘言: : ※ 引述《wayne6250 (wayne)》之銘言: : : -------------------------------------------------…
[代號] …,否則依板規1-1-6處份 : : 3.請依格式輸入內容,未依格式者板規1-1-2砍文處份。 : : 標題請使用以下格式:股號.市場碼+股名+分類 (市場碼:TW US HK CN JP KR...) : : 1. 標的: 【2340】.TW 光磊 : : 2. 分類:多 : : 3. 分析/正文: : : 之前30-35玩過一趟,上一波起飆沒跟到 : : 基本面沒有很亮眼就不講了 : : 會買這支單純只看技術面線型看能不能賺個幾k : : 前波高點50萬下跌後量縮,通常…",auto_correct,代號出現在標題（標題非排行表欄位）,,,3
collision:2340,2340,台亞,M.1609828664.A.D8F,2021-01-05 14:37:44,標的,code,sparse,False,1,[標的] 2340 光磊,1,True,True,False,False,,685,"[代號] …[標的] 【2340】 光磊 ------------------------------------------------------------------------- 1.發文前請先詳閱[標的]分類發文規範,未依規範發文將受處份。 2.發標的文未充實內…",auto_correct,代號出現在標題（標題非排行表欄位）,,,3
collision:2340,2340,台亞,M.1614476274.A.343,2021-02-28 09:37:54,標的,code,sparse,False,1,Re: [標的] 2340 光磊 多,2,True,True,False,False,,1873,"[代號] …Re: [標的] 【2340】 光磊 多 ※ 引述《mopackm123 (mopackm123)》之銘言: : ※ 引述《mopackm123 (mopackm123)》之銘言: : : ----------------------------------------…
[代號] …價,否則依板規1-1-6處份 : : 4.若為長期投資,但無充份分析理由,將依板規1-1-5處份 : : 4.請依格式輸入內容,未依格式者板規1-1-2砍文處份。 : : 5.分類選填請益或心得者,進退場機制得刪去。 : : 1. 標的:【2340】 光磊 : : 2. 分類:多 : : 3. 分析/正文: : : 1.技術面:均線糾結,全線上彎。 : : 從2018至今2021年,三年箱型整理區間(18-30),目前價格可以說是相對穩健,進 可 : 攻 : : 退可守。 : : 2.…",auto_correct,代號出現在標題（標題非排行表欄位）,,,3
collision:2340,2340,台亞,M.1637127312.A.D1C,2021-11-17 13:35:12,標的,code,sparse,False,1,Re: [標的] 2340.TW 光磊 多,2,True,True,False,False,,929,"[代號] …Re: [標的] 【2340】.TW 光磊 多 ※ 引述《wayne6250 (wayne)》之銘言: : ------------------------------------------------------------------------- : 1.發標的…
[代號] …請輸入停損價,否則依板規1-1-6處份 : 3.請依格式輸入內容,未依格式者板規1-1-2砍文處份。 : 標題請使用以下格式:股號.市場碼+股名+分類 (市場碼:TW US HK CN JP KR...) : 1. 標的: 【2340】.TW 光磊 : 2. 分類:多 : 3. 分析/正文: : 之前30-35玩過一趟,上一波起飆沒跟到 : 基本面沒有很亮眼就不講了 : 會買這支單純只看技術面線型看能不能賺個幾k : 前波高點50萬下跌後量縮,通常接近上升月線會再有一波漲…",auto_correct,代號出現在標題（標題非排行表欄位）,,,3
collision:2340,2340,台亞,M.1637636447.A.405,2021-11-23 11:00:47,標的,code,sparse,False,1,Re: [標的] 2340.TW光磊  站穩台灣立足全亞洲多,1,True,True,False,False,,101,"[代號] …Re: [標的] 【2340】.TW光磊 站穩台灣立足全亞洲多 ※ 引述《what1026》之銘言: 這家公司問題很多......想追高的適可而止...... 去年大批核心工程人員離職,現在只是放個風聲 市場就集體高潮了......另外主力開始出貨了, 自己小心。…",auto_correct,代號出現在標題（標題非排行表欄位）,,,3
collision:2340,2340,台亞,M.1655694406.A.076,2022-06-20 11:06:46,標的,code,sparse,False,1,[標的] 2340台亞多,2,True,True,True,True,台亞,169,"[代號] …[標的] 【2340】台亞多 今天台股一片綠油油唯獨光電這隻一枝獨秀 預計今天進場 50停利搶短多 https://i.imgur.com/g0AGUDe.png 利多1: 融資大減 準備反彈 https://i.imgur.com/1EyxqkY.png…
[簡稱(name_with_context)] …[標的] 2340【台亞】多 今天台股一片綠油油唯獨光電這隻一枝獨秀 預計今天進場 50停利搶短多 https://i.imgur.com/g0AGUDe.png 利多1: 融資大減 準備反彈 https://i.imgur.com/1EyxqkY.png…",auto_correct,代號出現在標題（標題非排行表欄位）,,,3
collision:2340,2340,台亞,M.1649728847.A.932,2022-04-12 10:00:47,標的,code,sparse,False,1,[標的] 2340.TW 台亞,1,True,True,True,True,台亞,298,"[代號] …[標的] 【2340】.TW 台亞 2. 分類:多 3. 分析/正文: 第三代半導體概念股,110年全年每股盈餘2.11元,寫23年以來新高紀錄。 飆股EPS都不高,但都講求成長性,未來計畫改掛半導體類股,可以有更多題材。 從去年12月底開始從80左…",auto_correct,代號出現在標題（標題非排行表欄位）,,,3
collision:2340,2340,台亞,M.1654002820.A.08A,2022-05-31 21:13:40,情報,code,sparse,False,7,[情報] 111年05月31日信用交易統計,2,True,False,True,False,台亞,1207,"[代號] …1605華新 資減 6,688 張 券增 948 張(券資比40%) 2409友達 資減 2,558 張 券增 4,462 張 2317鴻海 資減 2,181 張 券增 123 張 【2340】台亞 資增 1,668 張 券增 699 張 8478東哥遊艇 資減 254 張 券增 35 張(券資比80%) ================================== 櫃買信用交…
[簡稱(name_with_context)] …華新 資減 6,688 張 券增 948 張(券資比40%) 2409友達 資減 2,558 張 券增 4,462 張 2317鴻海 資減 2,181 張 券增 123 張 2340【台亞】 資增 1,668 張 券增 699 張 8478東哥遊艇 資減 254 張 券增 35 張(券資比80%) ================================== 櫃買信用交易統…",auto_correct,代號與簡稱互相印證（兩個獨立訊號一致）,,,3
collision:2340,2340,台亞,M.1713492669.A.7B5,2024-04-19 10:11:09,未分類,code,sparse,False,3,（檢討）Re: [標的] 2371.TW 大同 變壓器多,4,True,False,False,False,,1892,"[代號] …ps://i.imgur.com/YWi9qbv.jpg : 以某券商有預測2024 毛利率:20.4%(我認為合理,因為2020~2023為16~24徘徊) : 2024 淨利率19.2% : 我的計算: : 2024EPS:37.3E/【2340】+ 芙蓉72.6E/2340=1.59+3.10=4.69 : 2025EPS:146.39E/2340=6.25 : (券商):708.5E*19.2%/2340=5.81 : https://i.imgur.com/gcCJ6BD.jp…
[代號] …om/YWi9qbv.jpg : 以某券商有預測2024 毛利率:20.4%(我認為合理,因為2020~2023為16~24徘徊) : 2024 淨利率19.2% : 我的計算: : 2024EPS:37.3E/2340+ 芙蓉72.6E/【2340】=1.59+3.10=4.69 : 2025EPS:146.39E/2340=6.25 : (券商):708.5E*19.2%/2340=5.81 : https://i.imgur.com/gcCJ6BD.jpghttps://i.img…
[代號] …(我認為合理,因為2020~2023為16~24徘徊) : 2024 淨利率19.2% : 我的計算: : 2024EPS:37.3E/2340+ 芙蓉72.6E/2340=1.59+3.10=4.69 : 2025EPS:146.39E/【2340】=6.25 : (券商):708.5E*19.2%/2340=5.81 : https://i.imgur.com/gcCJ6BD.jpghttps://i.imgur.com/D0FyCVf.jpg : 算完EPS 後,看一下重電變壓器的…",auto_correct,代號在內文出現且命中多處,,,3
collision:2340,2340,台亞,M.1660227414.A.EBB,2022-08-11 22:16:54,心得,code,sparse,False,2,[心得] 盤後資料整理(Excel格式),2,True,False,True,False,台亞,1046,"[代號] …險最小, 還在想要怎麼跟大盤趨勢去整合在一起...https://i.imgur.com/RT3fyWe.jpg 近30天內有股價觸底訊號 & 今天MACD翻紅清單如下 股號 股票名稱 1590 亞德客-KY 1723 中碳 【2340】 台亞 2455 全新 3708 上緯投控 6121 新普 6706 惠特 9941 裕融 PS:Excel查詢頁面輸入股號可以直接帶出相關資料 https://i.imgur.com/cs1yxKd.jpg Hint:…
[簡稱(name_with_context)] …還在想要怎麼跟大盤趨勢去整合在一起...https://i.imgur.com/RT3fyWe.jpg 近30天內有股價觸底訊號 & 今天MACD翻紅清單如下 股號 股票名稱 1590 亞德客-KY 1723 中碳 2340 【台亞】 2455 全新 3708 上緯投控 6121 新普 6706 惠特 9941 裕融 PS:Excel查詢頁面輸入股號可以直接帶出相關資料 https://i.imgur.com/cs1yxKd.jpg Hint: VS大…",auto_correct,代號與簡稱互相印證（兩個獨立訊號一致）,,,3
collision:2427,2427,三商電,M.1695199358.A.CB8,2023-09-20 16:42:38,情報,code,sparse,False,1,[情報] 2427 三商電 董事會決議辦理現金增資,2,True,True,True,True,三商電,909,"[代號] …[情報] 【2427】 三商電 董事會決議辦理現金增資 1. 標題:公告本公司董事會決議辦理現金增資發行新股 2. 來源:公開資訊觀測站 3. 網址:https://mops.twse.com.tw/mops/web/t05sr01_1 4. 內文: 1…
[簡稱(name)] …[情報] 2427 【三商電】 董事會決議辦理現金增資 1. 標題:公告本公司董事會決議辦理現金增資發行新股 2. 來源:公開資訊觀測站 3. 網址:https://mops.twse.com.tw/mops/web/t05sr01_1 4. 內文: 1.董事會…",auto_correct,代號出現在標題（標題非排行表欄位）,,,3
collision:2427,2427,三商電,M.1694153933.A.782,2023-09-08 14:18:53,情報,code,sparse,False,1,[情報] 2427 三商電 8月 MOM+21.86% YOY+25.68%,5,True,True,True,True,三商電,841,"[代號] …[情報] 【2427】 三商電 8月 MOM+21.86% YOY+25.68% 1. 標題:2427 三商電 8月 MOM+21.86% YOY+25.68% 2. 來源: 公開資訊觀測站 (公司名、網站名) 3. 網址: ht…
[代號] …[情報] 2427 三商電 8月 MOM+21.86% YOY+25.68% 1. 標題:【2427】 三商電 8月 MOM+21.86% YOY+25.68% 2. 來源: 公開資訊觀測站 (公司名、網站名) 3. 網址: https://mops.twse.com.tw/mops/web/t05st10_…
[簡稱(name)] …[情報] 2427 【三商電】 8月 MOM+21.86% YOY+25.68% 1. 標題:2427 三商電 8月 MOM+21.86% YOY+25.68% 2. 來源: 公開資訊觀測站 (公司名、網站名) 3. 網址: https:…",auto_correct,代號出現在標題（標題非排行表欄位）,,,3
collision:2427,2427,三商電,M.1638959911.A.308,2021-12-08 18:38:31,情報,code,sparse,False,3,[情報] 1208 分點重壓股,2,True,False,True,False,三商電,709,"[代號] …30檔符合 股號 名稱 收盤價 成交張數/券商名稱 買超張數/買賣超占比/股本(億 1720 生達 40.6 1,071 凱基中港 662 61.78% 17.87 【2427】 三商電 11.15 1,081 凱基台南 490 45.31% 18.43 910861 神州-DR 7.81 1,158 凱基台北 465 40.16% 167…
[簡稱(name)] …號 名稱 收盤價 成交張數/券商名稱 買超張數/買賣超占比/股本(億 1720 生達 40.6 1,071 凱基中港 662 61.78% 17.87 2427 【三商電】 11.15 1,081 凱基台南 490 45.31% 18.43 910861 神州-DR 7.81 1,158 凱基台北 465 40.16% 167.28 586…",auto_correct,代號與簡稱互相印證（兩個獨立訊號一致）,,,3
collision:2427,2427,三商電,M.1684753274.A.4F8,2023-05-22 19:01:14,新聞,code,sparse,False,4,[新聞] 10檔注意股出爐！　三商電近6個營業日漲5,6,True,False,True,True,三商電,626,"[代號] …縮網址工具 發布時間:2023-05-22 18:39:00 ※請以原文網頁/報紙之發布時間為準 記者署名:記者高兆麟/綜合報導 ※原文無記載者得留空 原文內容: 記者高兆麟/綜合報導 證交所今日公布10檔注意股,其中三商電(【2427】)最近六個營業日累積收盤價漲幅達57.47%。且05月22日之成交量為最近六十個營業日日平均成交量之9.03倍。且05月22日之週轉率為26.32%。 證交所公布10檔注意股,包括士電(1503)、華城(1519)、美時(1795)、三商…
[代號] …近六個營業日累積收盤價漲幅達57.47%。且05月22日之成交量為最近六十個營業日日平均成交量之9.03倍。且05月22日之週轉率為26.32%。 證交所公布10檔注意股,包括士電(1503)、華城(1519)、美時(1795)、三商電(【2427】)、乙盛-KY(5243)、華孚(6235)、伊雲谷(6689)、東哥遊艇(8478)、美德醫療-DR(9103)、明輝-DR(911608)。 其中,士電05月19日之最近六個營業日之當日沖銷成交量占最近六個營業日總成交量比率69.56…
[簡稱(name)] …[新聞] 10檔注意股出爐! 【三商電】近6個營業日漲5 原文標題:10檔注意股出爐! 三商電近6個營業日漲逾57%入列 ※請勿刪減原文標題 原文連結:https://is.gd/EorP4E ※網址超過一行過長請用縮網址工具 發布時間:2023-05-22 18:39:0…",auto_correct,代號與簡稱互相印證（兩個獨立訊號一致）,,,3
collision:2427,2427,三商電,M.1684167226.A.3F5,2023-05-16 00:13:46,新聞,code,sparse,False,4,[新聞] 資安市場「錢」途光明 這2檔漲停閃紅燈,4,True,False,True,False,三商電,1062,"[代號] …日呈現漲多回檔,隨著 資安大會閉幕,智聯服務(6751)、宏碁資訊(6811)、虎門科技(6791)、叡揚(6752 )、資通(2471)、邁達特(6112)、凌群(2453)等人氣股今日成空方箭靶殺聲隆隆, 台灣銘板(6593)、三商電(【2427】)在題材及業績護體下雙雙亮燈漲停,表現搶眼奪目。 資安需求隨著企業個資外洩、被駭客勒索、網路詐騙層出不窮出現強勁,同步推升資訊服 務廠商第一季獲利亮眼,預期需求持續成長情況下,第二季營收獲利將持續看俏。隨著資 安大會閉幕,漲多人氣股成提款…
[代號] …灣銘板 (6593)第一季終結2022年第二季以來的連三季虧損,順利轉虧為盈,日前宣布與台灣虛 擬貨幣交易所幣託簽約,售予其FortVax冷錢包產品,進入新經濟時代可謂天賜良機,今 日獲買盤按讚跳空鎖漲停,飛越月線、進逼季線關。 三商電(【2427】)首季營運大躍進,營收9.19億元,獲利7,785萬元,每股盈餘0.42元,優 於去年第四季及去年同期,在資服族群當中股價相對低檔,今日爆量鎖漲停,一舉收復各 短均線,成交量由上周五的883張暴增至逾8,200張。 分析師表示,全球景氣混…
[簡稱(name)] …高,惟近日呈現漲多回檔,隨著 資安大會閉幕,智聯服務(6751)、宏碁資訊(6811)、虎門科技(6791)、叡揚(6752 )、資通(2471)、邁達特(6112)、凌群(2453)等人氣股今日成空方箭靶殺聲隆隆, 台灣銘板(6593)、【三商電】(2427)在題材及業績護體下雙雙亮燈漲停,表現搶眼奪目。 資安需求隨著企業個資外洩、被駭客勒索、網路詐騙層出不窮出現強勁,同步推升資訊服 務廠商第一季獲利亮眼,預期需求持續成長情況下,第二季營收獲利將持續看俏。隨著資 安大會閉幕,漲多人…",auto_correct,代號與簡稱互相印證（兩個獨立訊號一致）,,,3
collision:2427,2427,三商電,M.1700120747.A.7BD,2023-11-16 15:45:47,情報,code,sparse,False,1,[情報] 2427 三商電 現增價23元,4,True,True,True,True,三商電,1426,"[代號] …[情報] 【2427】 三商電 現增價23元 1. 標題:2427 三商電 現增價23元 2. 來源: 公開資訊觀測站 (公司名、網站名) 3. 網址: https://mops.twse.com.tw/mops/w…
[代號] …[情報] 2427 三商電 現增價23元 1. 標題:【2427】 三商電 現增價23元 2. 來源: 公開資訊觀測站 (公司名、網站名) 3. 網址: https://mops.twse.com.tw/mops/web/t05sr01_1…
[簡稱(name)] …[情報] 2427 【三商電】 現增價23元 1. 標題:2427 三商電 現增價23元 2. 來源: 公開資訊觀測站 (公司名、網站名) 3. 網址: https://mops.twse.com.tw/mops/web/t…",auto_correct,代號出現在標題（標題非排行表欄位）,,,3
collision:2427,2427,三商電,M.1685626545.A.50D,2023-06-01 21:35:45,標的,code,sparse,False,2,Re: [標的] 2427三商電-相信就是力量的多,4,True,True,True,True,三商電,516,"[代號] …Re: [標的] 【2427】三商電-相信就是力量的多 ※ 引述《ninia178178 (贏到粥)》之銘言: : ---------------------------------------------- : ----------------------------…
[代號] …之銘言: : ---------------------------------------------- : ---------------------------------------------- : 1. 標的: 三商電【2427】 : 2. 分類:多 : 3. 分析/正文: : 技術面:轉強,昨日一根漲停。 : 基本面:毛利率歷年最高,營收普普。 : 消息面:不知道,但今年資訊類蠻強。 : 籌碼面:外資大買。 : 4. 進退場機制: : 進場:15-16,個人已買進…
[簡稱(name)] …Re: [標的] 2427【三商電】-相信就是力量的多 ※ 引述《ninia178178 (贏到粥)》之銘言: : ---------------------------------------------- : -------------------------------…",auto_correct,代號出現在標題（標題非排行表欄位）,,,3
collision:2427,2427,三商電,M.1681209757.A.6A8,2023-04-11 18:42:37,情報,code,sparse,False,1,[情報] 2427 三商電3月份營收,6,True,True,True,True,三商電,613,"[代號] …[情報] 【2427】 三商電3月份營收 1. 標題:2427三商電3月份營收 2. 來源:公開資訊觀測站 (公司名、網站名) 3. 網址:…
[代號] …[情報] 2427 三商電3月份營收 1. 標題:【2427】三商電3月份營收 2. 來源:公開資訊觀測站 (公司名、網站名) 3. 網址: (請善用縮網址工具) https:/…
[簡稱(name)] …[情報] 2427 【三商電】3月份營收 1. 標題:2427三商電3月份營收 2. 來源:公開資訊觀測站 (公司名、網站名) 3. 網址: (請…",auto_correct,代號出現在標題（標題非排行表欄位）,,,3
collision:2427,2427,三商電,M.1686303588.A.E51,2023-06-09 17:39:48,情報,code,sparse,False,1,[情報] 2427 三商電2.63億 年減25.53%,4,True,True,True,True,三商電,225,"[代號] …[情報] 【2427】 三商電2.63億 年減25.53% 三商電(2427)5月營收資料(單位千元) 當月 本年累計 營收 263,140 1,417,314 去年同期 353,374 1,443,371 增減 -90,…
[代號] …[情報] 2427 三商電2.63億 年減25.53% 三商電(【2427】)5月營收資料(單位千元) 當月 本年累計 營收 263,140 1,417,314 去年同期 353,374 1,443,371 增減 -90,234 -26,057 增減百分比 -25.53% -…
[簡稱(name)] …[情報] 2427 【三商電】2.63億 年減25.53% 三商電(2427)5月營收資料(單位千元) 當月 本年累計 營收 263,140 1,417,314 去年同期 353,374 1,443,371 增減 -90,234…",auto_correct,代號出現在標題（標題非排行表欄位）,,,3
collision:2427,2427,三商電,M.1675959525.A.64C,2023-02-10 00:18:45,標的,code,sparse,False,1,[標的] 2427 三商電 牛肉麵多,9,True,True,True,True,三商電,1247,"[代號] …[標的] 【2427】 三商電 牛肉麵多 1. 標的:2427 三商電 2. 分類:多 3. 分析/正文: 三商電腦股份有限公司(2427.TW)成立於1976年12月9日,前身為三商匯茂事務機器股份有 限公司,1980年更為現名,主要從事金融自動化服務機…
[代號] …[標的] 2427 三商電 牛肉麵多 1. 標的:【2427】 三商電 2. 分類:多 3. 分析/正文: 三商電腦股份有限公司(2427.TW)成立於1976年12月9日,前身為三商匯茂事務機器股份有 限公司,1980年更為現名,主要從事金融自動化服務機器代理及金融、電訊與交通產業系 統整合,…
[代號] …[標的] 2427 三商電 牛肉麵多 1. 標的:2427 三商電 2. 分類:多 3. 分析/正文: 三商電腦股份有限公司(【2427】.TW)成立於1976年12月9日,前身為三商匯茂事務機器股份有 限公司,1980年更為現名,主要從事金融自動化服務機器代理及金融、電訊與交通產業系 統整合,2000年9月11日上市。 三商電 主要就2個部門 一個是金融業務部門 一個是公…",auto_correct,代號出現在標題（標題非排行表欄位）,,,3
collision:2427,2427,三商電,M.1701753363.A.7A8,2023-12-05 13:16:03,情報,code,sparse,False,1,[情報] 華星光 三商電 現金增資公開申購資訊,6,True,False,True,True,三商電,776,"[代號] …(+24.82%) 申購開始日:2023/12/07 申購截止日:2023/12/11 扣款日:2023/12/12 抽籤日:2023/12/13 未中籤退款日:2023/12/14 撥券日:2023/12/21 ~~~ 股票代號:【2427】 三商電 公司名稱:三商電腦股份有限公司 (Mercuries Data System) 產業別:資訊服務業 發行市場:上市增資 主辦券商:台新 承銷價:23.00元 承銷張數:1,063張 申購張數:1張(扣款金額23,070元) 今日1…
[簡稱(name)] …[情報] 華星光 【三商電】 現金增資公開申購資訊 1. 標題 華星光 三商電 現金增資公開申購資訊 2. 來源 TWSE 公開申購公告-抽籤日程表 3. 網址 https://reurl.cc/GAD33W 4. 內文 ~~~ 股票代號:4979 華星光…
[簡稱(name)] …[情報] 華星光 三商電 現金增資公開申購資訊 1. 標題 華星光 【三商電】 現金增資公開申購資訊 2. 來源 TWSE 公開申購公告-抽籤日程表 3. 網址 https://reurl.cc/GAD33W 4. 內文 ~~~ 股票代號:4979 華星光 公司名稱:華星光通科技股份有限公司 (LUXNET…",auto_correct,代號與簡稱互相印證（兩個獨立訊號一致）,,,3
collision:2427,2427,三商電,M.1684172794.A.81F,2023-05-16 01:46:34,標的,code,sparse,False,2,[標的] 2427三商電-相信就是力量的多,4,True,True,True,True,三商電,403,"[代號] …[標的] 【2427】三商電-相信就是力量的多 ---------------------------------------------- ---------------------------------------------- 1. 標的:…
[代號] …相信就是力量的多 ---------------------------------------------- ---------------------------------------------- 1. 標的: 三商電【2427】 2. 分類:多 3. 分析/正文: 技術面:轉強,昨日一根漲停。 基本面:毛利率歷年最高,營收普普。 消息面:不知道,但今年資訊類蠻強。 籌碼面:外資大買。 4. 進退場機制: 進場:15-16,個人已買進這檔投入資金的兩成,今日開…
[簡稱(name)] …[標的] 2427【三商電】-相信就是力量的多 ---------------------------------------------- ---------------------------------------------- 1. 標的: 三商…",auto_correct,代號出現在標題（標題非排行表欄位）,,,3
collision:2427,2427,三商電,M.1698244915.A.E7E,2023-10-25 22:41:55,情報,code,sparse,False,2,[情報] 112年10月25日信用交易統計,2,True,False,True,False,三商電,1080,"[代號] …041揚智 資增 4,017 張 券增 1,585 張 1721三晃 資增 248 張 券增 1,480 張(券資比36%) 3704合勤控 資增 2,424 張 券增 178 張 【2427】三商電 資增 1,027 張 券增 125 張 ================================= 櫃買信用交易統計 資增 5.74 億 券增 4,916 張 8054安國 資增 1…
[簡稱(name)] …智 資增 4,017 張 券增 1,585 張 1721三晃 資增 248 張 券增 1,480 張(券資比36%) 3704合勤控 資增 2,424 張 券增 178 張 2427【三商電】 資增 1,027 張 券增 125 張 ================================= 櫃買信用交易統計 資增 5.74 億 券增 4,916 張 8054安國 資增 1,37…",auto_correct,代號與簡稱互相印證（兩個獨立訊號一致）,,,3
collision:2427,2427,三商電,M.1678343848.A.FC0,2023-03-09 14:37:28,情報,code,sparse,False,1,[情報] 2427三商電 112年2月營收,2,True,True,True,True,三商電,138,"[代號] …[情報] 【2427】三商電 112年2月營收 營收資訊單位:新台幣千元 112年2月營收:391,953 111年2月營收:241,580 月增 47.04% 年增 62.65% 資料來源:公開資訊觀測站-營收資訊 https://mops.twse.co…
[簡稱(name)] …[情報] 2427【三商電】 112年2月營收 營收資訊單位:新台幣千元 112年2月營收:391,953 111年2月營收:241,580 月增 47.04% 年增 62.65% 資料來源:公開資訊觀測站-營收資訊 https://mops.twse.com.t…",auto_correct,代號出現在標題（標題非排行表欄位）,,,3
collision:2427,2427,三商電,M.1684403599.A.CB1,2023-05-18 17:53:19,情報,code,sparse,False,1,[情報] 2427三商電 112年4月自結0.24元,4,True,True,True,True,三商電,1124,"[代號] …[情報] 【2427】三商電 112年4月自結0.24元 1. 標題:2427三商電 112年4月自結0.24元 2. 來源:公開資訊觀測站 3. 網址:https://mops.twse.com.tw/mops/web/t146sb05 4. 內文:…
[代號] …[情報] 2427三商電 112年4月自結0.24元 1. 標題:【2427】三商電 112年4月自結0.24元 2. 來源:公開資訊觀測站 3. 網址:https://mops.twse.com.tw/mops/web/t146sb05 4. 內文: 1.事實發生日:112/05/18 2.發生緣由:依臺灣…
[簡稱(name)] …[情報] 2427【三商電】 112年4月自結0.24元 1. 標題:2427三商電 112年4月自結0.24元 2. 來源:公開資訊觀測站 3. 網址:https://mops.twse.com.tw/mops/web/t146sb05 4. 內文: 1.事…",auto_correct,代號出現在標題（標題非排行表欄位）,,,3
collision:2603,2603,長榮,M.1626930900.A.41B,2021-07-22 13:15:00,標的,code,dense,False,1,[標的] 2603長榮 亞特蘭提斯浮出多,2,True,True,False,False,,158,"[代號] …[標的] 【2603】長榮 亞特蘭提斯浮出多 1. 標的: 2603長榮 2. 分類:抄底多 3. 分析/正文:想必大家都清楚 海運目前來說從來沒有跌破季線 下半年的貨櫃又供不應 求 等到年底 勢必需求量大增 且疫情今年絕不可能就如此結束 因此 長榮合理最低…
[代號] …[標的] 2603長榮 亞特蘭提斯浮出多 1. 標的: 【2603】長榮 2. 分類:抄底多 3. 分析/正文:想必大家都清楚 海運目前來說從來沒有跌破季線 下半年的貨櫃又供不應 求 等到年底 勢必需求量大增 且疫情今年絕不可能就如此結束 因此 長榮合理最低價位 應該是在120-130區間 4. 進退…",auto_correct,代號出現在標題（標題非排行表欄位）,,,3
collision:2603,2603,長榮,M.1628506921.A.B53,2021-08-09 19:02:01,情報,code,dense,False,1,Re: [情報] 2603 長榮7月營收458億,1,True,True,False,False,,160,"[代號] …Re: [情報] 【2603】 長榮7月營收458億 看到各位水手這麼樂觀,我就放心了 是不是以為明天會跳空鎖漲停鎖到死呀? 醒醒吧,明天開高塊陶才是真的 所有的利多早就在主力的預料之中了 不是說三雄股價不會上去的問題 而是是不是現在上去的問題 籌碼面技術面來看 現在都…",auto_correct,代號出現在標題（標題非排行表欄位）,,,3
collision:2603,2603,長榮,M.1624846934.A.CF1,2021-06-28 10:22:14,標的,code,dense,False,2,Re: [標的] 2609.TW陽明 2603.TW長榮 漲價多,2,True,True,False,False,,305,"[代號] …Re: [標的] 2609.TW陽明 【2603】.TW長榮 漲價多 自己回文 https://i.imgur.com/mwp3s9V.jpg 上週腦衝加碼 結果差點被震一個腦震盪 還好回來了 突破前高續攻 還沒上船的 船票還有機會補 ※ 引述《KKlin813 (山下製酒)》之銘言…
[代號] …//i.imgur.com/mwp3s9V.jpg 上週腦衝加碼 結果差點被震一個腦震盪 還好回來了 突破前高續攻 還沒上船的 船票還有機會補 ※ 引述《KKlin813 (山下製酒)》之銘言: : 1. 標的: 2609.TW陽明 【2603】.TW長榮 : 2. 分類:持續多 : 3. 分析/正文: : 加碼 : https://i.imgur.com/jv0UQIj.jpg : o 7月報價漲漲漲 : o 港口塞港是結構性問題 : o 大家都想撿便宜,沒想到越撿越貴 : o…",auto_correct,代號出現在標題（標題非排行表欄位）,,,3
collision:2603,2603,長榮,M.1654415248.A.F9F,2022-06-05 15:47:28,新聞,code,dense,False,2,[新聞] 端午節陽明員工最嗨 每位員工入帳21個月,1,True,False,True,False,長榮海運,1189,"[代號] …收到21個月的獎金; 其中,協理級的高階主管換算下來都有300多萬元;不過,總經理杜書勤在沒有特別提案 討論下,一毛錢都沒有領到,其實不少陽明人都認為杜書勤從基層爬到總經理都為杜書勤 抱屈,業界也認為,這會打擊陽明的員工士氣。 長榮海運(【2603】)去年發出40個月的年終獎金後,陽明、萬海(2615)等航運同業都超級 羨慕,尤其,陽明員工感受度最深。陽明員工就私下表示,工作的內容都跟長榮海運的員 工非常接近,在工作上也全力為陽明業績打拚,去年年終獎金就是遠遠輸長榮,今天的員 工分紅領…",auto_correct,代號與簡稱互相印證（兩個獨立訊號一致）,,,3
collision:2603,2603,長榮,M.1610689823.A.4E1,2021-01-15 13:50:23,標的,code,dense,False,2,Re: [標的] 2603 長榮 注意反轉,1,True,True,False,False,,325,[代號] …Re: [標的] 【2603】 長榮 注意反轉 來回顧一下長榮最高點的那天當晚 這位DoncicInPTT大大特地提醒大家要小心吊人線 結果底下一堆人嘲諷 現在是不是可以還他一個公道了呢? 雖然我不知道什麼吊人線 不過在那篇標的文的底下我也貼出了長榮、合一走勢對照圖…,auto_correct,代號出現在標題（標題非排行表欄位）,,,3
collision:2603,2603,長榮,M.1681088642.A.883,2023-04-10 09:04:02,標的,code,dense,False,1,[標的] 長榮2603 罷工結束 在空一輪..,2,True,True,False,False,,186,"[代號] …[標的] 長榮【2603】 罷工結束 在空一輪.. 1. 標的: 長榮2603 2. 分類:空 3. 分析/正文:#1a4dmDaK 上篇公開發文爆量空在163 公開空單獲利入袋 上週六日 罷工結束 在看週五買超前籌碼(美林+摩根大通+新加坡商瑞銀)…
[代號] …[標的] 長榮2603 罷工結束 在空一輪.. 1. 標的: 長榮【2603】 2. 分類:空 3. 分析/正文:#1a4dmDaK 上篇公開發文爆量空在163 公開空單獲利入袋 上週六日 罷工結束 在看週五買超前籌碼(美林+摩根大通+新加坡商瑞銀) 我想..應該不會有人會認為翻多 了吧? 開盤出…",auto_correct,代號出現在標題（標題非排行表欄位）,,,3
collision:2603,2603,長榮,M.1642505794.A.F7B,2022-01-18 19:36:34,新聞,code,dense,False,1,[新聞] 【公告】說明長榮受南韓公平會(KFTC)調查,1,True,False,True,False,長榮海運,702,[代號] …(請善用縮網址工具) 發布時間:2022年01月18日 (請以原文網頁/報紙之發布時間為準) 原文內容: 日 期:2022年01月18日 公司名稱:長榮 (【2603】) 主 旨:說明長榮受南韓公平會(KFTC)調查之新聞報導 發言人:謝惠全 說 明: 1.事實發生日:111/01/18 2.公司名稱:長榮海運股份有限公司 3.與公司關係(請輸入本公司或子公司):本公司 5.傳播媒體名稱…,auto_correct,代號與簡稱互相印證（兩個獨立訊號一致）,,,3
collision:2603,2603,長榮,M.1609993942.A.B47,2021-01-07 12:32:22,標的,code,dense,False,1,[標的] 2603 長榮 多,2,True,True,False,False,,197,"[代號] …[標的] 【2603】 長榮 多 1. 標的: 2603 長榮 2. 分類:多 3. 分析/正文: 運價指數持續高檔的狀況 在基本面應沒什麼問題 唯連續兩根黑棒向下 想起去年十二月份的那次恐慌性賣出 自前波高峰下船後 希望這次藉由進場觀察後續走勢 來驗證…
[代號] …[標的] 2603 長榮 多 1. 標的: 【2603】 長榮 2. 分類:多 3. 分析/正文: 運價指數持續高檔的狀況 在基本面應沒什麼問題 唯連續兩根黑棒向下 想起去年十二月份的那次恐慌性賣出 自前波高峰下船後 希望這次藉由進場觀察後續走勢 來驗證推斷是否正確 4. 進退場機制:…",auto_correct,代號出現在標題（標題非排行表欄位）,,,3
collision:2603,2603,長榮,M.1641991826.A.B4A,2022-01-12 20:50:26,標的,code,dense,False,1,Re: [標的] 2603.TW長榮,1,True,True,False,False,,485,"[代號] …Re: [標的] 【2603】.TW長榮 線型醜了先停利,沒有拉抬竭盡訊號 出場原因是除了線醜了之外這幾天交易日感覺到大盤的主力想搞事情 講明確一點就是台GG跟他帶領的電子指數正在往不太好的方式邁進, 是走的模式出現問題唷,跟拉不拉積盤無關,就是台GG最好別在這裡這…",auto_correct,代號出現在標題（標題非排行表欄位）,,,3
collision:2603,2603,長榮,M.1729669500.A.4B1,2024-10-23 15:45:00,新聞,code,dense,False,2,[新聞] 高殖利率掛帥！高股息ETF將回補長榮20萬,5,True,False,True,False,長榮海運,702,"[代號] …總統候選人川普即將當選下一任總統 ,可能會再對大陸祭出關稅等制裁,貨主提前出貨所致。 基本面上,台新投顧認為,2025-2026年貨櫃航運產業將面臨潛在的運力過剩干擾,一旦紅 海危機解除,對所有業者都不利。 回到貨櫃三雄部分,目前長榮(【2603】)、陽明(2609)及、萬海(2615)殖利率超過8%, 其中殖利率達16%的長榮,預期將會持續受到台股前五大高股息ETF的青睞,估計將從市場 上增加20萬張長榮持股,因此給予長榮買進評等。 心得/評論: 外資看到運價開始止跌開始補回船票…
[簡稱(name_with_context)] …海(2615)殖利率超過8%, 其中殖利率達16%的長榮,預期將會持續受到台股前五大高股息ETF的青睞,估計將從市場 上增加20萬張長榮持股,因此給予長榮買進評等。 心得/評論: 外資看到運價開始止跌開始補回船票 各大高股息都知道要繼續補【長榮海運】因為殖利率台股 第一狂 另外ann女戰神入捅行情 本週航運股價會驚驚漲 沒意外本週或下週長榮噴到250塊 十一月財報就300塊起跳了 不好意思 老大在一次封神預告 連哲哲昨天也分享航運股打底打得很穩 要買他會買長榮海運 這波航運要噴上去…
[簡稱(name_with_context)] …高股息都知道要繼續補長榮海運因為殖利率台股 第一狂 另外ann女戰神入捅行情 本週航運股價會驚驚漲 沒意外本週或下週長榮噴到250塊 十一月財報就300塊起跳了 不好意思 老大在一次封神預告 連哲哲昨天也分享航運股打底打得很穩 要買他會買【長榮海運】 這波航運要噴上去了! 真是令人舒服! 送分題現在看來是長榮海運 連續兩年填息 股價也幾乎在兩年高點 這一年來波段持有長榮海運的股東都笑呵呵 PS: ann姊貼心提醒美債 務必綁手綁腳 十月不要亂接 有他提醒好險沒去補美債ccc…",auto_correct,代號與簡稱互相印證（兩個獨立訊號一致）,,,3
collision:2905,2905,三商,M.1714119287.A.367,2024-04-26 16:14:47,情報,code,sparse,False,1,[情報] 2905 三商 112年股利 0.2,1,True,True,True,True,三商,499,[代號] …[情報] 【2905】 三商 112年股利 0.2 1. 標題:董事會決議資本公積發放現金 2. 來源:公開資訊觀測站 3. 網址:https://mops.twse.com.tw/mops/web/t05sr01_1 4. 內文: 1. 董事會擬議日期…,auto_correct,代號出現在標題（標題非排行表欄位）,,,3
collision:2905,2905,三商,M.1692695082.A.68A,2023-08-22 17:04:42,情報,code,sparse,False,1,[情報] 2905 三商 現增發股 (補充:發行價12.5元),1,True,True,True,True,三商,1148,[代號] …[情報] 【2905】 三商 現增發股 (補充:發行價12.5元) 1. 標題:公告本公司112年現金增資認股基準日及國內第一次無擔保 轉換公司債停止轉 換事宜 (補充公告發行價格暨代收及專戶存儲價款行庫) 2. 來源:公開資訊觀測站 3. 網址:https…,auto_correct,代號出現在標題（標題非排行表欄位）,,,3
collision:2905,2905,三商,M.1699947874.A.BEA,2023-11-14 15:44:34,情報,code,sparse,False,1,[情報] 2905 三商 112年Q3累計:-0.1,1,True,True,True,True,三商,617,[代號] …[情報] 【2905】 三商 112年Q3累計:-0.1 1. 標題:公告本公司董事會決議通過112年第三季合併財務報告 2. 來源:公開資訊觀測站 3. 網址:https://mops.twse.com.tw/mops/web/t05sr01_1 4.…,auto_correct,代號出現在標題（標題非排行表欄位）,,,3
collision:2905,2905,三商,M.1692000840.A.B63,2023-08-14 16:14:00,情報,code,sparse,False,1,[情報] 2905 三商 112年 H1 EPS -1.38,1,True,True,True,True,三商,482,[代號] …[情報] 【2905】 三商 112年 H1 EPS -1.38 1.提報董事會或經董事會決議日期:112/08/14 2.審計委員會通過日期:112/08/14 3.財務報告或年度自結財務資訊報導期間 起訖日期(XXX/XX/XX~XXX/XX/XX):112…,auto_correct,代號出現在標題（標題非排行表欄位）,,,3
collision:2905,2905,三商,M.1710495001.A.96C,2024-03-15 17:30:01,情報,code,sparse,False,1,[情報] 2905 三商 112年EPS -3.09,1,True,True,True,True,三商,629,[代號] …[情報] 【2905】 三商 112年EPS -3.09 1. 標題:公告本公司112年度合併財務報告業經董事會決議通過 2. 來源:公開資訊觀測站 3. 網址:https://mops.twse.com.tw/mops/web/t05sr01_1 4.…,auto_correct,代號出現在標題（標題非排行表欄位）,,,3
collision:2905,2905,三商,M.1693977950.A.6E2,2023-09-06 13:25:50,情報,code,sparse,False,1,[情報] 6901 鑽石生技 2905 三商 現增申購資訊,3,True,True,True,True,三商,908,"[代號] …[情報] 6901 鑽石生技 【2905】 三商 現增申購資訊 1. 標題 6901 鑽石生技 2905 三商 現增申購資訊 2. 來源 TWSE 公開申購公告-抽籤日程表 3. 網址 https://reurl.cc/GAD33W 4. 內文 ~~~~~~~~~~~~~~…
[代號] …[情報] 6901 鑽石生技 2905 三商 現增申購資訊 1. 標題 6901 鑽石生技 【2905】 三商 現增申購資訊 2. 來源 TWSE 公開申購公告-抽籤日程表 3. 網址 https://reurl.cc/GAD33W 4. 內文 ~~~~~~~~~~~~~~~~~~~~~~~~~~~~~~~~~~~~~~~~~~~…
[代號] …9/11 扣款日:2023/09/12 抽籤日:2023/09/13 未中籤退款日:2023/09/14 撥券日期:2023/09/19 ~~~~~~~~~~~~~~~~~~~~~~~~~~~~~~~~~~~~~~~~~~~ 股票代號:【2905】 三商 公司名稱:三商投資控股股份有限公司 (MERCURIES & ASSOCIATES HOLDING) 產業別:貿易百貨業 發行市場:上市增資 主辦券商:華南永昌 承銷價:12.50元 承銷張數:17,000張…",auto_correct,代號出現在標題（標題非排行表欄位）,,,3
collision:2905,2905,三商,M.1702285235.A.F18,2023-12-11 17:00:35,情報,code,sparse,False,1,[情報] 2905三商 11月份營收,3,True,True,True,True,三商,125,"[代號] …[情報] 【2905】三商 11月份營收 1. 標題:2905三商 11月營收 2. 來源:公開資訊觀測站 3. 網址:https://mops.twse.com.tw/mops/web/t146sb05 三商(2905)公告11月營收 單月營收為-41.…
[代號] …[情報] 2905三商 11月份營收 1. 標題:【2905】三商 11月營收 2. 來源:公開資訊觀測站 3. 網址:https://mops.twse.com.tw/mops/web/t146sb05 三商(2905)公告11月營收 單月營收為-41.30億 年成長率為68.71%…
[代號] …[情報] 2905三商 11月份營收 1. 標題:2905三商 11月營收 2. 來源:公開資訊觀測站 3. 網址:https://mops.twse.com.tw/mops/web/t146sb05 三商(【2905】)公告11月營收 單月營收為-41.30億 年成長率為68.71%…",auto_correct,代號出現在標題（標題非排行表欄位）,,,3
collision:2905,2905,三商,M.1702287951.A.BF9,2023-12-11 17:45:51,標的,code,sparse,False,1,[標的] ：2905.TW 三商（11月營收備註請益）,2,True,True,True,True,三商,120,"[代號] …[標的] :【2905】.TW 三商(11月營收備註請益) 1. 標的:2905.TW 三商 2. 分類:營收備註請益 3. 分析/正文: https://i.imgur.com/RctNEpy.jpg 想請問備註裡面一拖拉庫利益增加是什麼意思嗎... 利多還…
[代號] …[標的] :2905.TW 三商(11月營收備註請益) 1. 標的:【2905】.TW 三商 2. 分類:營收備註請益 3. 分析/正文: https://i.imgur.com/RctNEpy.jpg 想請問備註裡面一拖拉庫利益增加是什麼意思嗎... 利多還是利空 真的看不懂 跪求解惑 謝謝…",auto_correct,代號出現在標題（標題非排行表欄位）,,,3
collision:2905,2905,三商,M.1656406722.A.DEE,2022-06-28 16:58:42,標的,code,sparse,False,1,[標的] 2905 三商 閒錢多,2,True,True,True,True,三商,189,"[代號] …[標的] 【2905】 三商 閒錢多 1. 標的: 2905 三商 2. 分類:多 3. 分析/正文: 最近萬八跌倒萬五什麼都跌,跌破20的殖利率有點香,看2020年最低也才14.5,再跌也應 該不會跌到哪裡了吧! 4. 進退場機制: 進場:19.5以…
[代號] …[標的] 2905 三商 閒錢多 1. 標的: 【2905】 三商 2. 分類:多 3. 分析/正文: 最近萬八跌倒萬五什麼都跌,跌破20的殖利率有點香,看2020年最低也才14.5,再跌也應 該不會跌到哪裡了吧! 4. 進退場機制: 進場:19.5以下 有閒錢就買 退場:目標價 套房價…",auto_correct,代號出現在標題（標題非排行表欄位）,,,3
collision:2905,2905,三商,M.1608518617.A.E1F,2020-12-21 10:43:37,標的,code,sparse,False,1,Re: [標的] 三商2905 多,1,True,True,True,True,三商,106,"[代號] …Re: [標的] 三商【2905】 多 這次旭富火災母公司三商會救嗎? 旭富手上現金4億多 賠償鄰居災損不只三千萬吧 還要蓋廠買設備 完工後不像電子廠蓋完就能做生意,還要取得相關認證 期間還要付員工薪水 三商救 之前協助政府抗疫 政府幫?…",auto_correct,代號出現在標題（標題非排行表欄位）,,,3
collision:2905,2905,三商,M.1684831185.A.EFE,2023-05-23 16:39:45,情報,code,sparse,False,1,[情報] 2905 三商 董事會決議辦理現增發股,1,True,True,True,True,三商,990,[代號] …[情報] 【2905】 三商 董事會決議辦理現增發股 1. 標題:公告本公司董事會決議辦理現金增資發行新股案 2. 來源:公開資訊觀測站 3. 網址:https://mops.twse.com.tw/mops/web/t05sr01_1 4. 內文: 1…,auto_correct,代號出現在標題（標題非排行表欄位）,,,3
collision:2905,2905,三商,M.1723620971.A.885,2024-08-14 15:36:11,情報,code,sparse,False,1,[情報] 2905 三商 113年H1: 2.51,1,True,True,True,True,三商,587,[代號] …[情報] 【2905】 三商 113年H1: 2.51 1. 標題:公告本公司董事會決議通過113年第二季合併財務報告 2. 來源:公開資訊觀測站 3. 網址:https://mops.twse.com.tw/mops/web/t05sr01_1 4. 內…,auto_correct,代號出現在標題（標題非排行表欄位）,,,3
collision:2912,2912,統一超,M.1714475506.A.902,2024-04-30 19:11:46,情報,code,sparse,False,1,[情報] 2912 統一超Q1 EPS,2,True,True,True,True,統一超,624,"[代號] …[情報] 【2912】 統一超Q1 EPS 標題:2912 統一超Q1 EPS 來源:公開資訊觀測站 (公司名、網站名) 網址:https://mops.twse.com.tw/mops/web/t146sb10 (請善用縮網址工具) 內文: https…
[代號] …[情報] 2912 統一超Q1 EPS 標題:【2912】 統一超Q1 EPS 來源:公開資訊觀測站 (公司名、網站名) 網址:https://mops.twse.com.tw/mops/web/t146sb10 (請善用縮網址工具) 內文: https://i.imgur.com/LCV…",auto_correct,代號出現在標題（標題非排行表欄位）,,,3
collision:2912,2912,統一超,M.1660396086.A.FE3,2022-08-13 21:08:06,新聞,code,sparse,False,1,Re: [新聞] 美國通膨飆上8.5% 福斯新聞：家庭每月多,1,True,False,True,False,統一超,1272,"[代號] ….64元;累計前七月營收10.6億元、年增19.36% 三率三升 2022Q2 26.66% 8.55% 8.93% 7.08% 2022Q1 26.23% 8.00% 8.19% 6.57% 超商龍頭 統一超 【2912】 上半年營收1,387億元,年增7.9%,創歷史同期新高,稅後純益46.22億元,年增3.2%, EPS為4.45元。 受惠暑假及高溫商機同步爆發,統一超10日公布7月營收255.37億元,年 增16.3%,月成長6.6%,連續第三個月營收…",auto_correct,代號與簡稱互相印證（兩個獨立訊號一致）,,,3
collision:2912,2912,統一超,M.1677983770.A.FAE,2023-03-05 10:36:10,標的,code,sparse,False,1,[標的] 統一超2912~蛋白流失多,2,True,True,True,True,統一超,377,"[代號] …[標的] 統一超【2912】~蛋白流失多 1. 標的: 統一超2912 2. 分類:多 3. 分析/正文: 直接下結論 蛋白流失是假議題 因為粗蛋白和蛋白質含量定義不同 粗蛋白含有其他含氮化合物 至於加熱其他含氮化合物會流失多少 我還在查文獻 至於純蛋白質的話不…
[代號] …[標的] 統一超2912~蛋白流失多 1. 標的: 統一超【2912】 2. 分類:多 3. 分析/正文: 直接下結論 蛋白流失是假議題 因為粗蛋白和蛋白質含量定義不同 粗蛋白含有其他含氮化合物 至於加熱其他含氮化合物會流失多少 我還在查文獻 至於純蛋白質的話不會流失 https://reurl.cc/…",auto_correct,代號出現在標題（標題非排行表欄位）,,,3
collision:2912,2912,統一超,M.1653992134.A.E94,2022-05-31 18:15:34,新聞,code,sparse,False,1,[新聞] 統一超攜手五星飯店擴大聯名產品，估可帶,2,True,False,True,True,統一超,750,"[代號] …] 統一超攜手五星飯店擴大聯名產品,估可帶 原文標題: 統一超攜手五星飯店擴大聯名產品,估可帶動相關業績成長逾一成 發布時間: 2022年5月31日 16:39 原文內容: 【財訊快報/記者陳浩寧報導】疫情下宅食經濟再起!統一超(【2912】)7-ELEVEN「星級饗宴 」持續引領話題風潮,宣布明日起攜手國際五星飯店名廚推出全新西式私房餐點,並掌握 貨架經濟打造「冷藏鮮食專區」,同時看準短距、居家商機推出「主題專案架」系列商品 ,橫跨零食、飲料、麵食等類別,便利民眾就近輕鬆外帶…
[代號] …升鮮食水平並 開發差異化商品,近期更複製冷藏櫃「天素地蔬」品牌專區成功模式,後續預計於900間 門市打造全新「星級饗宴」鮮食專區,運用兩層貨架空間陳列,以鮮明的橘色燈箱招牌, 提高視覺印象。 心得/評論: 大家今天只關注神g擺尾,卻忽略【2912】今天的表現,尾盤拉了7元,單日漲幅2.61%,還高 於gg的2.38%,今天只看到這則新聞,有那麼厲害嗎... ※必需填寫滿30字,無意義者板規處分…",auto_correct,代號與簡稱互相印證（兩個獨立訊號一致）,,,3
collision:2912,2912,統一超,M.1653977936.A.CDC,2022-05-31 14:18:56,新聞,code,sparse,False,4,[新聞] 52萬人注意！國泰永續高股息ETF調整成分,1,True,False,True,False,統一超,1069,"[代號] …的指數「MSCI臺灣ESG永續高股息精選30指 數」進行半年度調整,依據MSCI指數公司資訊,本次成分股新增華新、上海商銀、元太( 8069)、可成(2474)、大聯大(3702)等五檔,並刪除友達(2409)、鴻準(2354)、 統一超(【2912】)、世界(5347)等四檔個股,指數調整於今日收盤後完成生效。 國泰永續高股息ETF經理人游日傑表示,本次指數的調整,維持該標的指數向來穩健、低 周轉率的特性,其中新增華新、元太,主因於過去半年內陸續被納入母指數「MSCI台灣指 數」中,…",auto_correct,代號與簡稱互相印證（兩個獨立訊號一致）,,,3
collision:2912,2912,統一超,M.1645700592.A.6EE,2022-02-24 19:03:12,情報,code,sparse,False,1,[情報] 2912統一超 110年 EPS 8.52 股利9,1,True,True,True,True,統一超,895,[代號] …[情報] 【2912】統一超 110年 EPS 8.52 股利9 https://mops.twse.com.tw/mops/web/t146sb05 年報公佈 1.提報董事會或經董事會決議日期:111/02/24 2.審計委員會通過日期:111/02/23…,auto_correct,代號出現在標題（標題非排行表欄位）,,,3
collision:2912,2912,統一超,M.1671094069.A.EA5,2022-12-15 16:47:49,新聞,code,sparse,False,2,[新聞] 「女兒先買統一超的零股，再拿股息買飲,1,True,False,True,True,統一超,2251,"[代號] …來解釋金錢如何流動,藉此讓她們了解經濟的 運作模式。「例如把錢拿去買飲料,錢就會從我們的口袋流出去,跑進商人的口袋裡,這些 流出去的錢對我們來說是負債,但對商人來說是資產。」 要如何讓錢流進自己的口袋?陳重銘舉例道,假設孩子喜歡到統一超(【2912】)消費,可以鼓 勵他們把錢存起來,買進統一超的零股,等統一超配發股息,再把股息拿來買零食、飲料, 也就是利用股票(資產)賺進現金流,再利用這些現金流為自己的生活買單。 親子也能共學理財 越早開始越易成功 很多家長認為孩子還小,沒有必要…",auto_correct,代號與簡稱互相印證（兩個獨立訊號一致）,,,3
collision:2912,2912,統一超,M.1673349270.A.57C,2023-01-10 19:14:30,情報,code,sparse,False,1,[情報] 2912/5903 統一超/全家 12月營收,1,True,True,True,True,統一超,485,"[代號] …s://mops.twse.com.tw/mops/web/t05sr01_1 4. 內文: 111/12 110/12 111/11 YoY MoM 【2912】 統一超 25,994,528 23,462,796 24,815,749 +10.79% + 4.75% 5903 全 家 7,821,626 7,258,238 7,757,919…",auto_correct,代號出現在標題（標題非排行表欄位）,,,3
collision:2912,2912,統一超,M.1586264198.A.862,2020-04-07 20:56:38,其他,code,sparse,False,2,[參選] vendan5566,1,True,False,True,False,統一超,1202,"[代號] …或分析文章,列舉7篇標題與文章代碼(AID) □ [其他] 閒聊喊盤結果 #1QCE03fO (Stock) □ [請益] 請問華新科的現增作用在哪? #1RX9YUha (Stock) □ [標的] 【2912】 統一超 #1UN66rFo (Stock) □ [心得] 股東紀念品股進場 #1UStG8Hg (Stock) R: [標的] 1817凱撒衛 長期多 #1UY…",auto_correct,代號與簡稱互相印證（兩個獨立訊號一致）,,,3
collision:2912,2912,統一超,M.1660191176.A.8F6,2022-08-11 12:12:56,新聞,code,sparse,False,2,[新聞] 統一上半年獲利衰退15.75% 每股純益1.6元,1,True,False,True,False,統一超,708,"[代號] …事業受原物料大幅上漲,及認列轉投 資統一證券 (2855-TW) 虧損影響獲利,但合併營收及營業利益仍正向成長。 統一集團中,上半年除統一中控受大宗原物料價格上漲、國際油價及疫情影響運輸費用增 加,造成獲利衰退 27.5%,其餘統一超 (【2912】-TW)、統一實 (9907-TW)、神隆 (1789-TW) 等上半年獲利都成長,統一實獲利成長 1.29 倍最為突出。 心得/評論: 沒想到統一居然獲利衰退 但統一東西已經漲到有點誇張了 看來70這個檻是過不了了 更別說曾經的…",auto_correct,代號與簡稱互相印證（兩個獨立訊號一致）,,,3
collision:2912,2912,統一超,M.1582807116.A.E84,2020-02-27 20:38:36,新聞,code,sparse,False,1,[新聞] 統一超去年賺逾1股本 擬每股配息9元,1,True,False,True,True,統一超,935,"[代號] …巴克持續深化精品咖啡經營,開拓星想餐美好餐食、導入外送服務 等帶動業績成長,轉投資事業的營業額成長挹注合併營收。 7-ELEVEN門市截至2019年12月底店數共5655家,2018年同期店數共5369家。 3.心得/評論: 統一超(【2912】)配發現金股利9元,2月27日收盤價為296.5元。 疫情再嚴重大家都還是要上小七?…",auto_correct,代號與簡稱互相印證（兩個獨立訊號一致）,,,3
collision:2912,2912,統一超,M.1595918518.A.BF4,2020-07-28 14:41:58,標的,code,sparse,False,1,[標的] 2912 統一超 多,2,True,True,True,True,統一超,286,"[代號] …[標的] 【2912】 統一超 多 1. 標的:2912 統一超 2. 分類:多 3. 分析/正文: 目前股價稍微低估,三大法人多日賣出; 三倍券三千換四千, 預期七月會認列大筆收益, 小七客單價低,三千影響應該不少。 前女友也打算用信用卡三倍券刷小七寄杯…
[代號] …[標的] 2912 統一超 多 1. 標的:【2912】 統一超 2. 分類:多 3. 分析/正文: 目前股價稍微低估,三大法人多日賣出; 三倍券三千換四千, 預期七月會認列大筆收益, 小七客單價低,三千影響應該不少。 前女友也打算用信用卡三倍券刷小七寄杯。 穩定配息,今年配九元,殖利率…",auto_correct,代號出現在標題（標題非排行表欄位）,,,3
collision:2912,2912,統一超,M.1635934525.A.C6A,2021-11-03 18:15:25,心得,code,sparse,False,3,[心得] 1103 分點重壓股,1,True,False,True,False,統一超,649,"[代號] …5 台塑化 102.0 3,710 台灣摩根士丹利 1,668 44.95% 952.6 8097 常珵 21.65 1,284 日盛復興 500 38.94% 3.87 【2912】 統一超 279.0 1,200 台灣匯立 423 35.24% 103.96 2886 兆豐金 33.4 9,231 摩根大通 3,218 34.86% 1,3…",auto_correct,代號與簡稱互相印證（兩個獨立訊號一致）,,,3
collision:2912,2912,統一超,M.1658262003.A.F9C,2022-07-20 04:20:03,新聞,code,sparse,False,2,[新聞] 統一併台灣家樂福將送審 公平會:2面向審,1,True,False,True,False,統一超,1009,"[代號] …件通過併購案,並附加7大負擔,確保結合後整體經濟利益大於限制競爭的不利益。(編 輯:潘羿菁)1110719 https://www.cna.com.tw/news/afe/202207200002.aspx 統一(1216)、統一超(【2912】) 心得: 是說公平會審查若有疑慮,結果會是怎樣 通常這麼重大的合併案,應該是有信心才會通過吧 各位怎麼看呢…",auto_correct,代號與簡稱互相印證（兩個獨立訊號一致）,,,3
collision:2912,2912,統一超,M.1598202238.A.E36,2020-08-24 01:03:58,新聞,code,sparse,False,1,[新聞] 全家280元股價罕見飛越龍頭小七,1,True,False,True,False,統一超,902,"[代號] …280元股價罕見飛越龍頭小七 1.原文連結: https://reurl.cc/OqqZDg 2.原文內容:工商時報劉馥瑜 全家280元股價罕見飛越龍頭小七 喜憂都是這傢伙搞的鬼 全家(5903)受惠基本面強勢,股價正式超車統一超(【2912】),21日收盤大漲10元、以 280元作收,漲幅3.7%,超越統一超的收盤價271元,不僅呈現「超商老二」股價罕見打 敗「超商龍頭」的景象,也再次刷新全家自2002年掛牌以來收盤價歷史新高紀錄! 超商雙雄股價長期由統一超凌駕全家之上,且維…",auto_correct,代號與簡稱互相印證（兩個獨立訊號一致）,,,3
collision:2912,2912,統一超,M.1684916281.A.EDE,2023-05-24 16:18:01,標的,code,sparse,False,1,[標的] 2912 統一超 思樂冰多,2,True,True,True,True,統一超,138,"[代號] …[標的] 【2912】 統一超 思樂冰多 1. 標的:2912 統一超 2. 分類:多 3. 分析/正文: 小時候的回憶 思樂冰要回歸了 想必會帶來大量懷舊客 人潮即錢潮 營收upup 思樂冰定價不知道多少 但應該不會像之前大杯25元 低成本高毛利 獲利…
[代號] …[標的] 2912 統一超 思樂冰多 1. 標的:【2912】 統一超 2. 分類:多 3. 分析/正文: 小時候的回憶 思樂冰要回歸了 想必會帶來大量懷舊客 人潮即錢潮 營收upup 思樂冰定價不知道多少 但應該不會像之前大杯25元 低成本高毛利 獲利upup 4. 進退場機制: 300…",auto_correct,代號出現在標題（標題非排行表欄位）,,,3
collision:2912,2912,統一超,M.1627611785.A.66D,2021-07-30 10:23:05,標的,code,sparse,False,1,[標的] 2912統一超-在飆什麼?,2,True,True,True,True,統一超,174,"[代號] …[標的] 【2912】統一超-在飆什麼? 1. 標的:2912統一超 2. 分類:請益 3. 分析/正文: 這張成本265進場,像死魚一樣放了快一年,配股殖利又低 之前研究他股性都在273~294之間盤整,最高305一定要出掉 本來想買來賺價差,股市都萬八了…
[代號] …[標的] 2912統一超-在飆什麼? 1. 標的:【2912】統一超 2. 分類:請益 3. 分析/正文: 這張成本265進場,像死魚一樣放了快一年,配股殖利又低 之前研究他股性都在273~294之間盤整,最高305一定要出掉 本來想買來賺價差,股市都萬八了,前陣子要死不活放到快沒信心 這幾天開始…",auto_correct,代號出現在標題（標題非排行表欄位）,,,3
collision:6505,6505,台塑化,M.1586748328.A.F8C,2020-04-13 11:25:28,標的,name,sparse,False,1,[標的] 想長期投資油為何不買台塑化,3,False,False,True,True,台塑化,466,"[簡稱(name)] …[標的] 想長期投資油為何不買【台塑化】 1. 標的:台塑化 2. 分類:多 3. 分析/正文: 最近投資原油商品成為全民運動, 事實上應該是全球運動了, 所以大家共同的疑問: 我想要長期投資石油,請問可以買什麼呢? 於是元大.街口的原油ET…
[簡稱(name)] …[標的] 想長期投資油為何不買台塑化 1. 標的:【台塑化】 2. 分類:多 3. 分析/正文: 最近投資原油商品成為全民運動, 事實上應該是全球運動了, 所以大家共同的疑問: 我想要長期投資石油,請問可以買什麼呢? 於是元大.街口的原油ETF就被玩爛掉了,存在…
[簡稱(name)] …, 於是乎就要去第一證券.盈透證券開戶, 阿看不懂英文的,只能去辦複委託了 可是那手續費抽超高的,都是沒讀書的大媽在辦的, 聰明的人要去當史帝夫或戴夫... 我想問的是,既然想長期投資油 為何不直接買【台塑化】,就是買台灣上市最大的石油公司了啊 現金殖利率也有3.5%啊 眾裡尋他千百度,驀然回首,那人卻在燈火闌珊處。…",auto_correct,三字以上簡稱出現在標題,,,3
collision:6505,6505,台塑化,M.1594693717.A.6D1,2020-07-14 10:28:37,標的,name,sparse,False,1,[標的] 台塑化 多,1,False,False,True,True,台塑化,166,"[簡稱(name)] …[標的] 【台塑化】 多 分析/正文: 1.董監持股 75% 超高 2.六輕,全世界最大的單一石化園區,共佔地2,255 公頃。廠區旁有麥寮專用港能進口 大量原油,在煉油廠提煉出柴油、汽油、輕油等油品,輕油裂解後便可生產塑膠製品,涵 蓋產業上中下游。 3.油…",auto_correct,三字以上簡稱出現在標題,,,3
collision:6505,6505,台塑化,M.1711965404.A.533,2024-04-01 17:56:44,標的,code,sparse,False,3,"Re: [標的] 危機入市之6505台塑化,低檔吃苦練功用股~",15,True,True,True,True,台塑化,852,"[代號] …Re: [標的] 危機入市之【6505】台塑化,低檔吃苦練功用股~ ※ 引述《drwashing (散戶大媽)》之銘言: : 標的: : 6505(台塑化) : 分類:多/空/討論/心得 : 心得 : 分析/正文: : 6505台塑化一直是大媽長久以來想要買的個股,無奈以前一張都…
[代號] …Re: [標的] 危機入市之6505台塑化,低檔吃苦練功用股~ ※ 引述《drwashing (散戶大媽)》之銘言: : 標的: : 【6505】(台塑化) : 分類:多/空/討論/心得 : 心得 : 分析/正文: : 6505台塑化一直是大媽長久以來想要買的個股,無奈以前一張都要十萬多買不下手 : 趁現在危機入市,看到70元以下的台塑化就好比看到當年跌破70的0050,有買有機會…
[代號] …Re: [標的] 危機入市之6505台塑化,低檔吃苦練功用股~ ※ 引述《drwashing (散戶大媽)》之銘言: : 標的: : 6505(台塑化) : 分類:多/空/討論/心得 : 心得 : 分析/正文: : 【6505】台塑化一直是大媽長久以來想要買的個股,無奈以前一張都要十萬多買不下手 : 趁現在危機入市,看到70元以下的台塑化就好比看到當年跌破70的0050,有買有機會 : 雖然大陸烯烴產能壓倒性的輾壓,不過也還好台塑化的營收比重最大的還是煉油事業 :…",auto_correct,代號出現在標題（標題非排行表欄位）,,,3
collision:6505,6505,台塑化,M.1735631297.A.3CE,2024-12-31 15:48:17,新聞,code,sparse,False,3,[新聞] 2024最悲情！　台塑四寶今年股價重摔逾55,2,True,False,True,False,台塑化,865,"[代號] …增加約4.2萬人 台化(1326)31日收27.3元,下跌0.3元或1.08%,累計今年以來下跌35元或56.18%,最 低曾墜至27.2元,續創22年來新低,截至12/27股東人數達18萬3590人,今年來增加約 2.4萬人 台塑化(【6505】)31日收34.55元,下跌0.05元或0.14%,累計今年以來下跌46.35元或 57.29%,最低曾跌至34.1元,再寫掛牌以來新低,不過截至12/27股東人數達10萬508人 ,今年來增加逾3.4萬人。 台塑集團今年股價表現相當悲情…
[簡稱(name)] …,今年來增加約4.2萬人 台化(1326)31日收27.3元,下跌0.3元或1.08%,累計今年以來下跌35元或56.18%,最 低曾墜至27.2元,續創22年來新低,截至12/27股東人數達18萬3590人,今年來增加約 2.4萬人 【台塑化】(6505)31日收34.55元,下跌0.05元或0.14%,累計今年以來下跌46.35元或 57.29%,最低曾跌至34.1元,再寫掛牌以來新低,不過截至12/27股東人數達10萬508人 ,今年來增加逾3.4萬人。 台塑集團今年股價表…",auto_correct,代號與簡稱互相印證（兩個獨立訊號一致）,,,3
collision:6505,6505,台塑化,M.1625809931.A.944,2021-07-09 13:52:11,情報,code,sparse,False,3,[情報] 台塑四寶6月自結,2,True,False,True,False,台塑化,188,"[代號] …+55.2% MoM -5.8% 1303 南亞 346億 YoY +66.4% MoM +0.3% 1326 台化 306.9億 YoY +54.7% MoM -4.5% 【6505】 台塑化 454.92億 YoY +41.8% MoM -14%…
[簡稱(name)] …55.2% MoM -5.8% 1303 南亞 346億 YoY +66.4% MoM +0.3% 1326 台化 306.9億 YoY +54.7% MoM -4.5% 6505 【台塑化】 454.92億 YoY +41.8% MoM -14%…",auto_correct,代號與簡稱互相印證（兩個獨立訊號一致）,,,3
collision:6505,6505,台塑化,M.1608302673.A.CFE,2020-12-18 22:44:33,新聞,code,sparse,False,6,[新聞] 《台北股市》外資看台股明年登15650 首,2,True,False,True,False,台塑化,1024,"[代號] …VA今 年下半年價格不斷衝高,預期這波EVA價格可望維持到明年農曆年。另外PVC,近期也受惠 PVC乳化粉需求大增、大陸政府基礎建設、大陸水災重建、印度回補庫存等多重需求利多 。台塑今年上半年受到疫情影響,營運出現虧損,第3季因認列台塑化(【6505】)權益法收入 44.53億元及股利收入33.5億元等業外加持下,營運轉正,單季大賺103.5億元,不過實際 象徵本業的營業利益僅33.57億元。前3季合併獲利為93億元,EPS為1.47元。 3.心得/評論: 外資點名最青睞的7檔個股,台…
[簡稱(name)] …上來,EVA今 年下半年價格不斷衝高,預期這波EVA價格可望維持到明年農曆年。另外PVC,近期也受惠 PVC乳化粉需求大增、大陸政府基礎建設、大陸水災重建、印度回補庫存等多重需求利多 。台塑今年上半年受到疫情影響,營運出現虧損,第3季因認列【台塑化】(6505)權益法收入 44.53億元及股利收入33.5億元等業外加持下,營運轉正,單季大賺103.5億元,不過實際 象徵本業的營業利益僅33.57億元。前3季合併獲利為93億元,EPS為1.47元。 3.心得/評論: 外資點名最青睞的7…",auto_correct,代號與簡稱互相印證（兩個獨立訊號一致）,,,3
collision:6505,6505,台塑化,M.1605073064.A.BBE,2020-11-11 13:37:44,新聞,code,sparse,False,2,[新聞] 原油飆漲 台塑化、台化點火,8,True,False,True,True,台塑化,807,"[代號] …rant/367626.html 2.原文內容: 美國總統大選結果出爐,民主黨候選人拜登將入主白宮,加上新冠疫苗取得突破性進展, 提振原油市場風險偏好,帶動國際油價振奮,一度飆漲逾9%。推升塑化族群走強,台塑 四寶股價大肆表態,台塑化(【6505】)、台化(1326)扮演撐盤要角。 受多重利多振奮,國際原油價格啟動反彈行情,布蘭特原油飆漲8.42%,達42.77美元、 美國基準西德州中質原油(WTI)亦飆升9.05%至40.50美元。台塑石化日前亦公布,自9 日凌晨起調漲汽油批售價…
[簡稱(name)] …[新聞] 原油飆漲 【台塑化】、台化點火 原油飆漲 台塑化、台化點火 1.原文連結: https://ctee.com.tw/news/warrant/367626.html 2.原文內容: 美國總統大選結果出爐,民主黨候選人拜登將入主白宮,加上新冠疫苗取得突破…
[簡稱(name)] …[新聞] 原油飆漲 台塑化、台化點火 原油飆漲 【台塑化】、台化點火 1.原文連結: https://ctee.com.tw/news/warrant/367626.html 2.原文內容: 美國總統大選結果出爐,民主黨候選人拜登將入主白宮,加上新冠疫苗取得突破性進展, 提振原油市場風險偏…",auto_correct,代號與簡稱互相印證（兩個獨立訊號一致）,,,3
collision:6790,6790,永豐實,M.1710315133.A.A4C,2024-03-13 15:32:13,情報,code,sparse,False,1,[情報] 6790永豐實 112年 3.62 股利3,1,True,True,True,True,永豐實,913,[代號] …[情報] 【6790】永豐實 112年 3.62 股利3 公開資訊觀測站 https://mops.twse.com.tw/mops/web/index 1.提報董事會或經董事會決議日期:113/03/13 2.審計委員會通過日期:113/03/13 3.財務…,auto_correct,代號出現在標題（標題非排行表欄位）,,,3
collision:6790,6790,永豐實,M.1683784712.A.8EA,2023-05-11 13:58:32,情報,code,sparse,False,1,[情報] 6790 永豐實 112年第一季 EPS:0.44,2,True,True,True,True,永豐實,488,"[代號] …[情報] 【6790】 永豐實 112年第一季 EPS:0.44 1.提報董事會或經董事會決議日期:112/05/11 2.審計委員會通過日期:112/05/11 3.財務報告或年度自結財務資訊報導期間 起訖日期(XXX/XX/XX~XXX/XX/XX):112…
[簡稱(name_with_context)] …[情報] 6790 【永豐實】 112年第一季 EPS:0.44 1.提報董事會或經董事會決議日期:112/05/11 2.審計委員會通過日期:112/05/11 3.財務報告或年度自結財務資訊報導期間 起訖日期(XXX/XX/XX~XXX/XX/XX):112/01/…",auto_correct,代號出現在標題（標題非排行表欄位）,,,3
collision:6790,6790,永豐實,M.1675238678.A.92F,2023-02-01 16:04:38,標的,code,sparse,False,1,[標的] 6790 永豐實 ㄎㄚㄘㄥ 多,4,True,True,True,True,永豐實,1038,"[代號] …[標的] 【6790】 永豐實 ㄎㄚㄘㄥ 多 1. 標的:6790 永豐實 2. 分類:多 3. 分析/正文: 手機可以不換 餐廳可以不訂 但是ㄎㄚㄘㄥ不可能不擦 永豐實作為台灣市佔率3X%的老牌生活用紙製造商聞名 產品包括衛生紙、擦手紙、廚房 紙巾及各…
[代號] …[標的] 6790 永豐實 ㄎㄚㄘㄥ 多 1. 標的:【6790】 永豐實 2. 分類:多 3. 分析/正文: 手機可以不換 餐廳可以不訂 但是ㄎㄚㄘㄥ不可能不擦 永豐實作為台灣市佔率3X%的老牌生活用紙製造商聞名 產品包括衛生紙、擦手紙、廚房 紙巾及各類清潔用品,並透過「五月花」、「得意」、「柔…
[簡稱(name_with_context)] …tps://imgur.com/fXGbiH1.jpg 匯率方面 也從去年高點跌落至30 將可大幅減少 進口成本 https://imgur.com/vhf3hQl.jpg 雖說目前紙漿價位還在高檔 但是報價有望開始走向下周期 預期今年【永豐實】有望毛利率 慢慢回升至30% 永豐實於去年因反應物價 而調漲價格 https://imgur.com/6sI4TW8.jpg 大家都知道民生用品 漲過就很難調降了 在預期成本下降後 將可帶動毛利成長 https://imgur.com/…",auto_correct,代號出現在標題（標題非排行表欄位）,,,3
collision:6790,6790,永豐實,M.1686549086.A.2CE,2023-06-12 13:51:26,情報,code,sparse,False,1,[情報] 6790 永豐實 5月營收,2,True,True,True,True,永豐實,357,"[代號] …[情報] 【6790】 永豐實 5月營收 本年迄今累計營收 去年同期累計營收 累計營收成長率 4,191,452 4,010,576 4.51% 112年05月營收…
[簡稱(name_with_context)] …[情報] 6790 【永豐實】 5月營收 本年迄今累計營收 去年同期累計營收 累計營收成長率 4,191,452 4,010,576 4.51% 112年05月營收…",auto_correct,代號出現在標題（標題非排行表欄位）,,,3
collision:6790,6790,永豐實,M.1603773281.A.826,2020-10-27 12:34:41,新聞,code,sparse,False,2,[新聞] 集團小金雞！永豐實登興櫃首日 股價一度,8,True,False,True,True,永豐實,628,"[代號] …金雞!永豐實登興櫃首日 股價一度 1.原文連結: https://udn.com/news/story/7251/4966584 2.原文內容: 集團小金雞!永豐實登興櫃首日 股價一度大漲近六成 永豐餘集團旗下重要旗艦子公司永豐實(【6790】)今(27)日登錄興櫃,興櫃首日歡度蜜月, 每股認購價格為39.5元,但一早股價就以45元開出,並最高飆上62.1元,漲幅高達57.2% ,雖然隨即面臨賣壓出籠,但早盤股價多能維持在三成以上的漲幅。 依永豐實目前實收資本額24.49億元換…
[簡稱(name_with_context)] …[新聞] 集團小金雞!【永豐實】登興櫃首日 股價一度 1.原文連結: https://udn.com/news/story/7251/4966584 2.原文內容: 集團小金雞!永豐實登興櫃首日 股價一度大漲近六成 永豐餘集團旗下重要旗艦子公司永豐實(6790)今…
[簡稱(name_with_context)] …[新聞] 集團小金雞!永豐實登興櫃首日 股價一度 1.原文連結: https://udn.com/news/story/7251/4966584 2.原文內容: 集團小金雞!【永豐實】登興櫃首日 股價一度大漲近六成 永豐餘集團旗下重要旗艦子公司永豐實(6790)今(27)日登錄興櫃,興櫃首日歡度蜜月, 每股認購價格為39.5元,但一早股價就以45元開出,並最高飆上62.1元,漲幅高達57.2% ,雖然隨即面臨賣壓出籠,…",auto_correct,代號與簡稱互相印證（兩個獨立訊號一致）,,,3
collision:6790,6790,永豐實,M.1701093324.A.05C,2023-11-27 21:55:24,新聞,code,sparse,False,2,[新聞] 永豐實Q4營收拚高，今明2年獲利動能強,12,True,False,True,True,永豐實,1291,"[代號] …收拚高,今明2年獲利動能強 原文標題: 《造紙股》永豐實Q4營收拚高 今明2年獲利動能強 原文連結: https://reurl.cc/9RKooj 發布時間: 2023-11-27 記者署名: 時報記者林資傑 原文內容: 永豐實(【6790】)受惠營收回升及成本下降,2023年第三季獲利強彈至近9季高。展望後市, 受惠高品質產品帶動,第四季營收看升,投顧法人看好有望挑戰新高,在紙品利差持續擴 大、海外布局增添動能下,看好今明2年獲利持續反彈,維持「買進」評等、目標價48元 。…
[簡稱(name_with_context)] …[新聞] 【永豐實】Q4營收拚高,今明2年獲利動能強 原文標題: 《造紙股》永豐實Q4營收拚高 今明2年獲利動能強 原文連結: https://reurl.cc/9RKooj 發布時間: 2023-11-27 記者署名: 時報記者林資傑 原文內容: 永…
[簡稱(name_with_context)] …[新聞] 永豐實Q4營收拚高,今明2年獲利動能強 原文標題: 《造紙股》【永豐實】Q4營收拚高 今明2年獲利動能強 原文連結: https://reurl.cc/9RKooj 發布時間: 2023-11-27 記者署名: 時報記者林資傑 原文內容: 永豐實(6790)受惠營收回升及成本下降,2023年第三季獲利強…",auto_correct,代號與簡稱互相印證（兩個獨立訊號一致）,,,3
collision:6790,6790,永豐實,M.1702276503.A.D8D,2023-12-11 14:35:03,情報,code,sparse,False,1,[情報] 6790永豐實 112年11月營收9.40億,4,True,True,True,True,永豐實,317,"[代號] …[情報] 【6790】永豐實 112年11月營收9.40億 永豐實(6790)11月營收資料(單位千元) 當月 本年累計 營收 939,873 9,384,935 去年同期 9…
[代號] …[情報] 6790永豐實 112年11月營收9.40億 永豐實(【6790】)11月營收資料(單位千元) 當月 本年累計 營收 939,873 9,384,935 去年同期 924,829 9,183,870 增減…
[簡稱(name_with_context)] …[情報] 6790【永豐實】 112年11月營收9.40億 永豐實(6790)11月營收資料(單位千元) 當月 本年累計 營收 939,873 9,384,935 去年同期 924,…",auto_correct,代號出現在標題（標題非排行表欄位）,,,3
collision:6790,6790,永豐實,M.1622200160.A.D04,2021-05-28 19:09:20,新聞,code,sparse,False,3,[新聞] 陸碳市交易將啟動，永豐餘擁完整固碳產業,2,True,False,True,False,永豐實,1099,"[代號] …7)投資組合中,從造林到造紙、林漿紙一貫,形成完 整固碳產業鏈。而面對台灣疫情升溫,永豐餘近期在法說會中提到,若盡快走出則有正常 商機發展,但若沒走出,也是有疫情時期的營運模式,對今(2021)年營運可較樂觀看待; 法人看好疫情加持永豐實(【6790】)清潔用品與申豐(6582)橡膠手套原料營運、加上工紙市況 佳,永豐餘今年EPS仍有再刷新去(2020)年3.14元新高機會。 除了中國將正式啟動碳交易,歐盟也宣示將在2050年達成淨零碳排,並將在今年6月公布 碳關稅方案、預計於2023…
[簡稱(name_with_context)] …(1907)投資組合中,從造林到造紙、林漿紙一貫,形成完 整固碳產業鏈。而面對台灣疫情升溫,永豐餘近期在法說會中提到,若盡快走出則有正常 商機發展,但若沒走出,也是有疫情時期的營運模式,對今(2021)年營運可較樂觀看待; 法人看好疫情加持【永豐實】(6790)清潔用品與申豐(6582)橡膠手套原料營運、加上工紙市況 佳,永豐餘今年EPS仍有再刷新去(2020)年3.14元新高機會。 除了中國將正式啟動碳交易,歐盟也宣示將在2050年達成淨零碳排,並將在今年6月公布 碳關稅方案、預計…",auto_correct,代號與簡稱互相印證（兩個獨立訊號一致）,,,3
collision:6790,6790,永豐實,M.1691066976.A.340,2023-08-03 20:49:36,新聞,code,sparse,False,2,[新聞] 好市多衛生紙喊降價 永豐實、正隆備戰,2,True,False,True,True,永豐實,637,"[代號] …發布時間:2023-8-3 記者署名:邱莉玲 原文內容: 在淡季搶銷售量,好市多自有品牌衛生紙開第一槍,且祭出「降價」非「特價」,降幅逾 5%,引發市場熱議。在通路先喊降後,市場關注兩大紙廠永豐實、正隆的下一步? 對此,永豐實(【6790】)回應,公司向來關注成本走勢並調節採購策略,謹慎因應原物料成 本的變化。消費者關注的衛生紙售價,主要由銷售通路端決定,當原物料回檔時,會適度 的透過行銷活動彈性來反應售價。 近期永豐實旗下五月花的兩支主力抽取式衛生紙產品「厚棒」與「極上」…
[簡稱(name_with_context)] …關注兩大紙廠永豐實、正隆的下一步? 對此,永豐實(6790)回應,公司向來關注成本走勢並調節採購策略,謹慎因應原物料成 本的變化。消費者關注的衛生紙售價,主要由銷售通路端決定,當原物料回檔時,會適度 的透過行銷活動彈性來反應售價。 近期【永豐實】旗下五月花的兩支主力抽取式衛生紙產品「厚棒」與「極上」皆有配合通路檔 期,進行較大幅度促銷,像是五月花「厚棒」抽取式衛生紙10入,近期在全聯及家樂福均 有推出促銷檔期,一串促銷價209元,非常優惠。 正隆(1904)則指出,目前尚無降價規…",auto_correct,代號與簡稱互相印證（兩個獨立訊號一致）,,,3
collision:6790,6790,永豐實,M.1707991069.A.B90,2024-02-15 17:57:49,情報,code,sparse,False,1,[情報] 6790 永豐實 1月營收,2,True,True,True,True,永豐實,329,"[代號] …[情報] 【6790】 永豐實 1月營收 來源: 公開資訊觀測站 網址: https://mops.twse.com.tw/mops/web/t05st10_ifrs 本資料由 (上市公司)永豐實 公司提供 民國113年01月 單位:新台幣仟元 項目…
[簡稱(name_with_context)] …[情報] 6790 【永豐實】 1月營收 來源: 公開資訊觀測站 網址: https://mops.twse.com.tw/mops/web/t05st10_ifrs 本資料由 (上市公司)永豐實 公司提供 民國113年01月 單位:新台幣仟元 項目 營…",auto_correct,代號出現在標題（標題非排行表欄位）,,,3
collision:6790,6790,永豐實,M.1687945071.A.E6F,2023-06-28 17:37:51,新聞,name_with_context,sparse,False,2,[新聞] 永豐實股東會通過配息2.3元 擬砸10億元,4,False,False,True,True,永豐實,653,"[簡稱(name_with_context)] …[新聞] 【永豐實】股東會通過配息2.3元 擬砸10億元 永豐實股東會通過配息2.3元 擬砸10億元擴充設備 https://udn.com/news/story/7252/7263711 2023-06-28 中央社/ 台北28日電 永豐實今天召開股東…
[簡稱(name_with_context)] …[新聞] 永豐實股東會通過配息2.3元 擬砸10億元 【永豐實】股東會通過配息2.3元 擬砸10億元擴充設備 https://udn.com/news/story/7252/7263711 2023-06-28 中央社/ 台北28日電 永豐實今天召開股東會並通過股利政策,總經理李宗純表示,為推出更…
[簡稱(name_with_context)] …ory/7252/7263711 2023-06-28 中央社/ 台北28日電 永豐實今天召開股東會並通過股利政策,總經理李宗純表示,為推出更優質產品,將投資新 台幣10.1億元設置紙機及加工設備,以滿足市場需求,帶動未來成長動能。 【永豐實】2022年合併營收101.24億元、年增2.37%,歸屬母公司稅後淨利6.81億元、年減35.81 %,每股稅後淨利(EPS)2.55元;今天召開股東會通過每股配發2.3元現金股利。 永豐實表示,雖然台灣本土疫情漸淡化,但近期物價上升有感…",auto_correct,三字以上簡稱出現在標題,,,3
collision:6790,6790,永豐實,M.1691648452.A.AFD,2023-08-10 14:20:52,情報,code,sparse,False,1,[情報] 6790 永豐實 Q2 0.84  H1 1.28,1,True,True,True,True,永豐實,445,[代號] …[情報] 【6790】 永豐實 Q2 0.84 H1 1.28 1.提報董事會或經董事會決議日期:112/08/10 2.審計委員會通過日期:112/08/10 3.財務報告或年度自結財務資訊報導期間 起訖日期(XXX/XX/XX~XXX/XX/XX):112…,auto_correct,代號出現在標題（標題非排行表欄位）,,,3
collision:6790,6790,永豐實,M.1619711975.A.6E2,2021-04-29 23:59:35,新聞,code,sparse,False,2,[新聞] 永豐實挾市值最大民生消費股之勢 送件申,3,True,False,True,True,永豐實,585,"[代號] …4636028 (請善用縮網址工具) 發布時間:2021/04/29 19:35 鉅亨網記者陳蕙綾 (請以原文網頁/報紙之發布時間為準) 原文內容: 永豐實 (【6790】-TW) 穩居國內市值最大的民生消費股,今 (29) 日送件申請股票上市,為 今 (2021) 年度第 4 家國內公司 (不含國內創新板 1 家) 申請股票上市。 永豐餘消費品實業為負責人何奕達,公司實收資本額 24.49 億元,以今天收…
[簡稱(name_with_context)] …s/id/4636028 (請善用縮網址工具) 發布時間:2021/04/29 19:35 鉅亨網記者陳蕙綾 (請以原文網頁/報紙之發布時間為準) 原文內容: 【永豐實】 (6790-TW) 穩居國內市值最大的民生消費股,今 (29) 日送件申請股票上市,為 今 (2021) 年度第 4 家國內公司 (不含國內創新板 1 家) 申請股票上市。 永豐餘消費品實業為負責人何奕達,公司實收資本額 24.49 億…
[簡稱(name_with_context)] …(不含國內創新板 1 家) 申請股票上市。 永豐餘消費品實業為負責人何奕達,公司實收資本額 24.49 億元,以今天收盤價 69.1 元計算,市值超過 169 億元,超越超越花仙子、康那香、毛寶等,穩居國內市值最大的 民生消費品股。 【永豐實】主要產品包括家庭用紙及清絜用品等,去年稅後純益 14.87 億元、年增 132%,每 股稅後純益 (EPS) 為 6.12 元;今年營運延續動能,連三個月營收突破 9 億元大關。 心得/評論:…",auto_correct,代號與簡稱互相印證（兩個獨立訊號一致）,,,3
collision:6790,6790,永豐實,M.1708058870.A.634,2024-02-16 12:47:50,新聞,code,sparse,False,1,[新聞] 永豐實去年EPS拼逾3.5元，殖利率估達6%,6,True,False,True,True,永豐實,693,"[代號] …文標題:永豐實去年EPS拼逾3.5元,現金殖利率估達6% 原文連結: https://reurl.cc/dLOo36 發布時間: 2024/02/16 10:43 記者署名: 邱建齊 報導 原文內容: 台灣最大民生消費品公司永豐實(【6790】)1月營收首見突破10億大關達10.33億元寫單月新高 ,月增17%、年增31%,公司表示,主要因為今(2024)年農曆春節假期在2月,故1月安排檔 期活動刺激消費需求及備貨效應,而中國大陸今年解封,需求也同步成長。 永豐實投資10.1億…
[簡稱(name_with_context)] …[新聞] 【永豐實】去年EPS拼逾3.5元,殖利率估達6% 原文標題:永豐實去年EPS拼逾3.5元,現金殖利率估達6% 原文連結: https://reurl.cc/dLOo36 發布時間: 2024/02/16 10:43 記者署名: 邱建齊 報導…
[簡稱(name_with_context)] …[新聞] 永豐實去年EPS拼逾3.5元,殖利率估達6% 原文標題:【永豐實】去年EPS拼逾3.5元,現金殖利率估達6% 原文連結: https://reurl.cc/dLOo36 發布時間: 2024/02/16 10:43 記者署名: 邱建齊 報導 原文內容: 台灣最大民生消費品公司永豐實(6790)1月…",auto_correct,代號與簡稱互相印證（兩個獨立訊號一致）,,,3
collision:6790,6790,永豐實,M.1678773227.A.0F9,2023-03-14 13:53:47,情報,code,sparse,False,1,[情報] 6790 永豐實 EPS 2.55 現金股利2.3元,2,True,True,True,True,永豐實,800,"[代號] …[情報] 【6790】 永豐實 EPS 2.55 現金股利2.3元 1. 董事會擬議日期:112/03/14 2. 股利所屬年(季)度:111年 年度 3. 股利所屬期間:111/01/01 至 111/12/31 4. 股東配發內容: (1)盈餘分配之現金股…
[簡稱(name_with_context)] …[情報] 6790 【永豐實】 EPS 2.55 現金股利2.3元 1. 董事會擬議日期:112/03/14 2. 股利所屬年(季)度:111年 年度 3. 股利所屬期間:111/01/01 至 111/12/31 4. 股東配發內容: (1)盈餘分配之現金股利(元/…",auto_correct,代號出現在標題（標題非排行表欄位）,,,3
mode:code,2303,聯電,M.1602682123.A.67F,2020-10-14 21:28:43,其他,code,dense,False,1,[其他] 109年10月14日信用交易統計,2,True,False,True,False,聯電,684,"[代號] …0632R元大台灣50反1 資增 2,873 張 券增 112 張 00677U富邦VIX 資增 4,810 張 券增 2,458 張 ================================= 【2303】聯電 資增 9,465 張 券增 2,223 張 ================================= 912000晨訊科-DR 資增 5,314 張 券減 16 張 ==========…
[簡稱(name_with_context)] …R元大台灣50反1 資增 2,873 張 券增 112 張 00677U富邦VIX 資增 4,810 張 券增 2,458 張 ================================= 2303【聯電】 資增 9,465 張 券增 2,223 張 ================================= 912000晨訊科-DR 資增 5,314 張 券減 16 張 ============…",auto_correct,代號與簡稱互相印證（兩個獨立訊號一致）,,,3
mode:code,1608,華榮,M.1648051468.A.F0C,2022-03-24 00:04:28,情報,code,sparse,False,1,[情報]1608華榮開獎,3,True,True,True,True,華榮,821,"[代號] …[情報]【1608】華榮開獎 ------------------------------------------------------------------------- 1.請符合以下文章格式,違者4-1刪除 2.本分類提供以下幾種文章搬運…
[代號] …每日法人買買超、融資券、交易量... b. 公司重要訊息相關:營收、股利、股東會懶人包、法說會內容整理... c. 現有資訊整理相關:殖利率排名、金融股獲利分布、 3.請詳閱板規參考相關規定 1. 標題:【1608】華榮 股利開獎 2. 來源:公開資訊觀測站 (公司名、網站名) 3. 網址:https://mops.twse.com.tw/mops/web/t146sb05 (請善用縮…
[簡稱(name_with_context)] …買買超、融資券、交易量... b. 公司重要訊息相關:營收、股利、股東會懶人包、法說會內容整理... c. 現有資訊整理相關:殖利率排名、金融股獲利分布、 3.請詳閱板規參考相關規定 1. 標題:1608【華榮】 股利開獎 2. 來源:公開資訊觀測站 (公司名、網站名) 3. 網址:https://mops.twse.com.tw/mops/web/t146sb05 (請善用縮網址…",auto_correct,代號出現在標題（標題非排行表欄位）,,,3
mode:code,2330,台積電,M.1611241758.A.B3E,2021-01-21 23:09:18,請益,code,dense,False,1,[請益] TSM到底是落後指標還是領先指標？？,2,True,False,False,False,,93,"[代號] …[請益] TSM到底是落後指標還是領先指標?? 多數ADR都和母股差不多 溢價通常都很低 可是TSM和【2330】的關係很微妙 有時候是TSM帶領2330漲 有時候則是相反 是看消息時間嗎?? 那如果無消息的漲跌 誰是領先指標?…
[代號] …[請益] TSM到底是落後指標還是領先指標?? 多數ADR都和母股差不多 溢價通常都很低 可是TSM和2330的關係很微妙 有時候是TSM帶領【2330】漲 有時候則是相反 是看消息時間嗎?? 那如果無消息的漲跌 誰是領先指標?…",auto_correct,代號在內文出現且命中多處,,,3
mode:code,2002,中鋼,M.1625630532.A.B46,2021-07-07 12:02:12,標的,code,dense,False,1,Re: [標的] 2002中鋼,5,True,True,True,True,中鋼,246,"[代號] …Re: [標的] 【2002】中鋼 中鋼今天這個走勢失望XD 他盤價要開了 結果還洗10t 大盤高檔盤整 這裡我會建議買在36~38有獲利的 可以注意10t 如果收盤破 我應該會減碼 然後隔天如果跳空破10t我也會開盤第一盤出清 代表市場應該有人知道盤價的答案 如果盤價…
[簡稱(name_with_context)] …Re: [標的] 2002【中鋼】 中鋼今天這個走勢失望XD 他盤價要開了 結果還洗10t 大盤高檔盤整 這裡我會建議買在36~38有獲利的 可以注意10t 如果收盤破 我應該會減碼 然後隔天如果跳空破10t我也會開盤第一盤出清 代表市場應該有人知道盤價的答案 如果盤價開出…
[簡稱(name_with_context)] …Re: [標的] 2002中鋼 【中鋼】今天這個走勢失望XD 他盤價要開了 結果還洗10t 大盤高檔盤整 這裡我會建議買在36~38有獲利的 可以注意10t 如果收盤破 我應該會減碼 然後隔天如果跳空破10t我也會開盤第一盤出清 代表市場應該有人知道盤價的答案 如果盤價開出是向上…",auto_correct,代號出現在標題（標題非排行表欄位）,,,3
mode:code,2832,台產,M.1670211972.A.F0F,2022-12-05 11:46:12,新聞,code,sparse,False,1,[新聞] 防疫保單之亂，產險業全賠到脫褲？台股達人溫正中：2 家產險,10,True,False,True,False,台產,2213,"[代號] …,躲過防疫險之亂 2 家產險業績揚 台灣 12 家產險公司,今年業績大多受到防疫保單,以及國際金融環境動盪不安拖累,唯 有台產及第一保順利躲過雙重風暴衝擊,而且營收、獲利表現都不錯,值得投資人注意。 台灣產物保險公司(簡稱台產,股票代號:【2832】)歷經去(2021)年防疫險衝擊,今年 1 月 25 日防疫保單全部到期後,便不再提供續保,也沒有推出新的防疫險商品。從 5 月底公布的 2022 年首季稅後浄利台幣 0.73 億元、每股盈餘(EPS)0.2 元來看,公司 營運已回歸常軌…
[簡稱(name_with_context)] …原文網頁/報紙之發布時間為準 記者署名:溫正中 ※原文無記載者得留空 原文內容: 防疫保單讓多數產險公司賠到脫褲,躲過防疫險之亂 2 家產險業績揚 台灣 12 家產險公司,今年業績大多受到防疫保單,以及國際金融環境動盪不安拖累,唯 有【台產】及第一保順利躲過雙重風暴衝擊,而且營收、獲利表現都不錯,值得投資人注意。 台灣產物保險公司(簡稱台產,股票代號:2832)歷經去(2021)年防疫險衝擊,今年 1 月 25 日防疫保單全部到期後,便不再提供續保,也沒有推出新的防疫險商品…
[簡稱(name_with_context)] …產險公司賠到脫褲,躲過防疫險之亂 2 家產險業績揚 台灣 12 家產險公司,今年業績大多受到防疫保單,以及國際金融環境動盪不安拖累,唯 有台產及第一保順利躲過雙重風暴衝擊,而且營收、獲利表現都不錯,值得投資人注意。 台灣產物保險公司(簡稱【台產】,股票代號:2832)歷經去(2021)年防疫險衝擊,今年 1 月 25 日防疫保單全部到期後,便不再提供續保,也沒有推出新的防疫險商品。從 5 月底公布的 2022 年首季稅後浄利台幣 0.73 億元、每股盈餘(EPS)0.2 元來看,…",auto_correct,代號與簡稱互相印證（兩個獨立訊號一致）,,,3
mode:code,1102,亞泥,M.1719232081.A.4D3,2024-06-24 20:28:01,情報,code,sparse,False,1,[情報] 1102亞泥 代子公司公告處分遠東新,1,True,True,True,True,亞泥,1321,[代號] …[情報] 【1102】亞泥 代子公司公告處分遠東新 標題: 本公司代子公司德勤投資(股)公司公告處分有價證券 來源:公開資訊觀測站 網址:https://mops.twse.com.tw/mops/web/t146sb05 內文: 是不是要把子公司私有化…,auto_correct,代號出現在標題（標題非排行表欄位）,,,3
mode:code,1215,卜蜂,M.1612345033.A.2CF,2021-02-03 17:37:13,新聞,code,sparse,False,1,[新聞] 卜蜂董事長鄭武樾︰ 黃豆市場很緊張 有,4,True,False,True,True,卜蜂,929,"[代號] …1 刪文處分 ---------------- 原文標題:卜蜂董事長鄭武樾.. 黃豆市場很緊張 有錢買不到貨 原文連結:https://reurl.cc/ZQA33A 發布時間:2021/02/02 17:58 原文內容: 卜蜂(【1215】)董事長鄭武樾表示,國際黃豆原料漲價,大船漲價,造成台灣黃豆、玉米現 貨市場供應很緊張,現在是有錢買不到貨,「這是很嚴重的問題」。 去年3-4月武漢肺炎疫情爆發時,台灣黃豆現貨價格每公斤11.8元,目前已漲至19.8元; 黃豆粉價格則從每…
[簡稱(name_with_context)] …[新聞] 【卜蜂】董事長鄭武樾.. 黃豆市場很緊張 有 ----------------------------------發文提醒------------------------------- 1.發文前請先詳閱[新聞]分類發文規範,未依規範發文將受處份。…
[簡稱(name_with_context)] …竽充數將會以1-2-3&一行文規範水桶處份。 4.發文請依照格式文章標明段落,不符合格式者依4-1刪文處分。 ------------------ 以上注意事項請勿刪除 違者4-1 刪文處分 ---------------- 原文標題:【卜蜂】董事長鄭武樾.. 黃豆市場很緊張 有錢買不到貨 原文連結:https://reurl.cc/ZQA33A 發布時間:2021/02/02 17:58 原文內容: 卜蜂(1215)董事長鄭武樾表示,國際黃豆原料漲價,大船漲價,造成台灣…",auto_correct,代號與簡稱互相印證（兩個獨立訊號一致）,,,3
mode:code,2208,台船,M.1670498955.A.41C,2022-12-08 19:29:15,新聞,code,sparse,False,3,[新聞] 「軍工股F4」股價全跌了 這檔跌最重,2,True,False,True,False,台船,833,"[代號] …4%, 在「軍工股F4」中跌勢相對沈重,另外,寶一盤中跌幅逾2%,精剛跌幅也逾2%,和成也下跌 逾1%。 在題材上領軍的「軍工股F4」走跌下,多檔軍工股今日也是下跌表現,嘉裕(1417)盤中跌 幅逾3%,漢翔(2634)跌幅近2%,台船(【2208】)也由紅翻黑,盤中小跌0.25%,八貫以平盤 開出一度翻紅,但盤中仍不敵賣壓翻黑,跌幅逾1%,表現較強的則是高僑(6234),股價開 小紅雖一度翻黑,但盤中力守紅盤,漲幅0.22%。 心得 台灣軍事工業可以的話早就外銷了 現在韓國軍火還外…
[簡稱(name_with_context)] …至3.4%, 在「軍工股F4」中跌勢相對沈重,另外,寶一盤中跌幅逾2%,精剛跌幅也逾2%,和成也下跌 逾1%。 在題材上領軍的「軍工股F4」走跌下,多檔軍工股今日也是下跌表現,嘉裕(1417)盤中跌 幅逾3%,漢翔(2634)跌幅近2%,【台船】(2208)也由紅翻黑,盤中小跌0.25%,八貫以平盤 開出一度翻紅,但盤中仍不敵賣壓翻黑,跌幅逾1%,表現較強的則是高僑(6234),股價開 小紅雖一度翻黑,但盤中力守紅盤,漲幅0.22%。 心得 台灣軍事工業可以的話早就外銷了 現在韓…",auto_correct,代號與簡稱互相印證（兩個獨立訊號一致）,,,3
mode:code,5306,桂盟,M.1670920316.A.463,2022-12-13 16:31:56,新聞,code,sparse,False,3,[新聞] 巨大單日市值蒸發70億！　延交貨款最新聲,1,True,False,True,False,桂盟,958,"[代號] …他銀行主管表示,巨大金流無虞,但央行提高存款準備率和年關將近各銀行融通偏緊,公司擔心供應鏈資金應付不來而「提前踩煞車」,並非營運停擺。 受到巨大延遲交付貨款45天影響,自行車概念股慘遇亂流,包括美利達(9914)、利奇(1517)、桂盟(【5306】)、日馳(1526)、愛地雅(8933)等自行車概念族群齊跌逾5%,5家公司終場跌幅多在5%至8%不等,其中美利達今收跌12元至177元、利奇收跌1.6元至20.95元、桂盟跌9元至148元、日馳跌2.55元至44元、愛地雅跌1.3元至16…",auto_correct,代號與簡稱互相印證（兩個獨立訊號一致）,,,3
mode:code,2330,台積電,M.1594777029.A.EBC,2020-07-15 09:37:09,標的,code,dense,False,1,Re: [標的] 台積電2330請益,3,True,True,True,True,台積電|台積,207,"[代號] …Re: [標的] 台積電【2330】請益 還有許多版有熱情推文太多就不一一節錄 因應版友熱情推文 小弟今天賣出台積電了,特別來發文通知 賣出原因是家父看了年代百分百,很嚴肅的半夜把我叫起來,叫我股票賣一賣 理由很爛,沒錯 不過既然也沒賠太多,還是以家庭和樂為優先 今天一併…
[簡稱(name)] …Re: [標的] 【台積電】2330請益 還有許多版有熱情推文太多就不一一節錄 因應版友熱情推文 小弟今天賣出台積電了,特別來發文通知 賣出原因是家父看了年代百分百,很嚴肅的半夜把我叫起來,叫我股票賣一賣 理由很爛,沒錯 不過既然也沒賠太多,還是以家庭和樂為優先…
[簡稱(name)] …Re: [標的] 台積電2330請益 還有許多版有熱情推文太多就不一一節錄 因應版友熱情推文 小弟今天賣出【台積電】了,特別來發文通知 賣出原因是家父看了年代百分百,很嚴肅的半夜把我叫起來,叫我股票賣一賣 理由很爛,沒錯 不過既然也沒賠太多,還是以家庭和樂為優先 今天一併賣出許多個股,反指標一賣,大家可以參考一下 https://imgur.com/F…",auto_correct,代號出現在標題（標題非排行表欄位）,,,3
mode:code,2409,友達,M.1714456219.A.355,2024-04-30 13:50:19,情報,code,dense,False,1,[情報] 2409 友達　113年第1季合併財務報告,3,True,True,True,True,友達,1539,"[代號] …[情報] 【2409】 友達 113年第1季合併財務報告 標題: 2409 友達 113年第1季合併財務報告 來源:公開資訊觀測站 網址: https://mops.twse.com.tw/mops/web/t05sr01_1 內文: 1.提報董事會或經…
[代號] …[情報] 2409 友達 113年第1季合併財務報告 標題: 【2409】 友達 113年第1季合併財務報告 來源:公開資訊觀測站 網址: https://mops.twse.com.tw/mops/web/t05sr01_1 內文: 1.提報董事會或經董事會決議日期:113/04/30 2.審計委員會通…
[簡稱(name_with_context)] …本之下,本業虧損程度並未進一步擴大。 公司整體財務結構穩健,存貨天數 46天,淨負債比19.4%,仍維持在相對健康的 水位。 進入第二季,公司已於 4/2 順利完成 BHTC 的收購,將直接挹注垂直場域事業的 營收。 【友達】自身的車用事業、商用工控、太陽能工程、及其他垂直場域事業, 也持續提供成長動能。在消費性電子產品部分,品牌積極為旺季需求進行備貨, 刺激整體面板需求。友達短期的產出雖受地震影響,但在團隊的努力下 生產與出貨已逐步恢復。展望未來,…",auto_correct,代號出現在標題（標題非排行表欄位）,,,3
mode:code,2344,華邦電,M.1675344555.A.7F3,2023-02-02 21:29:15,情報,code,sparse,False,6,[情報] 112年02月02日信用交易統計,2,True,False,True,False,華邦電,1252,"[代號] …張(券資比53%) 2388威盛 資增 1,165 張 券增 197 張 ================================== 2610華航 資增 6,912 張 券增 6 張 【2344】華邦電 資增 4,595 張 券增 447 張 2201裕隆 資增 1,869 張 券減 1,196 張 2317鴻海 資增 1,214 張 券減 4 張 3443創意 資增…
[簡稱(name)] …比53%) 2388威盛 資增 1,165 張 券增 197 張 ================================== 2610華航 資增 6,912 張 券增 6 張 2344【華邦電】 資增 4,595 張 券增 447 張 2201裕隆 資增 1,869 張 券減 1,196 張 2317鴻海 資增 1,214 張 券減 4 張 3443創意 資增 2…",auto_correct,代號與簡稱互相印證（兩個獨立訊號一致）,,,3
mode:code,1909,榮成,M.1632836518.A.683,2021-09-28 21:41:58,情報,code,sparse,False,7,[情報] 110年09月28日信用交易統計,2,True,False,True,False,榮成,1351,"[代號] …==== 大哥二哥 2330台積電 資增 321 張 券減 38 張 2303聯電 資減 3,597 張 券減 943 張 ================================== 【1909】榮成 資增 1,491 張 券減 74 張 1711永光 資減 1,268 張 券減 2,897 張 2371大同 資增 2,208 張 券減 2,145 張 3035智原 資增 1…
[簡稱(name_with_context)] …大哥二哥 2330台積電 資增 321 張 券減 38 張 2303聯電 資減 3,597 張 券減 943 張 ================================== 1909【榮成】 資增 1,491 張 券減 74 張 1711永光 資減 1,268 張 券減 2,897 張 2371大同 資增 2,208 張 券減 2,145 張 3035智原 資增 1,3…",auto_correct,代號與簡稱互相印證（兩個獨立訊號一致）,,,3
mode:code,6505,台塑化,M.1662205078.A.2F9,2022-09-03 19:37:58,請益,code,sparse,False,6,[請益] 股市菜鳥請益,2,True,False,True,False,台塑化,550,"[代號] …零股買進(無限攤平之術? 現在是空手狀態 本來想等這陣子除權息完陸續撿便宜買進 但現在情勢讓人越想越不對勁 還在觀望+選標的中 目前選的標的如下 1.傳產股 台塑四寶、臺泥(1101)、中鋼(2002) 台化(1326)及台塑化(【6505】)現在的價格讓人好心動rrrr 2.食品股 全家(5903)、統一(1216)、味全(1201)、南僑(1702) 3.電信股 台灣大(3045)、中華電現在好貴先不考慮..... 想請問版上各位資深學長們 這樣的策略&標的選擇有沒有…
[簡稱(name)] …的、分批零股買進(無限攤平之術? 現在是空手狀態 本來想等這陣子除權息完陸續撿便宜買進 但現在情勢讓人越想越不對勁 還在觀望+選標的中 目前選的標的如下 1.傳產股 台塑四寶、臺泥(1101)、中鋼(2002) 台化(1326)及【台塑化】(6505)現在的價格讓人好心動rrrr 2.食品股 全家(5903)、統一(1216)、味全(1201)、南僑(1702) 3.電信股 台灣大(3045)、中華電現在好貴先不考慮..... 想請問版上各位資深學長們 這樣的策略&標的…",auto_correct,代號與簡稱互相印證（兩個獨立訊號一致）,,,3
mode:code,6869,雲豹能源,M.1713596867.A.A8C,2024-04-20 15:07:47,新聞,code,sparse,False,1,[新聞] 雲豹能源將轉一般板 逆勢單周飆漲12%寫新,7,True,False,True,True,雲豹能源,572,"[代號] …2%寫新高價 原文連結:https://news.cnyes.com/news/id/5530829?exp=a 發布時間:2024-04-20 10:09 記者署名:鉅亨網記者 魏志豪 台北 原文內容: 能源整合服務商雲豹能源 (【6869】-TW) 本周取得台灣證交所核准通過函,力拚第二季轉一 般板上市,可望成為全台第一家自創新板轉上市的企業,在週五台股一度大跌千點的同時 仍逆勢飆上漲停價 156.5 元,創下歷史新高,單周大漲 12.19%。 雲豹能源指出,根據國家再生能…
[簡稱(name)] …[新聞] 【雲豹能源】將轉一般板 逆勢單周飆漲12%寫新 原文標題:〈熱門股〉雲豹能源將轉一般板 逆勢單周飆漲12%寫新高價 原文連結:https://news.cnyes.com/news/id/5530829?exp=a 發布時間:2024-04-20…
[簡稱(name)] …[新聞] 雲豹能源將轉一般板 逆勢單周飆漲12%寫新 原文標題:〈熱門股〉【雲豹能源】將轉一般板 逆勢單周飆漲12%寫新高價 原文連結:https://news.cnyes.com/news/id/5530829?exp=a 發布時間:2024-04-20 10:09 記者署名:鉅亨網記者 魏志豪 台北 原文內容:…",auto_correct,代號與簡稱互相印證（兩個獨立訊號一致）,,,3
mode:code,2330,台積電,M.1645511232.A.3F9,2022-02-22 14:27:12,標的,code,dense,False,1,[標的] 2330.TW 台積電 戰時空手請益,7,True,True,True,True,台積電|台積,270,"[代號] …[標的] 【2330】.TW 台積電 戰時空手請益 2330.TW 台積電 2. 分類:多/空/討論/心得 討論(請益) 3. 分析/正文: 代朋友問 最近市場各種大利空,包括升息、烏俄戰爭 現在趨勢很明顯是朝空走 台積電雖然本業穩,不過股災該…
[代號] …[標的] 2330.TW 台積電 戰時空手請益 【2330】.TW 台積電 2. 分類:多/空/討論/心得 討論(請益) 3. 分析/正文: 代朋友問 最近市場各種大利空,包括升息、烏俄戰爭 現在趨勢很明顯是朝空走 台積電雖然本業穩,不過股災該跌的時候也沒有少跌,參考 2020/3 月…
[簡稱(name)] …[標的] 2330.TW 【台積電】 戰時空手請益 2330.TW 台積電 2. 分類:多/空/討論/心得 討論(請益) 3. 分析/正文: 代朋友問 最近市場各種大利空,包括升息、烏俄戰爭 現在趨勢很明顯是朝空走 台積電雖然本業穩,不過股災該跌的時候也沒有…",auto_correct,代號出現在標題（標題非排行表欄位）,,,3
mode:code,1217,愛之味,M.1668658575.A.775,2022-11-17 12:16:15,新聞,code,sparse,False,1,[新聞] 愛之味獲利看俏 股價吸引買盤布局,16,True,False,True,True,愛之味,986,"[代號] …時間為準 2022-11-17 11:48 記者署名: ※原文無記載者得留空 黃淑惠 原文內容: 愛之味獲利看俏 股價吸引買盤布局 2022-11-17 11:48 經濟日報/ 記者 黃淑惠 /台北即時報導 老牌食品廠愛之味(【1217】)受惠於第3季獲利創下2008年第一季以來新高後,近期股價吸 引買盤布局,今天盤中股價來到9.94元,漲幅一度為1.4%。法人看好愛之味在生技布局的 投資效益,今年全年獲利有望挑戰15年新高。 愛之味第3季拜中元普渡營運績效再提升及認列轉…
[簡稱(name)] …[新聞] 【愛之味】獲利看俏 股價吸引買盤布局 原文標題: ※請勿刪減原文標題 愛之味獲利看俏 股價吸引買盤布局 原文連結: ※網址超過一行過長請用縮網址工具 https://udn.com/news/story/7252/6771833 發布時間…
[簡稱(name)] …[新聞] 愛之味獲利看俏 股價吸引買盤布局 原文標題: ※請勿刪減原文標題 【愛之味】獲利看俏 股價吸引買盤布局 原文連結: ※網址超過一行過長請用縮網址工具 https://udn.com/news/story/7252/6771833 發布時間: ※請以原文網頁/報紙之發布時間為準 2022-11-17 11…",auto_correct,代號與簡稱互相印證（兩個獨立訊號一致）,,,3
mode:code,2002,中鋼,M.1626786782.A.E22,2021-07-20 21:13:02,新聞,code,dense,False,4,[新聞] 外資大逃殺！3天大砍台股905.9億元,2,True,False,True,False,中鋼,495,"[代號] …舉砍殺後,暫時縮手砍殺 台積電的力道,今日小賣台積電4464張,但 外資壓盤重心轉向人氣指標貨櫃三雄,今日 賣超長榮(2603)14270張,賣超陽明(260 9)23376張,賣超萬海(2619)7817張,外 資賣超第一大個股則是中鋼(【2002】),賣超 張數達38464張。 外資今日更加重期貨作空力道,今日加空期 貨2585口,累積外資期貨淨空單口數達3.6萬 口。 心得: 外資膽子真小,這樣就大逃殺,我看大概 沒幾天又通通買回來了。…
[簡稱(name_with_context)] …兩日大舉砍殺後,暫時縮手砍殺 台積電的力道,今日小賣台積電4464張,但 外資壓盤重心轉向人氣指標貨櫃三雄,今日 賣超長榮(2603)14270張,賣超陽明(260 9)23376張,賣超萬海(2619)7817張,外 資賣超第一大個股則是【中鋼】(2002),賣超 張數達38464張。 外資今日更加重期貨作空力道,今日加空期 貨2585口,累積外資期貨淨空單口數達3.6萬 口。 心得: 外資膽子真小,這樣就大逃殺,我看大概 沒幾天又通通買回來了。…",auto_correct,代號與簡稱互相印證（兩個獨立訊號一致）,,,3
mode:code,2836,高雄銀,M.1679650561.A.D07,2023-03-24 17:36:01,情報,code,sparse,False,1,[情報] 高雄銀甲特以其資本公積分派現金情形,4,True,False,True,True,高雄銀,948,"[代號] …詳閱板規參考相關規定 1. 標題: 公告本公司董事會決議甲種特別股以其資本公積分派現金情形 2. 來源: (公司名、網站名) 公開資訊觀測站 本資料由 (上市公司) 【2836】 高雄銀 公司提供 3. 網址: (請善用縮網址工具) https://mops.twse.com.tw/mops/web/t05sr01_1 4. 內文: 1. 董事會擬…
[簡稱(name)] …[情報] 【高雄銀】甲特以其資本公積分派現金情形 ------------------------------------------------------------------------- 1.請符合以下文章格式,違者4-1刪除 2.本分類提供以下幾種…
[簡稱(name)] …考相關規定 1. 標題: 公告本公司董事會決議甲種特別股以其資本公積分派現金情形 2. 來源: (公司名、網站名) 公開資訊觀測站 本資料由 (上市公司) 2836 【高雄銀】 公司提供 3. 網址: (請善用縮網址工具) https://mops.twse.com.tw/mops/web/t05sr01_1 4. 內文: 1. 董事會擬議日期:…",auto_correct,代號與簡稱互相印證（兩個獨立訊號一致）,,,3
mode:code,2480,敦陽科,M.1645779874.A.3BC,2022-02-25 17:04:34,情報,code,sparse,False,1,[情報] 2480.TW 敦陽科 現金股利5.62元,4,True,True,True,True,敦陽科,365,"[代號] …[情報] 【2480】.TW 敦陽科 現金股利5.62元 1. 標題: 2480 敦陽科 現金股利5.62元 2. 來源: 公開資訊觀測站 3. 網址: https://reurl.cc/RjDDkr 4. 內文: 1. 董事會決議日期:111/02/2…
[代號] …[情報] 2480.TW 敦陽科 現金股利5.62元 1. 標題: 【2480】 敦陽科 現金股利5.62元 2. 來源: 公開資訊觀測站 3. 網址: https://reurl.cc/RjDDkr 4. 內文: 1. 董事會決議日期:111/02/25 2. 股利所屬年(季)度:110年 年度 3. 股利所…
[簡稱(name)] …[情報] 2480.TW 【敦陽科】 現金股利5.62元 1. 標題: 2480 敦陽科 現金股利5.62元 2. 來源: 公開資訊觀測站 3. 網址: https://reurl.cc/RjDDkr 4. 內文: 1. 董事會決議日期:111/02/25 2. 股利…",auto_correct,代號出現在標題（標題非排行表欄位）,,,3
mode:code,3029,零壹,M.1591345963.A.B6A,2020-06-05 16:32:43,標的,code,sparse,False,1,[標的] 零壹3029,2,True,True,True,True,零壹,548,"[代號] …[標的] 零壹【3029】 ------------------------------------------------------------------------- 1.發文前請先詳閱[標的]分類發文規範,未依規範發文將受處份。 2.發標的文未充實內文,多…
[代號] …場機制若非長期投資,請輸入停損價,否則依板規1-1-6處份 4.若為長期投資,但無充份分析理由,將依板規1-1-5處份 4.請依格式輸入內容,未依格式者板規1-1-2砍文處份。 5.分類選填請益或心得者,進退場機制得刪去。 1. 標的:【3029】 零壹 2. 分類:多 3. 分析/正文: 資安概念股,6/10準備除權,在未來5G時代資安越來越受重視,代理多家國外資安大廠,後市持續看漲,配股亦大方,今天突破盤整,股價衝破歷史新高,持續持有 https://i.imgur.com/…",auto_correct,代號出現在標題（標題非排行表欄位）,,,3
mode:code,2330,台積電,M.1638588728.A.28C,2021-12-04 11:32:08,新聞,code,dense,False,2,[新聞] 晶圓代工產值Q3季增11.8% 連九季創歷史新,5,True,False,True,False,台積電|台積,2388,"[代號] …達272.8億美元,季增11.8%,已連續九個季度創下歷史新高。但受到以成熟製程製造的周 邊料況短缺因素影響,導致部份主晶片拉貨動能稍微放緩的情況下,第四季增幅將略低於 第三季。 蘋果iPhone新機帶動 台積電季增11.9% 台積電(【2330】)在蘋果iPhone新機發表帶動下,第三季營收達148.8億美元,季增11.9%, 穩居全球第一。觀察各製程節點,7nm及5nm受到智慧型手機及高效能運算需求驅動,兩者 營收合計已超越台積電整體過半比重,且持續成長當中。位居第二的三星(Sa…
[簡稱(name)] …拉漲帶動,第三季晶圓代工產值高 達272.8億美元,季增11.8%,已連續九個季度創下歷史新高。但受到以成熟製程製造的周 邊料況短缺因素影響,導致部份主晶片拉貨動能稍微放緩的情況下,第四季增幅將略低於 第三季。 蘋果iPhone新機帶動 【台積電】季增11.9% 台積電(2330)在蘋果iPhone新機發表帶動下,第三季營收達148.8億美元,季增11.9%, 穩居全球第一。觀察各製程節點,7nm及5nm受到智慧型手機及高效能運算需求驅動,兩者 營收合計已超越台積電整體過半比重,且…
[簡稱(name)] …產值高 達272.8億美元,季增11.8%,已連續九個季度創下歷史新高。但受到以成熟製程製造的周 邊料況短缺因素影響,導致部份主晶片拉貨動能稍微放緩的情況下,第四季增幅將略低於 第三季。 蘋果iPhone新機帶動 台積電季增11.9% 【台積電】(2330)在蘋果iPhone新機發表帶動下,第三季營收達148.8億美元,季增11.9%, 穩居全球第一。觀察各製程節點,7nm及5nm受到智慧型手機及高效能運算需求驅動,兩者 營收合計已超越台積電整體過半比重,且持續成長當中。位居第二的…",auto_correct,代號與簡稱互相印證（兩個獨立訊號一致）,,,3
mode:code,2330,台積電,M.1729146858.A.539,2024-10-17 14:34:18,情報,code,dense,False,1,Re: [情報] 2330 台積電 2024 Q3法說會直播,4,True,True,True,True,台積電|台積,106,"[代號] …Re: [情報] 【2330】 台積電 2024 Q3法說會直播 https://i.imgur.com/Shz5z57.jpeg 見證歷史 台積adr夜盤目前漲破200 破7%了 換算台股大概是1286 半年前鄉民說的1000元以下是禮物成真了 三位數的台積…
[簡稱(name)] …Re: [情報] 2330 【台積電】 2024 Q3法說會直播 https://i.imgur.com/Shz5z57.jpeg 見證歷史 台積adr夜盤目前漲破200 破7%了 換算台股大概是1286 半年前鄉民說的1000元以下是禮物成真了 三位數的台積看不到了…
[簡稱(name)] …Re: [情報] 2330 台積電 2024 Q3法說會直播 https://i.imgur.com/Shz5z57.jpeg 見證歷史 【台積】adr夜盤目前漲破200 破7%了 換算台股大概是1286 半年前鄉民說的1000元以下是禮物成真了 三位數的台積看不到了…",auto_correct,代號出現在標題（標題非排行表欄位）,,,3
mode:code,1907,永豐餘,M.1698305472.A.56A,2023-10-26 15:31:12,新聞,code,sparse,False,4,[新聞] 全球紙業第一家！永豐餘為何敢加入RE100,11,True,False,True,True,永豐餘,944,"[代號] …到80%,2040年實現100%的再生能源使 用。 永豐餘指出,紙業擁有循環經濟製程,可以將製程中的餘料轉化為替代燃料,並進一步發 展沼氣發電。這一承諾將與全球400多家企業一同推動市場變革,並證明再生能源在商業 中的重要性。 永豐餘(【1907】)正式宣布,旗下子公司包括中華紙漿(1905)、永豐餘工業用紙以及永豐 實(6790)共同參與由氣候組織(The Climate Group)及CDP主導的全球再生能源倡議 RE100,成為全球紙業領域中首家參與RE100倡議的企業,展現積…
[簡稱(name)] …[新聞] 全球紙業第一家!【永豐餘】為何敢加入RE100 原文標題:全球紙業第一家!永豐餘為何敢加入RE100?在於兩大關鍵原因 原文連結:https://bit.ly/3QxWUE7 發布時間:2023-09-07 記者署名:朱姵慈 原文內容: 永豐餘集團宣布正式…
[簡稱(name)] …[新聞] 全球紙業第一家!永豐餘為何敢加入RE100 原文標題:全球紙業第一家!【永豐餘】為何敢加入RE100?在於兩大關鍵原因 原文連結:https://bit.ly/3QxWUE7 發布時間:2023-09-07 記者署名:朱姵慈 原文內容: 永豐餘集團宣布正式參與全球再生能源倡議RE100,成為全球紙業領域中首家…",auto_correct,代號與簡稱互相印證（兩個獨立訊號一致）,,,3
mode:code,2453,凌群,M.1678334878.A.7A9,2023-03-09 12:07:58,標的,code,sparse,False,1,Re: [標的] 2453.TW凌群被騙上車,4,True,True,True,True,凌群,269,"[代號] …Re: [標的] 【2453】.TW凌群被騙上車 ※ 引述《RobertElvis (中年已婚大叔)》之銘言: : 1. 標的:2453.TW凌群 : 2. 分類:心得 : 3. 分析/正文: : 昨天有一篇凌群無腦多的,小弟腦波弱被洗上車小買1張 : 結果開盤漲停鎖不…
[代號] …Re: [標的] 2453.TW凌群被騙上車 ※ 引述《RobertElvis (中年已婚大叔)》之銘言: : 1. 標的:【2453】.TW凌群 : 2. 分類:心得 : 3. 分析/正文: : 昨天有一篇凌群無腦多的,小弟腦波弱被洗上車小買1張 : 結果開盤漲停鎖不住,斷然賣出1張再沖賣+2張 : 幸好有小賺一波 : 結論:還好目前狀態空手,有多餘的資金玩,認賠及時,反…
[簡稱(name_with_context)] …Re: [標的] 2453.TW凌群被騙上車 ※ 引述《RobertElvis (中年已婚大叔)》之銘言: : 1. 標的:2453.TW【凌群】 : 2. 分類:心得 : 3. 分析/正文: : 昨天有一篇凌群無腦多的,小弟腦波弱被洗上車小買1張 : 結果開盤漲停鎖不住,斷然賣出1張再沖賣+2張 : 幸好有小賺一波 : 結論:還好目前狀態空手,有多餘的資金玩,認賠及時,反手也及時…",auto_correct,代號出現在標題（標題非排行表欄位）,,,3
mode:code,2330,台積電,M.1657840966.A.386,2022-07-15 07:22:46,情報,code,dense,False,1,Re: [情報] 20220714 2330 台積電 Q2 法說會,4,True,True,True,True,台積電|台積,1239,"[代號] …Re: [情報] 20220714 【2330】 台積電 Q2 法說會 個人昨天聽了一小時 (最後幾個Q&A沒聽,要去開其他會) 一些小小心得 1. TSMC高階主管用的英文都很簡單,所以大家以後其實直接聽就好XD 2. 其實很多地方講的很曖昧,尤其是資本支出這一塊 他們至…
[簡稱(name)] …Re: [情報] 20220714 2330 【台積電】 Q2 法說會 個人昨天聽了一小時 (最後幾個Q&A沒聽,要去開其他會) 一些小小心得 1. TSMC高階主管用的英文都很簡單,所以大家以後其實直接聽就好XD 2. 其實很多地方講的很曖昧,尤其是資本支出這一塊 他們至少提到兩…
[簡稱(name)] …真的很可怕,當然不排除Intel單子能見度很高了 大概是這樣,因為我沒一邊抄筆記,所以有些部分聽得有點模糊 ※ 引述《LaBronJames (King LA Bron James)》之銘言: : 主要是台幣貶值讓營業利益率大升 : 按【台積】估計營收增長11% : 通常營收增長帶動營業利益率這裡算持平 : 第三季eps10.2 : 第四季假設持平 : 全年大概37.4 : 本益比才12.7 : 除非有顯著衰退 : 否則台積未來只要微幅增 : 很快本益比就低於10了…",auto_correct,代號出現在標題（標題非排行表欄位）,,,3
mode:code,2330,台積電,M.1584013411.A.445,2020-03-12 19:43:31,標的,code,dense,False,1,Re: [標的] 準備好低接台積電（2330）了嗎？,2,True,True,True,True,台積電|台積,82,"[代號] …Re: [標的] 準備好低接台積電(【2330】)了嗎? 個人是估100 GG接下來的財報肯定會衰退 30%的衰退 EPS算10 對比金融海嘯本益比10塊 10*10=100 大盤約5000點 這時候在進場撿…
[簡稱(name)] …Re: [標的] 準備好低接【台積電】(2330)了嗎? 個人是估100 GG接下來的財報肯定會衰退 30%的衰退 EPS算10 對比金融海嘯本益比10塊 10*10=100 大盤約5000點 這時候在進場撿…",auto_correct,代號出現在標題（標題非排行表欄位）,,,3
mode:code,2317,鴻海,M.1711365724.A.5E6,2024-03-25 19:22:04,新聞,code,dense,False,2,[新聞] 永豐金首席經濟學家4個字看今年台股 若沒,3,True,False,True,False,鴻海,1429,"[代號] …名: 楊筱筠 原文內容: 台股2萬點不一定是高點!永豐金控(2890)首席經濟學家黃蔭基博士25日指出,台股今 年看四個字「瑪莎拉蒂」,沒有地緣政治因素衝擊就是一直漲,無法看高低點,主要觀察 台積電(2330)、聯發科(2454)、鴻海(【2317】)、廣達(2382)四大股票,「目前這個 盤沒看到敗象」,在AI就是未來與信仰,輝達(NVIDIA)還有上漲空間,加上ETF集中購 買權值股,「紅燈只要大家一起闖,就不會有風險」。 他認為,台股18500點成為標配,今年台股上2萬點,主要…
[簡稱(name_with_context)] …記者署名: 楊筱筠 原文內容: 台股2萬點不一定是高點!永豐金控(2890)首席經濟學家黃蔭基博士25日指出,台股今 年看四個字「瑪莎拉蒂」,沒有地緣政治因素衝擊就是一直漲,無法看高低點,主要觀察 台積電(2330)、聯發科(2454)、【鴻海】(2317)、廣達(2382)四大股票,「目前這個 盤沒看到敗象」,在AI就是未來與信仰,輝達(NVIDIA)還有上漲空間,加上ETF集中購 買權值股,「紅燈只要大家一起闖,就不會有風險」。 他認為,台股18500點成為標配,今年台股上2…
[簡稱(name_with_context)] …(NVIDIA)還有上漲空間,加上ETF集中購 買權值股,「紅燈只要大家一起闖,就不會有風險」。 他認為,台股18500點成為標配,今年台股上2萬點,主要受惠AI拉抬五大公司股價。根據 統計,今年以來到上周五(22)日,光台積電、聯發科、【鴻海】、廣達、奇鋐貢獻大盤85% 漲幅,台積電單家貢獻72%,其他類股水漲船高,2025年甚至有機會挑戰2萬2000點。唯 一風險來自非經濟「地緣政治最麻煩」。 首先,台股基本面強勁。永豐金控最新對台2024經濟成長率,估較去年翻倍至3.19%…",auto_correct,代號與簡稱互相印證（兩個獨立訊號一致）,,,3
mode:code,2002,中鋼,M.1639996448.A.0C1,2021-12-20 18:34:08,情報,code,dense,False,7,[情報] 1220 量大分點齊買,1,True,False,True,False,中鋼,849,"[代號] …(億) 股號 名稱 收盤價 成交量 成交金額/買賣超 買賣金額/外本比 投本比 3481 群創 19.6 171,292 33.56 43,782 8.59 0.89% 0.25% 【2002】 中鋼 35.6 115,622 41.49 12,558 4.53 0.29% 0.47% 2618 長榮航 27.25 86,703 23.29 10,648 2.87 -0.…",auto_correct,代號與簡稱互相印證（兩個獨立訊號一致）,,,3
mode:code,2330,台積電,M.1728451854.A.6B8,2024-10-09 13:30:54,情報,code,dense,False,1,[情報] 2330 台積公司2024年9月營收報告,3,True,True,True,True,台積,397,"[代號] …[情報] 【2330】 台積公司2024年9月營收報告 發佈單位 :台灣積體電路製造股份有限公司 發佈日期 : 2024/10/09 台積公司2024年9月營收報告 台灣積體電路製造股份有限公司今(9)日公佈2024年9月營收報告。2024年9月合併營收 約為新…
[簡稱(name)] …[情報] 2330 【台積】公司2024年9月營收報告 發佈單位 :台灣積體電路製造股份有限公司 發佈日期 : 2024/10/09 台積公司2024年9月營收報告 台灣積體電路製造股份有限公司今(9)日公佈2024年9月營收報告。2024年9月合併營收 約為新台幣2…
[簡稱(name)] …[情報] 2330 台積公司2024年9月營收報告 發佈單位 :台灣積體電路製造股份有限公司 發佈日期 : 2024/10/09 【台積】公司2024年9月營收報告 台灣積體電路製造股份有限公司今(9)日公佈2024年9月營收報告。2024年9月合併營收 約為新台幣2,518億7,300萬元,較上月增加了0.4%,較去年同期增加了39.6%。累計2024 年1至9月營收約為新…",auto_correct,代號出現在標題（標題非排行表欄位）,,,3
mode:code,2330,台積電,M.1730170261.A.842,2024-10-29 10:51:01,新聞,code,dense,False,1,[新聞] 川普再喊對台灣半導體徵高關稅　台積電,11,True,False,True,True,台積電|台積,1315,"[代號] …價跌近3% 記者高兆麟/綜合報導 美國前總統、總統候選人川普週末重申他對台灣的失望,並指責台灣竊取了美國的晶片產 業,川普也批評美國晶片法案,並表示如果當選總統,他將對台灣晶片徵收關稅。此類關 稅將影響晶片製造領域的全球領導者台積電(【2330】),受利空衝擊,台積電今日股價最低 來到1020元,下跌30元,跌幅約2.86%。 川普在節目上表示,台灣偷了美國的晶片業務,他們還想要保護。瑞銀分析師則估計,全 球 90% 以上的先進晶片都是由台積電生產的。英特爾和三星是試圖競爭的公…
[代號] …https://finance.ettoday.net/news/2844183 川投顧表示如果他當選會對台灣晶片徵收關稅 而且目前民調也顯示川投顧當選機率蠻高的 難怪這幾天台股都大跌 就像八月份保護費言論一樣 ADR跌4% 【2330】才跌2%好像沒有預期的多…
[簡稱(name)] …[新聞] 川普再喊對台灣半導體徵高關稅 【台積電】 ETtoday財經雲 2024-10-29 10:41 川普再喊對台灣半導體徵高關稅 台積電早盤股價跌近3% 記者高兆麟/綜合報導 美國前總統、總統候選人川普週末重申他對台灣的失望,並指責台灣竊取了美國的晶片產 業,川普也批評美國…",auto_correct,代號與簡稱互相印證（兩個獨立訊號一致）,,,3
mode:code,2603,長榮,M.1620384070.A.839,2021-05-07 18:41:10,新聞,code,dense,False,2,[新聞] 長榮海運第1季每天賺進4億元,5,True,False,True,True,長榮海運,918,"[代號] …5441530?from=ednappsharing (請善用縮網址工具) 發布時間:2021/5/7 (請以原文網頁/報紙之發布時間為準) 原文內容:長榮海運(【2603】)第1季每天賺4億元,第1季稅後盈餘達360.83億元,去年同 期則是虧損,每股稅後純益7.04元。 第1季約90天,以長榮海運360.83億元來計算,每天就賺4億元,全球貨櫃輪市場運價漲不 停,漲幅還不斷加大,全球第7大的長榮海運,日前…
[簡稱(name_with_context)] …[新聞] 【長榮海運】第1季每天賺進4億元 原文標題:長榮海運第1季每天賺進4億元 EPS高達7.04元 (請勿刪減原文標題) 原文連結:https://money.udn.com/…
[簡稱(name_with_context)] …[新聞] 長榮海運第1季每天賺進4億元 原文標題:【長榮海運】第1季每天賺進4億元 EPS高達7.04元 (請勿刪減原文標題) 原文連結:https://money.udn.com/money/story/5612/544…",auto_correct,代號與簡稱互相印證（兩個獨立訊號一致）,,,3
mode:code,2438,翔耀,M.1721952496.A.205,2024-07-26 08:08:16,情報,code,silent,False,1,[情報] 2438 翔耀 建置AI智能運算中心,1,True,True,True,True,翔耀,268,[代號] …[情報] 【2438】 翔耀 建置AI智能運算中心 標題: 本公司董事會核准通過本公司建置AI智能運算中心 來源:公開資訊觀測站 網址:https://mops.twse.com.tw/mops/web/ezsearch 內文: 1.董事會或股東會決議日…,auto_correct,代號出現在標題（標題非排行表欄位）,,,3
mode:code,2340,台亞,M.1637127312.A.D1C,2021-11-17 13:35:12,標的,code,sparse,False,1,Re: [標的] 2340.TW 光磊 多,2,True,True,False,False,,929,"[代號] …Re: [標的] 【2340】.TW 光磊 多 ※ 引述《wayne6250 (wayne)》之銘言: : ------------------------------------------------------------------------- : 1.發標的…
[代號] …請輸入停損價,否則依板規1-1-6處份 : 3.請依格式輸入內容,未依格式者板規1-1-2砍文處份。 : 標題請使用以下格式:股號.市場碼+股名+分類 (市場碼:TW US HK CN JP KR...) : 1. 標的: 【2340】.TW 光磊 : 2. 分類:多 : 3. 分析/正文: : 之前30-35玩過一趟,上一波起飆沒跟到 : 基本面沒有很亮眼就不講了 : 會買這支單純只看技術面線型看能不能賺個幾k : 前波高點50萬下跌後量縮,通常接近上升月線會再有一波漲…",auto_correct,代號出現在標題（標題非排行表欄位）,,,3
mode:code,2337,旺宏,M.1603782380.A.460,2020-10-27 15:06:20,標的,code,sparse,False,1,Re: [標的] 2337旺宏 多,5,True,True,True,True,旺宏,489,"[代號] …Re: [標的] 【2337】旺宏 多 ※ 引述《kashima228 (承)》之銘言: : 一度快站上35 : 可憐啊 爆大量就是一個警訊 : 隔日沖其實還蠻好玩的 嘻嘻 : 果然 一路洩到33 : 這隻不能留念的 : 就是在那個時間點 該賣就是要賣 : 通常是接近一…
[簡稱(name_with_context)] …: 沒有期待 沒有傷害 : 昨天法會 有事燒紙 : 觀察了一段時間 旺綠要往上沖 : 還有好幾個門檻啦 保重 本人在28~30之間幾乎all in建倉 本不及板上眾多大戶們 但畢竟也不小 當跌到26塊多的時候也是一度懷疑人生 不過【旺宏】股性就是這樣阿 大家看衰時就可以進場 看多時就該跑了 更何況今天周轉率超爆高 我是沒有看過單日周轉率那麼高的股票 短期內還可以在向上突破的啦=.= 所以今天趁高全部出了 大概賺20%左右 從我開始買賣股票到現在 旺宏勝率9戰9勝…
[簡稱(name_with_context)] …疑人生 不過旺宏股性就是這樣阿 大家看衰時就可以進場 看多時就該跑了 更何況今天周轉率超爆高 我是沒有看過單日周轉率那麼高的股票 短期內還可以在向上突破的啦=.= 所以今天趁高全部出了 大概賺20%左右 從我開始買賣股票到現在 【旺宏】勝率9戰9勝 只能說這檔股性跟我很合吧 雖然很多人靠北旺宏都是讓他們虧錢居多 但我覺得很多人買這檔的根本是來追高或當沖才賠的 到底有啥魔力可以讓一堆當沖客一直來沖旺宏啊?…",auto_correct,代號出現在標題（標題非排行表欄位）,,,3
mode:code,2303,聯電,M.1618318806.A.68E,2021-04-13 21:00:06,其他,code,dense,False,7,[其他] 110年04月13日信用交易統計,2,True,False,True,False,聯電,965,"[代號] …632R元大台灣50反1 資增 11,372 張 券增 83 張 00677U期富邦VIX 資減 5,574 張 券增 4,474 張 ================================= 【2303】聯電 資增 11,011 張 券增 2,640 張 2014中鴻 資增 1,796 張 券增 23 張 2002中鋼 資增 8,687 張 券減 8 張(最後回補日) 6443元…
[簡稱(name_with_context)] …元大台灣50反1 資增 11,372 張 券增 83 張 00677U期富邦VIX 資減 5,574 張 券增 4,474 張 ================================= 2303【聯電】 資增 11,011 張 券增 2,640 張 2014中鴻 資增 1,796 張 券增 23 張 2002中鋼 資增 8,687 張 券減 8 張(最後回補日) 6443元晶…",auto_correct,代號與簡稱互相印證（兩個獨立訊號一致）,,,3
mode:code,2609,陽明,M.1635598089.A.009,2021-10-30 20:48:09,新聞,code,dense,False,2,[新聞] 《熱門族群》資金簇擁 長榮、陽明重回月,9,True,False,True,True,陽明,1128,"[代號] …gzr7j7 發布時間:2021年10月30日 週六 上午11:50 原文內容: 【時報-台北電】台股萬七關卡震盪,多頭資金29日點火股價跌深、第三季財報即將發布 、年底採購旺季、運價維持高檔的貨櫃航運三雄,其中,長榮(2603)及陽明(【2609】)已 站回月線,氣勢強過萬海(2615),主要資金卡位年底歐洲線換約季節即將到來,對長榮 、陽明有利。 長榮、陽明及萬海股價自從在今年7月初各自寫下歷史新高價後,因當沖處置新制度嚇跑 主力,展開一波跌勢,惟跌深後的反彈氣勢一波比一波弱,1…
[簡稱(name_with_context)] …cc/gzr7j7 發布時間:2021年10月30日 週六 上午11:50 原文內容: 【時報-台北電】台股萬七關卡震盪,多頭資金29日點火股價跌深、第三季財報即將發布 、年底採購旺季、運價維持高檔的貨櫃航運三雄,其中,長榮(2603)及【陽明】(2609)已 站回月線,氣勢強過萬海(2615),主要資金卡位年底歐洲線換約季節即將到來,對長榮 、陽明有利。 長榮、陽明及萬海股價自從在今年7月初各自寫下歷史新高價後,因當沖處置新制度嚇跑 主力,展開一波跌勢,惟跌深後的反彈氣勢一波比…
[簡稱(name_with_context)] …台股萬七關卡震盪,多頭資金29日點火股價跌深、第三季財報即將發布 、年底採購旺季、運價維持高檔的貨櫃航運三雄,其中,長榮(2603)及陽明(2609)已 站回月線,氣勢強過萬海(2615),主要資金卡位年底歐洲線換約季節即將到來,對長榮 、【陽明】有利。 長榮、陽明及萬海股價自從在今年7月初各自寫下歷史新高價後,因當沖處置新制度嚇跑 主力,展開一波跌勢,惟跌深後的反彈氣勢一波比一波弱,10月初融資出現嚴重斷頭潮, 股價大幅下挫後,29日資金明顯轉進貨櫃三雄長榮、陽明及萬海點火,前二…",auto_correct,代號與簡稱互相印證（兩個獨立訊號一致）,,,3
mode:code,2317,鴻海,M.1710601588.A.0E8,2024-03-16 23:06:28,標的,code,dense,False,1,Re: [標的] 2317鴻海 23年緯創廣達即視感,6,True,True,True,True,鴻海,553,"[代號] …Re: [標的] 【2317】鴻海 23年緯創廣達即視感 ※ 引述《xname (天涯浪跡客)》之銘言: : 下圖是鴻海本周集保分布: : https://imgur.com/a/EesP11I.jpg : 綠色線是 PR90,只要持股張數10張以上,黑色線是 PR99…
[簡稱(name_with_context)] …Re: [標的] 2317鴻海 23年緯創廣達即視感 ※ 引述《xname (天涯浪跡客)》之銘言: : 下圖是【鴻海】本周集保分布: : https://imgur.com/a/EesP11I.jpg : 綠色線是 PR90,只要持股張數10張以上,黑色線是 PR99,持股張數要超過 50 張以上 。 : 這週鴻海上漲大約 25%,以近一週股數異動欄位來看…
[簡稱(name_with_context)] …me (天涯浪跡客)》之銘言: : 下圖是鴻海本周集保分布: : https://imgur.com/a/EesP11I.jpg : 綠色線是 PR90,只要持股張數10張以上,黑色線是 PR99,持股張數要超過 50 張以上 。 : 這週【鴻海】上漲大約 25%,以近一週股數異動欄位來看,股票全被 PR99 以上的人買走, : 更精確一點說,是被前千分之3的股東買走。 : 劉揚偉董事長在法說會上說鴻海是反應迅速的狐狸,若搭配本週集保異動的情形來看, : 鴻海可能變成會台股的九尾妖狐…",auto_correct,代號出現在標題（標題非排行表欄位）,,,3
mode:code,2609,陽明,M.1705068025.A.193,2024-01-12 22:00:25,情報,code,dense,False,3,[情報] 113年01月12日信用交易統計,2,True,False,True,False,陽明,998,"[代號] …85 張 2382廣達 資減 1,867 張 券增 239 張 3017奇鋐 資減 1,479 張 券增 228 張 1513中興電 資增 1,737 張 券減 17 張 【2609】陽明 資增 517 張 券增 882 張 2603長榮 資增 134 張 券增 540 張 ================================= 櫃買信用交易統計 資增 3…
[簡稱(name_with_context)] …張 2382廣達 資減 1,867 張 券增 239 張 3017奇鋐 資減 1,479 張 券增 228 張 1513中興電 資增 1,737 張 券減 17 張 2609【陽明】 資增 517 張 券增 882 張 2603長榮 資增 134 張 券增 540 張 ================================= 櫃買信用交易統計 資增 3.0…",auto_correct,代號與簡稱互相印證（兩個獨立訊號一致）,,,3
mode:code,1215,卜蜂,M.1714985129.A.EC4,2024-05-06 16:45:29,情報,code,sparse,False,1,[情報] 1215 卜蜂 112年股利 5.5,1,True,True,True,True,卜蜂,845,[代號] …[情報] 【1215】 卜蜂 112年股利 5.5 1. 標題:董事會決議股利分派 2. 來源:公開資訊觀測站 3. 網址:https://mops.twse.com.tw/mops/web/t05sr01_1 4. 內文: 1. 董事會決議日期:113…,auto_correct,代號出現在標題（標題非排行表欄位）,,,3
mode:code,2330,台積電,M.1634829843.A.8E9,2021-10-21 23:24:03,心得,code,dense,False,1,Re: [心得] 近三年定期定額常見ETF報酬率最高,2,True,False,True,False,台積電|台積,454,"[代號] …名) : 00692 15.70% 49.24% : 006208 16.22% 49.94% : 0052 33.92%(第二名) 78.93%(第二名) : 我們的台積電 : 【2330】 37.34% 95.33% 這樣看起來 有沒有那家券商 可以定期定額正二的…
[簡稱(name)] …45%(第一名) : 00692 15.70% 49.24% : 006208 16.22% 49.94% : 0052 33.92%(第二名) 78.93%(第二名) : 我們的【台積電】 : 2330 37.34% 95.33% 這樣看起來 有沒有那家券商 可以定期定額正二的…",auto_correct,代號與簡稱互相印證（兩個獨立訊號一致）,,,3
mode:code,2303,聯電,M.1719928826.A.6D0,2024-07-02 22:00:26,情報,code,dense,False,6,[情報] 113年07月02日信用交易統計,2,True,False,True,False,聯電,1239,"[代號] …1 張 ================================= 2317鴻海 資增 667 張 券增 456 張 2330台積電 資減 306 張 券減 19 張 【2303】聯電 資增 7,666 張 券增 267 張 2344華邦電 資增 3,732 張 券增 108 張 6139亞翔 資增 1,773 張 券減 106 張 4906正文 資增…
[簡稱(name_with_context)] …1 張 ================================= 2317鴻海 資增 667 張 券增 456 張 2330台積電 資減 306 張 券減 19 張 2303【聯電】 資增 7,666 張 券增 267 張 2344華邦電 資增 3,732 張 券增 108 張 6139亞翔 資增 1,773 張 券減 106 張 4906正文 資增 6,…",auto_correct,代號與簡稱互相印證（兩個獨立訊號一致）,,,3
mode:code,2330,台積電,M.1670507122.A.D39,2022-12-08 21:45:22,情報,code,dense,False,3,[情報] 111年12月08日信用交易統計,2,True,False,True,False,台積電|台積,1149,"[代號] …L期街口布蘭特正2 資增 6,073 張 券減 271 張 00680L元大美債20正2 資增 5,196 張 券增 71 張 ================================== 【2330】台積電 資減 208 張 券減 258 張 2303聯電 資增 1,737 張 券增 226 張 ================================== 3037欣興 資增 1,…
[簡稱(name)] …布蘭特正2 資增 6,073 張 券減 271 張 00680L元大美債20正2 資增 5,196 張 券增 71 張 ================================== 2330【台積電】 資減 208 張 券減 258 張 2303聯電 資增 1,737 張 券增 226 張 ================================== 3037欣興 資增 1,411…",auto_correct,代號與簡稱互相印證（兩個獨立訊號一致）,,,3
mode:code,2330,台積電,M.1665494657.A.2C3,2022-10-11 21:24:17,情報,code,dense,False,3,[情報] 111年10月11日信用交易統計,2,True,False,True,False,台積電|台積,999,"[代號] …================================== 00632R元大台灣50反1 資減 249 張 券增 4,248 張 ================================== 大哥二哥 【2330】台積電 資增 1,416 張 券增 541 張 2303聯電 資增 1,090 張 券減 1,022 張 ================================== 2409友達 資減…
[簡稱(name)] …============================== 00632R元大台灣50反1 資減 249 張 券增 4,248 張 ================================== 大哥二哥 2330【台積電】 資增 1,416 張 券增 541 張 2303聯電 資增 1,090 張 券減 1,022 張 ================================== 2409友達 資減 766…",auto_correct,代號與簡稱互相印證（兩個獨立訊號一致）,,,3
mode:code,2308,台達電,M.1687793517.A.69C,2023-06-26 23:31:57,新聞,code,sparse,False,2,[新聞] 大摩：看好五檔個股 AI伺服器比重高,2,True,False,True,False,台達電,912,"[代號] …美國超大型企業的總體伺服器需求持續減弱 ,今年下半年需求仍不確定,中國大陸本季以來雲端需求只略微改善,因此選股要更謹慎 。在亞股相關廠商中,較看好人工智慧(AI)伺服器比重較高的個股,包括鴻海(2317) 旗下的工業富聯(FII)、台達電(【2308】)、廣達(2382)、金像電(2368)及技嘉( 2376)等。 大摩發布亞太資料中心市場報告指出,今年第1季全球原廠委託設計代工(ODM)伺服器( 也稱為白牌伺服器)出貨量為119萬台(季跌5%,年跌7%),占全球伺服器出貨量300萬台…
[簡稱(name)] …旬以來,美國超大型企業的總體伺服器需求持續減弱 ,今年下半年需求仍不確定,中國大陸本季以來雲端需求只略微改善,因此選股要更謹慎 。在亞股相關廠商中,較看好人工智慧(AI)伺服器比重較高的個股,包括鴻海(2317) 旗下的工業富聯(FII)、【台達電】(2308)、廣達(2382)、金像電(2368)及技嘉( 2376)等。 大摩發布亞太資料中心市場報告指出,今年第1季全球原廠委託設計代工(ODM)伺服器( 也稱為白牌伺服器)出貨量為119萬台(季跌5%,年跌7%),占全球伺服器出貨量…",auto_correct,代號與簡稱互相印證（兩個獨立訊號一致）,,,3
mode:code,2002,中鋼,M.1629071717.A.EFE,2021-08-16 07:55:17,新聞,code,dense,False,2,[新聞] 中美祭兩大利多 鋼鐵族群沾光 7檔看旺,4,True,False,True,False,中鋼,1299,"[代號] …原文內容: 受惠於美國參議院通過1.2兆美元基建法案、美國熱軋價格創新高、大陸為了環保限產, 下半年須減產粗鋼6,000萬公噸等大利多因素助攻,歐美市場需求持續發燒, 國際鋼材供給更加吃緊,鋼價持續看漲。 受這些因素激勵,除中鋼(【2002】)9月內銷盤價重啟漲勢,每公噸漲300~500元外, 市場預期中鴻(2014)將於本周開出的9月盤價也可望順勢調漲, 受惠廠商有美亞(2020)、燁輝(2023)、盛餘(2029)、新光鋼(2031)、 大成鋼(2027)等,預期下半…
[簡稱(name_with_context)] …公噸,才能達標, 因此大陸才會透過取消熱軋、泛冷軋及不銹鋼品出口退稅,以壓抑鋼材出口, 並留在國內使用,也使其鋼材報價大幅調高。相對此舉,卻因供給面大減, 造成亞洲,甚至全球鋼材供應吃緊,鋼價獲得有力支撐。 受到國際鋼市榮景的帶動,【中鋼】上半年獲利亮眼,EPS為1.6元,且隨著股價攀升, 中鋼市值也創新高,首度擠進全球鋼廠排名第六名。 中鋼為提振市場信心與需求動能,重新啟動9月內銷盤價漲勢, 不僅有助於穩住整個鋼價,而且也有助於帶動市場買氣, 並有利於中下游鋼廠接單…
[簡稱(name_with_context)] …鋼品出口退稅,以壓抑鋼材出口, 並留在國內使用,也使其鋼材報價大幅調高。相對此舉,卻因供給面大減, 造成亞洲,甚至全球鋼材供應吃緊,鋼價獲得有力支撐。 受到國際鋼市榮景的帶動,中鋼上半年獲利亮眼,EPS為1.6元,且隨著股價攀升, 【中鋼】市值也創新高,首度擠進全球鋼廠排名第六名。 中鋼為提振市場信心與需求動能,重新啟動9月內銷盤價漲勢, 不僅有助於穩住整個鋼價,而且也有助於帶動市場買氣, 並有利於中下游鋼廠接單。 燁輝上半年接單飽滿與鋼價上漲,EPS也達1.2元,…",auto_correct,代號與簡稱互相印證（兩個獨立訊號一致）,,,3
mode:code,2610,華航,M.1690489783.A.984,2023-07-28 04:29:43,標的,code,dense,False,2,Re: [標的] 2610華航 大谷翔平炸裂 多,2,True,True,True,True,華航,646,"[代號] …Re: [標的] 【2610】華航 大谷翔平炸裂 多 ※ 引述《ayachyan (ayachyan)》之銘言: : 1. 標的:華航2610 : 2. 分類:多 : 3. 分析/正文: : 有人說現在的長榮航是之前的長榮 : 華航則是之前的陽明 : 兩年前陽明的起漲點…
[代號] …Re: [標的] 2610華航 大谷翔平炸裂 多 ※ 引述《ayachyan (ayachyan)》之銘言: : 1. 標的:華航【2610】 : 2. 分類:多 : 3. 分析/正文: : 有人說現在的長榮航是之前的長榮 : 華航則是之前的陽明 : 兩年前陽明的起漲點,差不多就是六月初 : https://i.imgur.com/dhzwepX.png : 跟兩年前大谷開始狂轟…",auto_correct,代號出現在標題（標題非排行表欄位）,,,3
mode:code,2002,中鋼,M.1619091752.A.FA7,2021-04-22 19:42:32,標的,code,dense,False,3,[標的] 2002 中鋼 2006 東和鋼鐵 多,5,True,True,True,True,中鋼,247,"[代號] …[標的] 【2002】 中鋼 2006 東和鋼鐵 多 1. 標的:2002中鋼 2006東和鋼鐵 2. 分類:多 3. 分析/正文: 老話一句 投信連日買超 今天還小跌 正是進場好時機 特別是中鋼 進可攻 退可守 最慘頂多跌回長年25 根本是小台…
[代號] …[標的] 2002 中鋼 2006 東和鋼鐵 多 1. 標的:【2002】中鋼 2006東和鋼鐵 2. 分類:多 3. 分析/正文: 老話一句 投信連日買超 今天還小跌 正是進場好時機 特別是中鋼 進可攻 退可守 最慘頂多跌回長年25 根本是小台積電 https://imgur.com/ci4Y…
[簡稱(name_with_context)] …[標的] 2002 中鋼 2006 東和鋼鐵 多 1. 標的:2002【中鋼】 2006東和鋼鐵 2. 分類:多 3. 分析/正文: 老話一句 投信連日買超 今天還小跌 正是進場好時機 特別是中鋼 進可攻 退可守 最慘頂多跌回長年25 根本是小台積電 https://imgur.com/ci4YUh…",auto_correct,代號出現在標題（標題非排行表欄位）,,,3
mode:code,2705,六福,M.1680768516.A.425,2023-04-06 16:08:36,新聞,code,sparse,False,1,[新聞] 抵制聲浪不見了！六福村連假祭出優惠爆,1,True,False,True,True,六福,956,"[代號] …3處YouBike站點較多集中在龍潭大 池等市區景點,除了做為通勤族騎乘,還有石門水庫及步道一些景點未設YouBike站點無法 串聯,浪費乘來回時間,需要推 動石門水庫、步道景點增設YouBike站點,擴大龍潭慢遊範 圍。 心得: 六福(【2705】.TW) 原本以為會被抵制 沒想到連假還是人潮滿滿 走好運?公司危機處理得宜? 有買股票的股東們可以放心了…",auto_correct,代號與簡稱互相印證（兩個獨立訊號一致）,,,3
mode:name,2330,台積電,M.1578492610.A.589,2020-01-08 22:10:10,新聞,name,dense,False,1,[新聞] 台積砍單華為 空出產能被瞬間搶光,15,False,False,True,True,台積電|台積,669,"[簡稱(name)] …[新聞] 【台積】砍單華為 空出產能被瞬間搶光 1.原文連結: ※過長無法點擊者必須縮網址 https://money.udn.com/money/story/5612/4273970 2.原文內容: 台積砍單華為 空出產能被瞬間搶光 市場盛傳,台積電遭…
[簡稱(name)] …[新聞] 台積砍單華為 空出產能被瞬間搶光 1.原文連結: ※過長無法點擊者必須縮網址 https://money.udn.com/money/story/5612/4273970 2.原文內容: 【台積】砍單華為 空出產能被瞬間搶光 市場盛傳,台積電遭華為旗下晶片設計商海思調整訂單。不過,外資圈認為是台積電自己 踩剎車,且台積電7奈米、5奈米早已呈現排隊等產能的狀況,海思空出的產能仍被蘋果、 超微、聯發科和高通搶光,全年產能仍滿載。 外資…
[簡稱(name)] …] 台積砍單華為 空出產能被瞬間搶光 1.原文連結: ※過長無法點擊者必須縮網址 https://money.udn.com/money/story/5612/4273970 2.原文內容: 台積砍單華為 空出產能被瞬間搶光 市場盛傳,【台積電】遭華為旗下晶片設計商海思調整訂單。不過,外資圈認為是台積電自己 踩剎車,且台積電7奈米、5奈米早已呈現排隊等產能的狀況,海思空出的產能仍被蘋果、 超微、聯發科和高通搶光,全年產能仍滿載。 外資近二個交易日大賣台積電逾3萬張,台積電股價昨(7…",auto_correct,三字以上簡稱出現在標題,,,3
mode:name,2330,台積電,M.1607509178.A.0C8,2020-12-09 18:19:38,請益,name,dense,False,1,[請益] 台積電的停利價格 大家設多少？,3,False,False,True,True,台積電|台積,206,"[簡稱(name)] …[請益] 【台積電】的停利價格 大家設多少? 今年三月中 我在250撿了五張台積電 現在已經翻一倍了 到525 一下就突破我的停利點 大家都知道 做股票最重要的就是堅守紀律 停損跟停利 可是當初預設的停利點已經超過了 變得不知道該怎麼停利 像煞不…
[簡稱(name)] …[請益] 台積電的停利價格 大家設多少? 今年三月中 我在250撿了五張【台積電】 現在已經翻一倍了 到525 一下就突破我的停利點 大家都知道 做股票最重要的就是堅守紀律 停損跟停利 可是當初預設的停利點已經超過了 變得不知道該怎麼停利 像煞不住的火車 往前衝 做股票應該不是說買來當遺產 而是挑個好時…
[簡稱(name)] …突破我的停利點 大家都知道 做股票最重要的就是堅守紀律 停損跟停利 可是當初預設的停利點已經超過了 變得不知道該怎麼停利 像煞不住的火車 往前衝 做股票應該不是說買來當遺產 而是挑個好時機賣出 賺取現金吧 想問問大家 大家買【台積電】的停利點 是設幾塊呢? 現在漲到這樣 根本不知道要什麼時候停利 抱上抱下也只是紙上富貴…",auto_correct,三字以上簡稱出現在標題,,,3
mode:name,2330,台積電,M.1614406767.A.DD9,2021-02-27 14:19:27,請益,name,dense,False,1,Re: [請益] 台積電這個極限殺尾盤是代表什麼？,2,False,False,True,True,台積電|台積,86,"[簡稱(name)] …Re: [請益] 【台積電】這個極限殺尾盤是代表什麼? 大家沒有想過嗎 如果台積砍到剩500塊 有1900萬張的外資財產縮水超過1.9兆 這樣是外資想要的嗎 ---- Sent from BePTT on my iPhone X…
[簡稱(name)] …Re: [請益] 台積電這個極限殺尾盤是代表什麼? 大家沒有想過嗎 如果【台積】砍到剩500塊 有1900萬張的外資財產縮水超過1.9兆 這樣是外資想要的嗎 ---- Sent from BePTT on my iPhone X…",auto_correct,三字以上簡稱出現在標題,,,3
mode:name,2330,台積電,M.1613731037.A.DB7,2021-02-19 18:37:17,新聞,name,dense,False,1,[新聞] 台積電驚現M頭？分析師：當心6字頭失守,17,False,False,True,True,台積電|台積,1434,"[簡稱(name)] …[新聞] 【台積電】驚現M頭?分析師:當心6字頭失守 原文標題: 台積電驚現M頭?分析師:當心6字頭失守 (請勿刪減原文標題) 原文連結: https://ctee.com.tw/n…
[簡稱(name)] …[新聞] 台積電驚現M頭?分析師:當心6字頭失守 原文標題: 【台積電】驚現M頭?分析師:當心6字頭失守 (請勿刪減原文標題) 原文連結: https://ctee.com.tw/news/stock/418372.html (請善用…
[簡稱(name)] …https://bit.ly/ 縮網址) 發布時間: (請以原文網頁/報紙之發布時間為準) 工商時報 數位編輯 2021.02.19 原文內容: 【台積電】釋出3奈米製程超前的好消息,但股價並不賞臉,今(19)日盤中一度重挫近2%,最低來到647元,從技術面來看,短線驚現M頭走勢疑慮。對此,分析師指出,日本福島地震加上美國德州大雪造成半導體產能嚴重缺口,但台積電股價連續兩天下跌不太尋常,短線高…",auto_correct,三字以上簡稱出現在標題,,,3
mode:name,2330,台積電,M.1591255080.A.B43,2020-06-04 15:18:00,新聞,name,dense,False,2,Re: [新聞] 中媒看中芯招股書 自剖與台積電的距離,13,False,False,True,True,台積電|台積,1210,"[簡稱(name)] …Re: [新聞] 中媒看中芯招股書 自剖與【台積電】的距離 ※ 引述《hvariables (Speculative Male)》之銘言: : https://ec.ltn.com.tw/article/breakingnews/3186895 : 中媒看中芯招股書 自剖與台積電的距離 :…
[簡稱(name)] …股書 自剖與台積電的距離 ※ 引述《hvariables (Speculative Male)》之銘言: : https://ec.ltn.com.tw/article/breakingnews/3186895 : 中媒看中芯招股書 自剖與【台積電】的距離 : 2020-06-04 11:57 : https://img.ltn.com.tw/Upload/business/page/800/2020/06/04/phpJcHQVf.jpg : 中國最大晶圓代工廠「中芯國際」(SMIC…
[簡稱(name)] …上海證交所科創板上市。 : 圖為中芯員工。 : (資料照,彭博) : 〔財經頻道/綜合報導〕 : 中國最大晶圓代工廠「中芯國際」(SMIC)將重回上海證交所科創板上市, : 中國媒體指出, : 中芯的招股說明書透露了不少關鍵訊息,更自剖包含【台積電】在內的競爭對手實力, : 最吸睛部分是與台積電之間的「距離較勁」。 : 中國媒體《新浪財經》引述自媒體《問芯Voice》報導指出, : 根據中芯公布的數據, : 平均1個先進製程(N+1)的技術開發團隊,研發人員投入約100至300人。 :…",auto_correct,三字以上簡稱出現在標題,,,3
mode:name,2330,台積電,M.1628819200.A.1BC,2021-08-13 09:46:40,請益,name,dense,False,2,[請益] 台積電也有大戶能控盤吧,8,False,False,True,True,台積電|台積,296,"[簡稱(name)] …[請益] 【台積電】也有大戶能控盤吧 今天大家能很明顯看見 整個海運只有陽明在拉, 陽明成交量還是長榮的2.5倍,非常明顯在拉陽明 而開盤三十分鐘,陽明現在成交量兩百多億 兩百多億的陽明都可以控了 開盤三十分鐘只有五十億成交量的台積電 應該更好控吧…
[簡稱(name)] …[請益] 台積電也有大戶能控盤吧 今天大家能很明顯看見 整個海運只有陽明在拉, 陽明成交量還是長榮的2.5倍,非常明顯在拉陽明 而開盤三十分鐘,陽明現在成交量兩百多億 兩百多億的陽明都可以控了 開盤三十分鐘只有五十億成交量的【台積電】 應該更好控吧,控台積就能控指數 如果主力開盤三十分鐘內都能拉得動成交量兩百億的陽明 只有四分之一成交金額的台積電應該也能影響 只是尾盤可能不能拉漲停隔日沖台積電 但是開盤三十分鐘內只有五十億應該可以影響台積電漲跌對吧 並且只要…
[簡稱(name)] …大戶能控盤吧 今天大家能很明顯看見 整個海運只有陽明在拉, 陽明成交量還是長榮的2.5倍,非常明顯在拉陽明 而開盤三十分鐘,陽明現在成交量兩百多億 兩百多億的陽明都可以控了 開盤三十分鐘只有五十億成交量的台積電 應該更好控吧,控【台積】就能控指數 如果主力開盤三十分鐘內都能拉得動成交量兩百億的陽明 只有四分之一成交金額的台積電應該也能影響 只是尾盤可能不能拉漲停隔日沖台積電 但是開盤三十分鐘內只有五十億應該可以影響台積電漲跌對吧 並且只要當天台積電成交金額量縮,…",auto_correct,三字以上簡稱出現在標題,,,3
mode:name,2330,台積電,M.1616345452.A.7D5,2021-03-22 00:50:52,新聞,name,dense,False,1,[新聞] 日媒爆 華盛頓、英特爾低估台積電技術能,22,False,False,True,True,台積電|台積,1388,"[簡稱(name)] …[新聞] 日媒爆 華盛頓、英特爾低估【台積電】技術能 原文標題:日媒爆 華盛頓、英特爾低估台積電技術能力 (請勿刪減原文標題) 原文連結:https://reurl.cc/L02g23 (請善用縮網址工具)…
[簡稱(name)] …[新聞] 日媒爆 華盛頓、英特爾低估台積電技術能 原文標題:日媒爆 華盛頓、英特爾低估【台積電】技術能力 (請勿刪減原文標題) 原文連結:https://reurl.cc/L02g23 (請善用縮網址工具) 發布時間:2021-03-21 15:35…
[簡稱(name)] …reurl.cc/L02g23 (請善用縮網址工具) 發布時間:2021-03-21 15:35 (請以原文網頁/報紙之發布時間為準) 原文內容: 「護國神山」【台積電】近期受到各國力邀設廠,日本也不例外。日媒報導,日本邀請台積電 設廠一度遭拒,卻不死心,最後台積電應允赴日設立研發公司,之所以青睞台積電原因, 除了亟欲建立自主晶片供應鏈外,日本晶片製造設備高管直言,華盛頓及英特爾都低估了 台積電及荷蘭同行A…",auto_correct,三字以上簡稱出現在標題,,,3
mode:name,2330,台積電,M.1603529432.A.C24,2020-10-24 16:50:32,新聞,name,dense,False,1,[新聞] Intel成為台積電7奈米處理器客戶：最快今,13,False,False,True,True,台積電|台積,965,"[簡稱(name)] …[新聞] Intel成為【台積電】7奈米處理器客戶:最快今 1.原文連結: https://lihi1.com/oJdDf/ptt 2.原文內容: 幾年來市場看台積電稱王的指標,就是Intel是否會成為台積電的客戶。因為Intel是目前地球上極少數從晶片設計到生產都一條…
[簡稱(name)] …[新聞] Intel成為台積電7奈米處理器客戶:最快今 1.原文連結: https://lihi1.com/oJdDf/ptt 2.原文內容: 幾年來市場看【台積電】稱王的指標,就是Intel是否會成為台積電的客戶。因為Intel是目前地球上極少數從晶片設計到生產都一條龍的公司,當然也是全球晶片公司的龍頭,當然也不會將重要的電腦處理器交給台積電代工。 但也因為如此,在AMD放棄自家的晶圓廠以後,將製造…
[簡稱(name)] …[新聞] Intel成為台積電7奈米處理器客戶:最快今 1.原文連結: https://lihi1.com/oJdDf/ptt 2.原文內容: 幾年來市場看台積電稱王的指標,就是Intel是否會成為【台積電】的客戶。因為Intel是目前地球上極少數從晶片設計到生產都一條龍的公司,當然也是全球晶片公司的龍頭,當然也不會將重要的電腦處理器交給台積電代工。 但也因為如此,在AMD放棄自家的晶圓廠以後,將製造全部委託給台積電、成為台積電的客戶後,今年…",auto_correct,三字以上簡稱出現在標題,,,3
mode:name,2330,台積電,M.1582176242.A.234,2020-02-20 13:24:02,新聞,name,dense,False,1,[新聞] 台積電據傳在自我砍單華為,7,False,False,True,True,台積電|台積,1325,"[簡稱(name)] …[新聞] 【台積電】據傳在自我砍單華為 1.原文連結: ※過長無法點擊者必須縮網址 https://tinyurl.com/yx8664ot 2.原文內容: Report: TSMC's Reducing Its Reliance on Huawei Ami…
[簡稱(name)] …者必須縮網址 https://tinyurl.com/yx8664ot 2.原文內容: Report: TSMC's Reducing Its Reliance on Huawei Amid US Government Scrutiny 【台積電】據傳自我降低對華為的依賴 Huawei might need to find a new chip supplier. DigiTimes today reported that TSMC is ""reducing its chip ca…
[簡稱(name)] …clients, ""to avoid relying too much on Huawei's orders"" due to increased U.S. government scrutiny. 華為或許得要找新的晶片供應商,因為據傳【台積電】正在減少給華為的產能來減低對 華為的依賴 DigiTimes said this has placed TSMC in a tough situation. It's ""still working closely with Huawei…",auto_correct,三字以上簡稱出現在標題,,,3
mode:name,2330,台積電,M.1649991923.A.04D,2022-04-15 11:05:23,新聞,name,dense,False,1,[新聞] 「楠梓產業園區」環評過關 台積電高雄廠,10,False,False,True,True,台積電|台積,989,"[簡稱(name)] …[新聞] 「楠梓產業園區」環評過關 【台積電】高雄廠 原文標題: 「楠梓產業園區」環評過關 台積電高雄廠六座7奈米預計6月動工 原文連結: https://bit.ly/3OdBPLF 發布時間: 2022/4/14 原文內容: 台積電高雄設廠「楠梓產業園區」開發案於4月13日通…
[簡稱(name)] …[新聞] 「楠梓產業園區」環評過關 台積電高雄廠 原文標題: 「楠梓產業園區」環評過關 【台積電】高雄廠六座7奈米預計6月動工 原文連結: https://bit.ly/3OdBPLF 發布時間: 2022/4/14 原文內容: 台積電高雄設廠「楠梓產業園區」開發案於4月13日通過環評審查,經高市府環境影響評 估審查委員會綜合審查…
[簡稱(name)] …[新聞] 「楠梓產業園區」環評過關 台積電高雄廠 原文標題: 「楠梓產業園區」環評過關 台積電高雄廠六座7奈米預計6月動工 原文連結: https://bit.ly/3OdBPLF 發布時間: 2022/4/14 原文內容: 【台積電】高雄設廠「楠梓產業園區」開發案於4月13日通過環評審查,經高市府環境影響評 估審查委員會綜合審查,無須進行第二階段環境影響評估。該園區將依產創條例規定於本 (4)月底完成園區核定程序後,5月份土地點交及廠商取得建照,預計6月份園區公共設施…",auto_correct,三字以上簡稱出現在標題,,,3
mode:name,2330,台積電,M.1722735220.A.C1D,2024-08-04 09:33:40,新聞,name,dense,False,1,Re: [新聞] 台積電跌破千元 蔡正元：灰犀牛發作 綠,2,False,False,True,True,台積電|台積,220,"[簡稱(name)] …Re: [新聞] 【台積電】跌破千元 蔡正元:灰犀牛發作 綠 ※ 引述《win8719 (win8719)》之銘言: : 他這次披露,有位綠營大戶借錢大筆買進千元台積電,已遭到斷頭,慘賠近億元!被灰犀 : 牛撞得頭破血流,真是一場綠色悲歌!他也安慰,只要沒斷頭或認賠出…
[簡稱(name)] …Re: [新聞] 台積電跌破千元 蔡正元:灰犀牛發作 綠 ※ 引述《win8719 (win8719)》之銘言: : 他這次披露,有位綠營大戶借錢大筆買進千元【台積電】,已遭到斷頭,慘賠近億元!被灰犀 : 牛撞得頭破血流,真是一場綠色悲歌!他也安慰,只要沒斷頭或認賠出場,還是要抱著希 : 望等黎明再來。 目前收盤價位是903,就算在1080時融資進場,維持比率要低於130%又補不了強制賣出的價位是843…",auto_correct,三字以上簡稱出現在標題,,,3
mode:name,2330,台積電,M.1731248753.A.D8B,2024-11-10 22:25:53,新聞,name,dense,False,1,Re: [新聞] 路透：美商務部令台積電停供中國7奈米,1,False,False,True,True,台積電|台積,109,"[簡稱(name)] …Re: [新聞] 路透:美商務部令【台積電】停供中國7奈米 各位晚安,想請問這個新聞對台股來說,應該是利空沒錯吧?代表明天台股要開始殺了嗎 ?不過這個新聞上週好像就看到了?所以其實是利空出盡? 明天早盤如果有開低就是最 低 點了嗎?謝謝大家,因為太多人喊空 喊多,搞得我好亂呀…",auto_correct,三字以上簡稱出現在標題,,,3
mode:name,2812,台中銀,M.1719053261.A.397,2024-06-22 18:47:41,新聞,name,sparse,False,1,[新聞] 豪奢掏空台中銀 王貴鋒遭求刑15年、罰5,15,False,False,True,True,台中銀,1069,"[簡稱(name)] …[新聞] 豪奢掏空【台中銀】 王貴鋒遭求刑15年、罰5 原文標題: 豪奢掏空台中銀 王貴鋒遭求刑15年、罰5億 原文連結: https://www.chinatimes.com/newspapers/20240622000410-260106?chdtv 發布…
[簡稱(name)] …[新聞] 豪奢掏空台中銀 王貴鋒遭求刑15年、罰5 原文標題: 豪奢掏空【台中銀】 王貴鋒遭求刑15年、罰5億 原文連結: https://www.chinatimes.com/newspapers/20240622000410-260106?chdtv 發布時間: 04:102024/06/22 中國時報 柯毓…
[簡稱(name)] …0622000410-260106?chdtv 發布時間: 04:102024/06/22 中國時報 柯毓庭 、新北 記者署名: 04:102024/06/22 中國時報 柯毓庭 、新北 原文內容: 台中商業銀行前負責人王貴鋒與【台中銀】行保險經紀公司董事長賴麗姿、極緻租賃公司負責 人周哲男合作,以公司名義租豪車、私人飛機、豪宅,還帶親友出國並「贊助」廣告費給 周,掏空商銀、保經11億餘元。新北地檢署21日偵查終結,依《銀行法》特別背信等罪嫌 起訴,並具體求處王貴鋒15年徒…",auto_correct,三字以上簡稱出現在標題,,,3
tier:dense,2303,聯電,M.1709873984.A.416,2024-03-08 12:59:44,標的,code,dense,False,2,[標的] 聯電 2303,8,True,True,True,True,聯電,724,"[代號] …[標的] 聯電 【2303】 標的: 2303 聯電 分類:多/空/討論/心得 短期偏多 分析/正文: 晶圓二哥聯電,雖然很多人不看好2024的營運,認為2024中國晶圓廠成熟製程全開,會嚴 重打擊二哥的營收跟獲利,以至於二哥的股價被評為缺乏未來性,不可能像…
[代號] …[標的] 聯電 2303 標的: 【2303】 聯電 分類:多/空/討論/心得 短期偏多 分析/正文: 晶圓二哥聯電,雖然很多人不看好2024的營運,認為2024中國晶圓廠成熟製程全開,會嚴 重打擊二哥的營收跟獲利,以至於二哥的股價被評為缺乏未來性,不可能像大哥2303一樣 一…
[代號] …的: 2303 聯電 分類:多/空/討論/心得 短期偏多 分析/正文: 晶圓二哥聯電,雖然很多人不看好2024的營運,認為2024中國晶圓廠成熟製程全開,會嚴 重打擊二哥的營收跟獲利,以至於二哥的股價被評為缺乏未來性,不可能像大哥【2303】一樣 一路開噴。但目前看來,聯電的股價沒有明顯下跌的趨勢,開出來頭兩個月的營收也還不 錯,目前股價也呈現上攻趨勢,因此以我這種本身資產不夠多,風險承受力沒那麼強的人 來說,聯電的股價基期比較低,風險比較小,配息也還不錯的情況下,其實是個還不…",auto_correct,代號出現在標題（標題非排行表欄位）,,,3
tier:dense,2317,鴻海,M.1652677700.A.659,2022-05-16 13:08:20,新聞,code,dense,False,1,Re: [新聞] 群創董事會 鴻海集團全撤出,1,True,False,True,True,鴻海,298,"[代號] …Re: [新聞] 群創董事會 鴻海集團全撤出 鴻海全面撤出群創董事會?鴻海回應了 2022-05-16 12:29 經濟日報 / 記者 蕭君暉 /台北即時報導 鴻海(【2317】)今(16)日發布聲明表示,有關鴻海集團面板事業的投資與經營,一直都是 以創辦人郭台銘個人為主,鴻海集團僅持有少數股權;同時,鴻海集團目標非常清楚,就 是聚焦在「3+3」新事業。 群創(3481)預計 6 月 24 日舉辦股東常會,並改選…",auto_correct,代號與簡稱互相印證（兩個獨立訊號一致）,,,3
tier:dense,2330,台積電,M.1591687628.A.580,2020-06-09 15:27:08,新聞,code,dense,False,1,[新聞] 《半導體》台積電：美政府補助是赴美設廠,13,True,False,True,True,台積電|台積,1177,"[代號] …times.com/realtimenews/20200609003408-260410?chdtv 2.原文內容: 《半導體》台積電:美政府補助是赴美設廠關鍵 美國廠會賺錢 14:492020/06/09 時報資訊 沈培華 台積電(【2330】)有意赴美國亞利桑那州設廠,董事長劉德音今日表示,目前已選定設廠廠址 ,只是還沒完全定案,美國政府補助是影響台積電赴美設廠關鍵,相關法規則待美國國會 同意。劉德音有信心,指美國廠會賺錢。 台積電於5月15日宣布,擬在美國亞利桑那州興建且營…
[簡稱(name)] …[新聞] 《半導體》【台積電】:美政府補助是赴美設廠 -------------------------------發文提醒---------------------------------- 1.發文前請先詳閱[新聞]分類發文規範,未依規範發文將受處份。 2.連結過長…
[簡稱(name)] …&一行文規範水桶處份。 1.原文連結: ※過長無法點擊者必須縮網址 https://www.chinatimes.com/realtimenews/20200609003408-260410?chdtv 2.原文內容: 《半導體》【台積電】:美政府補助是赴美設廠關鍵 美國廠會賺錢 14:492020/06/09 時報資訊 沈培華 台積電(2330)有意赴美國亞利桑那州設廠,董事長劉德音今日表示,目前已選定設廠廠址 ,只是還沒完全定案,美國政府補助是影響台積電赴美設廠關鍵,相…",auto_correct,代號與簡稱互相印證（兩個獨立訊號一致）,,,3
tier:dense,2303,聯電,M.1706271577.A.9F7,2024-01-26 20:19:37,新聞,code,dense,False,2,[新聞] 大摩：聯電攜手英特爾 長期成長具潛力,10,True,False,True,True,聯電,692,"[代號] …com.tw/article/breakingnews/4563604 發布時間:2024/01/26 10:19 記者署名:高佳菁 原文內容: 〔財經頻道/綜合報導〕摩根士丹利(Morgan Stanley,大摩)報告表示,聯電(【2303】) 與英特爾(Intel)宣佈將合作開發12奈米製程平台,為反映雙方合作帶來的長期收入成 長潛力,將聯電目標價從55元上調至60元,給予「優於大盤」。 大摩表示,這次的合作為聯電提供了額外的產能,加速他們的發展路線,並展示了公司領 先的製…
[簡稱(name_with_context)] …tn.com.tw/article/breakingnews/4563604 發布時間:2024/01/26 10:19 記者署名:高佳菁 原文內容: 〔財經頻道/綜合報導〕摩根士丹利(Morgan Stanley,大摩)報告表示,【聯電】(2303) 與英特爾(Intel)宣佈將合作開發12奈米製程平台,為反映雙方合作帶來的長期收入成 長潛力,將聯電目標價從55元上調至60元,給予「優於大盤」。 大摩表示,這次的合作為聯電提供了額外的產能,加速他們的發展路線,並展示了公司…
[簡稱(name_with_context)] …0:19 記者署名:高佳菁 原文內容: 〔財經頻道/綜合報導〕摩根士丹利(Morgan Stanley,大摩)報告表示,聯電(2303) 與英特爾(Intel)宣佈將合作開發12奈米製程平台,為反映雙方合作帶來的長期收入成 長潛力,將【聯電】目標價從55元上調至60元,給予「優於大盤」。 大摩表示,這次的合作為聯電提供了額外的產能,加速他們的發展路線,並展示了公司領 先的製程技術研發。大摩看好聯電朝向12奈米、14奈米FinFET製程發展,並認為聯電可以 成為台積電(2330…",auto_correct,代號與簡稱互相印證（兩個獨立訊號一致）,,,3
tier:dense,2317,鴻海,M.1657718778.A.F8C,2022-07-13 21:26:18,情報,code,dense,False,6,[情報] 111年07月13日信用交易統計,2,True,False,True,False,鴻海,1217,"[代號] …1,827 張 ================================== 2498宏達電 資增 1,106 張 券增 593 張 4919新唐 資增 1,274 張 券增 135 張 【2317】鴻海 資增 1,013 張 券增 58 張 5258虹堡 資減 208 張 券增 733 張 ================================== 櫃買信用交易統計 資增…
[簡稱(name_with_context)] …7 張 ================================== 2498宏達電 資增 1,106 張 券增 593 張 4919新唐 資增 1,274 張 券增 135 張 2317【鴻海】 資增 1,013 張 券增 58 張 5258虹堡 資減 208 張 券增 733 張 ================================== 櫃買信用交易統計 資增 1.…",auto_correct,代號與簡稱互相印證（兩個獨立訊號一致）,,,3
tier:dense,2330,台積電,M.1606880063.A.935,2020-12-02 11:34:23,新聞,name,dense,False,1,[新聞] 台積電為2奈米GAA加裝雙保險　新增2.5奈,16,False,False,True,True,台積電|台積,1622,"[簡稱(name)] …[新聞] 【台積電】為2奈米GAA加裝雙保險 新增2.5奈 1.原文連結: https://reurl.cc/q8Ra5g 2.原文內容: 台積電為2奈米GAA加裝雙保險 新增2.5奈米製程 三星電子(Samsung Electronics)信心滿滿,20…
[簡稱(name)] …[新聞] 台積電為2奈米GAA加裝雙保險 新增2.5奈 1.原文連結: https://reurl.cc/q8Ra5g 2.原文內容: 【台積電】為2奈米GAA加裝雙保險 新增2.5奈米製程 三星電子(Samsung Electronics)信心滿滿,2022年將進入首度採用GAA架構的3奈米世代 ,屆時將力奪先進製程技術龍頭,然據半導體設備業者透露,台積電大客戶訂單在握,未 來將…
[簡稱(name)] …5g 2.原文內容: 台積電為2奈米GAA加裝雙保險 新增2.5奈米製程 三星電子(Samsung Electronics)信心滿滿,2022年將進入首度採用GAA架構的3奈米世代 ,屆時將力奪先進製程技術龍頭,然據半導體設備業者透露,【台積電】大客戶訂單在握,未 來將不急不徐掌握5奈米以下製程推進節律。 據了解,為了替首度採用GAA架構的2奈米爭取更多時間部署,台積電計劃拉升3奈米製程 產能目標並拉長停留時程,同時延續5/7奈米家族設計,暫定會在2023年推出2.5奈米(或 稱…",auto_correct,三字以上簡稱出現在標題,,,3
tier:dense,2330,台積電,M.1593694466.A.61A,2020-07-02 20:54:26,標的,code,dense,False,1,[標的] 台積電2330請益,8,True,True,True,True,台積電|台積,286,"[代號] …[標的] 台積電【2330】請益 1. 標的:2330台積電 2. 分類:多/空/請益/心得 請益 3. 分析/正文: 魯蛇小弟根據kd技術線型來分析 台積電周kd在將死亡交叉前向上扭轉,高檔鈍化 月kd進入黃金交叉 量能變動不大而RSI向上,三大法人…
[代號] …[標的] 台積電2330請益 1. 標的:【2330】台積電 2. 分類:多/空/請益/心得 請益 3. 分析/正文: 魯蛇小弟根據kd技術線型來分析 台積電周kd在將死亡交叉前向上扭轉,高檔鈍化 月kd進入黃金交叉 量能變動不大而RSI向上,三大法人也紛紛買超 看起來是會漲.…
[簡稱(name)] …[標的] 【台積電】2330請益 1. 標的:2330台積電 2. 分類:多/空/請益/心得 請益 3. 分析/正文: 魯蛇小弟根據kd技術線型來分析 台積電周kd在將死亡交叉前向上扭轉,高檔鈍化 月kd進入黃金交叉 量能變動不大而RSI向上,…",auto_correct,代號出現在標題（標題非排行表欄位）,,,3
tier:dense,2330,台積電,M.1613037751.A.5F7,2021-02-11 18:02:31,新聞,name,dense,False,1,[新聞] 蘋果攜手台積電 micro OLED龍潭廠秘密研,7,False,False,True,True,台積電|台積,530,"[簡稱(name)] …[新聞] 蘋果攜手【台積電】 micro OLED龍潭廠秘密研 原文標題:蘋果攜手台積電 micro OLED龍潭廠秘密研發中 原文連結:https://bit.ly/3q6MF9Y 發布時間:2021/2/11 16:19 (民視新聞/徐紹芸 黃鈺淳 台北報導)…
[簡稱(name)] …[新聞] 蘋果攜手台積電 micro OLED龍潭廠秘密研 原文標題:蘋果攜手【台積電】 micro OLED龍潭廠秘密研發中 原文連結:https://bit.ly/3q6MF9Y 發布時間:2021/2/11 16:19 (民視新聞/徐紹芸 黃鈺淳 台北報導) 原文內容: 台積電與美國蘋果公司合作再添一筆,根據日經新…
[簡稱(name)] …LED龍潭廠秘密研 原文標題:蘋果攜手台積電 micro OLED龍潭廠秘密研發中 原文連結:https://bit.ly/3q6MF9Y 發布時間:2021/2/11 16:19 (民視新聞/徐紹芸 黃鈺淳 台北報導) 原文內容: 【台積電】與美國蘋果公司合作再添一筆,根據日經新聞報導,蘋果與台積電合作,將在蘋果位於台灣龍潭廠,正秘密開發Micro OLED,預計將用在AR擴增實境產品上,不只如此,據傳蘋果也已經展開徵才計畫,鎖定有操作OLED蒸鍍設備、封裝設備等經驗人才,而專…",auto_correct,三字以上簡稱出現在標題,,,3
tier:dense,2317,鴻海,M.1675666921.A.810,2023-02-06 15:02:01,標的,code,dense,False,2,Re: [標的] 2317鴻海 裕隆2201 趨勢就是多,3,True,True,True,True,鴻海,750,"[代號] …Re: [標的] 【2317】鴻海 裕隆2201 趨勢就是多 ※ 引述《morethanless (欣)》之銘言: : ※ 引述《morethanless (欣)》之銘言: : 離 : : 了 : : https://i.imgur.com/4DIPv9G.jpg :…
[簡稱(name_with_context)] …: 會跌倒十年線 預計今年九月高配息,除息後陽明會剩下29塊貼息 新手勿上當領了 高 : 配 : : 息 結果價差賠更多! : : 賣長榮高基期求面板低基期 正夯 : https://i.imgur.com/LR93rB2.jpg : 【鴻海】底部放心買入 : 裕隆漲到80$股價漲幅一倍 : 要震盪一下才會再漲上去100$ : 長榮高基期別跑去買跌回十年線再考慮 : 大約除息後貼息在殺下去有支撐再考慮 : 面板低基期 股版大神FJ也推薦十年線群創 : 買股票買在低位階 才能帳面上…
[簡稱(name_with_context)] ….jpg 面板報價有機會在3月開始反彈 已經有研調機構預估 TV面板3月率先反彈 MNT、NB也將在四月跟著反彈 陸資廠去年Q4幾乎全面虧損 面板不可能再賠錢賣了 市佔超過7成的陸資廠開始調價了 面板雙虎最差的日子快過去 【鴻海】1月營收創同期歷史新高 外資會不會認錯開始轉買為賣 100元以下的甜甜價還看得到嗎? 就繼續看下去吧!…",auto_correct,代號出現在標題（標題非排行表欄位）,,,3
tier:dense,2330,台積電,M.1589806153.A.55D,2020-05-18 20:49:13,其他,code,dense,False,2,[其他],2,True,False,True,False,台積電|台積,644,"[代號] …7U富邦VIX 資增 9,073 張 券減 2,736 張 4142國光生 資增 6,062 張 券增 2,599 張 2323中環 資增 2,819 張 3037欣興 資增 3,528 張 【2330】台積電 資增 1,314 張 ================================= 櫃買信用交易統計 資增 1.39 億 券增 2,731 張…
[簡稱(name)] …VIX 資增 9,073 張 券減 2,736 張 4142國光生 資增 6,062 張 券增 2,599 張 2323中環 資增 2,819 張 3037欣興 資增 3,528 張 2330【台積電】 資增 1,314 張 ================================= 櫃買信用交易統計 資增 1.39 億 券增 2,731 張…",auto_correct,代號與簡稱互相印證（兩個獨立訊號一致）,,,3
tier:dense,2330,台積電,M.1670391844.A.BC4,2022-12-07 13:44:04,新聞,name,dense,False,1,[新聞] 台積電擴大AZ廠投資 拜登：可能會改變半,13,False,False,True,True,台積電|台積,1286,"[簡稱(name)] …[新聞] 【台積電】擴大AZ廠投資 拜登:可能會改變半 原文標題: 台積電擴大AZ廠投資 拜登:可能會改變半導體領域遊戲規則 原文連結:https://news.cnyes.com/news/id/5029069 發布時間:2022/12/07 記者署…
[簡稱(name)] …[新聞] 台積電擴大AZ廠投資 拜登:可能會改變半 原文標題: 【台積電】擴大AZ廠投資 拜登:可能會改變半導體領域遊戲規則 原文連結:https://news.cnyes.com/news/id/5029069 發布時間:2022/12/07 記者署名:羅昀玫 原文內容: 台積電週二 (6 日) 舉行…
[簡稱(name)] …改變半 原文標題: 台積電擴大AZ廠投資 拜登:可能會改變半導體領域遊戲規則 原文連結:https://news.cnyes.com/news/id/5029069 發布時間:2022/12/07 記者署名:羅昀玫 原文內容: 【台積電】週二 (6 日) 舉行美國亞利桑那州的 5 奈米廠的「首批機台設備到廠」(First tool-in) 典禮 (上機典禮),親赴此盛會的美國總統拜登提及,台積電對該州的總投資金 額從當前的 120 億美元增加到 400 億美元,此舉可能改變…",auto_correct,三字以上簡稱出現在標題,,,3
tier:dense,2330,台積電,M.1695348959.A.715,2023-09-22 10:15:59,新聞,code,dense,False,1,[新聞] 下跌卻買爆元大台灣50正2 他曝停損停利點,2,True,False,True,False,台積電|台積,1327,"[代號] …16.67點,下跌218.08點,跌 幅1.31%。有網友趁機投資元大台灣50正2,他分享自己的停損及停利點,卻被其他人狠酸 「這什麼操作?」還有人認為他進場時機過早,直言「才剛開始跌,別急著入場」。 台股21日下跌超過200點,台積電(【2330】)開低走低,早盤以530元開出,終場收527元, 下跌8元,跌幅1.49%,創5月24日以來新低。 一名網友在PTT發文表示,他「做多」元大台灣50正2,趁機買進一張持股、股價127.5元 ,並計劃未來大盤每跌150點再買一張、台股跌破萬…
[簡稱(name)] …收16316.67點,下跌218.08點,跌 幅1.31%。有網友趁機投資元大台灣50正2,他分享自己的停損及停利點,卻被其他人狠酸 「這什麼操作?」還有人認為他進場時機過早,直言「才剛開始跌,別急著入場」。 台股21日下跌超過200點,【台積電】(2330)開低走低,早盤以530元開出,終場收527元, 下跌8元,跌幅1.49%,創5月24日以來新低。 一名網友在PTT發文表示,他「做多」元大台灣50正2,趁機買進一張持股、股價127.5元 ,並計劃未來大盤每跌150點再買一張、…",auto_correct,代號與簡稱互相印證（兩個獨立訊號一致）,,,3
tier:dense,2330,台積電,M.1728997527.A.2CE,2024-10-15 21:05:27,情報,code,dense,False,2,[情報] 113年10月15日信用交易統計,2,True,False,True,False,台積電|台積,1151,"[代號] …L元大美債20正2 資增 11,959 張 券減 41 張 00688L國泰20年美債正2 資增 10,904 張 券減 91 張 ================================= 【2330】台積電 資減 92 張 券增 100 張 2317鴻海 資增 1,190 張 券增 281 張 2382廣達 資增 1,906 張 券增 358 張 2363矽統 資增…
[簡稱(name)] …債20正2 資增 11,959 張 券減 41 張 00688L國泰20年美債正2 資增 10,904 張 券減 91 張 ================================= 2330【台積電】 資減 92 張 券增 100 張 2317鴻海 資增 1,190 張 券增 281 張 2382廣達 資增 1,906 張 券增 358 張 2363矽統 資增 2,3…",auto_correct,代號與簡稱互相印證（兩個獨立訊號一致）,,,3
tier:dense,2330,台積電,M.1727503504.A.C3F,2024-09-28 14:05:04,心得,name,dense,False,1,"Re: [心得] 下個台積電就在0050裡,所以不用買台積電~",2,False,False,True,True,台積電|台積,297,"[簡稱(name)] …Re: [心得] 下個【台積電】就在0050裡,所以不用買台積電~ 全世界的股票其價值都是由央行發行的貨幣量決定 公司本身賺多賺少只是一個基本盤,央行濫發貨幣他的本益比就是30,央行保守他的 本益比就是10。一檔一樣獲利的股票價格可以在100~300都是合理的。 中…
[簡稱(name)] …Re: [心得] 下個台積電就在0050裡,所以不用買【台積電】~ 全世界的股票其價值都是由央行發行的貨幣量決定 公司本身賺多賺少只是一個基本盤,央行濫發貨幣他的本益比就是30,央行保守他的 本益比就是10。一檔一樣獲利的股票價格可以在100~300都是合理的。 中國印鈔,股票就漲,股價只是貨幣的…",auto_correct,三字以上簡稱出現在標題,,,3
tier:dense,2603,長榮,M.1647340824.A.9E6,2022-03-15 18:40:24,情報,code,dense,False,1,Re: [情報] 2603長榮 公告本公司董事會決議現金減資,1,True,True,False,False,,335,"[代號] …Re: [情報] 【2603】長榮 公告本公司董事會決議現金減資 ※ 引述《ct78645 (小學生)》之銘言: : 減資基本上是利多好嗎, : 看一下萬海為什麼賺的最少股價卻最高, : 就是因為他是三傻裡股本最低的呀。 : 長榮減資60%之後,就表示他能賺得更少但股價…",auto_correct,代號出現在標題（標題非排行表欄位）,,,3
tier:dense,2330,台積電,M.1629865915.A.A54,2021-08-25 12:31:55,新聞,code,dense,False,2,Re: [新聞] 台積電傳明年調漲代工價格20％,22,True,False,True,True,台積電|台積,1092,"[代號] …= =)》之銘言: : 原文標題:台積電傳明年調漲代工價格20% : 原文連結:https://reurl.cc/R0pxWx : 發布時間:2021/08/25 07:54 : 原文內容: : 〔記者洪友芳/新竹報導〕晶圓代工龍頭台積電(【2330】)傳出已向聯發科(2454)等前10 : 大客戶先行溝通,明年起全面調漲晶圓代工價格,其中成熟製程調漲20% ,先進製程調漲 : 10% ,將從第1季生效,業界估這將有助台積電明年毛利率提高到53%,甚至有機會達54% : 。 : 今年晶圓…
[簡稱(name)] …Re: [新聞] 【台積電】傳明年調漲代工價格20% ※ 引述《kech9111 (= =)》之銘言: : 原文標題:台積電傳明年調漲代工價格20% : 原文連結:https://reurl.cc/R0pxWx : 發布時間:2021/08/25 07:54 : 原文…
[簡稱(name)] …Re: [新聞] 台積電傳明年調漲代工價格20% ※ 引述《kech9111 (= =)》之銘言: : 原文標題:【台積電】傳明年調漲代工價格20% : 原文連結:https://reurl.cc/R0pxWx : 發布時間:2021/08/25 07:54 : 原文內容: : 〔記者洪友芳/新竹報導〕晶圓代工龍頭台積電(2330)傳出已向聯發科(2454)等前…",auto_correct,代號與簡稱互相印證（兩個獨立訊號一致）,,,3
tier:dense,2330,台積電,M.1594737973.A.9D6,2020-07-14 22:46:13,標的,code,dense,False,1,Re: [標的] 2330 tsmc,3,True,True,True,False,台積電|台積,509,"[代號] …Re: [標的] 【2330】 tsmc ※ 引述《tsitned (忻)》之銘言: : ※ 引述《tsitned (忻)》之銘言: : : 標題: Re: [標的] 2330 tsmc : : 時間: Fri Apr 17 17:50:59 2020 : : 小妹認為…
[代號] …Re: [標的] 2330 tsmc ※ 引述《tsitned (忻)》之銘言: : ※ 引述《tsitned (忻)》之銘言: : : 標題: Re: [標的] 【2330】 tsmc : : 時間: Fri Apr 17 17:50:59 2020 : : 小妹認為GG短時間內(3個月內)還是會站上320 : 小妹後來在29X回補 並且參加了除權息 : tsmc三個月內的確是站回320 : 但是tsmc基本面…
[簡稱(name)] …續持有 是看好:未來配息達到 15塊/年 也當作手上電子基本持股 但是目前漲超過360 獲利已達到20% 而且應該是到達400後不會回來 問題在於 達成20塊/年的報酬 至少還要幾年 似乎已遠離當初設定的目標 可能未來回到3塊【台積電】時的報酬率 賣也不是 加碼也不是 280不買 300不買 320不買 現在已經350了 請問也是AMD教的板友 還會繼續加碼AMD之友 tsmc嗎? 謝謝…",auto_correct,代號出現在標題（標題非排行表欄位）,,,3
tier:dense,2330,台積電,M.1689585692.A.707,2023-07-17 17:21:32,新聞,name,dense,False,1,Re: [新聞]台積電3奈米良率出乎意料傳未達大客戶標準,7,False,False,True,True,台積電|台積,435,"[簡稱(name)] …Re: [新聞]【台積電】3奈米良率出乎意料傳未達大客戶標準 這個報導看不太懂 台積電只跟蘋果收 良品的錢 而不是標準收費? 照理來說,任何報價都考量良率,也就是含報廢品成本,財報給客戶 所以台積電到底要怎麼收錢? 有沒有高人可以說明? ※ 引述《amidh…
[簡稱(name)] …Re: [新聞]台積電3奈米良率出乎意料傳未達大客戶標準 這個報導看不太懂 【台積電】只跟蘋果收 良品的錢 而不是標準收費? 照理來說,任何報價都考量良率,也就是含報廢品成本,財報給客戶 所以台積電到底要怎麼收錢? 有沒有高人可以說明? ※ 引述《amidha (東岐明)》之銘言: : ※ 引述《payneblue…
[簡稱(name)] …Re: [新聞]台積電3奈米良率出乎意料傳未達大客戶標準 這個報導看不太懂 台積電只跟蘋果收 良品的錢 而不是標準收費? 照理來說,任何報價都考量良率,也就是含報廢品成本,財報給客戶 所以【台積電】到底要怎麼收錢? 有沒有高人可以說明? ※ 引述《amidha (東岐明)》之銘言: : ※ 引述《payneblue (OldManHall)》之銘言: : : 台積電3奈米良率出乎意料 傳未達大客戶標準 : : 4.完整新聞內文:…",auto_correct,三字以上簡稱出現在標題,,,3
tier:dense,2330,台積電,M.1617375881.A.7D9,2021-04-02 23:04:41,新聞,name,dense,False,1,[新聞] 28奈米重複下單？台積電示警 中芯卻喊產,5,False,False,True,True,台積電|台積,1886,"[簡稱(name)] …[新聞] 28奈米重複下單?【台積電】示警 中芯卻喊產 原文標題: 28奈米重複下單?台積電示警 中芯卻喊產能不足又漲價 原文連結: https://www.chinatimes.com/realtimenews/20210402003819-260410?chdtv 發布…
[簡稱(name)] …[新聞] 28奈米重複下單?台積電示警 中芯卻喊產 原文標題: 28奈米重複下單?【台積電】示警 中芯卻喊產能不足又漲價 原文連結: https://www.chinatimes.com/realtimenews/20210402003819-260410?chdtv 發布時間: 2021/4/2 原文內容: 大陸晶圓代工龍…
[簡稱(name)] …能嚴重吃緊,中芯國際在3月 已經調漲報價,目前在產線上的訂單不會調整報價,已下單而未上線訂單,無論規模或付 出帳款比例都按新價格計算,漲幅因客戶而異。8吋以及12吋晶圓漲幅有所不同。上次晶 圓報價提高幅度為15%~30% 之間。 近期包括【台積電】等晶圓代工廠都有漲價傳聞,中芯國際的消息算晚,因此在一線廠也有漲 價傳聞後,中芯國際提高報價大部分客戶都能接受。先前有不少大陸半導體廠商已經先漲 價一波,雖然台積電董事長劉德音近日指出,半導體有出現重複下單的情況,成熟製程包 括像是28奈米…",auto_correct,三字以上簡稱出現在標題,,,3
tier:dense,2609,陽明,M.1626950125.A.DAD,2021-07-22 18:35:25,情報,code,dense,False,3,[情報] 交易量前100券商買超,1,True,False,True,False,陽明,626,"[代號] …3,163 2.64% 0.06% 3006 晶豪科 196.5 79,912 10,307 -0.07% 2.18% 5880 合庫金 21.9 18,234 10,038 0.08% 0% 【2609】 陽明 140.5 458,906 9,480 -0.86% 0% 3545 敦泰 246.0 47,096 9,459 0.16% 0.97%…",auto_correct,代號與簡稱互相印證（兩個獨立訊號一致）,,,3
tier:dense,2317,鴻海,M.1718287118.A.F9D,2024-06-13 21:58:38,情報,code,dense,False,6,[情報] 113年06月13日信用交易統計,2,True,False,True,False,鴻海,1322,"[代號] …L元大美債20正2 資減 11,427 張 券增 692 張 00688L國泰20年美債正2 資減 13,959 張 券增 8 張 ================================= 【2317】鴻海 資減 4,273 張 券增 47 張 2330台積電 資減 465 張 券增 74 張 2615萬海 資增 1,172 張 券增 1,578 張 2609陽明 資增…
[簡稱(name_with_context)] …債20正2 資減 11,427 張 券增 692 張 00688L國泰20年美債正2 資減 13,959 張 券增 8 張 ================================= 2317【鴻海】 資減 4,273 張 券增 47 張 2330台積電 資減 465 張 券增 74 張 2615萬海 資增 1,172 張 券增 1,578 張 2609陽明 資增 1,…",auto_correct,代號與簡稱互相印證（兩個獨立訊號一致）,,,3
tier:silent,1517,利奇,M.1670898013.A.5F1,2022-12-13 10:20:13,新聞,code,silent,False,4,[新聞] 巨大延票爆恐慌賣壓 自行車族群集體落鏈,1,True,False,True,False,利奇,469,"[代號] …盤,巨大隨即出現恐慌性賣壓、一度爆量打入跌停202元,不 到半小時、成交量已破3,000張! 巨大跌停也拖累了整個自行車族群、股價一片慘綠,如美利達(9914)差一檔跌停板、最 低跌到171元;愛地雅(8933)、日馳(1526)、利奇(【1517】)、桂盟(5306)等跌幅均 逾5%! 不過,在投資人紛紛搶進接盤下,目前巨大、美利達的股價都已慢慢回升,跌幅收斂到7 ~8%! 心得/評論: 慘業雪崩 老大跌了小弟們一起下去 慘啊 還好接盤俠們來了 但還是慘跌 1家台積電…",auto_correct,代號與簡稱互相印證（兩個獨立訊號一致）,,,3
tier:silent,2762,世界健身-KY,M.1724754178.A.148,2024-08-27 18:22:58,情報,code,silent,False,1,[情報] 2762世界健身-KY H1/Q2 EPS 2.07/1.21,1,True,True,True,True,世界健身|世界健身-KY,663,[代號] …[情報] 【2762】世界健身-KY H1/Q2 EPS 2.07/1.21 標題:公告本公司董事會通過113年第二季合併財務報告 來源:公開資訊觀測站 網址:https://mops.twse.com.tw/mops/web/t05sr01_1 內文:…,auto_correct,代號出現在標題（標題非排行表欄位）,,,3
tier:silent,7722,LINEPAY,M.1706250626.A.914,2024-01-26 14:30:26,標的,code,silent,False,1,[標的] 7722.LINE PAY 有人賺到嗎,2,True,True,True,False,LINEPAY,159,"[代號] …[標的] 【7722】.LINE PAY 有人賺到嗎 1. 標的:7722 LINEPAY 2. 分類:討論 3. 分析/正文: 今天上市 看新聞說狂飆100% 目前為止怎沒看到什麼分享損益 有人開盤不小心手抖買到一張 發現沒辦法當沖 結果不小心撿到20…
[代號] …[標的] 7722.LINE PAY 有人賺到嗎 1. 標的:【7722】 LINEPAY 2. 分類:討論 3. 分析/正文: 今天上市 看新聞說狂飆100% 目前為止怎沒看到什麼分享損益 有人開盤不小心手抖買到一張 發現沒辦法當沖 結果不小心撿到20萬的嗎? 低買高賣 股票賺錢好簡單 LINE下禮…",auto_correct,代號出現在標題（標題非排行表欄位）,,,3
tier:silent,2471,資通,M.1676381973.A.C72,2023-02-14 21:39:33,情報,code,silent,False,6,[情報] 112年02月14日信用交易統計,1,True,False,True,False,資通,985,"[代號] …2330台積電 資增 237 張 券增 14 張 2303聯電 資減 1,301 張(融資連減20日) 券增 289 張 ================================== 【2471】資通 資增 1,033 張 券增 101 張 2453凌群 資增 345 張 券減 109 張 2610華航 資減 3,550 張 券增 568 張 2603長榮 資減…",auto_correct,代號與簡稱互相印證（兩個獨立訊號一致）,,,3
tier:silent,2390,云辰,M.1622512387.A.486,2021-06-01 09:53:07,新聞,code,silent,False,1,[新聞] 高端續跌停鎖死 逾1.4萬張賣單排隊等著賣,1,True,False,True,False,云辰,475,"[代號] …6 發布時間:2021-06-01 09:30 原文內容: 高端疫苗(6547)今(1)日以315.5元開出,拉出第2根跌停,早盤成交量1,054張,市價及 跌停賣單超過1.48萬張,排隊等著要賣,基亞(3176)早盤一度跌停,云辰(【2390】)也重 挫。 高端股價也從農曆年後全面大漲,從2月5日農曆年前的收盤價148.5元,一路漲到5月17日 的417元最高價;雖然中央流行疫情指揮中心宣布,已與高端疫苗、聯亞生技簽署採購協 議,將分別採購500萬劑新冠肺炎疫苗,但股價卻在昨日…",auto_correct,代號與簡稱互相印證（兩個獨立訊號一致）,,,3
tier:silent,1733,五鼎,M.1728433734.A.EF0,2024-10-09 08:28:54,情報,code,silent,False,1,[情報] 1733 五鼎 9月營收,2,True,True,True,True,五鼎,325,"[代號] …[情報] 【1733】 五鼎 9月營收 標題:月營業收入 來源:公開資訊觀測站 網址:https://mops.twse.com.tw/mops/web/t05st10_ifrs 內文: 項目 營業收入淨額 本月…
[簡稱(name_with_context)] …[情報] 1733 【五鼎】 9月營收 標題:月營業收入 來源:公開資訊觀測站 網址:https://mops.twse.com.tw/mops/web/t05st10_ifrs 內文: 項目 營業收入淨額 本月 18…",auto_correct,代號出現在標題（標題非排行表欄位）,,,3
tier:silent,1615,大山,M.1620201269.A.087,2021-05-05 15:54:29,其他,code,silent,False,1,[其他] 大山 110年4月營收8.85億、年增186.05%,1,True,False,True,True,大山,578,"[代號] …[其他] 大山 110年4月營收8.85億、年增186.05% 大山 109年綜合損益表,每股盈餘2.67元 大山(【1615】)4月營收資料(單位千元) 當月 本年累計 營收 885,445 1,672,342 去年同期 309,542 866,319 增減…",auto_correct,代號與簡稱互相印證（兩個獨立訊號一致）,,,3
tier:silent,1517,利奇,M.1616662927.A.605,2021-03-25 17:02:07,請益,code,silent,False,1,[請益] 日盛-文化新一代隔日沖券商？,1,True,False,True,False,利奇,80,[代號] …[請益] 日盛-文化新一代隔日沖券商? 最近在觀察一些股票 發現日盛-文化這個分點 最近好幾次前一日大買隔日大賣 例如這兩天就和凱基-松山聯手隔日沖【1517】利奇 請問這個是新一代的隔日沖分點嗎…,auto_correct,代號與簡稱互相印證（兩個獨立訊號一致）,,,3
tier:silent,2414,精技,M.1648005134.A.561,2022-03-23 11:12:14,情報,code,silent,False,1,[情報] 2414 精技 股利開獎,2,True,True,True,True,精技,142,"[代號] …[情報] 【2414】 精技 股利開獎 1. 標題:2414 精技股利分派 2.8 2. 來源:公開資訊站 3. 網址:https://imgur.com/BSRCm9O 4. 心得: 全年度EPS 3.41 股利 2.8 配息率 82.1% 換算殖…
[代號] …[情報] 2414 精技 股利開獎 1. 標題:【2414】 精技股利分派 2.8 2. 來源:公開資訊站 3. 網址:https://imgur.com/BSRCm9O 4. 心得: 全年度EPS 3.41 股利 2.8 配息率 82.1% 換算殖利率 2.8/37=7.56% 1-…",auto_correct,代號出現在標題（標題非排行表欄位）,,,3
tier:silent,3557,嘉威,M.1597811308.A.B16,2020-08-19 12:28:28,標的,code,silent,False,1,Re: [標的] 嘉威 3557 多,3,True,True,True,True,嘉威,58,"[代號] …Re: [標的] 嘉威 【3557】 多 : 停損:75 嘉威今日盤中已經跌破 75 目前已經出場 若是被洗掉 只能認命~ : 目標價:90~100 看狀況…
[簡稱(name_with_context)] …Re: [標的] 【嘉威】 3557 多 : 停損:75 嘉威今日盤中已經跌破 75 目前已經出場 若是被洗掉 只能認命~ : 目標價:90~100 看狀況…
[簡稱(name_with_context)] …Re: [標的] 嘉威 3557 多 : 停損:75 【嘉威】今日盤中已經跌破 75 目前已經出場 若是被洗掉 只能認命~ : 目標價:90~100 看狀況…",auto_correct,代號出現在標題（標題非排行表欄位）,,,3
tier:silent,2107,厚生,M.1718619107.A.35F,2024-06-17 18:11:47,情報,code,silent,False,1,"[情報] 2107厚生 處分長榮航共8,500張",2,True,True,True,True,厚生,957,"[代號] …[情報] 【2107】厚生 處分長榮航共8,500張 標題:公告本公司一年內累積處分有價證券達三億元 來源:公開資訊觀測站 網址:https://mops.twse.com.tw/mops/web/t05sr01_1 內文: 前情提要 #1cK6NxDF…
[簡稱(name_with_context)] …[情報] 2107【厚生】 處分長榮航共8,500張 標題:公告本公司一年內累積處分有價證券達三億元 來源:公開資訊觀測站 網址:https://mops.twse.com.tw/mops/web/t05sr01_1 內文: 前情提要 #1cK6NxDF (…",auto_correct,代號出現在標題（標題非排行表欄位）,,,3
tier:silent,2468,華經,M.1675254046.A.726,2023-02-01 20:20:46,標的,code,silent,False,1,Re: [標的] 2468華經,2,True,True,True,True,華經,352,"[代號] …Re: [標的] 【2468】華經 ※ 引述《informatics (大寶)》之銘言: : 1. 標的:2468華經 : 2. 分類:多 : 3. 分析/正文: : 公司長期穩定獲利 : 12月營收增加,加上近期當沖旺盛 : 三不五十有賺標借費的機會 : 可以長期持有…
[代號] …Re: [標的] 2468華經 ※ 引述《informatics (大寶)》之銘言: : 1. 標的:【2468】華經 : 2. 分類:多 : 3. 分析/正文: : 公司長期穩定獲利 : 12月營收增加,加上近期當沖旺盛 : 三不五十有賺標借費的機會 : 可以長期持有,標借賺起來! : https://i.imgur.com/doFBj6O.jpg…",auto_correct,代號出現在標題（標題非排行表欄位）,,,3
tier:silent,2390,云辰,M.1713714491.A.2A5,2024-04-21 23:48:11,標的,code,silent,False,1,[標的] 2390.TW 云辰 今年轉身多,2,True,True,True,True,云辰,580,"[代號] …[標的] 【2390】.TW 云辰 今年轉身多 ------------------------------------------------------------------------- 1.發標的文未充實內文,多空理由不充實者,板規1-1-5或4-4處…
[代號] ….進退場機制若非長期投資,請輸入停損價,否則依板規1-1-6處份 3.請依格式輸入內容,未依格式者板規1-1-2砍文處份。 標題請使用以下格式:股號.市場碼+股名+分類 (市場碼:TW US HK CN JP KR...) 標的:【2390】.TE 云辰 分類:多 (請選擇並刪除無關分類) 分析/正文: 1.前三個月營收累計增加 2.轉投資子公司華辰保全有不錯的表現,今年本業安控方面有望發酵,依照去年法說,今年 成長20到30% 3.另一個底下轉投資統創建設的統創緻…",auto_correct,代號出現在標題（標題非排行表欄位）,,,3
tier:silent,2712,遠雄來,M.1590575945.A.13A,2020-05-27 18:39:05,新聞,code,silent,False,4,[新聞] 阿中部長「樂活防疫」行銷台灣 謝金河讚,2,True,False,True,False,遠雄來,989,"[代號] …可待」,為積極搶進國旅市場,已規劃相關行銷 專案,包括親子訂房促銷和採果體驗券等,觀光股近期股價也大反攻,雄獅盤中更收復 80 元整數關卡,寫 4 個月來新高。 昨日盤中多檔觀光股再度攻上漲停板,包括夏都 (2722-TW)、遠雄來 (【2712】-TW)、鳳凰 (5706-TW)、五福(2745-TW) 和華園 (2702-TW) 等,雲品 (2748-TW) 也逼近漲停,六福 (2705-TW) 和高野 2736-TW) 漲半根停板。…
[簡稱(name)] …場復甦指日可待」,為積極搶進國旅市場,已規劃相關行銷 專案,包括親子訂房促銷和採果體驗券等,觀光股近期股價也大反攻,雄獅盤中更收復 80 元整數關卡,寫 4 個月來新高。 昨日盤中多檔觀光股再度攻上漲停板,包括夏都 (2722-TW)、【遠雄來】 (2712-TW)、鳳凰 (5706-TW)、五福(2745-TW) 和華園 (2702-TW) 等,雲品 (2748-TW) 也逼近漲停,六福 (2705-TW) 和高野 2736-TW) 漲半根停板。…",auto_correct,代號與簡稱互相印證（兩個獨立訊號一致）,,,3
tier:silent,2908,特力,M.1658023823.A.8EF,2022-07-17 10:10:23,新聞,code,silent,False,1,[新聞] 《百貨股》特力屋宜蘭展店 特力衝刺雙通,1,True,False,True,True,特力,779,"[代號] …0973-260410?chdtv 發布時間: 09:482022/07/17 記者署名: 時報資訊 張漢綺 原文內容: 《百貨股》特力屋宜蘭展店 特力衝刺雙通路 09:48 2022/07/17 時報資訊 張漢綺 特力集團(【2908】)旗下特力屋「宜蘭宜興店」正式開幕,隨著中秋節活動檔期推出,特力集 團期望吸引更多台灣零售實體通路客人回流,同時也帶動線上銷售通路業績,讓雙通路之 銷售力道持續穩定成長。 在生活型態改變下,消費者偏好就近購物,為近距離服務顧客,近年來積極…",auto_correct,代號與簡稱互相印證（兩個獨立訊號一致）,,,3
tier:silent,4994,傳奇,M.1609329478.A.BCC,2020-12-30 19:57:58,新聞,code,silent,False,1,[新聞] 卡位寒假概念股 遊戲族群全線大漲,1,True,False,True,False,傳奇,924,"[代號] …題材的中小型股也表現活跳跳,其中,遊戲股每年寒 暑假都有題材,隨著元旦、春節假期將至,加上國際疫情仍嚴峻,遊戲業者摩拳擦掌, 希望再帶動一波營運成長動能,除鈊象亮燈漲停外,網龍、歐買尬、宇峻、 昱泉 (6169-TW)、辣椒、華義、傳奇 (【4994】-TW) 盤中也都攻上漲停價,橘子 (6180-TW) 、智冠 (5478-TW)、大宇資 (6111-TW) 及隆中 (6542-TW) 等,漲勢也相當強勁。 3.心得/評論: 宅經濟概念股起飛 名牌都出現了 橘子還沒過氣,歐硬了吧…",auto_correct,代號與簡稱互相印證（兩個獨立訊號一致）,,,3
tier:silent,1806,冠軍,M.1588514685.A.6B8,2020-05-03 22:04:45,新聞,code,silent,False,1,[新聞] ITC裁定 中國出口美瓷磚將收高額雙反關稅,1,True,False,True,False,冠軍,695,"[代號] …將於2020年3月23日或之前公布最終裁定結果。 美國商務部的數據顯示,2018年從中國進口的瓷磚價值約為4.813億美元。 3.心得/評論: ※必需填寫滿20字 中國出口瓷磚被課關稅 競爭力下降 台灣瓷磚業有機會搶得市佔嗎? 冠軍 (【1806】)有機會受益? --…",auto_correct,代號與簡稱互相印證（兩個獨立訊號一致）,,,3
tier:silent,4536,拓凱,M.1687264227.A.CBC,2023-06-20 20:30:27,新聞,code,silent,False,1,[新聞] 拓凱前五月營收旺 20日法說會說明營運展,8,True,False,True,True,拓凱,664,"[代號] …五月營收旺 20日法說會說明營運展望 原文連結: https://ppt.cc/fbfWkx 發布時間: 2023/06/20 11:56 記者署名: 工商即時 沈美幸 原文內容: 【時報-台北電】碳纖維複合材料廠拓凱實業(【4536】),5月及前五月營收雙雙改寫史上新 高,20日下午參加華南永昌證券主辦線上法說會,將說明第二季營運現況及今年展望。 拓凱5月合併營收8.89億元,年成長11.87%;前五月合併營收44.86億元,年增幅19.27% ,改寫同期歷史新高。拓…
[簡稱(name_with_context)] …[新聞] 【拓凱】前五月營收旺 20日法說會說明營運展 原文標題: 拓凱前五月營收旺 20日法說會說明營運展望 原文連結: https://ppt.cc/fbfWkx 發布時間: 2023/06/20 11:56 記者署名: 工商即時 沈美幸…
[簡稱(name_with_context)] …[新聞] 拓凱前五月營收旺 20日法說會說明營運展 原文標題: 【拓凱】前五月營收旺 20日法說會說明營運展望 原文連結: https://ppt.cc/fbfWkx 發布時間: 2023/06/20 11:56 記者署名: 工商即時 沈美幸 原文內容: 【時報-台北電】碳纖維複合材料廠拓凱實業…",auto_correct,代號與簡稱互相印證（兩個獨立訊號一致）,,,3
tier:silent,1103,嘉泥,M.1635934525.A.C6A,2021-11-03 18:15:25,心得,code,silent,False,3,[心得] 1103 分點重壓股,1,True,True,False,False,,649,"[代號] …[心得] 【1103】 分點重壓股 分點重壓股 資料來源 https://reurl.cc/kL9j13 最新日期:2021年11月03日 個股買超第一名且買超佔比在20%以上的券商分點,共38檔符合 股號 名稱 收盤價 成交張 券商名稱…",auto_correct,代號出現在標題（標題非排行表欄位）,,,3
tier:silent,4994,傳奇,M.1688643243.A.678,2023-07-06 19:34:03,情報,code,silent,False,1,[情報] 4994 傳奇 6月自結,1,True,True,True,True,傳奇,650,[代號] …[情報] 【4994】 傳奇 6月自結 1.事實發生日:112/07/06 2.公司名稱:傳奇網路遊戲股份有限公司 3.與公司關係(請輸入本公司或子公司):本公司 5.發生緣由:公告本公司112年6月份合併自結損益 合併自結損益 ---------------…,auto_correct,代號出現在標題（標題非排行表欄位）,,,3
tier:silent,3130,一零四,M.1667300867.A.332,2022-11-01 19:07:47,情報,code,silent,False,1,[情報] 3130 一零四 111年第三季合併財務報告,2,True,True,True,True,一零四,644,"[代號] …[情報] 【3130】 一零四 111年第三季合併財務報告 1. 標題:3130 一零四 公告本公司董事會決議通過111年第三季合併財務報告 2. 來源: 公開資訊網 3. 網址:https://mops.twse.com.tw/mops…
[代號] …[情報] 3130 一零四 111年第三季合併財務報告 1. 標題:【3130】 一零四 公告本公司董事會決議通過111年第三季合併財務報告 2. 來源: 公開資訊網 3. 網址:https://mops.twse.com.tw/mops/web/t05sr01_1 4. 內文: 說明 1.…",auto_correct,代號出現在標題（標題非排行表欄位）,,,3
tier:silent,2702,華園,M.1590575945.A.13A,2020-05-27 18:39:05,新聞,code,silent,False,4,[新聞] 阿中部長「樂活防疫」行銷台灣 謝金河讚,2,True,False,True,False,華園,989,"[代號] …等,觀光股近期股價也大反攻,雄獅盤中更收復 80 元整數關卡,寫 4 個月來新高。 昨日盤中多檔觀光股再度攻上漲停板,包括夏都 (2722-TW)、遠雄來 (2712-TW)、鳳凰 (5706-TW)、五福(2745-TW) 和華園 (【2702】-TW) 等,雲品 (2748-TW) 也逼近漲停,六福 (2705-TW) 和高野 2736-TW) 漲半根停板。…
[簡稱(name_with_context)] …果體驗券等,觀光股近期股價也大反攻,雄獅盤中更收復 80 元整數關卡,寫 4 個月來新高。 昨日盤中多檔觀光股再度攻上漲停板,包括夏都 (2722-TW)、遠雄來 (2712-TW)、鳳凰 (5706-TW)、五福(2745-TW) 和【華園】 (2702-TW) 等,雲品 (2748-TW) 也逼近漲停,六福 (2705-TW) 和高野 2736-TW) 漲半根停板。…",auto_correct,代號與簡稱互相印證（兩個獨立訊號一致）,,,3
tier:silent,9924,福興,M.1698993829.A.01B,2023-11-03 14:43:49,情報,code,silent,False,1,[情報] 9924 福興 112年 Q3 2.14,2,True,True,True,True,福興,640,"[代號] …[情報] 【9924】 福興 112年 Q3 2.14 1. 標題:9924 福興 112年 Q3 2.14 2. 來源:公開資訊觀測站 3. 網址:https://mops.twse.com.tw/mops/web/t05sr01_1 4. 內文: 1…
[代號] …[情報] 9924 福興 112年 Q3 2.14 1. 標題:【9924】 福興 112年 Q3 2.14 2. 來源:公開資訊觀測站 3. 網址:https://mops.twse.com.tw/mops/web/t05sr01_1 4. 內文: 1.提報董事會或經董事會決議日期:112/11/03…",auto_correct,代號出現在標題（標題非排行表欄位）,,,3
tier:silent,1615,大山,M.1715011607.A.BF3,2024-05-07 00:06:47,情報,code,silent,False,1,[情報]1615  大山 112年股利分配,2,True,True,True,True,大山,483,"[代號] …[情報]【1615】 大山 112年股利分配 1. 標題:1615 大山112年股利分配 2. 來源:公開資訊觀測站 3. 網址:https://mops.twse.com.tw/mops/web/t146sb05 4. 內文: 1. 現金股利經董…
[代號] …[情報]1615 大山 112年股利分配 1. 標題:【1615】 大山112年股利分配 2. 來源:公開資訊觀測站 3. 網址:https://mops.twse.com.tw/mops/web/t146sb05 4. 內文: 1. 現金股利經董事會決議、增資配股經董事會擬議日期:113/05…",auto_correct,代號出現在標題（標題非排行表欄位）,,,3
tier:silent,2010,春源,M.1632402996.A.899,2021-09-23 21:16:36,新聞,code,silent,False,4,[新聞] 莫急莫慌莫怕，恆大對台鋼鐵業影響有限,1,True,False,True,False,春源,2309,"[代號] …鴻(2014)也表示,因主要原物料扁鋼胚的報價與煤、鐵礦砂價格連動,兩者加減 之下,成本壓力確實有稍微減輕,再加上產品售價有望恢復漲勢,看好後續利差略微回升 ,有助營收、毛利表現。其餘鋼廠如燁輝、盛餘(2029)、新光鋼(2031)、春源(【2010】)、美 亞(2020)等廠,因報價與中鋼盤價高度相關,也均是鋼價走揚受惠股。 心得/評論: ※必需填寫滿20字 今天非常弱勢的族群 一堆鋼鐵昨天破底 今天連彈都彈不起來 鋼門還有救…",auto_correct,代號與簡稱互相印證（兩個獨立訊號一致）,,,3
tier:silent,2302,麗正,M.1616168631.A.D71,2021-03-19 23:43:51,標的,code,silent,False,1,[標的] 麗正 2302,7,True,True,True,True,麗正,1777,"[代號] …[標的] 麗正 【2302】 1. 標的:麗正 2302 2. 分類:多 3. 分析/正文: * 本週收盤價 21.1 元,如果下週收盤價 23.9,則五週線和十週線黃金交叉 * 若下週可以挑戰 23 元,則週 KD 值黃金交叉 目前市場上碩果僅存週 KD 值…
[代號] …[標的] 麗正 2302 1. 標的:麗正 【2302】 2. 分類:多 3. 分析/正文: * 本週收盤價 21.1 元,如果下週收盤價 23.9,則五週線和十週線黃金交叉 * 若下週可以挑戰 23 元,則週 KD 值黃金交叉 目前市場上碩果僅存週 KD 值有機會低檔黃金交叉的股票,可…
[簡稱(name_with_context)] …前市場上碩果僅存週 KD 值有機會低檔黃金交叉的股票,可作為底部做多訊號 3/29 開始應該很有可能起漲 (平常無聊可以篩選一下週/月 KD 值黃金交叉的股票慢慢研究) https://imgur.com/DudZYvM * 【公告】【麗正】 2021年 2月合併營收 4278.4 萬元,年增 56.05% 【公告】麗正 2021年 1月合併營收 6235.7 萬元,年增 68.42% 【公告】麗正 2020年12月合併營收 9010.8 萬元,年增 109.68% 【公告…",auto_correct,代號出現在標題（標題非排行表欄位）,,,3
tier:silent,9911,櫻花,M.1656227020.A.D61,2022-06-26 15:03:40,標的,code,silent,False,2,[標的] 冷門：花仙子、凱撒衛、永記、崇友、櫻花,2,True,False,True,True,櫻花,2216,"[代號] …[標的] 冷門:花仙子、凱撒衛、永記、崇友、櫻花 1. 標的:花仙子1730、凱撒衛1817、永記1726、崇友4506、櫻花【9911】 2. 分類:討論 3. 分析/正文: 最近股價起起伏伏像在洗三溫暖,科技成長類股也跌成屎,價值投資好像又慢慢回來,前 幾年站在風口上的木頭姐現在也...說明了股神只能有一個就是巴菲特 在消息起起伏伏的時候,想分享一些低調冷門的定存…
[代號] …電梯股,也是阿格力概念股,台灣電梯扛霸子,受惠於房市與新大樓建案,電梯興建為不 可或缺的設施,且更重要的是電梯需要定期維護的費用成為公司源源不斷的現金流 看起來是低調的穩定成長股,最大缺點就是目前股價略高,沒有便宜可撿。 (5)櫻花 【9911】 a.基本面 股價:61.2,去年年初升上一段後,股價就起伏不大,呈現持平的樣貌 本益比:13.11 五年本益比位階:中間 股價淨值比:2.34 五年股價淨值比:偏低 營收:連續9個月正成長,近12個月年增率…",auto_correct,代號與簡稱互相印證（兩個獨立訊號一致）,,,3
tier:silent,9918,欣天然,M.1678707779.A.C0E,2023-03-13 19:42:59,情報,code,silent,False,1,[情報] 9918 欣天然  股利1元,2,True,True,True,True,欣天然,503,"[代號] …[情報] 【9918】 欣天然 股利1元 1. 標題:董事會決議發放股利 2. 來源:公開資訊觀測站 (公司名、網站名) 3. 網址: (請善用縮網址工具)…
[簡稱(name)] …[情報] 9918 【欣天然】 股利1元 1. 標題:董事會決議發放股利 2. 來源:公開資訊觀測站 (公司名、網站名) 3. 網址: (請善用縮網址工具)…",auto_correct,代號出現在標題（標題非排行表欄位）,,,3
tier:silent,2010,春源,M.1626268692.A.1EE,2021-07-14 21:18:12,新聞,code,silent,False,2,[新聞] 中鋼明開8月盤價 體恤下游平盤呼聲高,1,True,False,True,False,春源,805,"[代號] …開平盤可能性極高」,小漲機會較低,主要是下游不斷喊話,身為 龍頭的中鋼必須穩定國內市場,但中鋼也不全然是犧牲自己利益,第3季穩盤後,10月起 第4季旺季才有空間調漲,並支撐中鋼獲利。 近期鋼鐵族群受傳產走弱拖累,中鋼今收35.9元,春源(【2010】)、允強(2034)、盛餘( 2029)、新光鋼(2031)等跌幅有4到6%,業界均認為,鋼鐵股是漲多拉回修正,中長期 前景來看,因需求仍在,且各國政策並未改變,基本面依舊樂觀。 心得/評論:…",auto_correct,代號與簡稱互相印證（兩個獨立訊號一致）,,,3
tier:sparse,1712,興農,M.1677225544.A.760,2023-02-24 15:59:04,情報,code,sparse,False,1,[情報] 1712興農股息公布,2,True,True,True,True,興農,441,"[代號] …[情報] 【1712】興農股息公布 1.董事會、股東會決議或公司決定日期:112/02/24 2.除權、息類別(請填入「除權」、「除息」或「除權息」):除息 3.發放股利種類及金額: 現金股利總額新台幣1,177,379,238元,每股發放新台幣2.8元(計算至…
[簡稱(name_with_context)] …[情報] 1712【興農】股息公布 1.董事會、股東會決議或公司決定日期:112/02/24 2.除權、息類別(請填入「除權」、「除息」或「除權息」):除息 3.發放股利種類及金額: 現金股利總額新台幣1,177,379,238元,每股發放新台幣2.8元(計算至元為…",auto_correct,代號出現在標題（標題非排行表欄位）,,,3
tier:sparse,1711,永光,M.1711956378.A.9F8,2024-04-01 15:26:18,新聞,code,sparse,False,4,[新聞] 熱門概念股》特用化學品,5,True,False,True,False,永光,2339,"[代號] …,刺激先進製程市場,半導體景氣有望逐步復甦,各廠積極佈局 。而在先進製程上,對於電子級化學品的純度要求提升,過去高度仰賴歐、日廠商,疫情 後面臨供應不穩,使得供應在地化成為趨勢,國內相關特用化學廠因此都將直接受惠。 相關個股 1.永光(【1711】)收盤價19.8元 週漲幅1.54% 永光切入高階材料應用漸收成效,MiniLED光阻劑已穩定出貨國內LED領導廠商,未來有機 會進軍中國、南韓市場;此外,IC光阻產品也持續驗證、測試中。永光的電子化學品中, 光電產品營收佔比約4成、半導…
[簡稱(name_with_context)] …算需求,刺激先進製程市場,半導體景氣有望逐步復甦,各廠積極佈局 。而在先進製程上,對於電子級化學品的純度要求提升,過去高度仰賴歐、日廠商,疫情 後面臨供應不穩,使得供應在地化成為趨勢,國內相關特用化學廠因此都將直接受惠。 相關個股 1.【永光】(1711)收盤價19.8元 週漲幅1.54% 永光切入高階材料應用漸收成效,MiniLED光阻劑已穩定出貨國內LED領導廠商,未來有機 會進軍中國、南韓市場;此外,IC光阻產品也持續驗證、測試中。永光的電子化學品中, 光電產品營收佔比約…
[簡稱(name_with_context)] …積極佈局 。而在先進製程上,對於電子級化學品的純度要求提升,過去高度仰賴歐、日廠商,疫情 後面臨供應不穩,使得供應在地化成為趨勢,國內相關特用化學廠因此都將直接受惠。 相關個股 1.永光(1711)收盤價19.8元 週漲幅1.54% 【永光】切入高階材料應用漸收成效,MiniLED光阻劑已穩定出貨國內LED領導廠商,未來有機 會進軍中國、南韓市場;此外,IC光阻產品也持續驗證、測試中。永光的電子化學品中, 光電產品營收佔比約4成、半導體佔6成,產品涵蓋前端成熟製程、後端封裝所需…",auto_correct,代號與簡稱互相印證（兩個獨立訊號一致）,,,3
tier:sparse,2327,國巨*,M.1608805280.A.95C,2020-12-24 18:21:20,新聞,code,sparse,False,1,[新聞] 日系業者拉長交期 被動元件掀缺貨漲價潮,4,True,False,True,False,國巨|國巨*,596,"[代號] …件掀缺貨漲價潮 1.原文連結: https://tinyurl.com/y8poecen 2.原文內容: 全球積層陶瓷電容(MLCC)龍頭日商村田、日本大廠太陽誘電 近期二度拉長交期14~28天,最長甚至要等半年; 台灣被動元件雙雄國巨(【2327】)、華新科(2492)庫存亦偏低, MLCC報價大漲在即。台股被動元件族群24日受漲價題材激勵,股價紅通通。 兩大日系業者拉長交貨期,顯見市場供需吃緊狀況,法人預期, MLCC報價可望提前至明年農曆年後漲價,較預期提早一季。 國巨、華新…
[簡稱(name_with_context)] …被動元件掀缺貨漲價潮 1.原文連結: https://tinyurl.com/y8poecen 2.原文內容: 全球積層陶瓷電容(MLCC)龍頭日商村田、日本大廠太陽誘電 近期二度拉長交期14~28天,最長甚至要等半年; 台灣被動元件雙雄【國巨】(2327)、華新科(2492)庫存亦偏低, MLCC報價大漲在即。台股被動元件族群24日受漲價題材激勵,股價紅通通。 兩大日系業者拉長交貨期,顯見市場供需吃緊狀況,法人預期, MLCC報價可望提前至明年農曆年後漲價,較預期提早一季。…
[簡稱(name_with_context)] …庫存亦偏低, MLCC報價大漲在即。台股被動元件族群24日受漲價題材激勵,股價紅通通。 兩大日系業者拉長交貨期,顯見市場供需吃緊狀況,法人預期, MLCC報價可望提前至明年農曆年後漲價,較預期提早一季。 國巨、華新科早盤連袂跳空上漲, 【國巨】盤中更一度攻高至519元,漲幅逾3%、華新科則上漲近5%; 此外,全球第二大陶瓷基板廠九豪股價亮燈漲停,達23.35元, 光頡、大毅、信昌電、佳邦漲幅則落在2~6%間,被動元件搭上漲價熱潮。 3.心得/評論: 村田(代號TYO:6981)…",auto_correct,代號與簡稱互相印證（兩個獨立訊號一致）,,,3
tier:sparse,6670,復盛應用,M.1602066954.A.938,2020-10-07 18:35:54,標的,code,sparse,False,1,Re: [標的] 6670 復盛應用 多,4,True,True,True,True,復盛應用,366,"[代號] …Re: [標的] 【6670】 復盛應用 多 ※ 引述《linbear1212 (gata)》之銘言: : 1. 標的:6670 復盛應用多 : 2. 分類:多 : 3. 分析/正文: : 第三、四季為高爾夫出貨旺季 : 投信最近買超多,10月要公佈的營收應該不錯 :…
[代號] …Re: [標的] 6670 復盛應用 多 ※ 引述《linbear1212 (gata)》之銘言: : 1. 標的:【6670】 復盛應用多 : 2. 分類:多 : 3. 分析/正文: : 第三、四季為高爾夫出貨旺季 : 投信最近買超多,10月要公佈的營收應該不錯 : 中秋前站上五日均線止跌 : 跟投信大哥一波看能不能撈點湯喝 : 4. 進退場機制: : 進場價格:…
[簡稱(name)] …Re: [標的] 6670 【復盛應用】 多 ※ 引述《linbear1212 (gata)》之銘言: : 1. 標的:6670 復盛應用多 : 2. 分類:多 : 3. 分析/正文: : 第三、四季為高爾夫出貨旺季 : 投信最近買超多,10月要公佈的營收應該不錯 : 中秋前站上…",auto_correct,代號出現在標題（標題非排行表欄位）,,,3
tier:sparse,1301,台塑,M.1631583103.A.C7C,2021-09-14 09:31:43,新聞,code,sparse,False,1,"[新聞] 台塑付7,900萬元 在美和解德州廠汙染官司",1,True,False,True,True,台塑,785,"[代號] …744147 (請善用縮網址工具) 發布時間: 2021-09-14 08:36 (請以原文網頁/報紙之發布時間為準) 原文內容: 美國司法部周一表示, 台塑(【1301】)將因違反聯邦空汙法支付285萬美元(台幣7,900萬元), 就民事告訴達成和解。台塑多年前在德州的石化廠接連發生火警和爆炸案, 造成數名員工受傷。 在美國德州南區地區法院提出的訴狀中,司法部指稱, 台塑德州康福特(Point Co…",auto_correct,代號與簡稱互相印證（兩個獨立訊號一致）,,,3
tier:sparse,2607,榮運,M.1645623288.A.231,2022-02-23 21:34:48,情報,code,sparse,False,8,[情報] 111年02月23日信用交易統計,2,True,False,True,False,榮運,1318,"[代號] …==== 飛機 2618長榮航 資增 17,075 張 券增 4,445 張 2610華航 資增 16,978 張 券增 1,868 張 ================================== 船 【2607】榮運 資增 7,723 張 券增 2,988 張 2603長榮 資增 2,150 張 券減 127 張 2615萬海 資減 3,184 張 券增 805 張 2611志信 資減…
[簡稱(name_with_context)] …飛機 2618長榮航 資增 17,075 張 券增 4,445 張 2610華航 資增 16,978 張 券增 1,868 張 ================================== 船 2607【榮運】 資增 7,723 張 券增 2,988 張 2603長榮 資增 2,150 張 券減 127 張 2615萬海 資減 3,184 張 券增 805 張 2611志信 資減 2…",auto_correct,代號與簡稱互相印證（兩個獨立訊號一致）,,,3
tier:sparse,1309,台達化,M.1618665536.A.072,2021-04-17 21:18:56,心得,name,sparse,False,5,Re: [心得] 長榮陽明友達群創中鋼中鴻台達化富邦金國,4,False,False,True,True,台達化,1042,"[簡稱(name)] …Re: [心得] 長榮陽明友達群創中鋼中鴻【台達化】富邦金國 其實這是個簡單的密碼,我跟大家解釋 將文中的阿拉伯數字抓出來,然後沿著標題 按順序點出。 長榮陽明友達群創中鋼中鴻台達化富邦金國泰金 9中 再往下數五次就是 5達 再往下二 然後一直循環點出順序的字 2富 2金 2…
[簡稱(name)] …Re: [心得] 長榮陽明友達群創中鋼中鴻台達化富邦金國 其實這是個簡單的密碼,我跟大家解釋 將文中的阿拉伯數字抓出來,然後沿著標題 按順序點出。 長榮陽明友達群創中鋼中鴻【台達化】富邦金國泰金 9中 再往下數五次就是 5達 再往下二 然後一直循環點出順序的字 2富 2金 2泰 2長 1榮 2明 4創 6達 8長 2陽 2友 1達 4鋼 3台 9長 2陽 1明 2達 3中 2中 2台 2化 1富 4泰…
[簡稱(name)] …BqS : 哦,對了,我還在2020/2/1買富邦金200多萬在46.08哦,一買就噴,完全買在起漲點 : 對帳單 : https://ibb.co/RHKg7XX : 。 : 我早在我自己臉書2021/4/3就推薦長榮陽明友達群創中鋼中鴻【台達化】富邦金國泰金這9 檔 : 為什麼推薦??? : 其實我一開始只推薦兩檔 : 長榮、富邦金 : 為什麼推薦這2檔 : 長榮 : : 因為我覺得最會漲的就是長榮,長榮一定是所有傳產的首選 : 富邦金 : : 我覺得金融首選就是富邦金,富邦金會1…",auto_correct,三字以上簡稱出現在標題,,,3
tier:sparse,2605,新興,M.1633998798.A.658,2021-10-12 08:33:18,新聞,code,sparse,False,1,[新聞] 新興9月營收4.10億元年增46.44%,4,True,False,True,True,新興,325,"[代號] …[新聞] 新興9月營收4.10億元年增46.44% 原文標題:新興9月營收4.10億元年增46.44% 1—9月達29.11億元 原文連結:https://news.cnyes.com/news/id/4738108 原文內容: 新興(【2605】-TW)2021年 9月營收資料(單位:千元) 項目 9月營收 1—9月營收 本年度 410,192 2,910,828 去年同期 280,116 3,218,284 增減金額…
[簡稱(name_with_context)] …[新聞] 【新興】9月營收4.10億元年增46.44% 原文標題:新興9月營收4.10億元年增46.44% 1—9月達29.11億元 原文連結:https://news.cnyes.com/news/id/4738108 原文內容: 新興(2605-TW…
[簡稱(name_with_context)] …[新聞] 新興9月營收4.10億元年增46.44% 原文標題:【新興】9月營收4.10億元年增46.44% 1—9月達29.11億元 原文連結:https://news.cnyes.com/news/id/4738108 原文內容: 新興(2605-TW)2021年 9月營收資料(單位:千元) 項目…",auto_correct,代號與簡稱互相印證（兩個獨立訊號一致）,,,3
tier:sparse,2344,華邦電,M.1607606576.A.938,2020-12-10 21:22:56,其他,code,sparse,False,3,[其他] 109年12月10日信用交易統計,2,True,False,True,False,華邦電,822,"[代號] …======== 2371大同 資增 13,859 張 券增 85 張 2603長榮 資增 6,698 張 券增 16,255 張 2303聯電 資減 16,159 張 券減 7,021 張 【2344】華邦電 資減 10,900 張 券減 6,156 張 2888新光金 資增 1,424 張(近九日+46,619張) 券減 22 張 ================================= 櫃…
[簡稱(name)] …==== 2371大同 資增 13,859 張 券增 85 張 2603長榮 資增 6,698 張 券增 16,255 張 2303聯電 資減 16,159 張 券減 7,021 張 2344【華邦電】 資減 10,900 張 券減 6,156 張 2888新光金 資增 1,424 張(近九日+46,619張) 券減 22 張 ================================= 櫃買信用…",auto_correct,代號與簡稱互相印證（兩個獨立訊號一致）,,,3
tier:sparse,2801,彰銀,M.1667892706.A.D9B,2022-11-08 15:31:46,情報,code,sparse,False,1,[情報]  2801 彰銀10月自結0.09 累計至0.89,1,True,True,True,True,彰銀,332,[代號] …[情報] 【2801】 彰銀10月自結0.09 累計至0.89 1. 標題:公告本公司111年10月份合併自結盈餘 2. 來源:公開資訊觀測站 3. 網址:https://mops.twse.com.tw/mops/web/t05sr01_1 4. 內文:…,auto_correct,代號出現在標題（標題非排行表欄位）,,,3
tier:sparse,2344,華邦電,M.1623415957.A.A76,2021-06-11 20:52:37,情報,code,sparse,False,9,[情報],2,True,False,True,False,華邦電,1383,"[代號] …=============== 大哥二哥 2330台積電 資減 1,435 張 停券 2303聯電 資減 3,220 張 券減 197 張 ================================== 【2344】華邦電 資增 4,220 張 券增 185 張 ================================== 櫃買信用交易統計 資減 3.41 億 券減 135 張…
[簡稱(name)] …=========== 大哥二哥 2330台積電 資減 1,435 張 停券 2303聯電 資減 3,220 張 券減 197 張 ================================== 2344【華邦電】 資增 4,220 張 券增 185 張 ================================== 櫃買信用交易統計 資減 3.41 億 券減 135 張…",auto_correct,代號與簡稱互相印證（兩個獨立訊號一致）,,,3
tier:sparse,2374,佳能,M.1735307069.A.D32,2024-12-27 21:44:29,情報,code,sparse,False,5,[情報] 113年12月27日信用交易統計,2,True,False,True,False,佳能,1085,"[代號] …330台積電 資減 233 張 券增 37 張 2317鴻海 資增 21 張 券增 23 張 3019亞光 資增 22 張 券減 24 張(券資比34%) 【2374】佳能 資減 195 張 券減 514 張 3032偉訓 資增 1,752 張 券減 516 張 2498宏達電 資增 1,505 張 券增 702 張 2313華通 資增…
[簡稱(name_with_context)] …積電 資減 233 張 券增 37 張 2317鴻海 資增 21 張 券增 23 張 3019亞光 資增 22 張 券減 24 張(券資比34%) 2374【佳能】 資減 195 張 券減 514 張 3032偉訓 資增 1,752 張 券減 516 張 2498宏達電 資增 1,505 張 券增 702 張 2313華通 資增 1,…",auto_correct,代號與簡稱互相印證（兩個獨立訊號一致）,,,3
tier:sparse,1709,和益,M.1719381603.A.8B9,2024-06-26 14:00:03,情報,code,sparse,False,2,[情報]  和益（1709）轉投資雲豹能源,5,True,True,True,True,和益,470,"[代號] …[情報] 和益(【1709】)轉投資雲豹能源 ------------------------------------------------------------------------- 1.請符合以下文章格式,違者4-1刪除 2.本分類提供以下幾種文章搬運…
[代號] …每日法人買買超、融資券、交易量... b. 公司重要訊息相關:營收、股利、股東會懶人包、法說會內容整理... c. 現有資訊整理相關:殖利率排名、金融股獲利分布、 3.請詳閱板規參考相關規定 標題:和益(【1709】)轉投資雲豹能源 來源: https://i.imgur.com/8iGOa1z.jpeg 網址: (https://fubon-ebrokerdj.fbs.com.tw/z/zc/zcg/zcg_1709.djhtm 內文: 170…
[代號] …參考相關規定 標題:和益(1709)轉投資雲豹能源 來源: https://i.imgur.com/8iGOa1z.jpeg 網址: (https://fubon-ebrokerdj.fbs.com.tw/z/zc/zcg/zcg_【1709】.djhtm 內文: 1709帳面業外獲利價值11億,Q1 營業利益才1.4億 是不是薛爛!…",auto_correct,代號出現在標題（標題非排行表欄位）,,,3
tier:sparse,1312,國喬,M.1701926644.A.B40,2023-12-07 13:24:04,情報,code,sparse,False,1,[情報] 金萬林 國喬 現金增資公開申購資訊,3,True,False,True,True,國喬,765,"[代號] …申購開始日:2023/12/11 申購截止日:2023/12/13 扣款日:2023/12/14 抽籤日:2023/12/15 未中籤退款日:2023/12/18 撥券日:2023/12/21 撥券當日平盤價為0價差 ~~~ 股票代號:【1312】 國喬 公司名稱:國喬石油化學股份有限公司 (Grand Pacific Petrochemical) 產業別:塑膠工業 發行市場:上市增資 主辦券商:台新 承銷價:14.20元 承銷張數:17,000張 (抽籤量:8,500人) 申購張數…
[簡稱(name_with_context)] …:2023/12/11 申購截止日:2023/12/13 扣款日:2023/12/14 抽籤日:2023/12/15 未中籤退款日:2023/12/18 撥券日:2023/12/21 撥券當日平盤價為0價差 ~~~ 股票代號:1312 【國喬】 公司名稱:國喬石油化學股份有限公司 (Grand Pacific Petrochemical) 產業別:塑膠工業 發行市場:上市增資 主辦券商:台新 承銷價:14.20元 承銷張數:17,000張 (抽籤量:8,500人) 申購張數:2張…
[簡稱(name_with_context)] …/11 申購截止日:2023/12/13 扣款日:2023/12/14 抽籤日:2023/12/15 未中籤退款日:2023/12/18 撥券日:2023/12/21 撥券當日平盤價為0價差 ~~~ 股票代號:1312 國喬 公司名稱:【國喬】石油化學股份有限公司 (Grand Pacific Petrochemical) 產業別:塑膠工業 發行市場:上市增資 主辦券商:台新 承銷價:14.20元 承銷張數:17,000張 (抽籤量:8,500人) 申購張數:2張(扣款金額28,…",auto_correct,代號與簡稱互相印證（兩個獨立訊號一致）,,,3
tier:sparse,6869,雲豹能源,M.1720510250.A.699,2024-07-09 15:30:50,情報,code,sparse,False,1,[情報] 6869雲豹能源 調整現金股利配息率,4,True,True,True,True,雲豹能源,345,"[代號] …[情報] 【6869】雲豹能源 調整現金股利配息率 標題:6869雲豹能源 調整現金股利配息率 來源:公開資訊觀測站 網址:https://mops.twse.com.tw/mops/web/index 內文: 公告本公司調整現金股利配息率 1.董事會或…
[代號] …[情報] 6869雲豹能源 調整現金股利配息率 標題:【6869】雲豹能源 調整現金股利配息率 來源:公開資訊觀測站 網址:https://mops.twse.com.tw/mops/web/index 內文: 公告本公司調整現金股利配息率 1.董事會或股東會決議日期:113/07/09 2.原發…
[簡稱(name)] …[情報] 6869【雲豹能源】 調整現金股利配息率 標題:6869雲豹能源 調整現金股利配息率 來源:公開資訊觀測站 網址:https://mops.twse.com.tw/mops/web/index 內文: 公告本公司調整現金股利配息率 1.董事會或股東會決…",auto_correct,代號出現在標題（標題非排行表欄位）,,,3
tier:sparse,2915,潤泰全,M.1731402108.A.4C8,2024-11-12 17:01:48,情報,code,sparse,False,1,[情報] 2915 潤泰全 Q3累計EPS 11.12,1,True,True,True,True,潤泰全,492,[代號] …[情報] 【2915】 潤泰全 Q3累計EPS 11.12 1.提報董事會或經董事會決議日期:113/11/12 2.審計委員會通過日期:113/11/12 3.財務報告或年度自結財務資訊報導期間 起訖日期(XXX/XX/XX~XXX/XX/XX):113/0…,auto_correct,代號出現在標題（標題非排行表欄位）,,,3
tier:sparse,2316,楠梓電,M.1578285986.A.C36,2020-01-06 12:46:26,標的,code,sparse,False,2,Re: [標的] 2316 楠梓電 多,29,True,True,True,True,楠梓電,4464,"[代號] …Re: [標的] 【2316】 楠梓電 多 股友們新年快樂,這次我們深入一點討論 首先,楠梓電總股數2.03億股,持有滬電2.21億股,平均每股楠梓電持有1.1股滬電是眾所皆知的。 分析近幾年楠梓電的每股淨利: https://imgur.com/ByiHvJv 從…
[簡稱(name)] …Re: [標的] 2316 【楠梓電】 多 股友們新年快樂,這次我們深入一點討論 首先,楠梓電總股數2.03億股,持有滬電2.21億股,平均每股楠梓電持有1.1股滬電是眾所皆知的。 分析近幾年楠梓電的每股淨利: https://imgur.com/ByiHvJv 從這張圖,…
[簡稱(name)] …Re: [標的] 2316 楠梓電 多 股友們新年快樂,這次我們深入一點討論 首先,【楠梓電】總股數2.03億股,持有滬電2.21億股,平均每股楠梓電持有1.1股滬電是眾所皆知的。 分析近幾年楠梓電的每股淨利: https://imgur.com/ByiHvJv 從這張圖,只能用獲利起伏不定來描繪這間公司。 不過,當我們將楠梓電…",auto_correct,代號出現在標題（標題非排行表欄位）,,,3
tier:sparse,2801,彰銀,M.1720166208.A.267,2024-07-05 15:56:48,情報,code,sparse,False,1,[情報] 2801 彰銀 6月自結 0.09 累計 0.66,1,True,True,True,True,彰銀,490,[代號] …[情報] 【2801】 彰銀 6月自結 0.09 累計 0.66 1. 標題:公告本公司113年6月份合併自結盈餘。 2. 來源:公開資訊觀測站 3. 網址:https://mops.twse.com.tw/mops/web/t05sr01_1 4. 內文…,auto_correct,代號出現在標題（標題非排行表欄位）,,,3
tier:sparse,2354,鴻準,M.1710509150.A.349,2024-03-15 21:25:50,情報,code,sparse,False,7,[情報] 113年03月15日信用交易統計,2,True,False,True,False,鴻準,1189,"[代號] …2317鴻海 資增 20,927 張(約27億) 券增 392 張 2330台積電 資增 1,927 張(約15億) 停券 2382廣達 資增 4,315 張(約11億) 券增 354 張 【2354】鴻準 資增 3,049 張 券增 619 張 2834臺企銀 資減 8,620 張 券增 122 張 2883開發金 資減 5,933 張 券增 32 張 2882國泰金 資減…
[簡稱(name_with_context)] …7鴻海 資增 20,927 張(約27億) 券增 392 張 2330台積電 資增 1,927 張(約15億) 停券 2382廣達 資增 4,315 張(約11億) 券增 354 張 2354【鴻準】 資增 3,049 張 券增 619 張 2834臺企銀 資減 8,620 張 券增 122 張 2883開發金 資減 5,933 張 券增 32 張 2882國泰金 資減…",auto_correct,代號與簡稱互相印證（兩個獨立訊號一致）,,,3
tier:sparse,2915,潤泰全,M.1658327864.A.6FD,2022-07-20 22:37:44,新聞,code,sparse,False,1,[新聞] 快訊／潤泰全、潤泰新淨值大減「爆下市危,1,True,False,True,True,潤泰全,898,"[代號] …址工具 發布時間: 2022-07-20 22:26 ※請以原文網頁/報紙之發布時間為準 記者署名: 記者趙蔡州/綜合報導 ※原文無記載者得留空 原文內容: 市場傳出南山人壽第2季淨值面臨跌破千億元大關,潤泰集團旗下潤泰全(【2915】)及潤泰 新(9945)第2季淨值恐為負數,將造成股票下市。對此,潤泰全副總經理李天傑20日晚 間表示,針對第二季的公司淨值數據,公司會計師目前仍在持續結帳中,尚無法給出確切 的數字。 潤泰全及潤泰新20日晚間召開重大訊息說明會,表示公司…",auto_correct,代號與簡稱互相印證（兩個獨立訊號一致）,,,3
tier:sparse,1536,和大,M.1720535780.A.D67,2024-07-09 22:36:20,標的,code,sparse,False,1,[標的] 1536 和大,2,True,True,True,True,和大,141,"[代號] …[標的] 【1536】 和大 標的:1536 和大 分類:多 分析/正文: tsla供應鍊,tsla機器人概念股 底部爆量上攻,今天被隔日沖來亂還是收長下影 tsla漲,跟子公司高鋒繼續強勢,就沒問題 股價爛2年,終於爆量沒道理這樣結束 進退場機制:…
[代號] …[標的] 1536 和大 標的:【1536】 和大 分類:多 分析/正文: tsla供應鍊,tsla機器人概念股 底部爆量上攻,今天被隔日沖來亂還是收長下影 tsla漲,跟子公司高鋒繼續強勢,就沒問題 股價爛2年,終於爆量沒道理這樣結束 進退場機制: 沿5日線買,上看2年前…",auto_correct,代號出現在標題（標題非排行表欄位）,,,3
tier:sparse,2059,川湖,M.1693445006.A.DB4,2023-08-31 09:23:26,新聞,code,sparse,False,2,[新聞] 緯穎、宏碁資訊、川湖 ...億元大戶雷浩,6,True,False,True,True,川湖,1858,"[代號] …多檔長線持有的績優股與去年力推的「宏碁小虎隊」助攻下,投資達人雷浩斯今年以來 獲利達68%,若從去年10月指數低點至今,更已超過一倍,輕鬆晉身億元大戶之列。 AI漲多先落袋 逢低再買回 雷浩斯表示,績效多數來自於他長線核心持股如川湖(【2059】)、宜鼎(5289),以及去年 發掘出宏碁資訊(6811)、安碁資訊(6690)等。這幾檔共同的特色是:搭上AI風潮。 不過,AI族群漲幅過大,達到他設定的賣股條件,所以雷浩斯已陸續獲利了結,「等股價 修正後再買回」。怎麼買回?他認為將去…
[簡稱(name_with_context)] …[新聞] 緯穎、宏碁資訊、【川湖】 ...億元大戶雷浩 原文標題: 緯穎、宏碁資訊、川湖 ...億元大戶雷浩斯靠AI翻倍賺「趨勢才剛開始 」:15檔口袋名 單一次看 原文連結: https://www.businesstoday.com.tw/article/catego…
[簡稱(name_with_context)] …[新聞] 緯穎、宏碁資訊、川湖 ...億元大戶雷浩 原文標題: 緯穎、宏碁資訊、【川湖】 ...億元大戶雷浩斯靠AI翻倍賺「趨勢才剛開始 」:15檔口袋名 單一次看 原文連結: https://www.businesstoday.com.tw/article/category/183008/post/202308300010…",auto_correct,代號與簡稱互相印證（兩個獨立訊號一致）,,,3
tier:sparse,2014,中鴻,M.1629071717.A.EFE,2021-08-16 07:55:17,新聞,code,sparse,False,2,[新聞] 中美祭兩大利多 鋼鐵族群沾光 7檔看旺,1,True,False,True,False,中鴻,1299,"[代號] …大陸為了環保限產, 下半年須減產粗鋼6,000萬公噸等大利多因素助攻,歐美市場需求持續發燒, 國際鋼材供給更加吃緊,鋼價持續看漲。 受這些因素激勵,除中鋼(2002)9月內銷盤價重啟漲勢,每公噸漲300~500元外, 市場預期中鴻(【2014】)將於本周開出的9月盤價也可望順勢調漲, 受惠廠商有美亞(2020)、燁輝(2023)、盛餘(2029)、新光鋼(2031)、 大成鋼(2027)等,預期下半年接單持續暢旺,且營運動能也持續看旺。 鋼鐵專家表示,美國參議院日前通過1.…",auto_correct,代號與簡稱互相印證（兩個獨立訊號一致）,,,3
