stratum,ticker,name_short,article_id,timestamp,category,match_mode,sparsity_tier,is_bulk_listing,n_tickers_in_article,title,n_hits,code_present,code_in_title,name_present,name_in_title,matched_names,body_len,evidence,auto_verdict,auto_reason,verdict,note
tier:dense,2330,台積電,M.1657684335.A.B2D,2022-07-13 11:52:15,新聞,code,dense,False,2,[新聞] 高盛喊買台積電 看好HPC營收表現,7,True,False,True,True,台積電|台積,764,"[代號] …Goldman Sachs)12日報告透過審查大中華區科技產業的營收組合,來檢視他們的 風險與機會,涉及智慧型手機、消費電子、汽車、工業、HPC等。在台灣半導體方面,高 盛持續看好台積電在HPC的營收表現。 在半導體方面,高盛給予台積電(【2330】)買入評級,考量其在HPC的營收敞口很高,其技 術製程大多為先進製程,台積電在該領域享有80%以上的市佔。高盛也看好台積電在低迷 時期的表現優於同行,仍具有穩固的技術領導力和執行力。 另一方面,高盛給予頎邦(6147)賣出評級,該公司營收…
[簡稱(name)] …[新聞] 高盛喊買【台積電】 看好HPC營收表現 原文標題:高盛喊買台積電 看好HPC營收表現 原文連結:https://ec.ltn.com.tw/article/breakingnews/3990574 發布時間:2022-7-13 原文內容: 高盛(Go…
[簡稱(name)] …[新聞] 高盛喊買台積電 看好HPC營收表現 原文標題:高盛喊買【台積電】 看好HPC營收表現 原文連結:https://ec.ltn.com.tw/article/breakingnews/3990574 發布時間:2022-7-13 原文內容: 高盛(Goldman Sachs)12日報告透過審查大中…",,,,
tier:dense,2409,友達,M.1624076443.A.AA6,2021-06-19 12:20:43,新聞,code,dense,False,1,[新聞] 台股週線連5紅 Fed鷹派不影響多頭,2,True,False,True,False,友達,1156,"[代號] …線等短中長天期均線持續上彎,顯示偏多格局不變,短線仍持續區間 震盪整理。 航海王獨撐大局 3大法人昨天同步站在賣方,其中外資大賣158億元,且已連續3個交易日站在賣方,3天來 合計賣超407億元,昨天外資又把面板雙虎當提款機,賣超友達(【2409】)9.6萬張、群創( 3481)7.5萬張。 美QE、通膨 連動股市 聯邦金鑽平衡基金經理人林建良指出,台股週線連5紅,本週指數上漲105點,若以週盤勢 狀況來看,航運、貿易百貨、電腦及周邊設備族群受惠於第3季旺季、報價上揚,分別上 漲…
[簡稱(name_with_context)] …線、年線等短中長天期均線持續上彎,顯示偏多格局不變,短線仍持續區間 震盪整理。 航海王獨撐大局 3大法人昨天同步站在賣方,其中外資大賣158億元,且已連續3個交易日站在賣方,3天來 合計賣超407億元,昨天外資又把面板雙虎當提款機,賣超【友達】(2409)9.6萬張、群創( 3481)7.5萬張。 美QE、通膨 連動股市 聯邦金鑽平衡基金經理人林建良指出,台股週線連5紅,本週指數上漲105點,若以週盤勢 狀況來看,航運、貿易百貨、電腦及周邊設備族群受惠於第3季旺季、報價上揚,…",,,,
tier:dense,2610,華航,M.1618960934.A.783,2021-04-21 07:22:14,新聞,code,dense,False,2,[新聞] 卡船效應》歐美亞空運全線爆艙 急件飆漲,3,True,False,True,False,華航,1102,"[代號] …運價則維持高檔水位。 「價高者得」長榮、華航本週只收高價貨 長賜輪卡船後,超過400艘貨櫃輪陸續到達歐洲,因空櫃趕不及回程,使得遠東地區出現 貨櫃荒,迫使業者從海運轉空運,近期航空貨運延續3月旺季。市場傳出,長榮航(2618 )、華航(【2610】)歐洲線本週只收高價貨,每公斤340元以上起跳,而盧森堡航空等外籍 航空的貨載則已滿到下週三,歐洲線過去每公斤介於220至270元。 除歐洲線滿艙外,美國線也在塞港嚴重、港口準班率偏低下,業者也從海運轉空運,市場 傳出,華航已經停收4月2…
[簡稱(name_with_context)] …港、貨物由海轉空的 催化下,航空貨運淡季不淡。因歐、美、亞洲線全線爆艙,航空貨運全面出現「價高者得 」狀況,業界人士指出,目前航空貨運歐洲線全航點滿到27、28日,美國線則停收貨物到 本週末,亞洲線運價則維持高檔水位。 「價高者得」長榮、【華航】本週只收高價貨 長賜輪卡船後,超過400艘貨櫃輪陸續到達歐洲,因空櫃趕不及回程,使得遠東地區出現 貨櫃荒,迫使業者從海運轉空運,近期航空貨運延續3月旺季。市場傳出,長榮航(2618 )、華航(2610)歐洲線本週只收高價貨,每公斤340元…
[簡稱(name_with_context)] …美國線也在塞港嚴重、港口準班率偏低下,業者也從海運轉空運,市場 傳出,華航已經停收4月21日至4月23日台北到舊金山、洛杉磯的貨載,長榮航則已經滿到 5月的第一週,急件貨每公斤高達460元。 亞洲線方面,業界人士指出,香港機場因噪音管制,【華航】747在晚上10點到12點間無法降 落,使得艙位減少,再加上五一前夕,艙位擁擠,每公斤價格維持55-60元高檔,過去每 公斤約35元,若要安排急件,也須加價走貨。而泰國潑水節前夕,因專案貨暢旺,艙位大 爆,已滿到週末,胡志明市、新加坡、金邊…",,,,
tier:dense,2330,台積電,M.1611647298.A.7AB,2021-01-26 15:48:18,新聞,code,dense,False,1,Re: [新聞] 台積電山頂冤魂全散戶？ 這數據洩慘狀,3,True,False,True,True,台積電|台積,693,"[代號] …Re: [新聞] 台積電山頂冤魂全散戶? 這數據洩慘狀 不過就是從679跌到617 都漲多久了 最近才開始修正 還在上升時 大家只會說買【2330】就夠了 等到修正時 大家又開始說外資再出貨blabla 永遠都是看了答案後 才來找理由 等到明天又開盤漲回650 是不是又要說另一個故事了呢? 或是等到了800 又要開始悔恨當初在600初頭不多接一點 資產配置 定期定額 分散風險…
[簡稱(name)] …Re: [新聞] 【台積電】山頂冤魂全散戶? 這數據洩慘狀 不過就是從679跌到617 都漲多久了 最近才開始修正 還在上升時 大家只會說買2330就夠了 等到修正時 大家又開始說外資再出貨blabla 永遠都是看了答案後 才來找理由 等到明天又開盤漲回650…
[簡稱(name)] …: : 千萬不要這樣說 : : 當時 板上的激情 你勸說 台機是好公司但是660+先觀望 : : 得到的一定是 : : 1.你是不是不敢買 : : 2.你是不是沒錢買 : : 3.500的時候 你也這樣說 : : 4.上看八百 : : 5.【台積】世界最強 : : 6.intel小兒 : : 7.魚尾才是最肥美 : : 綜觀以上幾點 : : 台機應該還不會一次崩 甚至 明後天 : : 或是封關前 都還有機會積情 : : 畢竟他還是多頭 均線…",,,,
tier:dense,2330,台積電,M.1670512378.A.4AC,2022-12-08 23:12:58,新聞,name,dense,False,1,Re: [新聞] 艾司摩爾不只建新廠 沈榮津：歐洲供應鏈,5,False,False,True,False,台積電|台積,1203,"[簡稱(name)] …[新聞] 艾司摩爾不只建新廠 沈榮津:歐洲供應鏈 我是不知道要類比什麼 荷蘭又沒有吹矽盾也沒有地緣風險 ASML 如果被取代也就那樣子而已 Nokia 被取代有怎麼樣嗎 o.o HTC 當年在手機產業叱吒風雲 落寞也就那樣 關鍵是【台積電】的矽盾應該是吹很大 台灣也有地緣風險 我是不知道這兩個案例有什麼好類比的 Zzzzz 台積電能去美國設廠是好事 有效分散企業的風險 就算真的臺海戰爭台積電還是可以正常供應晶片 大客戶Cook也開心可以印上美國製造 對台積電真的…
[簡稱(name)] …緣風險 ASML 如果被取代也就那樣子而已 Nokia 被取代有怎麼樣嗎 o.o HTC 當年在手機產業叱吒風雲 落寞也就那樣 關鍵是台積電的矽盾應該是吹很大 台灣也有地緣風險 我是不知道這兩個案例有什麼好類比的 Zzzzz 【台積電】能去美國設廠是好事 有效分散企業的風險 就算真的臺海戰爭台積電還是可以正常供應晶片 大客戶Cook也開心可以印上美國製造 對台積電真的是利多大家就別再吵架惹 - 美國邀台積電去設廠目的就很單純 就是要分散風險 https:/…
[簡稱(name)] …有怎麼樣嗎 o.o HTC 當年在手機產業叱吒風雲 落寞也就那樣 關鍵是台積電的矽盾應該是吹很大 台灣也有地緣風險 我是不知道這兩個案例有什麼好類比的 Zzzzz 台積電能去美國設廠是好事 有效分散企業的風險 就算真的臺海戰爭【台積電】還是可以正常供應晶片 大客戶Cook也開心可以印上美國製造 對台積電真的是利多大家就別再吵架惹 - 美國邀台積電去設廠目的就很單純 就是要分散風險 https://i.imgur.com/ch5RkAB.png Gina Ra…",,,,
tier:dense,2609,陽明,M.1656842517.A.A33,2022-07-03 18:01:57,新聞,name_with_context,dense,False,1,[新聞] 還跌不夠？貨櫃三雄融資維持率跌破130％,3,False,False,True,False,陽明,677,"[簡稱(name_with_context)] …廖婕妤 內文: 台股上周慘跌960點,週五(7/1)單日就重挫482.65點,融資餘額大減102.8億元,整體融資餘額跌破2000億元,融資維持率降至135.6%,其中,貨櫃三雄跌深,融資維持率跌破130%,面臨斷頭賣壓,料續衝擊長榮、【陽明】股價,不排除再創除息後新低。 長榮股價在週五開高走低,終場收在當日次低點79.8元,下跌4.8元或5.67%,創除息後新低價,且如果短線股價續跌,先前花旗給予目標價70元即將看到。 陽明股價同樣在週五開高走低,收在77.8元,當日最低價…
[簡稱(name_with_context)] …資維持率跌破130%,面臨斷頭賣壓,料續衝擊長榮、陽明股價,不排除再創除息後新低。 長榮股價在週五開高走低,終場收在當日次低點79.8元,下跌4.8元或5.67%,創除息後新低價,且如果短線股價續跌,先前花旗給予目標價70元即將看到。 【陽明】股價同樣在週五開高走低,收在77.8元,當日最低價,不僅跌破除息參考價,讓股價陷入貼息,伴隨而來斷頭賣壓,股價再創低點壓力大。 法人表示,航運股的走勢隨大盤波動,但幅度會比大盤更大,若是股價要止穩,還是要關注大盤表現,且由於航運股屬於景氣…
[簡稱(name_with_context)] …關注大盤表現,且由於航運股屬於景氣循環產業,目前看來榮景已過,下半年獲利逐漸走弱,加上市場雜音不斷,航運股的榮景可能從使消失。 不過,台灣股民熱愛高配息,貨櫃三雄股東人數再創高,據統計,長榮上週股東人數攀上47.1萬,創今年2月以來新高;【陽明】上週股東人數破40.8萬,再創新高;惟萬海股東人數12.5萬,近幾週波動不大。 心得: 三艘船上的散戶越來越多 融資維持率越來越低 但俗話說新聞要反著看對吧 @V@b 都是腰斬股 現在電子酸跟航酸要和平相處了嗎 嘻嘻 ----- Se…",,,,
tier:dense,2317,鴻海,M.1693275648.A.C38,2023-08-29 10:20:48,新聞,code,dense,False,1,[新聞] 比亞迪大併購…紅鏈又搶蘋單 叫陣鴻海,4,True,False,True,True,鴻海,1180,"[代號] …迪集團昨(28)日宣布,將以現金22億美元(約新台幣700億元) ,收購美國電子代工大廠捷普(Jabil)位於大陸成都與無錫的相關業務及客戶。捷普是 蘋果重要供應鏈,業界解讀,比亞迪此舉是為爭搶蘋果訂單作準備,掀起新一波紅色供應 鏈與鴻海(【2317】)、和碩等台廠搶單大戰。 業界認為,比亞迪此次發動大併購,是在新能源車事業已經為集團備足底氣後,再度於消 費性電子相關事業發動大擴張,將成為繼立訊之後,又一家積極爭搶蘋果訂單的紅色供應 鏈 這是比亞迪歷來最大併購案,針對此次收購案,比亞…
[簡稱(name_with_context)] …迪集團的成都、無錫兩地主要業務涵蓋金屬 沖壓件、模具、塑膠、EMS等。其中,成都廠原本準備建造捷普集團全球最大、最現代化 的工廠,現有Metal、FATP兩大事業群,主要為機械產品及電子產品加工,員工超過6萬人 。 心得/評論: 看起來【鴻海】不是跌郭董參選,而是因為商業上的挑戰,近來中國公司都很想分蘋果這塊大 餅,這次看起來來勢洶洶,鴻海這次撐得住嗎。 存股好標地鴻海,每次都100左右買,110左右賣,這次還有機會這樣操作嗎?還是會一覺 不振。…
[簡稱(name_with_context)] …集團全球最大、最現代化 的工廠,現有Metal、FATP兩大事業群,主要為機械產品及電子產品加工,員工超過6萬人 。 心得/評論: 看起來鴻海不是跌郭董參選,而是因為商業上的挑戰,近來中國公司都很想分蘋果這塊大 餅,這次看起來來勢洶洶,【鴻海】這次撐得住嗎。 存股好標地鴻海,每次都100左右買,110左右賣,這次還有機會這樣操作嗎?還是會一覺 不振。…",,,,
tier:dense,2409,友達,M.1691559366.A.3B1,2023-08-09 13:36:06,情報,name_with_context,dense,False,1,[情報] 友達112年7月合併營收,2,False,False,True,True,友達,348,"[簡稱(name_with_context)] …[情報] 【友達】112年7月合併營收 1. 標題:友達112年7月合併營收 2. 來源:公開資訊觀測站 3. 網址:https://mops.twse.com.tw/mops/web/t05sr01_1 4. 內文: 項目…
[簡稱(name_with_context)] …[情報] 友達112年7月合併營收 1. 標題:【友達】112年7月合併營收 2. 來源:公開資訊觀測站 3. 網址:https://mops.twse.com.tw/mops/web/t05sr01_1 4. 內文: 項目 營業收入淨額 本月…",,,,
tier:dense,2330,台積電,M.1638770993.A.8CC,2021-12-06 14:09:53,未分類,name,dense,False,2,［創作］旅行的意義,1,False,False,True,False,台積,364,[簡稱(name)] …完了華航月曆 你迷失在月曆上十一月禁尻的光陰 你品嚐了宏達阿姨 你空過開高evergreen 你熟記股海裡每一道收最窄的布林 卻說不出你進出的依據 卻說不出你看懂哪一段行情 卻說不出在什麼點位它曾讓你動心 說不出 保羅的蹤跡 你追高了年初【台積】 你抱緊國巨紀念品 你聽信了保羅百元做空長榮的建議 你擁抱熱情的阿姨 你埋葬記憶的元晶 你流連中華化美麗的不真實的漲停 卻說不出空長榮的原因 卻說不出你看懂了哪一段行情 卻說不出在什麼點位他曾讓你動心 說不出 上站的日期 你勉強一副怪我囉…,,,,
tier:dense,2609,陽明,M.1667136693.A.447,2022-10-30 21:31:33,新聞,code,dense,False,2,[新聞] 運費沒跌完 花旗環球狠砍陽明、長榮目標,7,True,False,True,True,陽明,818,"[代號] …頁/報紙之發布時間為準 記者署名:簡威瑟 ※原文無記載者得留空 原文內容:塞港緩解加上通膨侵擾,壓抑貨櫃航運需求,花旗環球證券直指,運價明年恐 加速跌回疫情前水準,繼降評長榮(2603)後,最新下修股價預期至市場最低,並重拳將 陽明(【2609】)投資評等由「買進」砍至「賣出」。 花旗環球證券6月時便已雙重降評長榮,投資評等亦由「買進」砍至「賣出」,當時寫下 外資圈看長榮新低目標價紀錄;後長榮減資,股價預期現由175元調整為117元,仍是外資 圈最低,隱含雙位數幅度下檔空間。花旗…
[簡稱(name_with_context)] …[新聞] 運費沒跌完 花旗環球狠砍【陽明】、長榮目標 原文標題:運費沒跌完 花旗環球狠砍陽明、長榮目標價 原文連結:https://reurl.cc/pZdLyZ 發布時間:2022/10/30 ※請以原文網頁/報紙之發布時間為準 記者署名:簡威瑟 ※原文無記載者得留空…
[簡稱(name_with_context)] …[新聞] 運費沒跌完 花旗環球狠砍陽明、長榮目標 原文標題:運費沒跌完 花旗環球狠砍【陽明】、長榮目標價 原文連結:https://reurl.cc/pZdLyZ 發布時間:2022/10/30 ※請以原文網頁/報紙之發布時間為準 記者署名:簡威瑟 ※原文無記載者得留空 原文內容:塞港緩解加上通膨侵擾,壓抑貨櫃航運需求…",,,,
tier:dense,2330,台積電,M.1586154192.A.A75,2020-04-06 14:23:12,新聞,name,dense,False,1,[新聞] 隨著AI與IoT崛起，MRAM記憶體成為未來之,2,False,False,True,False,台積電|台積,1236,"[簡稱(name)] …NmyZ 2.原文內容: 隨著容量和性能的提高,近年來MRAM取得長足發展,甚至成為人工智慧與機器學習領域記 憶體的最佳替代SRAM的方案。MRAM長期目標是建立通用的非揮發性記憶體的主流地位,這 也吸引了GlobalFoundries、【台積電】、三星、英特爾的注意。 產業中的許多大廠多年來一直都在研究,讀寫速度可以媲美SRAM、DRAM等傳統記憶體,但 同時又有非揮發性的優點,MRAM似乎就成為綜合了傳統記憶體與快閃記憶體的選擇。 從市場角度來看,儘管NAND型快閃記憶體和D…
[簡稱(name)] …包括:航太、汽車、儲存、工 廠自動化、物聯網、智慧能源、醫療和工業機器控制/運算等應用。 STT-MRAM在嵌入式記憶體應用之中,以取代快閃記憶體、EEPROM和SRAM為主,目前投入嵌 入式STT-MRAM的IDM /晶圓代工廠,包含:【台積電】、三星、GlobalFoundries、英特爾等。 至於提供獨立的MARM廠商,有美國的Everspin。 現今,隨著晶圓代工廠商GlobalFoundries與Everspin合作將MRAM引入12奈米製程,未來 MRAM的容量密度將逐…",,,,
tier:dense,2330,台積電,M.1604975088.A.0B7,2020-11-10 10:24:48,新聞,code,dense,False,1,[新聞] 張忠謀任APEC領袖代表 蔡總統：最適當選,4,True,False,True,False,台積電|台積,479,"[代號] …。 主辦國馬來西亞表示,峰會將聚焦各經濟體因應疫情的作法及「APEC後2020願景」,預計 也將發表領袖宣言。(編輯:張良知)1091110 3.心得/評論: 老張還是被請出來了,感謝他曾經帶領台積帶動相關產業! 會不會影響股價? 【2330】目前 -1.31%…
[簡稱(name)] …原文連結: https://www.cna.com.tw/news/firstnews/202011105002.aspx 2.原文內容: (中央社台北10日電)APEC經濟領袖會議將在11月20日以視訊方式舉行,總統蔡英文今天 宣布由【台積電】創辦人張忠謀擔任領袖代表,感謝張忠謀第三度代表她出席這場國際會議, 張忠謀過去的參與,對促進台灣和其他夥伴國家合作成果豐碩。 蔡總統在總統府記者會表示,張忠謀身為台積電創辦人,對科技和數位產業前景具有卓越 觀點,在全球供應鏈重整的關鍵時刻,…
[簡稱(name)] …PEC經濟領袖會議將在11月20日以視訊方式舉行,總統蔡英文今天 宣布由台積電創辦人張忠謀擔任領袖代表,感謝張忠謀第三度代表她出席這場國際會議, 張忠謀過去的參與,對促進台灣和其他夥伴國家合作成果豐碩。 蔡總統在總統府記者會表示,張忠謀身為【台積電】創辦人,對科技和數位產業前景具有卓越 觀點,在全球供應鏈重整的關鍵時刻,張忠謀可以將台灣對區域發展的貢獻及未來建言, 傳達給APEC成員,不但是最適當選擇也具有意義。 張忠謀在2006年陳水扁執政時,首次出任APEC領袖代表;蔡總統執政後…",,,,
tier:dense,2609,陽明,M.1609248110.A.CC2,2020-12-29 21:21:50,標的,name_with_context,dense,False,2,[標的] 長榮 無限多,2,False,False,True,False,陽明,454,"[簡稱(name_with_context)] …程貨載一向是weak lane,但聽歐洲貨代說回程貨也卡的 一蹋糊塗,個人預測之後回程貨載會強勢一陣子,增添營運柴火。 4. 長榮陽明哪個好,廢話,當然是長榮,無論運力、成本控管能力,還有船型,長榮都 壓倒性大勝,但歐洲線太旺了,雖然覺得【陽明】普普,但也忍不住入手幾張陽明了... 4. 進退場機制: 無限多,在過完年之前都是買點,過完年後可再觀察一陣子…
[簡稱(name_with_context)] …e,但聽歐洲貨代說回程貨也卡的 一蹋糊塗,個人預測之後回程貨載會強勢一陣子,增添營運柴火。 4. 長榮陽明哪個好,廢話,當然是長榮,無論運力、成本控管能力,還有船型,長榮都 壓倒性大勝,但歐洲線太旺了,雖然覺得陽明普普,但也忍不住入手幾張【陽明】了... 4. 進退場機制: 無限多,在過完年之前都是買點,過完年後可再觀察一陣子…",,,,
tier:dense,2317,鴻海,M.1731909602.A.A2B,2024-11-18 14:00:02,閒聊,name_with_context,dense,False,5,[閒聊] 2024/11/18 盤後閒聊,1,False,False,True,False,鴻海,545,"[簡稱(name_with_context)] …、偉訓、興能高、聯昌、錸德) 跌停家數 (-10%) 2 (力銘、日成-KY) 上櫃 漲停家數 (+10%) 11 跌停家數 (-10%) 6 成交量排行:國泰永續高股息、金寶、鴻準、神達、泰金寶-DR 成交值排行:台積電、鴻準、【鴻海】、神達、廣達 資料來源:臺灣證券交易所、臺灣期貨交易所、中央社 -- 在一片綠海之下,長遠之計根本「達」不了 (?) https://pbs.twimg.com/media/GcaycwCbcAAKs_5.jpg https://pb…",,,,
tier:dense,2330,台積電,M.1715332892.A.510,2024-05-10 17:21:32,標的,code,dense,False,1,[標的] 台積電(2330)有什麼潛在利空跟風險嗎,13,True,True,True,True,台積電|台積,276,"[代號] …[標的] 台積電(【2330】)有什麼潛在利空跟風險嗎 標的:2330.TW 台積電 分類:討論 分析/正文: 我知道台積電是台灣最強公司 不但是台灣最大權值股 也是台灣唯一市值能進全球前十大的公司 台積電股價不時就會創新高 觀察台積電的獲利能力 確實非…
[代號] …[標的] 台積電(2330)有什麼潛在利空跟風險嗎 標的:【2330】.TW 台積電 分類:討論 分析/正文: 我知道台積電是台灣最強公司 不但是台灣最大權值股 也是台灣唯一市值能進全球前十大的公司 台積電股價不時就會創新高 觀察台積電的獲利能力 確實非常的強 股利還一直穩定調升 台積電的…
[簡稱(name)] …[標的] 【台積電】(2330)有什麼潛在利空跟風險嗎 標的:2330.TW 台積電 分類:討論 分析/正文: 我知道台積電是台灣最強公司 不但是台灣最大權值股 也是台灣唯一市值能進全球前十大的公司 台積電股價不時就會創新高 觀察台積電的獲利能力…",,,,
tier:dense,2330,台積電,M.1667260520.A.6E5,2022-11-01 07:55:20,新聞,code,dense,False,1,[新聞] 四大名師看行情 台股11月有望挑戰萬四,4,True,False,True,False,台積電|台積,1039,"[代號] …發布時間: 2022/11/01 02:58:00 ※請以原文網頁/報紙之發布時間為準 記者署名: 經濟日報 記者高瑜君/台北報導 ※原文無記載者得留空 原文內容: 美股反彈引領短多信心,在外資轉買超45億元、 護國神山台積電(【2330】)甩尾上漲10.5元收最高390元, 帶動台股昨(31)日上漲161點收12,949點,站回5日與10日線, 今日挑戰萬三關卡;10月全月下跌至474點或3.5%,月線連二黑。 展望11月,綜合華南投顧董事長儲祥生、兆豐投顧董事長李秀…
[簡稱(name)] …工具 發布時間: 2022/11/01 02:58:00 ※請以原文網頁/報紙之發布時間為準 記者署名: 經濟日報 記者高瑜君/台北報導 ※原文無記載者得留空 原文內容: 美股反彈引領短多信心,在外資轉買超45億元、 護國神山【台積電】(2330)甩尾上漲10.5元收最高390元, 帶動台股昨(31)日上漲161點收12,949點,站回5日與10日線, 今日挑戰萬三關卡;10月全月下跌至474點或3.5%,月線連二黑。 展望11月,綜合華南投顧董事長儲祥生、兆豐投顧…
[簡稱(name)] …投顧董事長李秀利、群益投顧董事長蔡明彥、 與台新投顧副總經理黃文清等四名師看法,台股有機會啟動落後補漲, 加上美、台選舉效應加持,加權指數可望挑戰萬四關卡。 上周五美股大漲,帶動台股昨日開盤即反彈, 在外資以買超金額第一31億元回補【台積電】、第二11億元回補聯發科領盤下, 加權指數最高上漲189點至12,977點,可惜因觀望本周將開會的聯準會決議, 量能不足下未能一舉攻下萬三, 不過台積電氣勢強,終場以最高價390元收盤, 領加權指數上漲161點收12,949點,成交…",,,,
tier:dense,2609,陽明,M.1650097313.A.477,2022-04-16 16:21:53,新聞,code,dense,False,1,[新聞],1,True,False,True,False,陽明|陽明海運,1292,"[代號] …[新聞] 原文標題:陽明5艘1.5萬箱貨櫃船決定造LNG雙燃料船 創國內貨櫃船首例 原文連結:https://reurl.cc/Yv7nMX 發布時間:2022年04月15日 16:01 原文內容: 陽明海運(【2609】)研究兩年多的造船計畫,今(15)日董事會終於通過建造5艘1.5萬箱(20呎 櫃)LNG雙燃料全貨櫃船,將透過國際標進行採購,成為國內首家建造LNG貨櫃船的公司。 陽明指出,本次造船計畫除符合陽明海運未來營運中長期發展及船隊汰舊換新需求外,…",,,,
tier:dense,2330,台積電,M.1634453845.A.CB6,2021-10-17 14:57:25,新聞,name,dense,False,1,[新聞] 美股飆擊退2灰犀牛 老謝斷言未來4大變化,2,False,False,True,False,台積電|台積,901,"[簡稱(name)] …://ctee.com.tw/news/global/532628.html 發布時間:2021.10.15 原文內容: 道瓊周四(14日)大漲534點,這是9月以來最大的彈升,帶動那斯達克飆漲1.73%, 費城半導體勁揚3.08%,【台積電】法說優於預期,領軍台股強彈393點, 一舉收復16700 點及5、10日線,終場收在最高16781點。 財信傳媒董事長謝金河分析,這一記長紅化解一個多月來市場因為大陸一連串監管, 包括恒大及限電兩隻灰犀牛繼續探底的壓力,也為全球股市的多頭…
[簡稱(name)] …傷害,但是中國緊閉門戶,除了滬深300指數, 上海、深圳的A股仍偏安,但力道減弱很多,只能勉強守成。 三、亞洲區的日本有逐漸崛起之勢,南韓呈現頹勢, 這當中,南韓大統領即將改選,這個衝擊不小。 還有這次美國對半導體產業的調查,原來不是針對【台積電】, 而是衝著三星、海力士來的, 顯示南韓的半導體和中國藕斷絲連的關係,可能犯了大忌! 四、台灣今年第三季業績表現會非常亮眼,第三季淨利會超過1兆元, 頂著前三季大賺3兆元的好成績,這次殺低,尤其是利空愈大的, 未來可能會有較大的表現空間。…",,,,
tier:dense,2330,台積電,M.1734424784.A.E3E,2024-12-17 16:39:44,新聞,name,dense,False,1,Re: [新聞] Tesla is having major issue with its s,1,False,False,True,False,台積電|台積,4624,[簡稱(name)] …Re: [新聞] Tesla is having major issue with its s 利空新聞出現 壓低甩轎 還沒上車的 該不會還不敢上車吧.. 真的很可悲 特斯拉狂漲 【台積電】1000-1100來來回回兩個月 你還不上車賺? 怪誰 ※ 引述《capssan (Miracle)》之銘言: : Tesla is having major issue with its self-driving computer i…,,,,
tier:dense,2609,陽明,M.1624931562.A.3BF,2021-06-29 09:52:42,標的,name_with_context,dense,False,1,Re: [標的] 萬海 2615 無腦空,1,False,False,True,False,陽明,894,[簡稱(name_with_context)] …讓我就算大賠 : : 也不會畢業 我已經估算過了 我的最大忍受範圍是萬海上450 : : 那我今年就完全做白工 當然我不會甚麼事都不做 不做一些避險就讓萬海嘎我 : : 直上450 如果有的話 比如我可以萬海空單續抱 做多長榮或【陽明】避險 : : 這是一種方法 最後還是感謝很多熱心 不認識的網友寫信來安慰我 給我一些交易 : : 經驗或心得 再次感謝 我還是重申萬海300以上絕對站不久 很多飆股高點就在 : : 竭盡缺口漲停板後幾天開始墜落 : 漲多就是最…,,,,
tier:dense,2303,聯電,M.1610456150.A.F59,2021-01-12 20:55:50,其他,code,dense,False,2,[其他] 110年01月12日信用交易統計,2,True,False,True,False,聯電,646,"[代號] …0632R元大台灣50反1 資增 12,536 張 券增 51 張 00677U富邦VIX 資減 5,749 張 券增 424 張 ================================= 【2303】聯電 資減 10,445 張 券減 3,101 張 2603長榮 資減 34,460 張 券減 3,873 張 ================================= 櫃買信用交易統計 資減 13…
[簡稱(name_with_context)] …R元大台灣50反1 資增 12,536 張 券增 51 張 00677U富邦VIX 資減 5,749 張 券增 424 張 ================================= 2303【聯電】 資減 10,445 張 券減 3,101 張 2603長榮 資減 34,460 張 券減 3,873 張 ================================= 櫃買信用交易統計 資減 13.9…",,,,
tier:dense,2330,台積電,M.1684721156.A.C15,2023-05-22 10:05:56,標的,name,dense,False,1,[標的] 8227.TW 巨有科技  腰子千金多,2,False,False,True,False,台積電|台積,199,"[簡稱(name)] …[標的] 8227.TW 巨有科技 腰子千金多 1. 標的: 8227.TW 巨有科技 2. 分類:多/空/討論/心得 多 3. 分析/正文: 目前場上只有三家ic設計 有【台積電】先進製程授權 創意 世芯-ky 巨有科技 巨有就像小時候的創意 台積電扶植本土廠商的意圖明顯 無弱兵 4. 進退場機制: 世芯 或 創意成為股王才停利 跌破100才停損 https://i.imgur.com/LkyhbV1…
[簡稱(name)] …科技 腰子千金多 1. 標的: 8227.TW 巨有科技 2. 分類:多/空/討論/心得 多 3. 分析/正文: 目前場上只有三家ic設計 有台積電先進製程授權 創意 世芯-ky 巨有科技 巨有就像小時候的創意 【台積電】扶植本土廠商的意圖明顯 無弱兵 4. 進退場機制: 世芯 或 創意成為股王才停利 跌破100才停損 https://i.imgur.com/LkyhbV1.jpg…",,,,
tier:dense,2603,長榮,M.1663513608.A.4AF,2022-09-18 23:06:48,新聞,code,dense,False,1,[新聞] 長榮恢復交易 多空目標價竟差逾2倍,1,True,False,False,False,,700,"[代號] …榮恢復交易 多空目標價竟差逾2倍 長榮恢復交易 多空目標價竟差逾2倍 https://ctee.com.tw/livenews/aj/ctee/A07601002022091822381909 2022-9-18 簡威瑟 航運指標股長榮(【2603】)19日迎接減資後首個交易日,每股參考價187元,內外資研究機 構多空站隊,摩根大通證券與金控旗下投顧領先其他研究機構,最早調整為減資後財務預 期,推估合理股價卻是南轅北轍的520元與160元,恢復交易愈看愈有戲。 相比於匯豐證券日前與另…",,,,
tier:dense,2330,台積電,M.1599275394.A.8EB,2020-09-05 11:09:54,新聞,name,dense,False,2,[新聞] 外資大賣台股 國家隊救援,1,False,False,True,False,台積電|台積,802,"[簡稱(name)] …面強勢族群除有防疫題材的生華科、大學光等生技股外,具有轉機題材的中低價太陽能 、面板、貨櫃船、高爾夫球頭、玻陶、鋼筋等相關個股,仍為內資短打主要標的。 外資昨日大舉調節236億元,為8月4日來最多,賣超逾1萬張個股包括群創、彩晶、友達、 【台積電】等,並逢低平倉元大台灣50反1。外資本周續賣超296億元,已連八周賣超。 投信昨日買超6億元,扮演一定支撐力道,單周累計買超10億元,連二買;八大公股行庫 逢低買超34億元。 3.心得/評論: ※必需填寫滿20字 八大行庫又來了 外資…",,,,
tier:dense,2330,台積電,M.1652911440.A.F0B,2022-05-19 06:04:00,新聞,name,dense,False,1,[新聞] 【美股盤後】重挫,1,False,False,True,False,台積電|台積,407,"[簡稱(name)] …點。 科技股那斯達克指數狂瀉566.36點或4.73%,收11418.16點。 費城半導體指數暴跌158.54點或5.17%,收2907.96點。 心得/評論: 我的心好累 看到美股這樣玩 太傷惹 昨天抄底金融股 今日怎麼辦? 今日【台積電】又要被外資領錢 還好我只買一成資金Q.Q…",,,,
tier:dense,2330,台積電,M.1601578344.A.254,2020-10-02 02:52:24,請益,name,dense,False,1,Re: [請益] 美德的第二季EPS問題,1,False,False,True,False,台積電|台積,1752,"[簡稱(name)] …是提醒未接手的朋友, 不要成為最後一隻老鼠。 籌碼成本其實是9103最大的負擔。 有太多人成本低於30以下,這些人平常很難洗掉。 但他們想跑的話,不計成本也能撈一筆回來。 在我看來這就是一種地雷。 尤其是結合上面的基本面分析之後, 如果是【台積電】大戶成本普遍低於100, 以他的展望,怎麼洗這群人都不會賣的。 但9103這種機會財的產業,hmmmm... 再加上同學會的氛圍已經進入等待主力拉抬。 我一直很好奇...主力拉抬是要賺錢。 你們吃豆腐就算了,搞的聲勢這麼大, 是要叫主力來洗…",,,,
tier:dense,2330,台積電,M.1611364632.A.3A2,2021-01-23 09:17:12,其他,code,dense,False,1,Re: [其他] ARK 昨天大買 TSM,1,True,False,False,False,,463,"[代號] …Buy TSM 64,338 0.3037 : ARKW 01/22/2021 Buy TSM 150,274 0.2952 : 買了 9x M USD 左右 : 看來乾媽比台灣韭菜對【2330】還有信心很多 美國人如果狂買ARK 乾媽就必須去補股票 所以狂買不代表有信心 要看的是TSM佔整體的權重有沒有上升 如果狂買但權重沒上升 那就只是單純補股票而已 狂賣也不代表沒信心 可以發現ARK幾乎一直都在賣TSLA 純粹是乾媽就算…",,,,
tier:dense,2610,華航,M.1730898280.A.0F7,2024-11-06 21:04:40,情報,name_with_context,dense,False,1,[情報] 全球航空市場復甦　台灣虎航營運可望持,1,False,False,True,False,華航,1145,"[簡稱(name_with_context)] …可望持續增長 來源:台灣虎航股份有限公司 網址:https://www.tigerairtw.com/zh-tw/about-tigerair/news/241106tigerstock 內文: 國內首家、也是目前唯一低成本航空公司、【華航】集團子公司台灣虎航-創(6757)配合改 列上市前公開承銷,對外競價拍賣7,161張,競拍底價39.6元,競拍時間為11月11日至13 日,11月15日開標;11月19日至21日辦理公開申購,11月25日抽籤,每人限定1張,暫定 承銷價40…",,,,
tier:dense,2330,台積電,M.1591186049.A.D08,2020-06-03 20:07:29,其他,name,dense,False,1,[其他] 只靠一檔金融股，這位「大俠」年領80萬,1,False,False,True,False,台積電|台積,1872,"[簡稱(name)] …始,以打造被動收入為目標,每年固定存股,目前已累積千萬資產,年領80多萬 元股息。令人跌破眼鏡的是,他的存股標的竟然只有一檔兆豐金...... 大俠,今年35歲,是一名軟體工程師,出社會沒多久就嘗試投資,和多數散戶一樣,玩短 線賺價差,只買【台積電】等大型權值股。短線操作長期七年,他認為,只要眼光夠準、運氣 夠好,短線買賣就能賺到一大筆錢,但心裡卻一點都不踏實。 直到2016年,遇見一位30年股市老手,跟他分享:「投資不會失敗的原因,在於被動收入 ,擁有穩定的現金流。」這位股市老手擁…",,,,
tier:dense,2303,聯電,M.1638942291.A.806,2021-12-08 13:44:51,請益,name_with_context,dense,False,2,[請益] 美股爆發，昨天空歡喜一場？,1,False,False,True,False,聯電,222,"[簡稱(name_with_context)] …[請益] 美股爆發,昨天空歡喜一場? 昨天看到美股大爆噴,幾乎整晚沒睡在看盤 這次不是恐慌,是滿滿期待啊 早上小睡一小時,坐在公司馬桶期待9:00開盤 手上有台積電,【聯電】,長榮 昨天道瓊和費半大爆發 想說台股上萬八,大哥二哥一定會帶頭衝 長榮直接攻上漲停板 開盤果然沒讓我失望,而且也差一步萬八,就安心去上班 中午午休時間打開app,怎麼變成這樣? 昨天空歡喜一場?沒賺到還賠錢,明天還來得及跑嗎?…",,,,
tier:dense,2609,陽明,M.1734918162.A.CEC,2024-12-23 09:42:42,標的,code,dense,False,2,[標的] 2609 陽明 板上一堆人吹=肅殺空,4,True,True,True,True,陽明,419,"[代號] …[標的] 【2609】 陽明 板上一堆人吹=肅殺空 ------------------------------------------------------------------------- 1.發標的文未充實內文,多空理由不充實者,板規1-1-5或4-…
[代號] …------------------------------------------------- 1.發標的文未充實內文,多空理由不充實者,板規1-1-5或4-4處份 2.進退場機制若非長期投資,請輸入停損價,否則依板規1-1- 標的:【2609】 陽明 分類:空 (請選擇並刪除無關分類) 分析/正文:板上不像前幾個月一堆人嫌棄航運 現在好多人都看到航運一直發利多推文 說可以買 今天跌破五日線 原則上拉抬到五日線在放空 川普時代 肅殺行情正式開始 當年也是川普開始放話…
[簡稱(name_with_context)] …-------------------------------------------- 1.發標的文未充實內文,多空理由不充實者,板規1-1-5或4-4處份 2.進退場機制若非長期投資,請輸入停損價,否則依板規1-1- 標的:2609 【陽明】 分類:空 (請選擇並刪除無關分類) 分析/正文:板上不像前幾個月一堆人嫌棄航運 現在好多人都看到航運一直發利多推文 說可以買 今天跌破五日線 原則上拉抬到五日線在放空 川普時代 肅殺行情正式開始 當年也是川普開始放話 後來…",,,,
tier:dense,2330,台積電,M.1628770506.A.0DA,2021-08-12 20:15:06,新聞,name,dense,False,1,[新聞] 外資:大幅資本支出不影響台積電營運動能,18,False,False,True,True,台積電|台積,1039,"[簡稱(name)] …[新聞] 外資:大幅資本支出不影響【台積電】營運動能 原文標題: 外資:大幅資本支出不影響台積電營運動能,給予每股 877 元目標價 (請勿刪減原文標題) 原文連結: https://bit.ly/3y…
[簡稱(name)] …[新聞] 外資:大幅資本支出不影響台積電營運動能 原文標題: 外資:大幅資本支出不影響【台積電】營運動能,給予每股 877 元目標價 (請勿刪減原文標題) 原文連結: https://bit.ly/3yGnHTj (請善用縮網址工具) 發布時間: 202…
[簡稱(name)] …址工具) 發布時間: 2021 年 08 月 12 日 15:20 (請以原文網頁/報紙之發布時間為準) 原文內容: 美系外資最新投資報告指出, 晶圓代工龍頭【台積電】股價始終居於橫盤整理格局, 主要來自投資人擔心,大量資本支出以支援先進製程研發,折舊攤提提高, 將影響台積電毛利率表現,進一步衝擊獲利。 外資認為,台積電已能很好應付相關風險,使毛利率穩定保持 50% 水準, 意味未來幾年獲利表現穩…",,,,
tier:dense,2330,台積電,M.1584534146.A.B26,2020-03-18 20:22:26,新聞,name,dense,False,1,Re: [新聞] TSMC確診,2,False,False,True,False,台積電|台積,319,"[簡稱(name)] …: 現在就怕是在7nm廠區的員工,嚴重的話可能要先停工 03/18 20:19 關於這個停工 某個請忽略醫院 院內感染四人 都沒停工了 他們怎麼做? 確診的去治療 接觸者去隔離 區域全部消毒 換一批人 繼續上班 醫院繼續運作 【台積電】今天也是這樣 區域全部消毒 確診去治療 接觸者隔離 換一批人 繼續運作 為什麼要停工??? 另外這病毒在台灣其實很難傳染 某個11歲確診去過補習班 全部沒事 某個確診在工廠上班 全部沒事 外傭照顧過其他病人 全部沒事 澳洲音樂家 接觸者…
[簡稱(name)] …作 為什麼要停工??? 另外這病毒在台灣其實很難傳染 某個11歲確診去過補習班 全部沒事 某個確診在工廠上班 全部沒事 外傭照顧過其他病人 全部沒事 澳洲音樂家 接觸者一百多人 全部沒事 這病毒在台灣的R0 我看連1都沒有..... 【台積電】這區區三十個接觸者 我估計也是全部沒事的機會比較大…",,,,
tier:dense,2303,聯電,M.1731995384.A.728,2024-11-19 13:49:44,新聞,code,dense,False,1,[新聞] 92萬股民喜迎！00929趁台股飆漲300點填息,1,True,False,False,False,,532,"[代號] …00929這次配息每股配發0.11元,為今年來第4度縮水,市場擔心填息不順將再影響下 個月配息表現,所幸這次順利填息,投資人鬆一口氣。 00929對前5大成分股權重皆超過6%以上,以聯發科(2454)權重10.767%最多,其次是聯 電(【2303】)的8.747%、日月光(3711)有8.402%、台灣大哥大(3045)達8.24%與遠傳電 信(4904)的6.298%。 心得/評論: 填息啦 終於填息啦 今天929大漲0.11% 92萬股民笑呵呵 雖然今年929含息績效只…",,,,
tier:dense,2330,台積電,M.1718547829.A.3E5,2024-06-16 22:23:49,新聞,name,dense,False,1,[新聞] 來不及投資輝達？分析師推7檔AI股票物美,6,False,False,True,False,台積電|台積,1181,"[簡稱(name)] …[新聞] 來不及投資輝達?分析師推7檔AI股票物美 原文標題:來不及投資輝達?分析師推7檔AI股票物美價廉:【台積電】ADR「驚人便宜」 ※請勿刪減原文標題 原文連結:https://udn.com/news/story/6811/8034845 ※網址超過一行過長請用縮網址工具 發布時間:2024-06-16 21:09 ※請以原文網頁/報紙之發…
[簡稱(name)] …原文網頁/報紙之發布時間為準 記者署名:編譯 林聰毅/綜合外電 ※原文無記載者得留空 原文內容: 巴隆周刊(Barron's)報導,人工智慧(AI)輝達(NVIDIA)股價在狂漲後,價位已偏高 ,但還有七檔物美價廉的AI標的,特別是【台積電】ADR更是「驚人便宜」,其他標的包括世 芯、奇鋐、SK海力士、三星電子、HD現代電力,以及馬來西亞的楊忠禮電力國際等公司。 報導指出,台積電生產全球約九成超先進晶片,是美國以外赫赫有名的AI企業,但台積電 ADR以未來一年獲利預測估算的本…
[簡稱(name)] …工智慧(AI)輝達(NVIDIA)股價在狂漲後,價位已偏高 ,但還有七檔物美價廉的AI標的,特別是台積電ADR更是「驚人便宜」,其他標的包括世 芯、奇鋐、SK海力士、三星電子、HD現代電力,以及馬來西亞的楊忠禮電力國際等公司。 報導指出,【台積電】生產全球約九成超先進晶片,是美國以外赫赫有名的AI企業,但台積電 ADR以未來一年獲利預測估算的本益比,只有23倍,比輝達折價33%。Baillie Gifford新 興市場股票團隊的投資經理人杜蘭說,就AI相關類股而言,台積電ADR「驚人…",,,,
tier:dense,2330,台積電,M.1718528061.A.14D,2024-06-16 16:54:21,標的,code,dense,False,1,Re: [標的] 賣台積電（台股）買輝達（NVDA）會賺嗎？,11,True,False,True,True,台積電|台積,540,"[代號] …Re: [標的] 賣台積電(台股)買輝達(NVDA)會賺嗎? ※ 引述《diefishfish ()》之銘言: : 如果把台股台積電(【2330】)部份出清 : 同筆資金去投資買輝達(NVDA)美股 : 這樣整個一個月、三個月、六個月 : 甚至是抱較長期 : 整體上來講 : 怎樣會比較賺呢? : 1.是持續抱著台積電(2330) : 2.還是賣掉台積電 : 去買輝達(NVDA)美股…
[代號] …efishfish ()》之銘言: : 如果把台股台積電(2330)部份出清 : 同筆資金去投資買輝達(NVDA)美股 : 這樣整個一個月、三個月、六個月 : 甚至是抱較長期 : 整體上來講 : 怎樣會比較賺呢? : 1.是持續抱著台積電(【2330】) : 2.還是賣掉台積電 : 去買輝達(NVDA)美股 : 1.或2哪個投資會比較好 : 也就是同一筆錢 : 投資台積電比較有前景 : 還是買輝達比較有前景 : 大家怎麼看? 建議把總投資資金的40%轉成NVDA 或NVDL 主要考量…
[簡稱(name)] …Re: [標的] 賣【台積電】(台股)買輝達(NVDA)會賺嗎? ※ 引述《diefishfish ()》之銘言: : 如果把台股台積電(2330)部份出清 : 同筆資金去投資買輝達(NVDA)美股 : 這樣整個一個月、三個月、六個月 : 甚至是抱較長期 : 整體上來講…",,,,
tier:dense,2603,長榮,M.1672047501.A.214,2022-12-26 17:38:21,新聞,code,dense,False,3,[新聞] 貨櫃三雄太便宜？ 專家曝1觀點 勇敢水手,1,True,False,True,False,長榮海運,761,"[代號] …s.com/amp/news/20221226900699-420101 發布時間:16:43 2022-12-26 記者署名:旺得富理財網 黃順德 原文內容: 資金轉進非電族群,鋼鐵人、航海王兩大王牌上周出現「破底翻」跡象,長榮(【2603】)、 中鋼(2002)等量噴價漲,惟今(26)日雙雙中箭落馬,類股跌幅位居一、二名;不過, 安聯投信台股團隊仍表示,隨中國大陸逐步解封,預期經濟及相關需求有望逐步恢復,進 而帶動部分原物料等需求。 農曆年前出貨潮湧現,上海出口集裝箱運價指…",,,,
tier:dense,2330,台積電,M.1626403298.A.A4E,2021-07-16 10:41:38,請益,name,dense,False,1,[請益] 長榮233T跟台積電679T哪個比較絕望?,3,False,False,True,True,台積電|台積,149,"[簡稱(name)] …[請益] 長榮233T跟【台積電】679T哪個比較絕望? 1. 長榮 套233年 2. 台積電 盤整到昏天暗地 3. 都不絕望 4. 半斤八兩 5. 其他 如果開賭盤看誰先解套真的也蠻有趣的 雖然長榮離233比較遠 但長榮比較容易拉高 雖然不知道行情是不是就…
[簡稱(name)] …[請益] 長榮233T跟台積電679T哪個比較絕望? 1. 長榮 套233年 2. 【台積電】 盤整到昏天暗地 3. 都不絕望 4. 半斤八兩 5. 其他 如果開賭盤看誰先解套真的也蠻有趣的 雖然長榮離233比較遠 但長榮比較容易拉高 雖然不知道行情是不是就此結束了 至於台積電就算繼續保持第一沒有爆點似乎也很難漲…
[簡稱(name)] …絕望? 1. 長榮 套233年 2. 台積電 盤整到昏天暗地 3. 都不絕望 4. 半斤八兩 5. 其他 如果開賭盤看誰先解套真的也蠻有趣的 雖然長榮離233比較遠 但長榮比較容易拉高 雖然不知道行情是不是就此結束了 至於【台積電】就算繼續保持第一沒有爆點似乎也很難漲 兩個糕點各有各的心酸…",,,,
tier:dense,2303,聯電,M.1624550750.A.EC0,2021-06-25 00:05:50,新聞,code,dense,False,2,[新聞] 大陸假芯片橫行 日趨嚴重 風險轉嫁消費者,1,True,False,True,False,聯電,1998,"[代號] …峰會和美韓 峰會上,拜登和日本首相、韓國總統都承諾在半導體領域進行合作。 心得/評論: ※必需填寫滿20字 市場上如果這種便宜假晶片多了 應該會影響到生產真正晶片的廠商吧? 聯電(【2303】.TW)與台積(2330.TW)的價格會受影響嗎? 不過一般聯電與台積的下游大廠 即使真的很缺晶片 應該不至於真的去用這類假晶片吧? --…",,,,
tier:dense,2330,台積電,M.1614423744.A.783,2021-02-27 19:02:24,心得,name,dense,False,1,Re: [心得] 買什麼賠什麼該收手了嗎,3,False,False,True,False,台積電|台積,578,"[簡稱(name)] …Re: [心得] 買什麼賠什麼該收手了嗎 ※ 引述《Ensidia (要宅的這麼神是有難度的)》之銘言: : 很難估出大致價值含夢的股票就不要碰 : 比如海運 空運 生技 甚至【台積電】 : 台積電本益比高不是一天兩天 : 但他含有偉大前景 : 多高才叫貴? : 誰敢保證自己說的準? : 這如果說的準還不躺在家裡數錢? : 原PO看的出來有閒錢 : 應該先把資產分幾部分 : 一部分投入005X系列讓他定期定額被動扣錢 :…
[簡稱(name)] …Re: [心得] 買什麼賠什麼該收手了嗎 ※ 引述《Ensidia (要宅的這麼神是有難度的)》之銘言: : 很難估出大致價值含夢的股票就不要碰 : 比如海運 空運 生技 甚至台積電 : 【台積電】本益比高不是一天兩天 : 但他含有偉大前景 : 多高才叫貴? : 誰敢保證自己說的準? : 這如果說的準還不躺在家裡數錢? : 原PO看的出來有閒錢 : 應該先把資產分幾部分 : 一部分投入005X系列讓他定期定額被動扣錢 : 想主動買賣的…
[簡稱(name)] …這種風險小 波動小 : 價值好估計的股票著手練功 去年這一整年玩什麼金融股? 每個玩股票的人身價都暴漲兩三倍 你看別人財產多出好幾百萬好幾千萬 別墅靠海邊了 你還推薦他新手玩金融股就好? 去年這個波動 就連新手都要下去追一筆 不然【台積電】 聯電 聯發科 瑞昱 高端等等飆好幾倍 金融股有的還貼息 甚至負的 例如那個XX金 新手入市遇到大行情 就是跟著買就對了 我完全不推薦金融股 跟垃圾一樣 不如放定存 金融股是等股市整年震盪的情況才玩的 原油跟航空股 根本就是送分…",,,,
tier:dense,2303,聯電,M.1633068006.A.086,2021-10-01 14:00:06,閒聊,name_with_context,dense,False,4,[閒聊] 2021/10/01 盤後閒聊,2,False,False,True,False,聯電,412,"[簡稱(name_with_context)] …上市 漲停家數(+10%) 0 跌停家數(-10%) 10 (中航、首利、台揚、長榮、新興、力麗、展宇、廷鑫、萬海、陽明) 上櫃 漲停家數(+10%) 4 跌停家數(-10%) 7 成交量排行:長榮、元大台灣50反1、陽明、【聯電】、群創 成交值排行:長榮、台積電、陽明、萬海、聯電 資料來源:TWSE 臺灣證券交易所、臺灣期貨交易所、奇摩股市 不言之中真章現,盤底欲求迴光照。 路下艷陽過途險,何物能望甦醒時? 備註:我已經無話可說了......…
[簡稱(name_with_context)] …10%) 10 (中航、首利、台揚、長榮、新興、力麗、展宇、廷鑫、萬海、陽明) 上櫃 漲停家數(+10%) 4 跌停家數(-10%) 7 成交量排行:長榮、元大台灣50反1、陽明、聯電、群創 成交值排行:長榮、台積電、陽明、萬海、【聯電】 資料來源:TWSE 臺灣證券交易所、臺灣期貨交易所、奇摩股市 不言之中真章現,盤底欲求迴光照。 路下艷陽過途險,何物能望甦醒時? 備註:我已經無話可說了......…",,,,
tier:dense,2303,聯電,M.1662983576.A.2B7,2022-09-12 19:52:56,新聞,name_with_context,dense,False,7,[新聞] 外資青睞航運金融等族群 投信連56個交易,1,False,False,True,False,聯電,666,"[簡稱(name_with_context)] …法人同步買超,合計買超147.35億元。其中,自營商買超21.86億元,投信買超13.37 億元,外資及陸資買超112.12億元。 其中,投信連56個交易日買超,續創台股紀錄,外資也由賣轉買。 外資買超排行中,第一名為群長榮航,第二名為【聯電】、第三名為中鋼,分別買超逾2.5萬 張、1.4萬張、1.3萬張,其次依序為陽明、群創、玉山金、元大金、華航、永豐金、新光 金。顯示航空、航運股、面板股、金融股等受到外資青睞。 根據外資賣超前10名個股,第一名為元大台灣50反1,賣超逾1.…",,,,
tier:dense,2409,友達,M.1619685687.A.E60,2021-04-29 16:41:27,新聞,code,dense,False,1,[新聞] 〈友達法說〉訂單已看到年底 Q2面板價格,6,True,False,True,True,友達,1100,"[代號] …news/id/4635561 (請善用縮網址工具) 發布時間:2021/04/29 14:39 (請以原文網頁/報紙之發布時間為準) 原文內容:面板大廠友達 (【2409】-TW) 受惠面板價量齊揚,首季大賺百億元,展望第 2 季 ,友達預期,產能利用率可望維持高檔,整體面板平均價格估續揚 11-14%,雖然零組件 仍吃緊,但出貨量仍可季增 2-4%,董事長暨執行長彭双浪更直言,訂單已看到年底,正 與客戶商談…
[簡稱(name_with_context)] …[新聞] 〈【友達】法說〉訂單已看到年底 Q2面板價格 原文標題:〈友達法說〉訂單已看到年底 Q2面板價格估可望續揚逾1成 (請勿刪減原文標題) 原文連結:https://news…
[簡稱(name_with_context)] …[新聞] 〈友達法說〉訂單已看到年底 Q2面板價格 原文標題:〈【友達】法說〉訂單已看到年底 Q2面板價格估可望續揚逾1成 (請勿刪減原文標題) 原文連結:https://news.cnyes.com/news/id/4635561…",,,,
tier:dense,2603,長榮,M.1635126883.A.BA3,2021-10-25 09:54:43,請益,code,dense,False,1,Re: [請益] 爆大量會如何操作?,7,True,False,True,False,長榮海運,2229,"[代號] …果將會十分不準確。"" 也就是說利用量價關係去預測未來股價是不明智的。 反過來說,如果有一個股可以利用成交量與技術分析獲取超額報酬 則該股票不屬於 弱勢效率。 二、是價領先量,還是量領先價? 以長榮海運為例 長榮海運(【2603】),7/6日最高為233元,至10/22收盤 89.2,下跌約61.7%。 很多人說量縮導致價跌,也有人說價跌導致量縮,本分析以長榮海運為例分析 報酬率與成交量關係: 到底是成交量增加使得價格上漲,成交量下跌導致價格…
[簡稱(name_with_context)] …去價量為基礎的技術分析來進行預測效果將會十分不準確。"" 也就是說利用量價關係去預測未來股價是不明智的。 反過來說,如果有一個股可以利用成交量與技術分析獲取超額報酬 則該股票不屬於 弱勢效率。 二、是價領先量,還是量領先價? 以【長榮海運】為例 長榮海運(2603),7/6日最高為233元,至10/22收盤 89.2,下跌約61.7%。 很多人說量縮導致價跌,也有人說價跌導致量縮,本分析以長榮海運為例分析 報酬率與成交量關係: 到底是成交量增…
[簡稱(name_with_context)] …進行預測效果將會十分不準確。"" 也就是說利用量價關係去預測未來股價是不明智的。 反過來說,如果有一個股可以利用成交量與技術分析獲取超額報酬 則該股票不屬於 弱勢效率。 二、是價領先量,還是量領先價? 以長榮海運為例 【長榮海運】(2603),7/6日最高為233元,至10/22收盤 89.2,下跌約61.7%。 很多人說量縮導致價跌,也有人說價跌導致量縮,本分析以長榮海運為例分析 報酬率與成交量關係: 到底是成交量增加使得價格上漲,成交量下…",,,,
tier:dense,2603,長榮,M.1646620788.A.416,2022-03-07 10:39:48,標的,code,dense,False,1,[標的] 2603 長榮 投機多,2,True,True,False,False,,173,"[代號] …[標的] 【2603】 長榮 投機多 1. 標的:2603 長榮 2. 分類:多 3. 分析/正文: 我是反指標,這次來測試一下人家 說的買綠賣紅看會不會賺 4. 進退場機制:s 154.5進場 165停利 145停損 單 http://i.imgur.…
[代號] …[標的] 2603 長榮 投機多 1. 標的:【2603】 長榮 2. 分類:多 3. 分析/正文: 我是反指標,這次來測試一下人家 說的買綠賣紅看會不會賺 4. 進退場機制:s 154.5進場 165停利 145停損 單 http://i.imgur.com/Y7wXq5C.jpg -…",,,,
tier:dense,2330,台積電,M.1651049616.A.06E,2022-04-27 16:53:36,新聞,name,dense,False,1,Re: [新聞] 聯發科：估本季業績持續季增,1,False,False,True,False,台積電|台積,549,[簡稱(name)] …跟業績一路向下 中共景氣下行 那是從去年就反應到現在的問題 也表現在面板跟敦泰的業績上面 驅動ic的去年就知道今年手機不行 要講聯發科Q2以後才會有反應 都反應了半年的東西 還需要Q2才有反應 ic設計的業績就跟晶圓代工的業績做掛鉤 【台積電】的業績創新高 ic設計的 消費型電子不行了 就會有其他的補上 補到整體半導體業業績創新高 現在的崩跌就跟業績沒關係 消費性電子產品不振也早有反應 外資三個月要殺出五千億趨勢到現在不停 不無視業績通殺也殺不出這種量 外資還想殺三個月五…,,,,
tier:dense,2603,長榮,M.1620650606.A.9C8,2021-05-10 20:43:26,標的,code,dense,False,2,Re: [標的] 2603 長榮 實單交易偉大航海旅程多,2,True,True,False,False,,1604,"[代號] …Re: [標的] 【2603】 長榮 實單交易偉大航海旅程多 ※ 引述《mayingnine (個性決定能否投資賺大錢)》之銘言: : -------------------------------------------------------------------…
[代號] …退場機制若非長期投資,請輸入停損價,否則依板規1-1-6處份 : 3.請依格式輸入內容,未依格式者板規1-1-2砍文處份。 : 標題請使用以下格式:股號.市場碼+股名+分類 (市場碼:TW US HK CN JP KR...) : 【2603】 長榮 : 2. 分類:多/空/請益/心得 : 偉大航海旅程多 : 3. 分析/正文: : 歡迎反面看空意見 越多越好 希望有不同的觀點 : 現在長榮就是跟陽明 萬海比價 未來長榮史上最大貨櫃船七月要交貨 : 股票就是看未來 長榮第一季新船…",,,,
tier:dense,2330,台積電,M.1694412002.A.D30,2023-09-11 14:00:02,閒聊,name,dense,False,1,[閒聊] 2023/09/11 盤後閒聊,1,False,False,True,False,台積電|台積,364,[簡稱(name)] …-15246 投信 外資 +1544 漲停家數(+10%) 17 跌停家數(-10%) 7 成交量排行 國泰永續高股息、緯創、復華台灣科技優息、 群益台灣精選高息、矽統 成交值排行 廣達、緯創、技嘉、智原、【台積電】 ---------------------------------------- 今天比較有趣了 -- https://imgur.com/6GGT2ao.jpg…,,,,
tier:dense,2330,台積電,M.1611203448.A.822,2021-01-21 12:30:48,新聞,code,dense,False,1,[新聞] 傳Intel代工晶片至少5項 接單超三星,13,True,False,True,False,台積電|台積,1129,"[代號] …/reurl.cc/9ZZKGY 2.原文內容: 台積刷盤中空前高!傳Intel代工晶片至少5項 接單超三星 MoneyDJ新聞 2021-01-21 11:41:18 記者 陳苓 報導 英特爾(Intel)晶圓代工擴大委外給台積電(【2330】),可能會在週四(21日)宣布。日媒透露 ,英特爾外包給台積的項目相當多,至少有五項,包括CPU、GPU、週邊晶片等,而且台積 的接單量高於三星電子。 MoneyDJ XQ全球贏家系統報價顯示,台北時間21日上午11點39分為止,台積電上…
[簡稱(name)] …[新聞] 傳Intel代工晶片至少5項 接單超三星 1.原文連結: https://reurl.cc/9ZZKGY 2.原文內容: 【台積】刷盤中空前高!傳Intel代工晶片至少5項 接單超三星 MoneyDJ新聞 2021-01-21 11:41:18 記者 陳苓 報導 英特爾(Intel)晶圓代工擴大委外給台積電(2330),可能會在週四(21日)宣布。日媒透露 ,英特爾…
[簡稱(name)] …ps://reurl.cc/9ZZKGY 2.原文內容: 台積刷盤中空前高!傳Intel代工晶片至少5項 接單超三星 MoneyDJ新聞 2021-01-21 11:41:18 記者 陳苓 報導 英特爾(Intel)晶圓代工擴大委外給【台積電】(2330),可能會在週四(21日)宣布。日媒透露 ,英特爾外包給台積的項目相當多,至少有五項,包括CPU、GPU、週邊晶片等,而且台積 的接單量高於三星電子。 MoneyDJ XQ全球贏家系統報價顯示,台北時間21日上午11點39分為止…",,,,
tier:dense,2303,聯電,M.1713494467.A.EB2,2024-04-19 10:41:07,新聞,name_with_context,dense,False,3,[新聞] 台股急殺712點史上最大 分析師黃文清：不,1,False,False,True,False,聯電,1449,"[簡稱(name_with_context)] …長態度,回檔是找好的標的不錯的機會。 美股漲跌不一,費城半導體指數下跌1.66%,台積電(2330)在美存託憑證ADR重挫4.86% ,今早在台股同樣以重挫4%開出,直接跌到最低767元,下跌35元,光一檔影響台股指數 破300點,鴻海、【聯電】、聯發科都同樣重挫1.7~3%,電子股殺聲陣天,只剩航運、紡織、 塑化、營建、造紙小紅撐盤。 心得/評論: 見證歷史了嗎 依照新聞的說法 跌幅排名 1.20240419 712 2.20200130 696.97 3.202105…",,,,
tier:sparse,1513,中興電,M.1705509012.A.32B,2024-01-18 00:30:12,新聞,name,sparse,False,13,[新聞] AI還有戲！2023年最強台股ETF換這些股,1,False,False,True,False,中興電,1447,"[簡稱(name)] …、眾達-KY、科嘉-KY、虹堡、鈞寶、佳 必琪、同欣電、光聖、鈺邦、穎崴、愛普*、鼎基、矽創、南電、致新、至上、世紀鋼。 至於FT臺灣SMART總持股123檔,本次新增38檔、刪除39檔,更換檔數約在三成,新增如環 泥、大成、泰山、三芳、【中興電】、堤維西、信錦、潤隆、宇隆、華通、金像電、義隆、敦 陽科、冠德、宏盛、台航、京城銀、統一超、全漢、增你強、零壹、智原、文曄、晶技、 玉晶光、智易、大聯大、合勤控、永信、宏正、啟碁、保瑞、研揚、達方、宇瞻、豐泰、 櫻花、宏全。 成分股刪除名…",,,,
tier:sparse,1903,士紙,M.1594952110.A.8E6,2020-07-17 10:15:10,新聞,name_with_context,sparse,False,2,[新聞] 台灣錢淹腳目再現！大地主士紙效應 盤點,1,False,False,True,True,士紙,1516,"[簡稱(name_with_context)] …相獵地。今年上半年南港商用不動產與土地交易額更直逼四○○億元, 創下二○一一年統計以來新高,主因就是南港經貿園區開發、重大公共建設陸續到位, 地主紛紛進行都市更新及土地使用分區變更。 然而,這波資產股飆漲最具代表性莫過於士林三寶之一的【士紙】, 股價自三月十九日低點二五.二元一路飆漲,最高來到九四.二元, 短線漲幅高達二.七三倍。 由於近年台北市政府推出士林再生計畫,包括士林紙廠、新光紡織廠、中油廠址等 都將改造更新,重新注入觀光活力。 例如:捷運劍潭站正對面、建築新穎的…",,,,
tier:sparse,1504,東元,M.1589190732.A.938,2020-05-11 17:52:12,新聞,code,sparse,False,1,[新聞] 東元現金股利0.99元優於去年 佈局數位轉,5,True,False,True,True,東元,684,"[代號] …[新聞] 東元現金股利0.99元優於去年 佈局數位轉 東元現金股利0.99元優於去年 佈局數位轉型力拚獲利 張義宮/經濟日報 東元(【1504】)今(11)日舉辦股東會,會中通過108年度盈餘分派案,每股分派現金股利0.9 9元,配息率為60%,優於去年。 展望109年,雖仍有疫情影響等不確定因素存在,董事長邱純枝表示,已擬妥應對措施,將 加強大陸以外的智動及機電產品部件第二供應…
[簡稱(name_with_context)] …[新聞] 【東元】現金股利0.99元優於去年 佈局數位轉 東元現金股利0.99元優於去年 佈局數位轉型力拚獲利 張義宮/經濟日報 東元(1504)今(11)日舉辦股東會,會中通過108年度盈餘分派案,每股分派現金股利0.9 9元,配息率為60%,優於去年…
[簡稱(name_with_context)] …[新聞] 東元現金股利0.99元優於去年 佈局數位轉 【東元】現金股利0.99元優於去年 佈局數位轉型力拚獲利 張義宮/經濟日報 東元(1504)今(11)日舉辦股東會,會中通過108年度盈餘分派案,每股分派現金股利0.9 9元,配息率為60%,優於去年。 展望109年,雖仍有疫情影響等不確定因…",,,,
tier:sparse,1304,台聚,M.1717309742.A.FD9,2024-06-02 14:29:02,新聞,name,sparse,False,2,[新聞] 經濟脅迫出招！中國喊停ECFA關稅減讓 謝,1,False,False,True,False,台聚,1443,"[簡稱(name)] …無法抵制封殺輝達,是輝達有能力封鎖中國!」 謝金河續指,「ECFA的威力有多大?我在選前都說過,不再重複。現在擺在眼前的是:不 是ECFA的問題,而是中國產能過剩的問題。今年第一季,台灣幾乎所有石化廠商在中國都 賠錢,台塑,南亞,台化,到【台聚】,華夏,台達化,國喬石化都賠錢,我把報表秀給大家 看,大家一看就懂!一個產業弄到每一家都賠錢,就像是一年養7億隻豬,所有養豬企業 都慘賠,這恐怕不是企業的問題,而是整個產業產銷秩序出了問題!」 謝金河強調,「現在所有和ECFA有關的企業都…",,,,
tier:sparse,2359,所羅門,M.1724845012.A.487,2024-08-28 19:36:52,新聞,code,sparse,False,1,[新聞] 證交所公布18檔注意股 所羅門當沖比率,4,True,False,True,True,所羅門,432,"[代號] …19:20 證交所公布18檔注意股 所羅門當沖比率達66.58%上榜 https://cdn2.ettoday.net/images/7455/7455738.jpg 記者高兆麟/綜合報導 證交所今日公布18檔注意股,其中所羅門(【2359】)因08月27日之最近六個營業日之當日沖 銷成交量占最近六個營業日總成交量比率65.67%,且08月27日當日沖銷成交量占該日總成 交量比率66.58%,因此入列。 其餘還有喬福、展宇、昆盈、映泰、隴華、承啟、晟銘電、正達、聯鈞、聯穎、全…
[簡稱(name)] …[新聞] 證交所公布18檔注意股 【所羅門】當沖比率 ETtoday財經雲 2024-08-28 19:20 證交所公布18檔注意股 所羅門當沖比率達66.58%上榜 https://cdn2.ettoday.net/images/7455/7455738.jpg 記者高兆麟/…
[簡稱(name)] …[新聞] 證交所公布18檔注意股 所羅門當沖比率 ETtoday財經雲 2024-08-28 19:20 證交所公布18檔注意股 【所羅門】當沖比率達66.58%上榜 https://cdn2.ettoday.net/images/7455/7455738.jpg 記者高兆麟/綜合報導 證交所今日公布18檔注意股,其中所羅門(2359)因08月27日之最近六個營業日之當日…",,,,
tier:sparse,2605,新興,M.1610423617.A.B72,2021-01-12 11:53:37,新聞,name_with_context,sparse,False,4,[新聞] 《熱門族群》外資喊高長榮目標價 航運股,1,False,False,True,False,新興,879,"[簡稱(name_with_context)] …,儘管11日再度轉賣,貨櫃三雄股價仍續強,漲幅皆逾3%。 2020年底以來台股的明星族群航運股,股價11日在貨櫃三雄長榮、陽明及萬海上漲5.83% 、4.58%及3.92%,連帶中低價位的散裝航運股亦受惠,中航、慧洋-KY雙雙亮檔漲停, 【新興】、裕民及台航漲幅則落在3~6%間。 貨櫃三雄2020年第四季營收、獲利表現亮眼,長榮12月營收衝上245.8億元,月增24.7% 、年增58.81%,再締新猷;更推升全年營收高達2,072.83 億元,全年營收首度突破2千 億元大關。亞系…",,,,
tier:sparse,2308,台達電,M.1652932134.A.71A,2022-05-19 11:48:54,新聞,name,sparse,False,3,[新聞] 台股暴跌外資點出兩關鍵 聯發科、廣達躺,2,False,False,True,False,台達電,847,"[簡稱(name)] …波亞洲科技股的下修潮,是2020年來首見,對比2011年、2015年、 2019年時,在獲利下降周期中,個別公司的每股獲利至少下修20%~35%,認為目前僅算修 正起點,預計調整期至少還有2季。 在台廠部分,該外資看好台積電、鴻海、祥碩、【台達電】、緯穎等5檔,但看壞聯發科、和 碩、譜瑞-KY、華碩、廣達等5家。 中信投顧資深台股分析師陳柏州則認為,台股雖有籌碼浮額洗淨、費半指數修正3成跌深 、個股高殖利率等3利多,但目前盤面負面因素也不少,如美國第2、3季GDP不排除出現負 數,…
[簡稱(name)] …少連2季衰退,加上第3季利率上升對房貸影響性加大,股市基本面仍有下修風險。 心得/評論: 外資點名的個股中,大多是消費性電子的供應鏈 個別公司的每股獲利至少下修20%~35%,十分可怕 看好的個股中台積電是台股獲利王,鴻海是台股營收王 【台達電】也有切入電動車題材後勢可期 美國GDP在第二季和第三季有可能負成長 經濟衰退加上通膨,飯都吃不飽了哪會買3C產品 總的來說,外資評論個股未必準確,但分析邏輯還是可以參考的…",,,,
tier:sparse,2606,裕民,M.1673722382.A.A5E,2023-01-15 02:53:02,新聞,name_with_context,sparse,False,2,[新聞] 泰山之爭 估6月後判決,1,False,False,True,False,裕民,862,"[簡稱(name_with_context)] …月11日晚間,泰山發布重大訊息,公告已收到智慧財產及商業法院商業庭的通知,以及龍? 、保勝投資公司的起訴狀繕本,訴求的是公司派賣出手中近兩成全家股權,違反公司法第18 5條,也讓泰山經營權之爭進入司法攻防。 正大聯合會計師事務所會計師羅【裕民】表示,依目前可查詢的泰山最新2022第3季財報來看, 全家持股佔泰山總資產三成,且依泰山最新公布2022年12月營收,還年增6.95%。 換言之,泰山於2022年12月5日處分全家持股,但處分後截至12月底,營業不但未大幅減縮? 反而呈…",,,,
tier:sparse,1402,遠東新,M.1584063431.A.8A8,2020-03-13 09:37:11,標的,code,sparse,False,1,Re: [標的] 1402 遠東新,1,True,True,True,True,遠東新,315,[代號] …Re: [標的] 【1402】 遠東新 現在遠東新剩下23元 大概也沒甚麼人敢買的 老實說 我自己看過遠東新最低是22元 之前2008金融海嘯 遠東新有過到16元的時候 抱歉 叫大家27元就買進 遠東王也有看錯的時候 對不起 沒想到有生之年還可以碰到一次 股市大…,,,,
tier:sparse,2308,台達電,M.1681744903.A.5F3,2023-04-17 23:21:43,新聞,name,sparse,False,2,[新聞] 外資看台股衝萬七 擁抱442投資戰術陣型,1,False,False,True,False,台達電,865,"[簡稱(name)] …選擇上,匯豐認為,不同於市場第一季的大幅彈升,第二季因為要消化企業財報成 績單與下半年展望的變數,走勢可能會較顛簸,因此,仿效足球運動排出攻守平衡的「 442」戰術陣型、抵禦市場波動。 首先,四檔高度看好基本面表現的買進首選包括:台積電、【台達電】、儒鴻、遠傳,憑藉由 下而上(bottom-up)的堅定基本面,抵擋外部不確定性風險。其次,四檔優先賣出標的 是聯發科、南電、穩懋與巨大,提醒市場這些個股獲利有下修風險。最後的二檔標的則屬 於「反市場共識」代表,給予元太「賣出」投資評等,另…",,,,
tier:sparse,2327,國巨*,M.1611836193.A.755,2021-01-28 20:16:33,新聞,name_with_context,sparse,False,5,[新聞] 台股重挫285點 台積電股價力守600元關卡,1,False,False,True,False,國巨,887,"[簡稱(name_with_context)] …及26.01元,今年第1季營運 也都可望有淡季不淡表現,只是市場賣壓沉重,股價分別收跌6.57%及3.12%。 股王大立光股價表現相對強勢,收漲50元,重登3000元之上,達3025元,宏碁也延續強勁 走勢,收漲6.63%。只是鴻海與【國巨】等股價走弱,整體電子類股指數仍收跌2.14%。 傳統產業股普遍走跌,包括塑膠、造紙、鋼鐵、橡膠、汽車與玻璃類股指數同步重挫逾1% 。王品決定買回庫藏股,股價強攻漲停,達124元,帶動觀光類股指數收漲0.93%,表現相 對強勢。 華航…",,,,
tier:sparse,2329,華泰,M.1701669602.A.8F7,2023-12-04 14:00:02,閒聊,name_with_context,sparse,False,3,[閒聊] 2023/12/04 盤後閒聊,2,False,False,True,False,華泰,384,"[簡稱(name_with_context)] …39%)成交量 977.34億 台指期 自營商 +1138 投信 -337 外資 -3521 台指選 自營商 -6905 投信 外資 -986 漲停家數(+10%) 30 跌停家數(-10%) 3 成交量排行 群創、【華泰】、群益台灣精選高息、開發金、元大台灣50反1 成交值排行 台積電、智原、華泰、緯穎、華城 ---------------------------------------- 噴得很噴 崩得很崩 老話一句 救命!!!!!!!!!!!!!!!!!…
[簡稱(name_with_context)] …337 外資 -3521 台指選 自營商 -6905 投信 外資 -986 漲停家數(+10%) 30 跌停家數(-10%) 3 成交量排行 群創、華泰、群益台灣精選高息、開發金、元大台灣50反1 成交值排行 台積電、智原、【華泰】、緯穎、華城 ---------------------------------------- 噴得很噴 崩得很崩 老話一句 救命!!!!!!!!!!!!!!!!!!!!!!!!!! -- https://imgur.com/6GGT2ao…",,,,
tier:sparse,2014,中鴻,M.1624518613.A.301,2021-06-24 15:10:13,新聞,name_with_context,sparse,False,7,[新聞]台股站上17400點大關！萬海、長榮領軍航,1,False,False,True,False,中鴻,818,"[簡稱(name_with_context)] …6.81%。 另外,新興、中航、中櫃、志信、台驊投控、建新國際和宅配通也攻上漲停,慧洋-KY漲 逾9%,嘉榮大里漲半根停板,而四維航在跌停開出後也拉回,終場收跌1.93%。 鋼鐵股表現續強,聚亨、海光、彰源、威致和佳大攻上漲停,官田鋼、【中鴻】、千興、燁輝 、春雨均漲逾 4%。 心得/評論: ※必需填寫滿20字 護國艦隊又來囉,上次徵招的水手已經在偉大航道挖掘寶物了, 航酸可別再錯過了,上次收斂三角果然過高,明天萬海要…",,,,
tier:sparse,2608,嘉里大榮,M.1710338923.A.18E,2024-03-13 22:08:43,情報,code,sparse,False,1,[情報] 2608嘉里大榮 112年度EPS:3.63元,2,True,True,True,True,嘉里大榮,609,"[代號] …[情報] 【2608】嘉里大榮 112年度EPS:3.63元 1.標題:本公司112年度合併財務報告提報董事會通過 2.來源:公開資訊觀測站 3.網址:https://reurl.cc/80aXdo 4.內文: 1. 提報董事會或經董事會決議日期:113…
[簡稱(name)] …[情報] 2608【嘉里大榮】 112年度EPS:3.63元 1.標題:本公司112年度合併財務報告提報董事會通過 2.來源:公開資訊觀測站 3.網址:https://reurl.cc/80aXdo 4.內文: 1. 提報董事會或經董事會決議日期:113/03/…",,,,
tier:sparse,6768,志強-KY,M.1619322241.A.123,2021-04-25 11:44:01,標的,code,sparse,False,1,[標的] 6768志強-KY 比價多,17,True,True,True,True,志強|志強-KY,1570,"[代號] …[標的] 【6768】志強-KY 比價多 1. 標的:6768志強-KY 2. 分類:多 3. 分析/正文: 6768志強-KY 比價多 事業簡介: 主要製造運動鞋、休閒鞋,占營收97%。 細項可再分足球鞋、慢跑鞋、棒球鞋、美式足球鞋等等。尤其足球鞋占全…
[代號] …[標的] 6768志強-KY 比價多 1. 標的:【6768】志強-KY 2. 分類:多 3. 分析/正文: 6768志強-KY 比價多 事業簡介: 主要製造運動鞋、休閒鞋,占營收97%。 細項可再分足球鞋、慢跑鞋、棒球鞋、美式足球鞋等等。尤其足球鞋占全球市占率20%。 銷售區域:歐洲39%、…
[代號] …[標的] 6768志強-KY 比價多 1. 標的:6768志強-KY 2. 分類:多 3. 分析/正文: 【6768】志強-KY 比價多 事業簡介: 主要製造運動鞋、休閒鞋,占營收97%。 細項可再分足球鞋、慢跑鞋、棒球鞋、美式足球鞋等等。尤其足球鞋占全球市占率20%。 銷售區域:歐洲39%、美洲34%、亞洲24%、台灣0%。 主要客戶:NIKE,占營收…",,,,
tier:sparse,2605,新興,M.1635438520.A.4DF,2021-10-29 00:28:40,情報,name_with_context,sparse,False,2,[情報] 10/29 散裝航運指數 BDI BCI BPI BSI BHI,1,False,False,True,False,新興,582,[簡稱(name_with_context)] …昨天沒人PO 補個BCI 2021/10/27 4828.00 -8.97% -------------------------------心得---------------------------- 99裕民 99中航 99【新興】 話說BCI這四五天都大跌 但這三隻股價倒也沒有崩到那麼慘? 利空不跌 是不是可以滿倉歐印幹進去了 散裝帶著貨櫃暴衝的榮景不遠了 水手們揚帆啦 咕嚕咕嚕…,,,,
tier:sparse,1904,正隆,M.1682305360.A.939,2023-04-24 11:02:40,新聞,name_with_context,sparse,False,4,[新聞] 擁碳權、碳匯 正隆、華紙等造紙股翻身,3,False,False,True,True,正隆,1175,"[簡稱(name_with_context)] …隆、華紙等造紙股翻身 原文連結: https://ctee.com.tw/news/industry/849527.html 發布時間: 2023/04/24 記者署名: 邱莉玲 原文內容: 台灣碳權交易所即將開張,手握碳權、碳匯的【正隆】、華紙、永豐餘等造紙業受惠,台股資金 追捧。其中,正隆是國內首家取得國際碳權交易資格的企業,已註冊7.9萬公噸碳權,可進 行增量抵換交易,並累積再生能源憑證11,917張,串聯20家工紙上下游廠組織造紙業首個產 業碳中和聯盟,推動減碳。…
[簡稱(name_with_context)] …tee.com.tw/news/industry/849527.html 發布時間: 2023/04/24 記者署名: 邱莉玲 原文內容: 台灣碳權交易所即將開張,手握碳權、碳匯的正隆、華紙、永豐餘等造紙業受惠,台股資金 追捧。其中,【正隆】是國內首家取得國際碳權交易資格的企業,已註冊7.9萬公噸碳權,可進 行增量抵換交易,並累積再生能源憑證11,917張,串聯20家工紙上下游廠組織造紙業首個產 業碳中和聯盟,推動減碳。 華紙從造林到造紙形成固碳產業鏈,在兩岸植林逾3萬公頃,…
[簡稱(name_with_context)] …這波碳權交易政策利多的激勵,造紙業大牛翻身,上市造紙類指數21日逆勢強漲2.13% ,成交值爆出逾37億元大量。其中,指標股華紙連續二日拉漲停,21日股價來到21元,技術 面呈噴出狀態,周漲幅18.31%,融資連兩日大增,籌碼漸趨凌亂。 【正隆】連二日出現帶量留長上影線走勢,具籌碼面優勢,21日股價上漲3.22%、收30.4元,周 漲幅5.37%,本周能否續攻,參考指標華紙走勢,下檔28.2元具支撐。永豐餘21日外資賣超 近7,000張,本土法人站買方,帶量留長上影線,小漲0.83…",,,,
tier:sparse,2308,台達電,M.1682396049.A.438,2023-04-25 12:14:09,標的,name,sparse,False,1,[標的] 00923.TW 低碳政策起飛多,1,False,False,True,False,台達電,940,"[簡稱(name)] …一波利多啦~~ 買這個的概念也是扣緊低碳議題,現在噴的是那些碳權受惠股 反向來說 以後碳費碳稅課起來 就是那些排碳大戶要去搶碳權,不然就可能會被課爛 照這個想法,低碳企業就是比較有利 (啊我碳成本就低 課下來我營收還不彎道超車?) 雖然【台達電】等相關類股還沒反應,但都是指日可待的啊 畢竟大廠們早早就在做碳管理了 再補充個新聞 歐洲議會批准碳關稅立法 全球首例貿易法納氣象規則 https://bit.ly/41UOJVg “歐洲議會十八日批准針對進口產品徵收碳稅的立法,將於二…",,,,
tier:sparse,2616,山隆,M.1619538708.A.B63,2021-04-27 23:51:48,請益,name_with_context,sparse,False,3,[請益] 原物料上漲與個股價格的關係？,1,False,False,True,False,山隆,348,"[簡稱(name_with_context)] …[請益] 原物料上漲與個股價格的關係? 問題:國際原物料上漲,台灣的造紙業正隆 【山隆】一直漲,美國的KMB股價卻一直跌,兩個 不都是因為原料漲影響利潤嗎?原物料漲個股到底有什麼好漲的?(中鋼也是) ---------------------------------------------------------------…",,,,
tier:sparse,2327,國巨*,M.1633771733.A.430,2021-10-09 17:28:53,心得,name_with_context,sparse,False,3,[心得]航運用長榮期放空 之所以幾乎穩轉不賠分析,6,False,False,True,False,國巨,2614,"[簡稱(name_with_context)] …獲利根基已不在 2016飆股-同致 https://i.imgur.com/AFRQjps.jpg 產業分類:車用 飆點題材:電動車 股價現狀:獲利回升,再又飆一下 未來性:電動車具有遐想空間 此外也再放幾支自己挑的 一定不能錯過的【國巨】 2018飆股-國巨 https://i.imgur.com/z0RoGeY.jpg 國巨沒什麼好說的 就是航運1.0 差別在國巨比航運更好 在獲利2019落底後 2020、2021重回成長, 股價也沒讓國巨委屈,波段漲幅也不小 2…
[簡稱(name_with_context)] …jpg 產業分類:車用 飆點題材:電動車 股價現狀:獲利回升,再又飆一下 未來性:電動車具有遐想空間 此外也再放幾支自己挑的 一定不能錯過的國巨 2018飆股-國巨 https://i.imgur.com/z0RoGeY.jpg 【國巨】沒什麼好說的 就是航運1.0 差別在國巨比航運更好 在獲利2019落底後 2020、2021重回成長, 股價也沒讓國巨委屈,波段漲幅也不小 2018飆股-憾訊 https://i.imgur.com/t4PWeTP.jpg 2018年…
[簡稱(name_with_context)] …車 股價現狀:獲利回升,再又飆一下 未來性:電動車具有遐想空間 此外也再放幾支自己挑的 一定不能錯過的國巨 2018飆股-國巨 https://i.imgur.com/z0RoGeY.jpg 國巨沒什麼好說的 就是航運1.0 差別在【國巨】比航運更好 在獲利2019落底後 2020、2021重回成長, 股價也沒讓國巨委屈,波段漲幅也不小 2018飆股-憾訊 https://i.imgur.com/t4PWeTP.jpg 2018年比特幣狂熱時 除了是全市場的追捧目標外…",,,,
tier:sparse,2344,華邦電,M.1647504870.A.A14,2022-03-17 16:14:30,新聞,name,sparse,False,12,[新聞] 台股融券回補大戲 上秀,3,False,False,True,False,華邦電,1041,"[簡稱(name)] …/6170157 發布時間:2022-03-17 03:08 原文內容:經濟日報 / 記者王皓正/台北報導 外資摜壓台股,加權指數轉空壓力驟增,但多頭援兵報到、融券回補大戲上演,明(18) 日將由華航、彩晶、萬海領銜登場,長榮航、長榮、【華邦電】、聯電、新光金等3月底前跟 進,估約457家上市櫃企業共12.5萬張融券、總計逾108億元的回補買盤將在清明節前齊步 進場,為台股多頭反攻增添柴火。 在俄烏戰情持續變化、中國大陸疫情擴大緊急封城、美聯準會利率決策會議將公布結果等 多重因素…
[簡稱(name)] …張,市值逾108億元的回補買盤,將在清明節前齊步進場,期望能為台股多 頭反攻增添動能。 其中,市值千億元以上大型企業,包括台塑化、長榮、南亞、台塑、聯電、台化、陽明、 統一、元大金、南電、矽力-KY、大立光、永豐金、緯穎、長榮航、新光金、【華邦電】、祥 碩、聯強、可成等。 至於在最後回補日的時程上,華航、彩晶、智原、萬海、光罩、台驊投控、南亞科等為本 周五(18日);下周則有長榮航、長榮、陽明、華邦電、創惟、聯電、新唐、新光金、旺 宏、南電、景碩、東和鋼鐵、永豐金等個股須要強制回補…
[簡稱(name)] …化、陽明、 統一、元大金、南電、矽力-KY、大立光、永豐金、緯穎、長榮航、新光金、華邦電、祥 碩、聯強、可成等。 至於在最後回補日的時程上,華航、彩晶、智原、萬海、光罩、台驊投控、南亞科等為本 周五(18日);下周則有長榮航、長榮、陽明、【華邦電】、創惟、聯電、新唐、新光金、旺 宏、南電、景碩、東和鋼鐵、永豐金等個股須要強制回補。 此外,飛宏、元晶、威盛、華通、榮成、敦泰、裕民、世芯-KY、新興、台玻、全新、元 大金等,則預計將在3月底至清明節前,進行融券回補。 第一金投顧董事長…",,,,
tier:sparse,9934,成霖,M.1678337399.A.715,2023-03-09 12:49:59,新聞,code,sparse,False,2,[新聞] 永道-KY 鴻碩 成霖 股票申購抽籤賺紅包!,4,True,False,True,True,成霖,793,"[代號] …原文連結:https://reurl.cc/RvvGGz 發布時間:2023年3月9日 週四 上午8:22 記者署名:李瑞瑾|Yahoo財經特派記者 原文內容: 永道射頻(永道-KY,6863)初次上市案、鴻碩(3092)與成霖(【9934】)的上市增資案,同步於 今(9)天進行公開申購,其中參與鴻碩(3092)抽籤的投資人若幸運中籤,可望獲得超過1.3 萬元的大紅包! 永道射頻(6863)初次上市普通股股票承銷案,公開申購股數為1,736張,辦理公開申購價 格為83.58元…
[代號] …1年度4.07元,2022年度前三季為4.03元。 鴻碩(3092)上市增資同樣也於今天起進行公開申購,每股承銷價26.21元,承銷張數850張 ,以市價39.8元計算,投資人抽中一張可獲13,540元價差,報酬率有51.7%。 成霖(【9934】)增資公開申購案件,承銷張數4,250張,申購張數為2張,也就是有2,125個中 籤機會。以承銷價每股11.75元、市價13.1元試算,投資人中籤可獲2,700元價差,報酬率 11.5%。 以上3檔個股公開申購期間為3/9~3/13,3/…
[簡稱(name_with_context)] …[新聞] 永道-KY 鴻碩 【成霖】 股票申購抽籤賺紅包! 原文標題:抽籤賺紅包!3檔股票今起公開申購 最高可獲1.3萬價差、報酬51.7% 原文連結:https://reurl.cc/RvvGGz 發布時間:2023年3月9日 週四 上午8:22 記者署名:李瑞瑾|Y…",,,,
tier:sparse,1504,東元,M.1606493324.A.58C,2020-11-28 00:08:44,新聞,name_with_context,sparse,False,2,[新聞] 炒股疑雲! 神祕寶佳集團出手動輒數百億,1,False,False,True,False,東元,591,"[簡稱(name_with_context)] …票,永豐金持 股也降到6%左右,這一「獲利了結」的動作,市場估計,這一波「潮起潮落」,可能已大 賺百億入袋。 泛寶佳集團除將華票、永豐金仍列為核心策略性持股、並財務性投資元大金、中信金及日 盛金外,2019年底開始轉入科技股和傳產股,加碼【東元】和遠百2家持股更名列前十大股東 。 2020年寶佳仍續挾著充沛的銀彈、大掃市場投資標的,即便已從金融股、轉戰到傳產、科 技股,但仍舊未脫離外界質疑「炒股」的疑慮,2020年寶佳的一舉一動,依舊讓外界拿放 大鏡檢視。(財經中心/台北報導)…",,,,
tier:sparse,1907,永豐餘,M.1623755691.A.2B4,2021-06-15 19:14:51,新聞,code,sparse,False,2,[新聞] 華紙還會再漲價 永豐餘下半年迎旺季,13,True,False,True,True,永豐餘,1010,"[代號] …/news/story/7252/5532249?from=udn-catelistnews_ch2 發布時間: 2021-06-15 00:30 經濟日報 / 記者嚴雅芳/台北報導 原文內容: 造紙產業順風,永豐餘集團迎旺季。永豐餘(【1907】)、華紙在紙漿續漲的趨勢下,將可望 率先受惠;華紙也預期,暑假過後,紙價將醞釀下一波漲勢,預估9月報價有機會再發動 漲價,第4季旺季可期。 華紙表示,大陸鼎豐廠受五一黃金周影響工作日減少,但受到5月產品報價上漲帶動,單 月獲利創下與永豐餘…
[簡稱(name)] …[新聞] 華紙還會再漲價 【永豐餘】下半年迎旺季 原文標題: 華紙還會再漲價 永豐餘下半年迎旺季 原文連結: https://udn.com/news/story/7252/5532249?from=udn-catelistnews_ch2 發布時間: 2021-06-1…
[簡稱(name)] …[新聞] 華紙還會再漲價 永豐餘下半年迎旺季 原文標題: 華紙還會再漲價 【永豐餘】下半年迎旺季 原文連結: https://udn.com/news/story/7252/5532249?from=udn-catelistnews_ch2 發布時間: 2021-06-15 00:30 經濟日報 / 記者嚴雅芳/台北報…",,,,
tier:sparse,2327,國巨*,M.1624784704.A.15C,2021-06-27 17:05:04,心得,name_with_context,sparse,False,2,[心得] 蔡總：大股東也是人，也會看錯阿,1,False,False,True,False,國巨,334,"[簡稱(name_with_context)] …J5 https://imgur.com/vD6ZZdD https://imgur.com/9LruSVK https://imgur.com/OY2WayX https://imgur.com/usXKSLR 後面就是總編莊正賢繼續講【國巨】,講大股東賣股 一般人股票都賺15倍了 怎麼會想賣?他為什麼要賣? 是不是領先其他人看到了什麼? 針對這個,主持人問蔡總的意見 蔡總只淡淡地說 大股東也是人,也會看錯阿 年初的時候不是也一堆台積電主管買台積電 都買在600多…",,,,
tier:sparse,1536,和大,M.1657766094.A.D12,2022-07-14 10:34:54,新聞,name_with_context,sparse,False,3,[新聞] 國安基金效應沒失靈！台股急拉逾200點,1,False,False,True,False,和大,540,"[簡稱(name_with_context)] …消費者物價指數(CPI)年增9.1%,超越5月的8.6%及華爾街預期的8.8%, 台股今(14)日早盤下跌逾120, 隨後在國安基金效應下,指數於上午10時10分左右翻紅, 指數上漲逾40點,站回14300關卡。 蘋概三王部分,台積電【和大】立光今舉辦法說會,股價都翻紅, 台積電(2330)上漲3元至473元; 大立光(3008)以1835元開低後翻紅,上漲75元或4.03%; 鴻海(2317)則以102.5元平盤開出後,目前漲幅近2%。 關鍵字: 台股 、 股市 心…",,,,
tier:sparse,2836,高雄銀,M.1718357442.A.008,2024-06-14 17:30:42,未分類,name,sparse,False,1,Re: ［請益］房產處理後1000萬現金投資,2,False,False,True,False,高雄銀,736,"[簡稱(name)] …開銷) 這樣的方式預估一年的報酬率約4~5% 缺點就是無法cover 一年100萬的開銷 一年要再補50萬現金進去(撐四年後可能就要拿投資 的錢來補) 2.另外一個方法是球友老大哥在股市有賺到錢他給的意見 他教我的無腦方法 把錢一次全部丟【高雄銀】 1000萬約可以買入870張 預估股利一年是0.6左 右 就賭高雄銀再爛也爛不下去 後續走升的機會高 這樣其實股利好像也是一年50~60萬 但是銀行股總是比較心安 感覺也不用花心思去看盤 好處是這樣 萬一現金不夠用還可以質押 3.第三個…
[簡稱(name)] …一年100萬的開銷 一年要再補50萬現金進去(撐四年後可能就要拿投資 的錢來補) 2.另外一個方法是球友老大哥在股市有賺到錢他給的意見 他教我的無腦方法 把錢一次全部丟高雄銀 1000萬約可以買入870張 預估股利一年是0.6左 右 就賭【高雄銀】再爛也爛不下去 後續走升的機會高 這樣其實股利好像也是一年50~60萬 但是銀行股總是比較心安 感覺也不用花心思去看盤 好處是這樣 萬一現金不夠用還可以質押 3.第三個方法 目前沒有 已經想破頭睡不好很久了= = 這邊補充一下這件事…",,,,
tier:sparse,2327,國巨*,M.1711543715.A.F75,2024-03-27 20:48:35,情報,name_with_context,sparse,False,1,[情報] 4127 天良 收購本公司股份之審議結果,1,False,False,True,False,國巨,2514,"[簡稱(name_with_context)] …使並指示撥款, 故公開收購人之收購資金來源尚屬合理。 5.前開查證是否委託專家出具意見書:(如委託專家出具意見書,請一併完 成專家意見書檔案上傳公告。) 本公司除委託利安達平和會計師事務所吳明儀會計師就收購價格合理性出 具覆核意見外,亦委託【國巨】律師事務所幸大智律師及王祖均律師就本次天 良生物科技企業股份有限公司公開收購有價證券案出具法律意見書,其就 公平交易法第10條是否屬「結合行為」與德凱法律意見書有不同見解,故 建議公開收購人進一步判斷是否為「結合行為」及評估「產品之次級巿場…",,,,
tier:sparse,2327,國巨*,M.1657338457.A.A4B,2022-07-09 11:47:37,新聞,name_with_context,sparse,False,6,[新聞] 國安基金必買股 法人點將,1,False,False,True,False,國巨,840,"[簡稱(name_with_context)] …傳開後,大大振奮台股士氣,搭配美股反彈,連兩個交易日大漲 共479點。配合政策偏多,國安基金先遣部隊的八大公股行庫昨天眼見前日本首相安倍晉 三遇刺消息刺激外資盤中轉賣,旋即進場撒銀彈,買超14.05億元,買超金額前五名依序 為富邦金、台塑、【國巨】、智原、長榮航。 過往財經部會因應股市面臨重大突發、非理性或異常情事,便會搬出股市穩定方案,包括 發新聞稿信心喊話、鼓勵上市櫃公司積極舉辦法人說明會及業績發表會、鼓勵實施庫藏股 、禁空令等,握有實彈的財政部則可調度八大公股行庫彈性進場調節…",,,,
tier:sparse,1303,南亞,M.1618831627.A.1A4,2021-04-19 19:27:07,標的,code,sparse,False,1,Re: [標的] 3714 富采 線仙唬爛投機多,1,True,False,False,False,,479,[代號] …ttps://i.imgur.com/fLNiBLM.png 60分K https://i.imgur.com/cXdYEzT.png 停損不來也遲遲不頂過下降壓力線 等Apple 21號發表會 觀察到本周五還是這樣死魚就放棄了 拿去買【1303】還比較實在 救救mini-LED 救救3714 QQ --…,,,,
tier:sparse,1301,台塑,M.1733666447.A.976,2024-12-08 22:00:47,新聞,name_with_context,sparse,False,4,Re: [新聞] 中國石化新增產能太瘋狂 台廠轉戰印度、東南亞求生,1,False,False,True,False,台塑,1194,"[簡稱(name_with_context)] …49.aspx : 發布時間: : 2024/12/8 11:15 中央社記者 曾仁凱 台北8日電 : 原文內容: : 台化董事長洪福源以「瘋狂」形容中國開出的新增石化產能是天文數字。中國迅速擴張衝 : 擊石化業發展,造成嚴重供給過剩,包括【台塑】、台化、華夏、台達化等台灣石化廠,紛紛 : 大降中國銷售比重,轉戰印度、東南亞等其他市場。 : 面對中國石化新增產能大量開出,洪福源以「瘋狂」形容,他說,這麼多新產能加入是天 : 文數字,造成市場供過於求,殺價競爭激烈。台化已改變策略,不再…",,,,
tier:sparse,2912,統一超,M.1658483368.A.B32,2022-07-22 17:49:28,新聞,code,sparse,False,1,[新聞] 遲到的慶祝行情？統一超股價噴發逼300元,2,True,False,True,True,統一超,900,"[代號] …兩年新高 原文連結: https://udn.com/news/amp/story/7241/6480327 發布時間: 2022-07-22 12:43 記者署名: 經濟日報 記者嚴雅芳/台北即時報導 原文內容: 統一超(【2912】)有併購題材助陣,加上時序步入旺季、中元檔期開跑,激勵今(22)日股 價強勢走高,盤中來到297.5元,漲幅逾4%,一舉來到近兩年新高價位,距離300元關卡僅 一步之遙。法人表示,統一集團獲得台灣家樂福的全部股權將有助提升其在台灣零售市場…
[代號] …手鎮瀾宮、旗山天后宮、北港武德宮以及北港朝天宮四大宮廟推出「代客普渡服務 」,預計將帶動相關類別業績成長1成。 心得/評論: 之前版上有鄉民狂吹猛送5903有多好,差一點被洗掉,現在兩家股價差了一百多元,併了 家樂福,5903現在應該連【2912】的車尾燈都看不到了...…",,,,
tier:sparse,1301,台塑,M.1637745576.A.E91,2021-11-24 17:19:36,新聞,name_with_context,sparse,False,9,[新聞] 外資最愛！今年來買超南電等15檔大吸金,1,False,False,True,False,台塑,890,"[簡稱(name_with_context)] …。 不過,雖然今年來(至11月19日止)外資續提款台股將近4,800億元,但對個股持股大幅 調整,大幅買超鴻海、國泰金、中信金等三檔上市股在200~300億元之間,其中,看好鴻 海集團未來電動車發展,外資狂敲294億元居冠。 此外,買超【台塑】、南亞、日月光投控、緯穎等都各達百億元,另買超中壽、華航、南電、 億豐、儒鴻、京元電子、富邦媒以及創意等,都超過50~70億元,合計上述15檔個股,外 資今年來就買超達1,852億元。 至於外資今年來賣超第一名的個股仍是台積電,達2,41…",,,,
tier:sparse,1907,永豐餘,M.1621207816.A.DE3,2021-05-17 07:30:16,標的,name,sparse,False,3,Re: [標的]  防疫概念股 口罩手套疫苗快篩    全多,1,False,False,True,False,永豐餘,968,"[簡稱(name)] …揚,沒有疫苗的基礎防衛方式 恆大 康那香 美德醫療 南六、聚隆、敏成 乳膠手套 : 廣設快篩站 通勤族需求量大增 南帝、申豐 消毒酒精:台榮、毛寶、和桐、【永豐餘】、和益 額溫槍 :雖然家家戶戶應該都有了 但可能還是刺激買氣 熱映 泰博 豪展 防護衣 :聚隆 聚陽 儒鴻 如興 其他生技類股:協助疫苗研究或代工等機會…",,,,
tier:sparse,2009,第一銅,M.1690882891.A.5C4,2023-08-01 17:41:31,請益,code,sparse,False,1,Re: [請益] 超導體三雄要買哪隻,2,True,False,True,False,第一銅,456,"[代號] …Re: [請益] 超導體三雄要買哪隻 ※ 引述《CHTWifiHinet (輕鬆享用無限寬頻上網)》之銘言: : 如題 : 撇除漲停買不到的情況下 : 目前跟超導體相關的公司有 : 1. 第一銅【2009】: : 今天一直漲 : 新聞一出現直接鎖死 : https://i.imgur.com/dl7kCRJ.png : 2. 泰銘 9927: : 定存股之一 今天本來一路狂跌 : 新聞一出現馬上鎖死 : https://i.imgur.com…
[簡稱(name)] …Re: [請益] 超導體三雄要買哪隻 ※ 引述《CHTWifiHinet (輕鬆享用無限寬頻上網)》之銘言: : 如題 : 撇除漲停買不到的情況下 : 目前跟超導體相關的公司有 : 1. 【第一銅】2009: : 今天一直漲 : 新聞一出現直接鎖死 : https://i.imgur.com/dl7kCRJ.png : 2. 泰銘 9927: : 定存股之一 今天本來一路狂跌 : 新聞一出現馬上鎖死 : https://i.imgur…",,,,
tier:sparse,2337,旺宏,M.1633596823.A.CC1,2021-10-07 16:53:43,新聞,code,sparse,False,1,[新聞] 旺宏9月營收56.79億元 創單月歷史新高,7,True,False,True,True,旺宏,622,"[代號] …(請善用縮網址工具) 發布時間:2021/10/07 14:44 (請以原文網頁/報紙之發布時間為準) 原文內容: 〔記者洪友芳/新竹報導〕記憶體廠旺宏電子(【2337】)今公佈內部自結9月份合併營收 為56.79億元,月增13.3%、年增21.8%,不僅單月續破50億元大關,更創單月營收新高 ;第3季合併營收為149.73億元,季增31.04%,創單季歷史新高。 旺宏今年前3季合併營收為360.28億元…
[簡稱(name_with_context)] …[新聞] 【旺宏】9月營收56.79億元 創單月歷史新高 原文標題:旺宏9月營收56.79億元 創單月歷史新高 (請勿刪減原文標題) 原文連結:https://ec.ltn.co…
[簡稱(name_with_context)] …[新聞] 旺宏9月營收56.79億元 創單月歷史新高 原文標題:【旺宏】9月營收56.79億元 創單月歷史新高 (請勿刪減原文標題) 原文連結:https://ec.ltn.com.tw/article/breakingnews/3…",,,,
tier:sparse,2812,台中銀,M.1704887491.A.307,2024-01-10 19:51:31,未分類,name,sparse,False,3,112年【全年金控含銀行】累績EPS排行,2,False,False,True,False,台中銀,935,"[簡稱(name)] ….04% 8.第一金/1.65/ 26.90 79.92% 9.永豐金/1.62/ 19.30 70.18% 10.華南金/1.59/ 21.95 79.34% 11.玉山金/1.41/ 25.40 85.32% 12.【台中銀】/1.31/ 16.15 67.12% 13.台企銀/1.29/ 13.50 72.22% 14.彰化銀/1.20/ 17.65 67.90% 15.合庫金/1.17/ 26.20 86.34% 16.開發金/1.13/…
[簡稱(name)] …多數為(EPS X近年盈餘分配率)-OCI炸裂 >今年配息預估 可參考(EPS X近年盈餘分配率)+OCI迴轉 >去年OCI炸裂的公司 今年多可迴轉盈餘分配,但不一定會全拿來配 >去年OCI沒炸裂的公司 今年就沒多出來的紅包,如第一金、【台中銀】 保險類金控(富邦、國泰、中信、開發、新光) 歷年盈餘分配率僅供參考 仍須視淨值多寡決定配息 結論:自行評估!!下好離手,人生沒有後悔藥 PS:股價為01/10自結公布當日…",,,,
tier:sparse,6112,邁達特,M.1684383953.A.DDD,2023-05-18 12:25:53,標的,code,sparse,False,1,Re: [標的] 邁達特6112-想要辭職多,5,True,True,True,True,邁達特,591,"[代號] …Re: [標的] 邁達特【6112】-想要辭職多 ※ 引述《ninia178178 (贏到粥)》之銘言: : ※ 引述《ninia178178 (贏到粥)》之銘言: : : ---------------------------------------------------…
[代號] …引述《ninia178178 (贏到粥)》之銘言: : : ------------------------------------------------------------------------- : : 1. 標的: 【6112】邁達特 : : 2. 分類:多 : : 3. 分析/正文: : : 技術面普普:日線macd縮減,若能順利轉紅,必有一片天。 : : 基本面普普:eps2左右 : : 籌碼面普普:外資持續少量買 : : Chatgpt題材能繼續炒作,或許能…
[簡稱(name)] …Re: [標的] 【邁達特】6112-想要辭職多 ※ 引述《ninia178178 (贏到粥)》之銘言: : ※ 引述《ninia178178 (贏到粥)》之銘言: : : -----------------------------------------------…",,,,
tier:sparse,1536,和大,M.1604579092.A.CEF,2020-11-05 20:24:52,標的,code,sparse,False,1,[標的] 和大(1536)川普落選宇宙無敵爆炸多,3,True,True,True,True,和大,491,"[代號] …[標的] 和大(【1536】)川普落選宇宙無敵爆炸多 1. 標的:1536 和大 2. 分類:多 3. 分析/正文: 鑑於特斯拉明年將開始不斷擴大版圖,不僅傳言明年打算進軍印度、MODEL Y也確定明年 開始在上海及柏林量產、甚至近年世界各國天災人禍不斷,嚴重車…
[代號] …[標的] 和大(1536)川普落選宇宙無敵爆炸多 1. 標的:【1536】 和大 2. 分類:多 3. 分析/正文: 鑑於特斯拉明年將開始不斷擴大版圖,不僅傳言明年打算進軍印度、MODEL Y也確定明年 開始在上海及柏林量產、甚至近年世界各國天災人禍不斷,嚴重車禍及地震洪水頻傳 加上自動輔助駕駛的進步及普…
[簡稱(name_with_context)] …特斯拉,在其他車廠跟進量產平價電動車之前,這幾年絕對會是我特一生成長 最猛烈的發育期 而擁有關鍵零組件的和大,目前正在增資明年更將擴大產線以應因未來的電動車市場需求 先是搭上特斯拉順風車,之後順勢接下其他車廠的訂單,在燃油車徹底淘汰前,【和大】營收 勢必只增不減,技術分析算什麼東西,還不是得看大戶臉色決定漲跌,不如趁股價低檔買 個年年賺錢年年都會發股利的績優股!!! 4. 進退場機制:(非長期投資者,必須有停損機制) all in 身家有錢就買買到利多出盡 停利:500 停…",,,,
tier:sparse,1503,士電,M.1586488394.A.14E,2020-04-10 11:13:14,新聞,name_with_context,sparse,False,2,[新聞] 梨泰院真實版 存股存到選董事？,6,False,False,True,False,士電,1464,"[簡稱(name_with_context)] …將選出6名董事,因此一張 股票有6000票,可集中投給一人或分散投票,他也為此上PTT拉票,喊話「希望大家可以 把票投給我,我會致力於提升股東的權益,謝謝」。 根據了解,該名網友自去年2月起便不斷購買楠梓電股票,主要是著眼於楠梓電轉投資滬 【士電】子逾13%,而滬士電子是華為、諾基亞等客戶群的主要PCB供應商,不僅去年獲利大 幅成長,股價更是搭上5G題材列車大幅成長。而該網友認為以股權來看,楠梓電擁有210 億元台幣的滬士電子股權,但楠梓電流通在外股市僅有2.03億股,所以每一股楠梓…
[簡稱(name_with_context)] …一張 股票有6000票,可集中投給一人或分散投票,他也為此上PTT拉票,喊話「希望大家可以 把票投給我,我會致力於提升股東的權益,謝謝」。 根據了解,該名網友自去年2月起便不斷購買楠梓電股票,主要是著眼於楠梓電轉投資滬 士電子逾13%,而滬【士電】子是華為、諾基亞等客戶群的主要PCB供應商,不僅去年獲利大 幅成長,股價更是搭上5G題材列車大幅成長。而該網友認為以股權來看,楠梓電擁有210 億元台幣的滬士電子股權,但楠梓電流通在外股市僅有2.03億股,所以每一股楠梓電只要 27.5元,…
[簡稱(name_with_context)] …去年2月起便不斷購買楠梓電股票,主要是著眼於楠梓電轉投資滬 士電子逾13%,而滬士電子是華為、諾基亞等客戶群的主要PCB供應商,不僅去年獲利大 幅成長,股價更是搭上5G題材列車大幅成長。而該網友認為以股權來看,楠梓電擁有210 億元台幣的滬【士電】子股權,但楠梓電流通在外股市僅有2.03億股,所以每一股楠梓電只要 27.5元,卻擁有100元左右的滬士電子股權,股價實在大幅低估,並主張公司應該要賣出 一部份滬士電子認列獲利,再將獲利拿來進行庫藏股,以收斂大幅低估的股價。 他進一步分析…",,,,
tier:sparse,1513,中興電,M.1732528767.A.948,2024-11-25 17:59:27,情報,name,sparse,False,2,[情報] 2323 中環 處分中興電工普通股,2,False,False,True,True,中興電,646,"[簡稱(name)] …[情報] 2323 中環 處分【中興電】工普通股 1. 標題:公告本公司處分有價證券 2. 來源:公開資訊觀測站 3. 網址:https://mops.twse.com.tw/mops/web/t05sr01_1 4. 內文: 1.證券名稱: 中興電工 普通股 2.交易日…
[簡稱(name)] …2323 中環 處分中興電工普通股 1. 標題:公告本公司處分有價證券 2. 來源:公開資訊觀測站 3. 網址:https://mops.twse.com.tw/mops/web/t05sr01_1 4. 內文: 1.證券名稱: 【中興電】工 普通股 2.交易日期:113/8/16~113/11/25 3.交易數量、每單位價格及交易總金額: 交易數量(仟股):1,817 每單位價格(元):169.85 交易總金額(元):308,611,708 4.處分利益(或損失)(取得有價…",,,,
tier:sparse,2008,高興昌,M.1725381152.A.96C,2024-09-04 00:32:32,標的,code,sparse,False,1,Re: [標的] 2008高興昌 多-買不起房就買地吧,4,True,True,True,True,高興昌,185,"[代號] …Re: [標的] 【2008】高興昌 多-買不起房就買地吧 想請問這支近期是有什麼大利多嗎? 之前看高興王的分析 覺得土地這塊有很大的套利空間 忍不住在26塊買了10張,想說放著就沒打算理他 結果這幾天最高點居然有到43 但是今天跌到剩34 不過我依然留著 明…
[代號] …套利空間 忍不住在26塊買了10張,想說放著就沒打算理他 結果這幾天最高點居然有到43 但是今天跌到剩34 不過我依然留著 明天看來續跌機會很大 不過成本低沒在怕 ※ 引述《shun2249 (shun)》之銘言: : 標的: 【2008】.TW 高興昌 : 分類:多 : 分析/正文:…
[簡稱(name)] …Re: [標的] 2008【高興昌】 多-買不起房就買地吧 想請問這支近期是有什麼大利多嗎? 之前看高興王的分析 覺得土地這塊有很大的套利空間 忍不住在26塊買了10張,想說放著就沒打算理他 結果這幾天最高點居然有到43 但是今天跌到剩34 不過我依然留著 明天看來…",,,,
tier:sparse,6505,台塑化,M.1615704985.A.1EB,2021-03-14 14:56:25,新聞,name,sparse,False,3,[新聞] 台塑、台泥 押長天期,1,False,False,True,False,台塑化,1118,"[簡稱(name)] …活動可望恢復正常,帶動終端需求回溫,整體訂 單交付順暢,使得2月營收受年節效應影響幅度較不明顯,庫存增幅也低於往年同期水準 。 市場預估,台塑本季營收558億元,年成長33%,主要成長動能來自PVC、EVA、PP等業績成 長,加上業外認列【台塑化】轉投資收益稅後淨利有望大賺百億元,每股純益(EPS)有1.6元 的好表現,整體營運擺脫疫情影響。 台泥去年第4季在中國水泥市場進入旺季效應帶動,毛利將高於前一季,而國內部分,受 惠台商回台投資蓋廠擴廠與房市熱絡,帶動水泥與混凝土銷量均成長,…",,,,
tier:sparse,2009,第一銅,M.1646921894.A.91B,2022-03-10 22:18:14,公告,name,sparse,False,1,[公告] 03/10 處置公告,2,False,False,True,False,第一銅,1174,"[簡稱(name)] …──────────────────── 認真說。這一兩天的盤。一天漲停板 隔天又來兩根跌停板 這到底怎麼辦? 追漲停套牢 追跌停板我看明天又要開高 變成多空雙巴。這真的會損失慘重 哎我已經連續70幾天都沒有睡好覺了 下面是宏達電和【第一銅】的圖片 這樣叫人怎麼玩的下去? https://upload.cc/i1/2022/03/09/8Ubt6I.jpeg https://upload.cc/i1/2022/03/09/Bg6YpG.jpeg 這種巴法 10年來也沒見過…
[簡稱(name)] ….cc/i1/2022/03/09/8Ubt6I.jpeg https://upload.cc/i1/2022/03/09/Bg6YpG.jpeg 這種巴法 10年來也沒見過 被玩死了 請問有高手可以破解這種盤嗎? 尤其是我昨天追高了【第一銅】 哎…",,,,
tier:sparse,2344,華邦電,M.1680272296.A.0F1,2023-03-31 22:18:16,情報,name,sparse,False,1,[情報] 3/31全市場當沖虧損最多的股票,1,False,False,True,False,華邦電,269,"[簡稱(name)] …1. 飛宏 -1811.4萬 2. 宜鼎 -1281.4萬 3. 昇達科 -835.3萬 3/31 全市場當沖獲利最多的股票 1. 世芯-KY +1422.8萬 2. 華孚 +1316.8萬 3. 【華邦電】 +583.8萬 以上資料已扣減半之當沖交易稅,但不含手續費。 資料來源:證交所;以及 https://tradata.futurepnp.com/day-trade-analyze/income-rank 心得: 終於沒看…",,,,
tier:sparse,1717,長興,M.1650425096.A.E44,2022-04-20 11:24:56,新聞,code,sparse,False,1,[新聞] 長興擁有抗體、抗原雙專案製造許可,4,True,False,True,True,長興,732,"[代號] …有抗體、抗原雙專案製造許可 原文標題:長興擁有抗體、抗原雙專案製造許可,居家用抗原快篩進行臨床試驗 原文連結:https://reurl.cc/Xj6l7g 發布時間:2022年4月19日 週二 原文內容: 新冠肺炎疫情爆發初期,長興(【1717】)即投入快篩試劑開發,為少數擁有抗體、抗原產品雙 專案製造許可的國內企業,月產能已上看百萬劑,當中抗體快篩試劑取得食藥署TFDA之專 案製造許可之外,已取得歐盟體外診斷試劑認證,至於居家用抗原快篩已在國內、外進行 臨床試驗,盼能在更多國家取…
[簡稱(name_with_context)] …(食藥署TFDA)的「醫療器材品質管 理系統QMS(原GMP)」認可登錄函,有助於公司快篩產品擴大市場接單,計劃將新冠產品銷 往香港、東協、歐盟、澳洲等地區,至於居家用抗原快篩則是展開國內、外收案以及臨床 試驗,並爭取更多國家取證。 儘管【長興】投入生醫試劑領域,該事業群並非公司主要營收來源,合成樹脂、電子材料、特 用材料三大事業才是主要核心業務,看好特用材料、電子材料需求持續成長,長興預計投 入2.27億元人民幣,進行子公司長興特殊材料(蘇州)第二期投資案。 心得/評論: 3…
[簡稱(name_with_context)] …、澳洲等地區,至於居家用抗原快篩則是展開國內、外收案以及臨床 試驗,並爭取更多國家取證。 儘管長興投入生醫試劑領域,該事業群並非公司主要營收來源,合成樹脂、電子材料、特 用材料三大事業才是主要核心業務,看好特用材料、電子材料需求持續成長,【長興】預計投 入2.27億元人民幣,進行子公司長興特殊材料(蘇州)第二期投資案。 心得/評論: 3月營收 創歷史新高 3月才開始快篩爆量 之後應該都是高峰期~~~ 快篩原料..賣給別人 不如自己搞快篩 更賺? 新聞出來就是出貨~~ 已掛…",,,,
tier:sparse,1515,力山,M.1620360388.A.279,2021-05-07 12:06:28,標的,code,sparse,False,1,[標的] 1515 力山,2,True,True,True,True,力山,496,"[代號] …[標的] 【1515】 力山 1. 標的:1515 力山 2. 分類:多 3. 分析/正文:個人是力山跟pton 都持有,目前因為派樂騰召回事件兩隻都跌到不錯的 價格,可以進場 給各位派樂騰法說對力山影響,以及估值 1.大跑步機約要停三個月或更久,正在重新…
[代號] …[標的] 1515 力山 1. 標的:【1515】 力山 2. 分類:多 3. 分析/正文:個人是力山跟pton 都持有,目前因為派樂騰召回事件兩隻都跌到不錯的 價格,可以進場 給各位派樂騰法說對力山影響,以及估值 1.大跑步機約要停三個月或更久,正在重新rd,還要測試與通過國家檢驗…",,,,
tier:sparse,2313,華通,M.1591938024.A.7C4,2020-06-12 13:00:24,標的,code,sparse,False,1,[標的] 華通2313  小多,4,True,True,True,True,華通,307,"[代號] …[標的] 華通【2313】 小多 1. 標的:華通 2. 分類:多 3. 分析/正文: 籌碼面從6/1後開始投信買了一堆,每次只要收綠主力就買了一堆 投信元大、統一60日均價都在39 以目前的股價來說絕對安全 大戶持股不斷上升 以上懶得貼圖可以自己去看,…
[簡稱(name_with_context)] …[標的] 【華通】2313 小多 1. 標的:華通 2. 分類:多 3. 分析/正文: 籌碼面從6/1後開始投信買了一堆,每次只要收綠主力就買了一堆 投信元大、統一60日均價都在39 以目前的股價來說絕對安全 大戶持股不斷上升 以上懶得貼圖可以自…
[簡稱(name_with_context)] …[標的] 華通2313 小多 1. 標的:【華通】 2. 分類:多 3. 分析/正文: 籌碼面從6/1後開始投信買了一堆,每次只要收綠主力就買了一堆 投信元大、統一60日均價都在39 以目前的股價來說絕對安全 大戶持股不斷上升 以上懶得貼圖可以自己去看,今天盤壞成這樣華通還硬梆梆…",,,,
tier:sparse,1504,東元,M.1616504444.A.2F3,2021-03-23 21:00:44,標的,code,sparse,False,1,[標的] 東元 1504 多,5,True,True,True,True,東元,570,"[代號] …[標的] 東元 【1504】 多 1. 標的: 1504 東元 2. 分類:多/空/請益/心得 多 3. 分析/正文: 今天開盤跳空,脫離盤整區間,盤中都有市價單買進,量能有較之前放大 最近新聞炒得沸沸揚揚,我也跟著進場買了一下,算是看八點檔連續劇的門票。…
[代號] …[標的] 東元 1504 多 1. 標的: 【1504】 東元 2. 分類:多/空/請益/心得 多 3. 分析/正文: 今天開盤跳空,脫離盤整區間,盤中都有市價單買進,量能有較之前放大 最近新聞炒得沸沸揚揚,我也跟著進場買了一下,算是看八點檔連續劇的門票。 看了籌碼,60天買超統計前…
[簡稱(name_with_context)] …[標的] 東元 1504 多 1. 標的: 1504 【東元】 2. 分類:多/空/請益/心得 多 3. 分析/正文: 今天開盤跳空,脫離盤整區間,盤中都有市價單買進,量能有較之前放大 最近新聞炒得沸沸揚揚,我也跟著進場買了一下,算是看八點檔連續劇的門票。 看了籌碼,60天買超統計前三名為…",,,,
tier:silent,9924,福興,M.1618072026.A.CCA,2021-04-11 00:27:06,標的,name_with_context,silent,False,3,Re: [標的] 2062 橋椿,1,False,False,True,False,福興,4622,[簡稱(name_with_context)] …不過跟前面說的一樣 就算不看60 這價位配上展望跟實質業績已經在開出來 可以說已經很棒了 我習慣用比較保守方式看 都覺得今年很有機會至少2元 美國房地產這波可以同步看 橋椿-賣美國水龍頭 成霖-賣美國水龍頭 鑽全-賣美國釘槍 【福興】-賣美國門把 https://imgur.com/ib8FJif.jpg 3月營收都強強的 參考看看 有誤再拜託幫忙指正QAQ : ※ 引述《garyoldb (蓋瑞歐德B)》之銘言: : 氣 : : 正 : 但 : : 週 : )…,,,,
tier:silent,1108,幸福,M.1686208830.A.6FA,2023-06-08 15:20:30,情報,code,silent,False,1,[情報] 1108 幸福 五月營收,4,True,True,True,True,幸福,411,"[代號] …[情報] 【1108】 幸福 五月營收 1. 標題:1108 幸福 五月營收 2. 來源:公開資訊觀察站 3. 網址: https://reurl.cc/Eor01g 4. 內文: 營收:幸福(1108)5月營收4億8296萬元, 月增率21.90%,年…
[代號] …[情報] 1108 幸福 五月營收 1. 標題:【1108】 幸福 五月營收 2. 來源:公開資訊觀察站 3. 網址: https://reurl.cc/Eor01g 4. 內文: 營收:幸福(1108)5月營收4億8296萬元, 月增率21.90%,年增率45.36% 幸福(1108)自…
[代號] …[情報] 1108 幸福 五月營收 1. 標題:1108 幸福 五月營收 2. 來源:公開資訊觀察站 3. 網址: https://reurl.cc/Eor01g 4. 內文: 營收:幸福(【1108】)5月營收4億8296萬元, 月增率21.90%,年增率45.36% 幸福(1108)自結112年5月營收4億8296萬3000元,和上個月的3億9617萬元相較,增加金額 為8679萬3000元,較上月增加21.90%,和111年同月的…",,,,
tier:silent,7722,LINEPAY,M.1706244863.A.369,2024-01-26 12:54:23,新聞,code,silent,False,1,[新聞] LINE Pay首日衝破千元至1030　登興櫃股王,1,True,False,False,False,,636,"[代號] …_app ※網址超過一行過長請用縮網址工具 發布時間:2024-01-26 12:27:00 ※請以原文網頁/報紙之發布時間為準 記者署名:記者蕭文康/台北報導 ※原文無記載者得留空 原文內容: LINE Pay(連加網路、股號【7722】)今(26)以每股348元登錄興櫃,截至中午12時20分,衝破千元,最高來到1030元,居興櫃股王。 LINE Pay在2015年成立,憑藉其強大的技術實力和龐大用戶基礎,成為台灣第三方支付金流龍頭,目前擁有1200萬會員,以台灣2300…",,,,
tier:silent,1783,和康生,M.1592672751.A.C0B,2020-06-21 01:05:51,請益,name,silent,False,3,Re: [請益] 生技剩檢測類股能買？！,1,False,False,True,False,和康生,704,"[簡稱(name)] …正,此時汰弱留強壓寶檢測類是不是比較安全呢,謝謝 周末也在尋找股價60以下的生技股 例如 展旺 目前41 神隆 目前39 台耀 目前54 杏輝 目前31 太景 目前27 生達 目前47 合世 目前33 雃博 目前37 益得 目前24 【和康生】 目前31 同學會概念股 揚智 目前20 (糾正此檔非生技為為積體電路) 弘裕 目前20 (糾正此檔非生技為口罩防護衣相關) 驊訊 目前33 (糾正非生技為電子) 其中有幾檔有人在推, 哪檔有可能是還沒漲起來在等題材的下一波趨勢…",,,,
tier:silent,2114,鑫永銓,M.1625300014.A.C6B,2021-07-03 16:13:34,新聞,name,silent,False,3,[新聞] 180家企業EPS正成長、員工薪資卻更低！名,2,False,False,True,False,鑫永銓,2235,"[簡稱(name)] …率較2019年大幅下滑, 2020年EPS較2019年成長,主要是業外收益挹注。 全國加油站表示,加油站員工流動率高,部分工時人員轉為全時員工,此次數字僅計算半 年薪資。網通廠韋橋表示是工廠用較多移工,人力去年招聘增15%之故。 橡膠業【鑫永銓】則表示,去年本業獲利受創,全年獲利提升主要靠業外,今年會加薪2~4%。 印刷業秋雨也表示2020年有新產能投產,使工廠臨時工人數增加,獲利增是因為業外挹注 。 智邦也因招聘員工大增3成,其中新技術員佔6成,使得全年薪資下滑。 連接器績優…
[簡稱(name)] …C通路龍頭也上榜,大聯大解釋,2020年重要子公司因部分產線調整有終止經銷代理情況 ,致排除海外投資損益後的獲利較2019年減少,故重要子公司薪資平均數也下降。 當年EPS成長,但全時員工薪資平均數較前一年度減少,180家 全國、韋僑、【鑫永銓】、生展、嘉彰、南六、秋雨、漢科、雙喜、工信、捷迅、智邦、信邦 、健鼎、新揚科、緯穎、威強電、上奇、加百裕、程泰、厚生、大國鋼、德英、華上、康 呈、富堡、宏大、松崗、愛地雅、金利、建暐、新復興、大魯閣、滿心、德宏、晟楠、佳 總、互億、正峰、高…",,,,
tier:silent,2816,旺旺保,M.1625445277.A.6A8,2021-07-05 08:34:37,新聞,name,silent,False,1,[新聞] 公司賺飽員工卻「薪酸」　7家上市櫃金融,5,False,False,True,False,旺旺保,1305,"[簡稱(name)] …去(2020)年44家上市櫃金融保險股中,有7家被點名「公司賺飽、員工『薪』酸」,其 中更有5家已是連續3年「年年入榜」。 這7家是被註記「每股稅後純益表現比同業好,但基層員工薪資平均數卻低於同業」者。 其中保險業最多達4家,包括中壽、【旺旺保】、新產、台名保經;證券業有2家,致和證券及 群益期貨;銀行業則有1家京城銀。 去年同業員工平均年薪是124萬元、同業平均每股稅後純益1.95元,也就是說,這7家金融 業去年每股賺的比1.95元還多、但基層員工平均年薪卻低於124萬元。…
[簡稱(name)] …家,致和證券及 群益期貨;銀行業則有1家京城銀。 去年同業員工平均年薪是124萬元、同業平均每股稅後純益1.95元,也就是說,這7家金融 業去年每股賺的比1.95元還多、但基層員工平均年薪卻低於124萬元。 若更進一步檢視,其中京城銀、【旺旺保】、中壽、新產及台名保經這5家金融保險股,更是 從證交所2018年公布該項統計以來,連續3年都「榜上有名」,恐被外界質疑是小氣老闆 。 據公告,去年京城銀基層員工平均年薪是79.1萬元,旺旺保基層員工平均年薪102.1萬元 、中壽基層員工平…
[簡稱(name)] …低於124萬元。 若更進一步檢視,其中京城銀、旺旺保、中壽、新產及台名保經這5家金融保險股,更是 從證交所2018年公布該項統計以來,連續3年都「榜上有名」,恐被外界質疑是小氣老闆 。 據公告,去年京城銀基層員工平均年薪是79.1萬元,【旺旺保】基層員工平均年薪102.1萬元 、中壽基層員工平均年薪109.5萬元、新產111.5萬元。 而上櫃的台名保經基層員工平均年薪僅58.4萬元,比京城銀還低。上櫃金融業同業員工平 均年薪是98.7萬元。 這5家金融保險股,連3年入榜,對外說…",,,,
tier:silent,8482,商億-KY,M.1734328802.A.506,2024-12-16 14:00:02,閒聊,name_with_context,silent,False,6,[閒聊] 2024/12/16 盤後閒聊,1,False,False,True,False,商億|商億-KY,493,"[簡稱(name_with_context)] …台指期 自營商 -548 投信 -16 外資 +1,055 台指選 自營商 -2,890 投信 0 外資 +1,290 小台指期 自營商 -354 投信 +3 外資 +1,282 上市 漲停家數 (+10%) 4 (大飲、【商億-KY】、揚智、橋椿) 跌停家數 (-10%) 4 (富世達、一詮、聯鈞、光聖) 上櫃 漲停家數 (+10%) 4 跌停家數 (-10%) 7 成交量排行:群益ESG投等債20+、神達、大華優利高填息30、陽明、復華台灣科技優息 成交值…",,,,
tier:silent,1339,昭輝,M.1693787695.A.207,2023-09-04 08:34:55,新聞,name_with_context,silent,False,4,"[新聞] 台股迎2,700億元活水 大盤多頭添助力",1,False,False,True,False,昭輝,1440,"[簡稱(name_with_context)] …首次除息。 在這些準備除息的公司中,以瑞昱每股現金股利27元最高,泰博的19.98171元居次,亞德客-KY的13.11805元居第三、世芯-KY的13.06331元排名第四;另外,鈺齊-KY、神準、欣巴巴、泰銘、立端、王品、倍力、亞翔、【昭輝】、漢來美食也都在3元或以上。 這些除息公司中,以台積電預計將發放713億元最高,瑞昱138億元、亞德客-KY 26.9億元、泰博19億元,鈺齊-KY、鼎固-KY也都超過10億元。 而在即將發放現金股利的公司中,總計有215家發放的是去年…",,,,
tier:silent,2012,春雨,M.1623727837.A.F4B,2021-06-15 11:30:37,新聞,code,silent,False,4,[新聞] 亞洲首例 中鋼明年收碳附加費,1,True,False,True,False,春雨,848,"[代號] …礦砂與煤礦回漲、大陸汽 車和家電需求繼續釋放,中鋼(2002)第三季內外銷鋼材接單超旺,加上中鋼鋼價仍落後 國際行情等因素助攻下,中鋼7月和第三季內銷盤價漲定了,並持續呈現供料吃緊情況。 中鋼的漲價,可望帶動下游中鴻(2014)、春雨(【2012】)、中鋼構(2013)、美亞( 2020)、燁輝(2023)、盛餘(2029)及新光鋼(2031)等相關鋼廠跟著漲價,且在下游 內外銷接單持續暢旺下,預期第三季業績動能續旺。 中鋼執行副總黃建智表示,澳洲鐵礦現貨價持續反彈,每公噸再漲2…",,,,
tier:silent,1783,和康生,M.1616488258.A.AE6,2021-03-23 16:30:58,新聞,name,silent,False,1,[新聞] 高端疫苗領軍 生技股逆勢勁揚漲幅居類股,1,False,False,True,False,和康生,1233,"[簡稱(name)] …4.5元再創歷史新天價,從波段低點160.5 元上漲以來,不到3個月漲幅高達383%,午盤過後賣壓瞬間出籠,從大漲快速翻黑直接摜 壓至跌停板375.5元,震幅高達18.94%,與生技股股后晶碩收盤價366元拉近距離。 大江生醫擬公開收購的【和康生】11點過後急拉攻上漲停價31.65元;泰福與美國食品暨藥物 管理局(FDA)進行上市藥證審查前會議,結果正面,尾盤亮燈漲停來到84元波段新高點 。 生技類股今天呈現價量齊揚走勢,台灣生技指數收盤漲幅達1.41%,上市及上櫃生技類股 指數同…",,,,
tier:silent,1417,嘉裕,M.1711468152.A.4CF,2024-03-26 23:49:12,請益,name_with_context,silent,False,1,[請益] 儒鴻、聚陽在紡織中為何可以這麼強？,1,False,False,True,False,嘉裕,275,"[簡稱(name_with_context)] …人說紡織股不要買 沒有未來性 大家的認知也認為紡織產業是夕陽產業 沒有未來性又是衰退產業 股價要大漲根本很難 但是我看了這兩檔,仍是一直在走強耶... 股利也是每年平均發快10元 跟其它紡織族群一比特別突出 一堆老牌的紡織像南紡、集盛、【嘉裕】、南緯....等等 成立已久,發展也沒這兩家好 做成品牛仔褲的如興甚至近年風雨飄搖 若說是股本不大,eps可以獲利較佳 但是其它好幾家股本更小的,股價也沒像這兩家高 若說是他們的機能性,老實說應該門檻也沒這麼高 畢竟紡織纖維已經是存在已…",,,,
tier:silent,9911,櫻花,M.1718773610.A.74A,2024-06-19 13:06:50,新聞,code,silent,False,1,[新聞] 台灣櫻花：2024年是櫻花AI元年 未來3年看不到不成長的理由,1,True,False,True,True,櫻花,1335,"[代號] …結: https://www.ctee.com.tw/news/20240619700796-430503 發布時間: 2024.06.19 11:35 記者署名: 工商時報 曾麗芳 原文內容: 國內廚衛電領導品牌台灣櫻花(【9911】)董事長張永杰今(19)日在股東會上宣布,2024年 是櫻花的AI元年,櫻花將深化AI科技應用,打造更智能、更貼心的廚衛電產品,滿足市場 求新求變的需求。 張永杰透露,櫻花集團6月底將發表「SAKURA AI KITCHEN」,這將在台灣…",,,,
tier:silent,6906,現觀科,M.1713759755.A.1A5,2024-04-22 12:22:35,新聞,name,silent,False,1,[新聞] 環境部：碳費費率520前難產 3子法近日預,1,False,False,True,False,現觀科,977,"[簡稱(name)] …擊,也要根據立法院決議納入消費者物價指數 (CPI)參考,以做為決策依據,而非喊價式決定。 心得/評論: 又要廢核 又要碳費 I 服了U 綠能產業在台灣 蒿吐露斯? 我就問了台灣製造業除了IC 還有哪家能活? 碳權概念股:倍力 【現觀科】 叡揚 采威等等 若確定碳費上路可以先進場 ---- Sent from BePTT on my iPhone 12 Pro…",,,,
tier:silent,1517,利奇,M.1648392035.A.0D5,2022-03-27 22:40:35,標的,code,silent,False,1,[標的] 1517 利奇 Rich,2,True,True,True,True,利奇,706,"[代號] …[標的] 【1517】 利奇 Rich ------------------------------------------------------------------------- 1. 標的: 1517 .tw 利奇 2. 分類:多 3. 分…
[代號] …[標的] 1517 利奇 Rich ------------------------------------------------------------------------- 1. 標的: 【1517】 .tw 利奇 2. 分類:多 3. 分析/正文: 幾項因素分析 一.基本面:毛利率,稅前淨利,EPS 持續上升 https://i.imgur.com/lGwcr0R.jpg Q4 :毛利率 = 2.64 ;稅前淨利 = 1.62…",,,,
tier:silent,6581,鋼聯,M.1728280804.A.008,2024-10-07 14:00:04,閒聊,name_with_context,silent,False,2,[閒聊] 2024/10/07 盤後閒聊,1,False,False,True,False,鋼聯,580,[簡稱(name_with_context)] …23 (正達、聯策、光聖、隴華、辛耘、光鋐、悅城、映泰、迅得、 嘉澤、百一、藍天、銘鈺、神州-DR、宏璟、承啟、志聖、金橋、 矽力*-KY、精金、淘帝-KY、【鋼聯】、同方友友-DR) 跌停家數 (-10%) 1 (高力) 上櫃 漲停家數 (+10%) 20 跌停家數 (-10%) 2 成交量排行:元大滬深300正2、元大台灣50反1、中信中國高股息、中信中國50正2、 新光…,,,,
tier:silent,6183,關貿,M.1716131092.A.8E9,2024-05-19 23:04:52,標的,name_with_context,silent,False,2,[標的] 3665 貿聯 新貿聯 成長多!,1,False,False,True,False,關貿,6371,"[簡稱(name_with_context)] …估。由於我們開始為轉強的需求準備,營運 現金流比上一季有所下降,我們在上個季度法說有預告過。」 並且5/14的法說中也宣告將開始積極向投資市場溝通 「鑒於貿聯業務的複雜性,我們亦正積極尋找方法,透過投資人關係團隊向投資者及分析 師披露有【關貿】聯的更具體的細節,兩年多前,我們開始舉辦季度財報法說及提供法說相關 資料如新聞稿、逐字稿與音訊重播等。我們的投資人關係團隊於去年年底展開更多計畫, 9 月到紐約路演,我們預計在未來幾個季度計劃更多的海外活動,包括可能在展覽期間為 投資者和分…",,,,
tier:silent,2901,欣欣,M.1625879672.A.3A3,2021-07-10 09:14:32,心得,name_with_context,silent,False,3,[心得] 慢飆股台積電的啟示錄 書摘心得,1,False,False,True,False,欣欣,1738,"[簡稱(name_with_context)] …以用這本書深入了解。以下整理幾個重點,因為書 中談得很多,還是建議去看原書。 積體電路的發展策略 書裡先講到小欣欣豆漿店的故事,1974年2月許多重要的部會首長(如行政院祕書長費驊、 經濟部長孫運璿、工研院院長方賢齊等)在台北市南陽街小【欣欣】豆漿店開早餐會,決定了 台灣要發展大型積體電路。1982年孫運璿積極連繫美國德儀的張忠謀回來進行計畫,後來 到1985年張忠謀回來就任工研院院長。方賢齊傳記中提到當時豆漿店充滿著為國報效的熱 情,這種熱情現在的公務員已很難有共鳴。 孫運璿…",,,,
tier:silent,1615,大山,M.1717774177.A.513,2024-06-07 23:29:37,情報,code,silent,False,1,[情報] 1615 大山 113年5月營收,2,True,True,True,True,大山,204,"[代號] …[情報] 【1615】 大山 113年5月營收 標題:1615 大山 113年5月營收 營收資訊單位:新台幣千元 113年5月營收:443,663 113年4月營收:578,534 112年5月營收:297,594 -MOM 23.31% +YOY 4…
[代號] …[情報] 1615 大山 113年5月營收 標題:【1615】 大山 113年5月營收 營收資訊單位:新台幣千元 113年5月營收:443,663 113年4月營收:578,534 112年5月營收:297,594 -MOM 23.31% +YOY 49.08% 來源:公開資訊觀測站-營收…",,,,
tier:silent,1108,幸福,M.1710503191.A.410,2024-03-15 19:46:31,情報,code,silent,False,1,[情報] 1108 幸福 112年EPS 1.3 股利 1,2,True,True,True,True,幸福,1075,"[代號] …[情報] 【1108】 幸福 112年EPS 1.3 股利 1 1. 標題:1108 幸福 112年EPS 1.3 股利 1 2. 來源:公開資訊觀測站 3. 網址:https://mops.twse.com.tw/mops/web/t05sr01_1 4…
[代號] …[情報] 1108 幸福 112年EPS 1.3 股利 1 1. 標題:【1108】 幸福 112年EPS 1.3 股利 1 2. 來源:公開資訊觀測站 3. 網址:https://mops.twse.com.tw/mops/web/t05sr01_1 4. 內文: ---公告本公司董事會提報112年第4季 合併財…",,,,
tier:silent,2712,遠雄來,M.1681380729.A.CE5,2023-04-13 18:12:09,新聞,name,silent,False,2,[新聞] 雄獅3月營收年增532% 今衝漲停 領軍觀光,1,False,False,True,False,遠雄來,633,"[簡稱(name)] …5成營收水準。累計首季營收32.91億元,年增491.35%。 鳳凰3月營收1.22億元,年增幅度高達1745.14%,已達2019年同期的8成營收,累計首季營 收3.51億元,年增1511.22%。 觀光類股:寒舍、柏文、王品、鳳凰、【遠雄來】、八方雲集、雲品、六福、晶華、夏都、燦 星旅、易飛網、六角、海灣、五福、豆府 心得/評論: 觀光股噴噴爽,什麼升息跟衰退,跟出國有關嗎? 沒有嘛! 國人被關這麼久了,現在就是要出國 送分題有人不會做? 還在電子跟航運?…",,,,
tier:silent,2701,萬企,M.1584287301.A.8CD,2020-03-15 23:48:21,新聞,name_with_context,silent,False,1,[新聞] 急了！李克強：企業只要還活著，就享受疫,1,False,False,True,False,萬企,987,"[簡稱(name_with_context)] …為,李克強接連喊話在釋放不同尋常信號的背後,印證了中國經濟如今深陷重重危機的窘境。 中國數百萬企業恐將倒閉 武漢疫情已經持續擴散3個多月,疫情嚴重衝擊中國產業,全國各地停工停業,百業凋敝。大量中小企業在生死線上掙扎。有調查顯示,中國數百【萬企】業恐將倒閉。 中小企業協會2月下旬發布一項報告顯示,因資金緊張,近9成中小企業撐不過3個月;5成企業表示經營困難;還有近3成的企業說,將導致虧損。 3.心得/評論: 武漢肺炎對於中國實質的傷害 走在世界各國之前 或許可以從中國受到的傷害…",,,,
tier:silent,1526,日馳,M.1607490657.A.9D4,2020-12-09 13:10:57,標的,code,silent,False,1,Re: [標的] 日馳 1526,5,True,True,True,True,日馳,885,"[代號] …Re: [標的] 日馳 【1526】 ※ 引述《bom1010105 (Greyson)》之銘言: : 1. 標的:日馳 1526 : 2. 分類:多 : 3. 分析/正文: : 基本面:小弟本身在紙類包材廠上班,從約兩個月前美國sram的紙類包材訂單暴增,至少 : 是去…
[代號] …Re: [標的] 日馳 1526 ※ 引述《bom1010105 (Greyson)》之銘言: : 1. 標的:日馳 【1526】 : 2. 分類:多 : 3. 分析/正文: : 基本面:小弟本身在紙類包材廠上班,從約兩個月前美國sram的紙類包材訂單暴增,至少 : 是去年二至三倍量,推測與它同為全球前三大之自行車變速器製造商的日馳下半年訂單與 : 出貨量應該也是倍增…
[簡稱(name_with_context)] …存對帳單https://i.imgur.com/TRozSDH.jpg : ----- : Sent from JPTT on my iPhone 小弟我從7/14買進後就一直抱到現在,途中在51左右陸續加碼五張,總張數也來到15張。 【日馳】十月初也曾飆到57,可惜太貪了沒賣,回檔到49也一度想要出掉,不過還是忍住,就是想再多等十一月營收,結果昨天營收公佈,今天早盤看拉不上去,心一橫就出掉了。 這半年台股科技股漲翻天,我還抱著日馳,其實大多時候也是被同事、朋友笑,尤其量縮之後…",,,,
tier:silent,2471,資通,M.1589169809.A.2E0,2020-05-11 12:03:29,標的,code,silent,False,5,[標的] 2468 華經   遠端概念,1,True,False,False,False,,905,"[代號] …自己的資訊部門,大多數的公司,中小企業等,不太願意付出這部分 的人力成本,或者低人力成本下,請到的IT人員技術層級不高,也只能求助於外面的資訊 公司。 稍微研究一下市場上的公司,我先看董監持股,在看外頭流通的股數。 2480、5403、【2471】、3174等大約在10%上下,2453約20出頭,連國內龍頭6214精誠才9%多 。 6183、6590等約四十幾,但是也不太算是SI廠,比較偏向金融類其他方面的運用。 關於華經,簡單來說的特點是: a. 股本小(7億),董監持股佔67…",,,,
tier:silent,1103,嘉泥,M.1712111436.A.A87,2024-04-03 10:30:36,新聞,code,silent,False,4,[新聞] 重建題材推一把 水泥股熱騰騰,3,True,False,True,False,嘉泥,712,"[代號] …001887-260410 發布時間: 2024/4/3 記者署名: 郭鴻慧 原文內容: 今(3)日早上發生芮氏規模7.2地震,全台有感,災情也陸續傳出,水泥族群挾著重建概念 獲題材面推一把,台泥(1101)、亞泥(1102)、嘉泥(【1103】)及環泥(1104)等漲幅都在2%以上 ,其餘個股也紛紛揚升,帶動水泥指數上漲1.7%,成為盤面上的人氣焦點。 嘉泥水泥事業去年銷售單價及噸數皆有成長,營收年增2.82億元,旅宿事業在疫情過後, 營運大幅回溫,去年營收年增6成,目前日本沖…
[簡稱(name_with_context)] …403001887-260410 發布時間: 2024/4/3 記者署名: 郭鴻慧 原文內容: 今(3)日早上發生芮氏規模7.2地震,全台有感,災情也陸續傳出,水泥族群挾著重建概念 獲題材面推一把,台泥(1101)、亞泥(1102)、【嘉泥】(1103)及環泥(1104)等漲幅都在2%以上 ,其餘個股也紛紛揚升,帶動水泥指數上漲1.7%,成為盤面上的人氣焦點。 嘉泥水泥事業去年銷售單價及噸數皆有成長,營收年增2.82億元,旅宿事業在疫情過後, 營運大幅回溫,去年營收年增6成,…
[簡稱(name_with_context)] …7.2地震,全台有感,災情也陸續傳出,水泥族群挾著重建概念 獲題材面推一把,台泥(1101)、亞泥(1102)、嘉泥(1103)及環泥(1104)等漲幅都在2%以上 ,其餘個股也紛紛揚升,帶動水泥指數上漲1.7%,成為盤面上的人氣焦點。 【嘉泥】水泥事業去年銷售單價及噸數皆有成長,營收年增2.82億元,旅宿事業在疫情過後, 營運大幅回溫,去年營收年增6成,目前日本沖繩旅遊市場熱絡,沖繩嘉新酒店Hotel Col lective 近期住房率維持8~9成的水準,對今年營運貢獻可望再添柴…",,,,
tier:silent,6641,基士德-KY,M.1640883838.A.6EB,2021-12-31 01:03:58,心得,name,silent,False,1,[心得] 2021年終回顧,1,False,False,True,False,基士德|基士德-KY,2930,"[簡稱(name)] …因為心態上的保守,沒跌到我心中的價位,我一直不敢把部位佔比拉的太高 ,但其實這種好股票,有時會跌不下去是有原因的,把加碼的目標訂的太低,其實是不需 要,這部分要在調整。但這其實有點馬後炮,但自我檢討,馬後炮也是種檢討XD。 第二點就是在【基士德-KY】上,評估的太有信心過頭了,很多狀況沒有注意到,雖然這家公 司的財報,我檢視起來,覺得沒什麼問題,公司獲利也滿不錯的,但像產業獲利比較波動 一季高一季低的狀況,評估起來很難預估,很難預料公司的發展,在價錢上,又有追高, 導致小幅套牢,目前看來…",,,,
tier:silent,7722,LINEPAY,M.1711628828.A.F31,2024-03-28 20:27:08,新聞,code,silent,False,1,[新聞] LINE Pay 去年每股賺8元但配息0元 員工紅,1,True,False,True,False,LINEPAY,617,"[代號] …利平均每人4萬 原文連結: https://udn.com/news/story/7239/7863053 發布時間: 2024-03-28 20:13 記者署名: 彭慧明 原文內容: 台灣最大行動支付龍頭LINE Pay(【7722】)28日董事會通過議案,去年賺8元,但不配發去 年股利;不過LINE Pay配發員工酬勞共約614萬元,以LINE Pay員工約150人,平均可分得 約4萬元左右。 LINE Pay將在6月28日舉行股東會,今日在興櫃收盤參考價621元。…",,,,
tier:silent,1307,三芳,M.1588671933.A.958,2020-05-05 17:45:33,請益,name_with_context,silent,False,4,Re: [請益] 防疫股請益,1,False,False,True,False,三芳,693,"[簡稱(name_with_context)] …散戶的錢都從電子股跑來做防疫股,不論台股大盤和美股漲跌都與之無關 主力現在還沒進場呢 以今天排隊張數買到的難易程度排序不考慮未來潛力排序 第一隊: 熱映(2344張) 恆大(761)處置中 寶齡(1240張) 康那香(23955張) 【三芳】(3744張) 毛寶(10683張) 亞諾法(4280張) 第二隊: 台耀(3369張) 台康(1587張) 高端疫苗(3958張) 雃博(1331張) 合一(新藥非防疫)處置中 遠東新(4858張) 第三隊前段班 中化生(180張)…",,,,
tier:silent,2816,旺旺保,M.1648810928.A.9F3,2022-04-01 19:02:08,新聞,name,silent,False,1,[新聞] 隱藏版金融股！四家上市產險殖利率破5％,1,False,False,True,False,旺旺保,1030,"[簡稱(name)] …熱絡,也屬於金融股「低調股」。國內產險發行 的保單幾乎都屬於短年期保單,每年要支應理賠金支付,投資相對保守,財務都採低槓桿 ,營運風險相對較低,只要公司有獲利扣除法定保留及特別盈餘後,都可配發現金股利。 除了第一保之外,新光產險、中再保及【旺旺保】今年每股配息分別是3.2元、1.8元及1元, 每股現金股息殖利率都逾5%,在目前已公布配息率的金融股中,產險股配息率屬是較高 的一群。 就五大上市產險公司去年獲利觀之,新光產去年稅後盈餘22.53億元,每股稅後盈餘7.13 元,每股配發現…",,,,
tier:silent,1307,三芳,M.1589768383.A.C9C,2020-05-18 10:19:43,標的,code,silent,False,1,[標的] 1307 三芳 請益,4,True,True,True,True,三芳,136,"[代號] …[標的] 【1307】 三芳 請益 1. 標的:1307 三芳 2. 分類:請益 3. 分析/正文: 防疫類股其中一支支線 上上週跟香香一起飆漲之後直接被殺到血本無歸 今天一開盤又跟香香一起噴 看四月財報年營收下降 想請問大家這隻怎麼玩 目前兩張套…
[代號] …[標的] 1307 三芳 請益 1. 標的:【1307】 三芳 2. 分類:請益 3. 分析/正文: 防疫類股其中一支支線 上上週跟香香一起飆漲之後直接被殺到血本無歸 今天一開盤又跟香香一起噴 看四月財報年營收下降 想請問大家這隻怎麼玩 目前兩張套在當時的高點 4. 進退場機制:…
[簡稱(name_with_context)] …[標的] 1307 【三芳】 請益 1. 標的:1307 三芳 2. 分類:請益 3. 分析/正文: 防疫類股其中一支支線 上上週跟香香一起飆漲之後直接被殺到血本無歸 今天一開盤又跟香香一起噴 看四月財報年營收下降 想請問大家這隻怎麼玩 目前兩張套在當時…",,,,
tier:silent,1527,鑽全,M.1656657494.A.C14,2022-07-01 14:38:14,心得,code,silent,False,2,[心得]生涯報酬率(滿7年),1,True,False,True,False,鑽全,4630,"[代號] …市時間高達2年,低流動性的價值減損,這筆投資並不能 算是很漂亮的困境投資。 5. 電子科技類 *IBM(不變):67 *KD(不變):13 *2474可成(不變):36 *4909新復興(不變):40 *4999鑫禾(不變): 6 *【1527】鑽全(不變):2 6. 權證投資 *萬海凱基11售04 (07205P) (closed) 60=> 0 因為快到期,1月份清空,均售價僅剩0.01。 *萬海群益13售05 (07230P)(closed) 30 =>…",,,,
tier:silent,2762,世界健身-KY,M.1693228414.A.734,2023-08-28 21:13:34,新聞,code,silent,False,1,[新聞] 世界健身 申請第一上市,1,True,False,True,True,世界健身,423,"[代號] …申請第一上市 原文連結:https://ctee.com.tw/livenews/aj/ctee/A00650002023082818592128 發布時間:2023-8-28 記者署名:陳昱光 原文內容: 世界健身事業有限公司(【2762】)28日向證交所送件申請股票第一上市,主辦承銷商為永豐 金證券,為今年度以來第2家申請股票第一上市的外國企業,運動休閒類股將再添生力軍 。 世界健身為會員制連鎖健身中心,主要提供會員專業健身運動器材、場地及各項有氧運動 課程,以及專業教練…",,,,
tier:silent,1906,寶隆,M.1598427148.A.FC9,2020-08-26 15:32:28,新聞,code,silent,False,2,[新聞] 營運苦盡甘來 榮成、寶隆同歡,3,True,False,True,True,寶隆,1121,"[代號] …長暨發言人鄒永芳。(記者林資傑攝) 工紙大廠榮成(1909)營運最壞時期已過,下半年可望苦盡甘來,利多激勵今(26)日買 盤敲進,開高3.23%後直攻漲停價15.3元,截至10點45分成交量已突破2.16萬張。而集團 代理銷售工紙的寶隆(【1906】)母子同歡,亦同步放量攻上漲停價14.6元。 榮成上半年合併營收167.46億元、年減28.15%,為近4年同期低點,毛利率13.75%、營 益率3.05%,去年同期為12.75%、3.23%。受惠業外虧損減少28.87%,歸屬母公司稅後…
[簡稱(name_with_context)] …成財務長暨發言人鄒永芳。(記者林資傑攝) 工紙大廠榮成(1909)營運最壞時期已過,下半年可望苦盡甘來,利多激勵今(26)日買 盤敲進,開高3.23%後直攻漲停價15.3元,截至10點45分成交量已突破2.16萬張。而集團 代理銷售工紙的【寶隆】(1906)母子同歡,亦同步放量攻上漲停價14.6元。 榮成上半年合併營收167.46億元、年減28.15%,為近4年同期低點,毛利率13.75%、營 益率3.05%,去年同期為12.75%、3.23%。受惠業外虧損減少28.87%,歸屬…
[簡稱(name_with_context)] …投資約70億元,在彰 化二林廠添購年產能20萬噸的造紙機,預計明年1月投產,可望增添新成長動能。 https://www.chinatimes.com/realtimenews/20200826001894-260410 之前買起來放的【寶隆】終於開漲了,還強勢漲停,繼續放著。 https://i.imgur.com/TMZbeQV.jpg…",,,,
tier:silent,3055,蔚華科,M.1617874980.A.19E,2021-04-08 17:43:00,新聞,code,silent,False,2,[新聞]用投球瞎買選股！啾啾鞋「韭宮格」灑30萬,2,True,False,True,False,蔚華科,1420,"[代號] …何 一個股票代碼,後來只好改變策略,狂丟球並將數字遞補,直到有中為止,最後總共買了 290,886元,買了標的分別是元大台灣50(0050)、元大MSCI金融(0055)、富邦台摩( 0057)、麗正(2302)、星通(3025)、蔚華科(【3055】)、佰研(3205)、昇貿(3305) 。 「韭」宮格獲利3.51%連本人都驚訝 如此瞎買的韭菜行為,連啾啾鞋都自稱是「韭宮格」投資法,但沒想到兩週後他揭曉手上 持股,竟然獲利達10,214元,總報酬率3.51%,讓他大嘆「我自己操作都…
[簡稱(name)] …有投中任何 一個股票代碼,後來只好改變策略,狂丟球並將數字遞補,直到有中為止,最後總共買了 290,886元,買了標的分別是元大台灣50(0050)、元大MSCI金融(0055)、富邦台摩( 0057)、麗正(2302)、星通(3025)、【蔚華科】(3055)、佰研(3205)、昇貿(3305) 。 「韭」宮格獲利3.51%連本人都驚訝 如此瞎買的韭菜行為,連啾啾鞋都自稱是「韭宮格」投資法,但沒想到兩週後他揭曉手上 持股,竟然獲利達10,214元,總報酬率3.51%,讓他大嘆「我…",,,,
tier:silent,2373,震旦行,M.1716898964.A.7CB,2024-05-28 20:22:44,標的,code,silent,False,1,[標的] 2373 震旦行 碎紙機多,5,True,True,True,True,震旦行,355,"[代號] …[標的] 【2373】 震旦行 碎紙機多 標的:2373 震旦行 分類:多 (請選擇並刪除無關分類) 分析/正文: 震旦行是一家主要從事辦公設備及辦公家具分銷業務的台灣公司。 其辦公設備產品包括計算機、碎紙機、影印機、投影機及傳真機等。 之前用過他們…
[代號] …[標的] 2373 震旦行 碎紙機多 標的:【2373】 震旦行 分類:多 (請選擇並刪除無關分類) 分析/正文: 震旦行是一家主要從事辦公設備及辦公家具分銷業務的台灣公司。 其辦公設備產品包括計算機、碎紙機、影印機、投影機及傳真機等。 之前用過他們的碎紙機 覺得品質不錯 CP值高…
[簡稱(name)] …[標的] 2373 【震旦行】 碎紙機多 標的:2373 震旦行 分類:多 (請選擇並刪除無關分類) 分析/正文: 震旦行是一家主要從事辦公設備及辦公家具分銷業務的台灣公司。 其辦公設備產品包括計算機、碎紙機、影印機、投影機及傳真機等。 之前用過他們的碎紙機…",,,,
tier:silent,2302,麗正,M.1685893361.A.64D,2023-06-04 23:42:41,新聞,name_with_context,silent,False,1,[新聞] 竹市名店福源花生醬負責人炒股 判刑3年4月,12,False,False,True,False,麗正,1747,"[簡稱(name_with_context)] …023/06/04/4323146_1_1.jpg 竹市名店福源花生醬負責人營造股票交易活絡表象,被新竹地院判刑。(記者蔡彰盛攝) 2023/06/04 17:04 〔記者蔡彰盛/新竹報導〕新竹市知名老店「福源花生醬」負責人曾廷海為造成【麗正】股票 交易活絡表象,2014年底起共54個交易日,委託不知情的證券商下單,利用其本身及實際 持有掌控之不知情親友帳戶連續委託買賣麗正股票而相對成交,共計相對成交4萬8仟多股 ,佔該股市場總成交量2成8以上,其中42個交易日相對成交量占該股當…
[簡稱(name_with_context)] …2023/06/04 17:04 〔記者蔡彰盛/新竹報導〕新竹市知名老店「福源花生醬」負責人曾廷海為造成麗正股票 交易活絡表象,2014年底起共54個交易日,委託不知情的證券商下單,利用其本身及實際 持有掌控之不知情親友帳戶連續委託買賣【麗正】股票而相對成交,共計相對成交4萬8仟多股 ,佔該股市場總成交量2成8以上,其中42個交易日相對成交量占該股當日市場總成交量5 %以上,造成麗正股票交易活絡表象,引誘一般散戶投資人上車,新竹地院依製造證券交 易活絡表象罪判刑3年4月。 法官…
[簡稱(name_with_context)] …底起共54個交易日,委託不知情的證券商下單,利用其本身及實際 持有掌控之不知情親友帳戶連續委託買賣麗正股票而相對成交,共計相對成交4萬8仟多股 ,佔該股市場總成交量2成8以上,其中42個交易日相對成交量占該股當日市場總成交量5 %以上,造成【麗正】股票交易活絡表象,引誘一般散戶投資人上車,新竹地院依製造證券交 易活絡表象罪判刑3年4月。 法官調查,曾廷海見麗正國際科技公司股票為交易量少、股價低之易於炒作小型股,且得 為融資、融券信用交易,竟意圖造成麗正股票交易活絡表象,自2014年…",,,,
tier:silent,6641,基士德-KY,M.1632490150.A.37F,2021-09-24 21:29:10,心得,name,silent,False,1,Re: [心得] 今年重整旗鼓的心得,1,False,False,True,False,基士德|基士德-KY,2002,"[簡稱(name)] …年的投資狀況,作一 個收尾,之後我大概會每半年在2Q及4Q的財報公布後,來分享自已的持股狀況,有其他的 想分享的想法會直接開新標題。 重今年年初進場,經過一輪的汰換後,手上持股剩國精化9張、三福化7張、誠泰科15 張、開發金15張、【基士德-KY】 5張及茂順4張,大致上跟剛發文的時候差不多,差在00885 不見了,我拿去換材料-KY後,又換成茂順,目前投入成本約1,929,304元,收到的股息收 入83,750元,帳面獲利208,784元,投報率約在15.16%,以我今年第一張股票…",,,,
tier:silent,4536,拓凱,M.1607619376.A.83F,2020-12-11 00:56:16,心得,code,silent,False,2,[心得] 既然PO這種文 就已經準備好被噓爆了,1,True,False,False,False,,1350,"[代號] …. 我以為會跌得更低,所以買得不夠多 2. 沒有買到最強勢的股票:例如台積電、Tesla 那時我加碼太慢。我甚至已經找好銀行業務,現金賣完了就信貸加碼,結果沒有用到。不 過回想起來,那時買到17.5元的2904、27元的1323、86元的【4536】,其實也算滿爽了。 最近股市不斷創歷史新高,我的懼高症又復發了。我看到的是一個追逐獲利、忽視風險的 市場。大量新手開戶入場、多數人滿倉操作。無論利多還是利空,市場都是漲。似乎沒有 人擔心賠錢,只怕自己錯過發大財的機會。 可能有人可能誤以…",,,,
tier:silent,2429,銘旺科,M.1578927886.A.36C,2020-01-13 23:04:46,其他,name,silent,False,1,[其他] 銘旺科-澄清媒體報導,2,False,False,True,True,銘旺科,330,"[簡稱(name)] …[其他] 【銘旺科】-澄清媒體報導 1.事實發生日:108/12/01 2.公司名稱:銘旺科技股份有限公司 3.與公司關係(請輸入本公司或子公司):本公司 5.傳播媒體名稱:運通財經衛星電視台 6.報導內容:報導本公司大型觸控式電子白板之相關業務及…
[簡稱(name)] …[其他] 銘旺科-澄清媒體報導 1.事實發生日:108/12/01 2.公司名稱:【銘旺科】技股份有限公司 3.與公司關係(請輸入本公司或子公司):本公司 5.傳播媒體名稱:運通財經衛星電視台 6.報導內容:報導本公司大型觸控式電子白板之相關業務及財務資訊 7.發生緣由:澄清自民國108年12月起運通財經衛星電視台對本…",,,,
tier:silent,2012,春雨,M.1625489246.A.7D8,2021-07-05 20:47:26,新聞,code,silent,False,4,[新聞] 鋼價下半年易漲難跌 中鋼領軍鋼鐵股激昂,1,True,False,True,False,春雨,1052,"[代號] …,EPS上看9元以上。新光鋼今早股價攻上94.6元新高 。 心得/評論: 國際搶料大作戰,沒有意外的話鋼鐵Q3鋼價仍看漲! 鋼鐵龍頭2002中鋼領軍今天一樣在打40關卡大魔王。 今天漲停的鋼鐵股有 2006東和鋼鐵、2008高興昌、【2012】春雨、2017官田鋼、2025千興、2029盛餘 鋼鐵 Is Not Over Yet~! 大鋼鐵時代正式來臨!…",,,,
tier:silent,1786,科妍,M.1717557912.A.756,2024-06-05 11:25:12,新聞,code,silent,False,1,[新聞] 新護國神山群？生技股開趴續嗨 藥華藥,2,True,False,True,False,科妍,1193,"[代號] …弘(6796)、上亞科技(6130)、合世(1781) 、永昕(4726)、慧智(6615)接棒亮燈漲停,晟德(4123)、台耀(4746)、視陽(6782)、美時(1 795)等聯袂走高,股王保瑞(6472)也力挺多方,而昨日漲停的科妍(【1786】)回跌逾5%攻勢受阻 ,醫揚(6569)也漲高拉回修正3%,成類股拖油瓶。 台灣生技產業寫下嶄新一頁!懸宕六年的《再生醫療法》終於闖關成功,除六大醫事團體和 產業界紛紛表示支持外,醫界多對政府推動再生醫療給予肯定。生技業樂觀看待有望開創兆…
[簡稱(name_with_context)] …旗,晉弘(6796)、上亞科技(6130)、合世(1781) 、永昕(4726)、慧智(6615)接棒亮燈漲停,晟德(4123)、台耀(4746)、視陽(6782)、美時(1 795)等聯袂走高,股王保瑞(6472)也力挺多方,而昨日漲停的【科妍】(1786)回跌逾5%攻勢受阻 ,醫揚(6569)也漲高拉回修正3%,成類股拖油瓶。 台灣生技產業寫下嶄新一頁!懸宕六年的《再生醫療法》終於闖關成功,除六大醫事團體和 產業界紛紛表示支持外,醫界多對政府推動再生醫療給予肯定。生技業樂觀看待…",,,,
tier:silent,2414,精技,M.1648485090.A.41E,2022-03-29 00:31:30,心得,name_with_context,silent,False,5,[心得] 幾個定存股的操作心法分享,1,False,False,True,False,精技,769,"[簡稱(name_with_context)] …認識10個正妹,跟認識100個正妹,找到人家單身低潮的機會才大 4.定存股講究科學,不會有妖股,股價就是圍繞在股息的20倍打轉 有的抓殖利4~5%(穩定傳產),有的7%(電子、建商) 今年eps高,股息配的高,股價就會上去 ex:【精技】、興農 今年爛,不配股,股價就下去 ex:全坤建 所以海量認識定存股,就可以科學化的知道有沒有被低估,有沒有賺頭 5.不要跟新聞起舞作定存股 新聞報出來就已經漲過了,新聞報不配股,你就不要傻傻的殺, 你知道不配股一定會跌,…",,,,
tier:silent,1103,嘉泥,M.1620632167.A.719,2021-05-10 15:36:07,新聞,name_with_context,silent,False,2,[新聞] 台泥(1101)-11004-營業收入資訊,1,False,False,True,False,嘉泥,843,"[簡稱(name_with_context)] …※必需填寫滿20字 台泥4月營收96.72億 月減1.10% 年減1.69% 看理財達人秀 阮慕驊+兆華一直推水泥 推了兩個禮拜 一直說大陸水泥 福建水泥 怎樣漲價的,前幾天看【嘉泥】也鳥 台泥最近從53 衝到58 殺到50 現在在53附近 感覺沒甚麼力 今年配3.5塊,現在52.9塊,殖利率6.6%。真的溜溜溜! https://i.imgur.com/FO1gk1D.png 不過最近看起來是不是有點三陽開泰的…",,,,
tier:silent,1417,嘉裕,M.1621690072.A.0F2,2021-05-22 21:27:52,新聞,name_with_context,silent,False,3,[新聞] 老謝：嚴陳莉蓮當家 這檔連虧10幾年轉盈,4,False,False,True,False,嘉裕,1108,"[簡稱(name_with_context)] …長,台灣的企業獲利大躍升,這是全世界最好的成績單。 外媒一度懷疑台灣得了荷蘭病,也就是台幣升值,台灣半導體獨好,其他產業都式微,但 台灣首季季報就給外媒打臉,今年首季,石化、紡織、鋼鐵、造紙都傳出好佳績,例如, 過去廿年,幾乎每年都虧損的【嘉裕】西服,今年首季出現9553萬元淨利,EPS 0.5元,原來 嘉裕手上有陸軍制服10億,海軍制服12億的接單,過去嚴凱泰改造嘉裕未成,如今嚴陳莉 蓮親自當家,虧損十幾年的嘉裕也轉虧為盈了。 這次財報效應,可以看到台灣除了大企業獲利躍進,一般…
[簡稱(name_with_context)] …疑台灣得了荷蘭病,也就是台幣升值,台灣半導體獨好,其他產業都式微,但 台灣首季季報就給外媒打臉,今年首季,石化、紡織、鋼鐵、造紙都傳出好佳績,例如, 過去廿年,幾乎每年都虧損的嘉裕西服,今年首季出現9553萬元淨利,EPS 0.5元,原來 【嘉裕】手上有陸軍制服10億,海軍制服12億的接單,過去嚴凱泰改造嘉裕未成,如今嚴陳莉 蓮親自當家,虧損十幾年的嘉裕也轉虧為盈了。 這次財報效應,可以看到台灣除了大企業獲利躍進,一般陷入困難的中小企業也欣欣向榮 心得/評論:…
[簡稱(name_with_context)] …微,但 台灣首季季報就給外媒打臉,今年首季,石化、紡織、鋼鐵、造紙都傳出好佳績,例如, 過去廿年,幾乎每年都虧損的嘉裕西服,今年首季出現9553萬元淨利,EPS 0.5元,原來 嘉裕手上有陸軍制服10億,海軍制服12億的接單,過去嚴凱泰改造【嘉裕】未成,如今嚴陳莉 蓮親自當家,虧損十幾年的嘉裕也轉虧為盈了。 這次財報效應,可以看到台灣除了大企業獲利躍進,一般陷入困難的中小企業也欣欣向榮 心得/評論: ※必需填寫滿20字 老…",,,,
tier:silent,9926,新海,M.1632873503.A.416,2021-09-29 07:58:23,新聞,name_with_context,silent,False,8,[新聞] 能耗雙控、能源危機 14檔能源股兵家必爭,1,False,False,True,False,新海,1369,"[簡稱(name_with_context)] …標價調升至每桶90美元。 再加上紐約商品期交所(NYMEX)天然氣期貨報價本月大漲逾四成,創近7年新高,一場能 源危機正在醞釀而生。 國內資金開始朝向能源股靠攏,油電燃氣指數量增價揚,指數28日成功收復季線,欣天然 亮燈漲停外,台塑化、【新海】、欣高、大台北、台汽電等個股也全數收紅。下游塑化產業裡 台塑四寶、台聚集團更挾利多價量彈升,指標股台聚與台塑28日更獲法人分別買超9.94億 元與7.25億元,在上市櫃企業當中僅次聯發科的21.8億元。 摩爾投顧分析師張志誠表示,大陸為實…",,,,
tier:silent,3557,嘉威,M.1720973379.A.EF7,2024-07-15 00:09:39,標的,code,silent,False,1,[標的] 3557 嘉威  財報多,10,True,True,True,True,嘉威,448,"[代號] …[標的] 【3557】 嘉威 財報多 標的:3557 嘉威 財報多 分類:多 分析/正文:嘉威是主要是做有設計感餐具 ,加上他購併了美國廚具品牌Prepara ,嘉威主要產品餐具第一季跟第四季是旺季,但第二季和第三季是淡季,但廚具市場是全年 無淡季,可以補足嘉…
[代號] …[標的] 3557 嘉威 財報多 標的:【3557】 嘉威 財報多 分類:多 分析/正文:嘉威是主要是做有設計感餐具 ,加上他購併了美國廚具品牌Prepara ,嘉威主要產品餐具第一季跟第四季是旺季,但第二季和第三季是淡季,但廚具市場是全年 無淡季,可以補足嘉威餐具淡季的不足,由於R-PET…
[簡稱(name_with_context)] …[標的] 3557 【嘉威】 財報多 標的:3557 嘉威 財報多 分類:多 分析/正文:嘉威是主要是做有設計感餐具 ,加上他購併了美國廚具品牌Prepara ,嘉威主要產品餐具第一季跟第四季是旺季,但第二季和第三季是淡季,但廚具市場是全年 無淡季,可以補足嘉威餐具…",,,,
tier:silent,9918,欣天然,M.1622082084.A.0C5,2021-05-27 10:21:24,請益,code,silent,False,4,[請益] 瓦斯股可能會和禮儀股連動嗎,2,True,False,True,False,欣天然,196,"[代號] …禮儀股連動嗎 問題 今天看到大家討論龍巖起飛 很明顯它就是一個疫情爆發概念股 我這裡有個問題 火葬所使用的瓦斯 是不是也可以預期同時成正比的成長 我查詢了一下跟瓦斯相關的股票有 8908 欣雄 8917 欣泰 9908 大台北 【9918】 欣天然 9926 新海 9931 欣高 想請問一下哪幾間公司主要營業的項目比較有可能跟龍巖一樣 反應大眾對於疫情的預期?(我猜想可能這個用量畢竟不是主力)…
[簡稱(name)] …嗎 問題 今天看到大家討論龍巖起飛 很明顯它就是一個疫情爆發概念股 我這裡有個問題 火葬所使用的瓦斯 是不是也可以預期同時成正比的成長 我查詢了一下跟瓦斯相關的股票有 8908 欣雄 8917 欣泰 9908 大台北 9918 【欣天然】 9926 新海 9931 欣高 想請問一下哪幾間公司主要營業的項目比較有可能跟龍巖一樣 反應大眾對於疫情的預期?(我猜想可能這個用量畢竟不是主力)…",,,,
collision:1216,1216,統一,M.1672382460.A.11A,2022-12-30 14:41:00,新聞,code,sparse,False,6,[新聞] 龍頭股連續配息機會佳,1,True,False,True,False,統一,1579,"[代號] …金商 品。 對存股族來說,要逐一建立各產業龍頭股部位所耗費的時間與交易成本較高;但台灣證交 所有29個產業分類,許多營運表現優秀的公司值得納入配置,甚至有些產業龍頭股配發股 利的表現穩健持久,如水泥工業的台泥(1101)、食品工業的統一(【1216】)、塑膠工業的 南亞(1303)、橡膠工業的正新(2105),以及半導體業的台積電(2330)等公司皆連續 配發股利達30年以上。 特選臺灣產業龍頭存股等權重指數所涵蓋的成分股中,即納入這類配息優異的產業龍頭股 ,還能定期調節各產業或個股…",,,,
collision:1216,1216,統一,M.1671879186.A.4AB,2022-12-24 18:53:06,新聞,code,sparse,False,1,[新聞] 博客來假承攬事件惹議 公司去年賺逾4億、,1,True,False,True,False,統一,1018,"[代號] …紙本書、電子書的銷量看來,博客來都是目前圖書的最大通路。 儘管近年出版業持續低迷,整體書市連年衰退,但博客來積極衝刺生活百貨消費市場有成,目前百貨類品項已佔銷售4成,圖書佔6成,而去年更因疫情紅利的關係,營收獲利穩定增長。 依據統一( 【1216】 )去(2021)年年報所揭露,博客來數位科技資本額1.999億元,去年營收75.60億元,營業利益高達4.86億元,稅後純益為4.02億元,每股稅後純益(EPS)20.13元。 心得/評論: ※必需填寫滿30字,無意義者板規處分 Ep…",,,,
collision:1216,1216,統一,M.1658841273.A.03C,2022-07-26 21:14:33,心得,code,sparse,False,1,[心得] 盤後資料整理(Excel格式),1,True,False,True,False,統一,747,"[代號] …(周末回測近三個月選股策略,目前看起來-股價觸底的風險最小, 還在想要怎麼跟大盤趨勢去整合在一起...https://i.imgur.com/RT3fyWe.jpg 先前有股價觸底訊號 & 今天MACD翻紅清單如下 股號 股票名稱 【1216】 統一 9904 寶成 9914 美利達 PS:Excel查詢頁面輸入股號可以直接帶出相關資料 https://i.imgur.com/cs1yxKd.jpg Hint: VS大盤:為上市櫃個股VS上市櫃漲跌幅輸贏的天數 VS…",,,,
collision:1216,1216,統一,M.1658245449.A.15F,2022-07-19 23:44:09,新聞,code,sparse,False,2,[新聞] Live／統一、統一超23:40宣布董事會「重,1,True,False,True,True,統一,317,"[代號] …[新聞] Live/統一、統一超23:40宣布董事會「重 Live/統一、統一超23:40宣布董事會「重大交易案」!財務長說明 ETTODAY 2022-07-19 23:30 記者柯振中/綜合報導 統一(【1216】)、統一超(2912)19日晚間宣布,深夜11點40分在證交所3樓記者室召開重 大訊息記者會,由統一財務長陳國煇、統一超財務長吳玟琪說明,《東森新媒體ETtoday 》將為您全程轉播。 https://finance.ettoday.ne…",,,,
collision:1216,1216,統一,M.1618802701.A.286,2021-04-19 11:25:01,新聞,code,sparse,False,4,[新聞] 亞灣招商熱 高雄7檔資產股同樂,1,True,False,True,False,統一,1263,"[代號] …一砲,標售3,200坪土地,包括東南水泥(1110)、台肥(1722) 等七大地主,共擁有的44.63公頃土地,價值也將跟著水漲船高,掀起高雄資產股效應。 亞灣區內的七大民營地主,包括國泰化工(1713)、大洋塑膠(1321)、統一集團(【1216】 )、東南水泥、台塑(1301)、台肥以及中石化等,過去都是以高雄為基地生產石化產品 。 隨著時代演變,這七大民營地主共擁有工業用地達73.59公頃,在高雄市政府進行都市計 畫通盤檢討之後,進行並完成公辦市地重劃,這些地主取回的土地,也就…",,,,
collision:1216,1216,統一,M.1585287004.A.2A1,2020-03-27 13:30:04,新聞,code,sparse,False,5,[新聞] 官股券商 十檔買不停,1,True,False,True,False,統一,659,"[代號] …/243034.html 官股券商 十檔買不停 工商時報 呂淑美 2020.03.27 官股券商於3月上旬大舉加碼持股,近日買進不如之前積極,但累計近五個交易日仍買超33. 27億元,據統計,官股券商近五日買超鴻海(2317)、統一(【1216】)等十檔個股都各在2億 元以上,且26日仍維持買超,顯示官股仍對特定個股逢低承接中。 國安基金近日臨危受命進場護盤,台股由低點反彈至9,700點之上,隨著指數回穩,八大官 股券商近三日逢高小量調節,24日賣超3.37億元、25日僅小買超0…",,,,
collision:1216,1216,統一,M.1604074289.A.3E4,2020-10-31 00:11:29,標的,code,sparse,False,1,[標的] 1216統一,2,True,True,True,True,統一,198,"[代號] …[標的] 【1216】統一 1. 標的: 1216統一 2. 分類:多/空/請益/心得 請益 3. 分析/正文: 9月業績年增2% Q2 eps1.12 比起去年的Q2 eps 1.02 多 0.1 股價今天有回到 3…
[代號] …[標的] 1216統一 1. 標的: 【1216】統一 2. 分類:多/空/請益/心得 請益 3. 分析/正文: 9月業績年增2% Q2 eps1.12 比起去年的Q2 eps 1.02 多 0.1 股價今天有回到 3/19 的最低點 外資從去年…",,,,
collision:1216,1216,統一,M.1605316450.A.2AA,2020-11-14 09:14:10,標的,code,sparse,False,1,Re: [標的] 1216 統一 多,2,True,True,True,True,統一,344,"[代號] …Re: [標的] 【1216】 統一 多 ※ 引述《behati (Behati Prinsloo Levine)》之銘言: : 1. 標的:1216 統一 : 2. 分類:多 : 3. 分析/正文: : 技術面:近日低點10/30 的 60.6 剛好守住三月的低點也是…
[代號] …Re: [標的] 1216 統一 多 ※ 引述《behati (Behati Prinsloo Levine)》之銘言: : 1. 標的:【1216】 統一 : 2. 分類:多 : 3. 分析/正文: : 技術面:近日低點10/30 的 60.6 剛好守住三月的低點也是60.6 : 籌碼面: : 外資持續超級賣 但是賣不下去 加上最近統一台南站買方 : 消息面: : 7-11即將迎來一波…",,,,
collision:1216,1216,統一,M.1656926109.A.C62,2022-07-04 17:15:09,標的,code,sparse,False,1,[標的] 1216 統一 多,2,True,True,True,True,統一,483,"[代號] …[標的] 【1216】 統一 多 1. 標的: 1216 統一 2. 分類:多 3. 分析/正文: a. 基本面 : 就是泡麵。 b. 技術面 : 週K的W底快要完成 https://i.imgur.com/jOKpFIs.jp…
[代號] …[標的] 1216 統一 多 1. 標的: 【1216】 統一 2. 分類:多 3. 分析/正文: a. 基本面 : 就是泡麵。 b. 技術面 : 週K的W底快要完成 https://i.imgur.com/jOKpFIs.jpg 買在這個位置其實有一點危險,因為…",,,,
collision:1216,1216,統一,M.1647595092.A.2A5,2022-03-18 17:18:12,情報,code,sparse,False,1,[情報] 1216統一 代子公司公告處分有價證券(2412,2,True,True,True,True,統一,788,"[代號] …[情報] 【1216】統一 代子公司公告處分有價證券(2412 1. 標題:1216統一 代子公司統一國際開發股份有限公司公告處分有價證券(2412 2. 來源:公開資訊觀測站 3. 網址:https://mops.twse.com.tw/mops/web/…
[代號] …[情報] 1216統一 代子公司公告處分有價證券(2412 1. 標題:【1216】統一 代子公司統一國際開發股份有限公司公告處分有價證券(2412 2. 來源:公開資訊觀測站 3. 網址:https://mops.twse.com.tw/mops/web/t05sr01_1 4. 內文: 大概算了一下這批成本…",,,,
collision:1216,1216,統一,M.1662205078.A.2F9,2022-09-03 19:37:58,請益,code,sparse,False,5,[請益] 股市菜鳥請益,1,True,False,True,False,統一,550,[代號] …進 但現在情勢讓人越想越不對勁 還在觀望+選標的中 目前選的標的如下 1.傳產股 台塑四寶、臺泥(1101)、中鋼(2002) 台化(1326)及台塑化(6505)現在的價格讓人好心動rrrr 2.食品股 全家(5903)、統一(【1216】)、味全(1201)、南僑(1702) 3.電信股 台灣大(3045)、中華電現在好貴先不考慮..... 想請問版上各位資深學長們 這樣的策略&標的選擇有沒有建議修正的部分呢 也歡迎大家推薦標的給我 感恩~…,,,,
collision:1216,1216,統一,M.1713769256.A.0F1,2024-04-22 15:00:56,標的,code,sparse,False,1,[標的] 1216統一 多,2,True,True,True,True,統一,724,"[代號] …[標的] 【1216】統一 多 標的:1216統一 多 可能有些人覺得統一股價已經過高了,買入原因如下。 1. 基本面 統一的基本面非常穩定 從23/1月到24/3月都是年增的情況,特別是今年的1-3月累計的YoY年成長達20%。缺點的 是配息部分殖利率…
[代號] …[標的] 1216統一 多 標的:【1216】統一 多 可能有些人覺得統一股價已經過高了,買入原因如下。 1. 基本面 統一的基本面非常穩定 從23/1月到24/3月都是年增的情況,特別是今年的1-3月累計的YoY年成長達20%。缺點的 是配息部分殖利率大概3.8%,我個人覺得…",,,,
collision:1216,1216,統一,M.1582558414.A.291,2020-02-24 23:33:34,其他,code,sparse,False,1,[其他] 存股cp值怎麼看,1,True,False,True,False,統一,417,"[代號] …[其他] 存股cp值怎麼看 有許多人不是很了解存股如何計算,今天我簡單說明一下。如果以台灣食品股來說, 我們簡單挑選【1216】統一及1225福懋油(暫時先不考慮品牌或是甚麼其他的因素), 兩檔的股利率分別預估為:3.38%及3.44%, 如果我們單純看股利率的話,又都是食品股,我們應該會挑選股利率較高的福懋油(再說一 次,暫時先不考慮品牌名稱或是其他因素),但過去…",,,,
collision:1216,1216,統一,M.1589344659.A.68A,2020-05-13 12:37:39,標的,code,sparse,False,1,[標的] 1216 統一  多,2,True,True,True,True,統一,236,"[代號] …[標的] 【1216】 統一 多 1. 標的:1216 統一 2. 分類:多 3. 分析/正文: 上周五 四月財報公布 因菲律賓封城711的轉投資導致年減15% 昨天殺一根 不過台灣本業持續看好 業績也繼續創高 夏季就快到了 食品飲料旅遊旺季 70元以下…
[代號] …[標的] 1216 統一 多 1. 標的:【1216】 統一 2. 分類:多 3. 分析/正文: 上周五 四月財報公布 因菲律賓封城711的轉投資導致年減15% 昨天殺一根 不過台灣本業持續看好 業績也繼續創高 夏季就快到了 食品飲料旅遊旺季 70元以下分批布局 菲律賓一解封 繼續加碼…",,,,
collision:1216,1216,統一,M.1594785929.A.47D,2020-07-15 12:05:29,標的,code,sparse,False,1,Re: [標的] 1216 統一  中長多,2,True,True,True,True,統一,427,"[代號] …Re: [標的] 【1216】 統一 中長多 72.6買後一路漲到 75 然後碰到疫情跌倒 到6X 沒錢買QQ 手上兩張在今天賣出惹 從6X 漲回來 這幾個月的營收也不是很漂亮 小賺兩千多出場(真難賺 想問問各位還持有統一的大大們會放到月底嗎 ※ 引述《c…
[代號] …疫情跌倒 到6X 沒錢買QQ 手上兩張在今天賣出惹 從6X 漲回來 這幾個月的營收也不是很漂亮 小賺兩千多出場(真難賺 想問問各位還持有統一的大大們會放到月底嗎 ※ 引述《choosing (馬西屏)》之銘言: : 1. 標的:【1216】 統一 : 2. 分類:多 : 3. 分析/正文: : a. 外資提款機 連賣 29 天 十萬張 賣到你不敢買 低點撿便宜 : b. 傳產淡季 : c. 老牌食品廠 佛係投資 買了不怕 : d. 多多好喝 : 新手買個閒情逸致 歡迎指教…",,,,
collision:1216,1216,統一,M.1699535497.A.3F3,2023-11-09 21:11:37,情報,code,sparse,False,1,[情報] 統一1216 前三季 eps:2.95,2,True,True,True,True,統一,656,"[代號] …[情報] 統一【1216】 前三季 eps:2.95 1. 標題:112年統一1216 前三季 eps:2.95 2. 來源:公開資訊觀測站 3. 網址:https://mops.twse.com.tw/mops/web/t146sb05 4. 內文: 1.…
[代號] …[情報] 統一1216 前三季 eps:2.95 1. 標題:112年統一【1216】 前三季 eps:2.95 2. 來源:公開資訊觀測站 3. 網址:https://mops.twse.com.tw/mops/web/t146sb05 4. 內文: 1.提報董事會或經董事會決議日期:112/11/09 2.審計委…",,,,
collision:1301,1301,台塑,M.1722600710.A.8EE,2024-08-02 20:11:50,新聞,name_with_context,sparse,False,1,[新聞] 台灣核電論戰下一步！謝金河點名台塑和,2,False,False,True,True,台塑,1214,"[簡稱(name_with_context)] …電廠高出2到30 倍,成本也高出風力發電,太陽能發電很多。SMR的研發公司Nuscale Power從創立以來不 斷燒錢,營運非常困難,股價最慘跌至0.13美元,差點破產,目前股價9.11美元,市值 20.67億美元,大約台幣680億元,以【台塑】集團的實力,如果非常看好SMR,可以收購這家 公司,也許可以為陷入價格殺戮的台塑集團帶來轉型機會! 謝金河也建議童子賢可以考慮併購這家公司,Nuscale Power在美國上市,股票代號就是 SMR,這家公司也代表SMR的未來,台灣有眾多…
[簡稱(name_with_context)] …cale Power從創立以來不 斷燒錢,營運非常困難,股價最慘跌至0.13美元,差點破產,目前股價9.11美元,市值 20.67億美元,大約台幣680億元,以台塑集團的實力,如果非常看好SMR,可以收購這家 公司,也許可以為陷入價格殺戮的【台塑】集團帶來轉型機會! 謝金河也建議童子賢可以考慮併購這家公司,Nuscale Power在美國上市,股票代號就是 SMR,這家公司也代表SMR的未來,台灣有眾多堅定擁核的企業,何不利用這個機會,大膽 買下這家公司? 心得/評論: 老謝開…",,,,
collision:1301,1301,台塑,M.1632998089.A.917,2021-09-30 18:34:49,新聞,code,sparse,False,2,Re: [新聞] EVA漲勢為「末升段」 法人︰下波PVC接棒,2,True,False,True,False,台塑,802,"[代號] …原文內容: : 台塑..PVC Q4將回升 : 〔記者張慧雯/台北報導〕塑化EVA(乙烯-醋酸乙烯共聚物)報價持續飆漲,不過,法人 : 分析,這波EVA價格漲勢預料將於11-12月反轉,下波接棒的則是PVC(聚氯乙烯),最看 : 好台塑(【1301】)未來表現,而台塑也認為PVC第4季價格將會回升。 : EVA價格 估11-12月反轉 : 凱基投顧最新報告指出,EVA價格持續上漲,每噸報價來到3520美元,上修台聚(1304) : 今年全年每股稅後盈餘(EPS)預估值為5.38元,不過…
[簡稱(name_with_context)] …er/1475792 : (請善用縮網址工具) : 發布時間: : 2021/09/30 05:30 (請以原文網頁/報紙之發布 : 時間為準) : 原文內容: : 【台塑】..PVC Q4將回升 : 〔記者張慧雯/台北報導〕塑化EVA(乙烯-醋酸乙烯共聚物)報價持續飆漲,不過,法人 : 分析,這波EVA價格漲勢預料將於11-12月反轉,下波接棒的則是PVC(聚氯乙烯),最看 : 好台塑(1301)未來表現,而…",,,,
collision:1301,1301,台塑,M.1584265996.A.B43,2020-03-15 17:53:16,新聞,name_with_context,sparse,False,2,[新聞]超跌？台塑四寶低檔吸金,4,False,False,True,True,台塑,640,"[簡稱(name_with_context)] …現來分析,台塑四寶已經出現超跌走勢,今年殖利率還是很不錯族群,跌深後可注意買點 。 法人表示,受到新冠肺炎疫情影響,台塑四寶營收下滑,考量到煉油產品銷量減少,目前 多數下游加工客戶皆已復工,開工率逐步回升至7成,受惠於3月工作天數增加下,【台塑】、 南亞及台化皆預期3月的營收可望比2月成長,目前僅跟油價連動性較高的台塑化,因油品 價格崩跌營收恐持續衰退。 另外,考量乙烯下跌有利衍生物產品利差,台塑,南亞在美國EG新產能預計要開始投產, 其中,電子材料持續受惠5G需求帶動,加上記憶…
[簡稱(name_with_context)] …少,目前 多數下游加工客戶皆已復工,開工率逐步回升至7成,受惠於3月工作天數增加下,台塑、 南亞及台化皆預期3月的營收可望比2月成長,目前僅跟油價連動性較高的台塑化,因油品 價格崩跌營收恐持續衰退。 另外,考量乙烯下跌有利衍生物產品利差,【台塑】,南亞在美國EG新產能預計要開始投產, 其中,電子材料持續受惠5G需求帶動,加上記憶體供需好轉有助南亞科獲利,南亞將跟著 受惠。台化今天召開董事會討論股利案,台塑、南亞則在3月17、18日接棒討論股利案。 台塑化已經公佈去年股利要配發2.…
[簡稱(name_with_context)] …化,因油品 價格崩跌營收恐持續衰退。 另外,考量乙烯下跌有利衍生物產品利差,台塑,南亞在美國EG新產能預計要開始投產, 其中,電子材料持續受惠5G需求帶動,加上記憶體供需好轉有助南亞科獲利,南亞將跟著 受惠。台化今天召開董事會討論股利案,【台塑】、南亞則在3月17、18日接棒討論股利案。 台塑化已經公佈去年股利要配發2.9元,以今天最低價70元計算,殖利率達4%;台塑去年 EPS達5.86元,以7成配發率來推估,約可配發4元股利;南亞去年EPS為2.91元,以7成股 息配發率計算…",,,,
collision:1301,1301,台塑,M.1734083451.A.C16,2024-12-13 17:50:51,新聞,code,sparse,False,5,[新聞] 台塑、台化今年股價跌掉一半 台塑集團股,13,True,False,True,True,台塑,1121,"[代號] …億元。然 而最近跌跌不休的台塑四寶,台塑股價再跌1.15元,收在38.85元,創2002年9月以來新低 ,累計今年以來已經跌掉51%,但股東人數比年初還多出幾萬人,顯然不少散戶越跌越買 。 最近市況不佳的塑化股,成了法人棄守的對象,台塑(【1301】)12日下跌2.88%,收在最低 38.85元,台化(1326)重跌3.55%,收在最低31.2元、南亞(1303)也大跌3.61%,收 在最低34.7元、台塑化(6505)則下跌2.81%,收在最低38.85元。 中國石化業持續擴產,台…
[簡稱(name_with_context)] …[新聞] 【台塑】、台化今年股價跌掉一半 台塑集團股 原文標題: 台塑、台化今年股價跌掉一半 台塑集團股東總人數逆勢增加多18萬人 原文連結: https://reurl.cc/6j5geV 鄭國強 更新時間: 2024年12月13日 週五 下午3:3…
[簡稱(name_with_context)] …[新聞] 台塑、台化今年股價跌掉一半 【台塑】集團股 原文標題: 台塑、台化今年股價跌掉一半 台塑集團股東總人數逆勢增加多18萬人 原文連結: https://reurl.cc/6j5geV 鄭國強 更新時間: 2024年12月13日 週五 下午3:39 原文內容: 台股12…",,,,
collision:1301,1301,台塑,M.1703221008.A.36B,2023-12-22 12:56:48,標的,name_with_context,sparse,False,1,[標的] 8131福懋科 肉多多,1,False,False,True,False,台塑,867,[簡稱(name_with_context)] …的原因就是他超低波動(大盤大跌 他躺著 大盤飛天 他也沒有想動) https://imgur.com/HqKXfRi 這種超低貝塔值 非常適合存股族 丟著不用看 反正都在這邊混 股東權益長期在8以上(符合巴菲特的長期持股條件之一) 【台塑】集團持股70%以上 籌碼不會混亂 公司正派經營 不亂炒 主要現在DRAM市場剛回溫 加上大廠美光跟三星海力士主要都做HBM (因為單價很高) 但缺點是HBM的良率較低 所以必須把其他產能挪來主攻HBM 所以只好放掉DD4 DDR3 相…,,,,
collision:1301,1301,台塑,M.1647504870.A.A14,2022-03-17 16:14:30,新聞,name_with_context,sparse,False,12,[新聞] 台股融券回補大戲 上秀,1,False,False,True,False,台塑,1041,"[簡稱(name_with_context)] …,目前已公布股東會召開日期的上市櫃公司中,計有457檔個股須在清明節前全數回補 融券共12.5萬張,市值逾108億元的回補買盤,將在清明節前齊步進場,期望能為台股多 頭反攻增添動能。 其中,市值千億元以上大型企業,包括台塑化、長榮、南亞、【台塑】、聯電、台化、陽明、 統一、元大金、南電、矽力-KY、大立光、永豐金、緯穎、長榮航、新光金、華邦電、祥 碩、聯強、可成等。 至於在最後回補日的時程上,華航、彩晶、智原、萬海、光罩、台驊投控、南亞科等為本 周五(18日);下周則有長榮航、長…",,,,
collision:1301,1301,台塑,M.1732014198.A.E36,2024-11-19 19:03:18,心得,name_with_context,sparse,False,1,[心得] 妖股的故事 第三集,1,False,False,True,False,台塑,2396,"[簡稱(name_with_context)] …是20元。 https://imgur.com/Is6JBoS 只看圖片 2016-2018獲利成長 2018-2020獲利下跌 2020-2022獲利成長 2022-2024獲利下跌 https://imgur.com/vvm56Ae 【台塑】是國際油價,獲利與股價走勢大致吻合,但想成為妖股,自然要走轉虧為盈系列。 https://imgur.com/Z323hgD 2020-2021年澳洲鐵砂價格(藍色)上漲很凌厲 https://imgur.com/5q4Bmyc 中鴻20…",,,,
collision:1301,1301,台塑,M.1624862751.A.02B,2021-06-28 14:45:51,新聞,code,sparse,False,6,[新聞] 長榮市值超車中華電 挑戰市值破兆,1,True,False,True,False,台塑,754,"[代號] …減,貨櫃三雄市值持續攀高,3檔今天同步亮燈漲停,市值跟 著創高,長榮(2603)市值衝上9000億元,超越中華電(2412),位居台股市值第5大;萬海 (2615)今天攻上300元,市值達到6654.9億元,一舉超過聯電(2303)、台塑(【1301】)及南亞 (1303),擠進台股第10大市值。陽明市值為4368.5億元,排名第19大市值。 航運進入第3季旺季,景氣能見度高,上周運價指數再創新高,航運多頭氣勢不滅,長榮 、陽明及萬海全數漲停作收,收盤價都來到176元、166元及300…",,,,
collision:1301,1301,台塑,M.1725862044.A.C49,2024-09-09 14:07:24,新聞,code,sparse,False,1,[新聞] 8月營收雙減 台塑股價挫至15年新低,10,True,False,True,True,台塑,935,"[代號] …低 原文連結: https://www.ctee.com.tw/news/20240909700915-430201 發布時間: 2024.09.09 記者署名: 時報記者王逸芯 原文內容: 【時報記者王逸芯台北報導】台塑(【1301】)8月營收雙減,主要是受到產量減少所致,今(9) 日台塑股價持續走低,盤中跌幅近3%,股價最低觸44.65元,創2009以來新低,台塑2009 年股價低點為43.15元。 台塑8月合併營收161.4億元,月衰退8.9%、年衰退7.8%,主…
[簡稱(name_with_context)] …[新聞] 8月營收雙減 【台塑】股價挫至15年新低 原文標題: 8月營收雙減 台塑股價挫至15年新低 原文連結: https://www.ctee.com.tw/news/20240909700915-430201 發布時間: 2024.09.09 記者署名:…
[簡稱(name_with_context)] …[新聞] 8月營收雙減 台塑股價挫至15年新低 原文標題: 8月營收雙減 【台塑】股價挫至15年新低 原文連結: https://www.ctee.com.tw/news/20240909700915-430201 發布時間: 2024.09.09 記者署名: 時報記者王逸芯 原文內容: 【時報記者王逸芯…",,,,
collision:1301,1301,台塑,M.1624624562.A.8A4,2021-06-25 20:36:02,新聞,name_with_context,sparse,False,3,[新聞] 集團攻集中市場、投信鎖定櫃買 台股作帳,2,False,False,True,False,台塑,1172,"[簡稱(name_with_context)] …股作帳行情熱 原文連結:https://pse.is/3gd95l 發布時間:2021-06-25 05:30 原文內容: 距離季底剩下四個交易日,作帳行情啟動,集團股主攻集中市場、投信則主打櫃買市場, 齊步作帳,潤泰、統一、華新、【台塑】、鴻海等指標集團作帳啟動,帶動台股走穩攻堅,集 中、櫃買指數昨(24)日雙雙再創反彈後波段新高,並率領電子股逐步轉強。 日盛投顧總經理鍾國忠、第一金投顧董事長陳奕光認為,季底作帳行情中,電子、傳產都 有上攻機會。 鍾國忠看好與MIH有關…
[簡稱(name_with_context)] …飯店等類股。 台股昨天以平高盤開出後,一度因台積電翻黑跌落盤下,旋即由鴻海接手撐盤,鋼鐵、航 運股重新啟航匯聚人氣,尤其挾特斯拉周四大漲、與今日召開MIH大會題材的鴻海集團持 續作帳,同步帶動電動車概念股,與集團作帳指標華新、潤泰、統一、【台塑】、裕隆等旗下 個股點火,終場加權指數上漲71點收在17,407點,再創指數反彈以來波段新高,與歷史新 高17,709點僅差302點,成交量則因當沖量下降而降至近八日最低4,224億元,當沖比約 40.5%。 櫃買市場在投信連14日買超下表…",,,,
collision:1301,1301,台塑,M.1654845664.A.025,2022-06-10 15:21:04,標的,name_with_context,sparse,False,1,Re: [標的] 1326台化,2,False,False,True,False,台塑,1212,"[簡稱(name_with_context)] …Re: [標的] 1326台化 經過半年回來檢視,心得分享一下。 【台塑】集團的公司基本上是不用太擔心,因為今年配息很好。所以雖然四月多帳面一度獲利七 八萬,但懶得跑進跑出,現在又上來達到八萬多。目前就繼續等配息前的外資籌碼吃貨,外 資已經連續買超超過20日了,也依然沒有停止跡象。 https://i.imgu…
[簡稱(name_with_context)] …好,第一季多少受到中國封城跟台 灣疫情影響,歐美通膨也是因素之一,但即使如此還是有1.03元,第二季老董說會比第一季 好,加上今年配息非常好,第三季又會達到2元以上,所以心得預估全年至少仍有4.5-5元的 機會。 油價仍是無法預測的因子,但【台塑】集團的規模相信是能因應的。加上目前本益比河流也不算 高,仍有上攻的機會。 https://i.imgur.com/XBKCCeB.jpg 一張不賣奇蹟再來,這一隻建倉完就沒管他了,其他大部分資金也去吃0056,目前雖然0056 也仍帳面…",,,,
collision:1301,1301,台塑,M.1649655735.A.862,2022-04-11 13:42:15,情報,name_with_context,sparse,False,2,[情報] 1303 南亞 3月營收+ Q1財報,3,False,False,True,False,台塑,3960,"[簡稱(name_with_context)] …,其營收及獲利則逆勢上揚,主要係美洲地區聚酯粒、棉需求佳, 且海運成本昂貴使美國廠商增加在地採購,再加上原料成本推升產品售價等因素, 使本公司美國南卡廠營運增溫,獲利增加。 2.權益法投資收益48.2億元,較上季增加9.1億元: (1)認列【台塑】石化31.6億元(影響本公司EPS0.40元),較上季增加14.0億元。 (2)認列台塑烯烴美國公司0.05億元,較上季減少3.2億元。 (3)認列麥寮汽電-3.0億元(影響本公司EPS-0.04元),較上季不利1.6億元。 3.外幣兌盈1…
[簡稱(name_with_context)] …在地採購,再加上原料成本推升產品售價等因素, 使本公司美國南卡廠營運增溫,獲利增加。 2.權益法投資收益48.2億元,較上季增加9.1億元: (1)認列台塑石化31.6億元(影響本公司EPS0.40元),較上季增加14.0億元。 (2)認列【台塑】烯烴美國公司0.05億元,較上季減少3.2億元。 (3)認列麥寮汽電-3.0億元(影響本公司EPS-0.04元),較上季不利1.6億元。 3.外幣兌盈11.8億元,較上季有利12.8億元。主要是2022年第1季台幣兌美元匯率 貶值,而第4季…
[簡稱(name_with_context)] …材料產品 本季獲利占比達到公司的6成以上,貢獻再度提升。 聚酯產品獲利增加,係受惠於美國地區需求成長,南卡廠訂單滿載、售價上漲所致。 塑膠產品的獲利則大致持平。 2.權益法投資收益48.2億元,較2021年第1季不利5.1億元: (1)認列【台塑】石化31.6億元(影響本公司EPS0.40元),較2021年第1季減少9.8億元。 (2)認列南亞科19.2億元(影響本公司EPS0.24元),較2021年第1季增加11.2億元。 (3)認列麥寮汽電-3.0億元(影響本公司EPS-0.04…",,,,
collision:1301,1301,台塑,M.1613473283.A.9A8,2021-02-16 19:01:23,心得,name_with_context,sparse,False,2,Re: [心得] 近五年美股輸給台股台灣人才開始瘋美股？,1,False,False,True,False,台塑,876,[簡稱(name_with_context)] …還有無限印鈔權 去年開始大家漸漸發現台灣電子股根本最大受益者 除了像華為那種風頭上的不敢動 IC零組件根本狂吃美國公司放出來的餅 接著台股才這麼強 那是後話了 但是台股科技類股以外有點乏善可陳 (不信你問問去年買金融股的人 或是玩傳產【台塑】中鋼的) 當然題材股 飆股也是有 但遠不如美股來得全面 我們有護國神山 人家也是有飆速神車阿 你買蘋果特斯拉概念股 為何不乾脆買公司股 台灣不只散戶當韭菜 很多供應鏈也是說割就割 美股 免傭+零股+盤前盤後單+券商移動停損 其實真的還滿好…,,,,
collision:1301,1301,台塑,M.1726210223.A.028,2024-09-13 14:50:23,新聞,code,sparse,False,3,[新聞] 石化產品進入Q4旺季 台塑四寶反彈漲逾5%,5,True,False,True,True,台塑,732,"[代號] …today.net/news/2816432#ixzz8lgjknHm2 發布時間:9/13 記者署名:廖婕妤 原文內容: 中秋前台股觀望意味濃,指數漲幅收斂,但塑化族群表現不俗,塑膠工業指數盤中漲逾4 %,台塑四寶也一掃過去陰霾,台塑(【1301】)、台化(1326)、台塑化(6505)盤中漲逾 5%,南亞(1303)也漲4%,成交量都超過1萬張。 塑化產業將進入Q4傳統需求旺季,台塑表示,Q4有感恩節、聖誕節、中國網購節等,PE及 PP包裝材料、LLDPE農膜、EVA鞋材、PP玩…
[簡稱(name_with_context)] ….ettoday.net/news/2816432#ixzz8lgjknHm2 發布時間:9/13 記者署名:廖婕妤 原文內容: 中秋前台股觀望意味濃,指數漲幅收斂,但塑化族群表現不俗,塑膠工業指數盤中漲逾4 %,台塑四寶也一掃過去陰霾,【台塑】(1301)、台化(1326)、台塑化(6505)盤中漲逾 5%,南亞(1303)也漲4%,成交量都超過1萬張。 塑化產業將進入Q4傳統需求旺季,台塑表示,Q4有感恩節、聖誕節、中國網購節等,PE及 PP包裝材料、LLDPE農膜、EVA鞋…
[簡稱(name_with_context)] …,指數漲幅收斂,但塑化族群表現不俗,塑膠工業指數盤中漲逾4 %,台塑四寶也一掃過去陰霾,台塑(1301)、台化(1326)、台塑化(6505)盤中漲逾 5%,南亞(1303)也漲4%,成交量都超過1萬張。 塑化產業將進入Q4傳統需求旺季,【台塑】表示,Q4有感恩節、聖誕節、中國網購節等,PE及 PP包裝材料、LLDPE農膜、EVA鞋材、PP玩具等需求大增,加上印度雨季結束,PVC建材及 AE塗料需求增溫,有助於產品銷售。 台塑指出,近期海運運費下跌,加上印度雨季結束,以及歐美降息…",,,,
collision:1301,1301,台塑,M.1718931926.A.FCF,2024-06-21 09:05:26,新聞,name_with_context,sparse,False,1,[新聞] 台電:麥寮1號機遇不可抗力因素 估可補發,3,False,False,True,False,台塑,997,"[簡稱(name_with_context)] …注1.5 %到2%的備轉容量率,對供電是重要支撐,但是,並非少麥電就會缺電。 心得/評論: 不錯不錯 老舊的民營燃煤發電廠終於延役 台電去年演到現在演不下去了 以為只有一號機嗎? 未來5年內台灣任何一座燃煤機組都不會除役的 這對【台塑】集團也是個不小的利多 未來台塑集團的任何形式發電台電都只會全收 不知道對低迷已久的台塑股價有何影響? ---- Sent from BePTT on my iPhone 12 Pro…
[簡稱(name_with_context)] …對供電是重要支撐,但是,並非少麥電就會缺電。 心得/評論: 不錯不錯 老舊的民營燃煤發電廠終於延役 台電去年演到現在演不下去了 以為只有一號機嗎? 未來5年內台灣任何一座燃煤機組都不會除役的 這對台塑集團也是個不小的利多 未來【台塑】集團的任何形式發電台電都只會全收 不知道對低迷已久的台塑股價有何影響? ---- Sent from BePTT on my iPhone 12 Pro…
[簡稱(name_with_context)] …: 不錯不錯 老舊的民營燃煤發電廠終於延役 台電去年演到現在演不下去了 以為只有一號機嗎? 未來5年內台灣任何一座燃煤機組都不會除役的 這對台塑集團也是個不小的利多 未來台塑集團的任何形式發電台電都只會全收 不知道對低迷已久的【台塑】股價有何影響? ---- Sent from BePTT on my iPhone 12 Pro…",,,,
collision:1301,1301,台塑,M.1675257628.A.E78,2023-02-01 21:20:28,請益,name_with_context,sparse,False,2,[請益] 關於股票繼承,1,False,False,True,False,台塑,213,[簡稱(name_with_context)] …票繼承 各位好 最近因為家父過世 目前已經跑完遺產稅的流程 準備開始跑相關的繼承 財產清冊上面有留一些其他家人們也不知道的零股 其中兩隻是東和紡織(1414)100股 跟國產建材(2054)522股 但上面沒有證券商 其他像【台塑】跟統一的零股都有寫是亞東證券 https://imgur.com/a/N8xnts1 想請問如果要辦理股票繼承的話 是要直接去電公司詢問 還是有什麼管道可以問到原本的證券商? 謝謝…,,,,
collision:1301,1301,台塑,M.1609948258.A.A68,2021-01-06 23:50:58,新聞,name_with_context,sparse,False,2,[新聞] 雲林虎尾溪染紅 環保局重罰並勒令停工,1,False,False,True,False,台塑,633,"[簡稱(name_with_context)] …核發現有不明貯槽設施,並有繞流排放廢污水至放流池的情形。 雲林縣環保局長張喬維表示,依水污法18條之1處分,又查有不明儲槽依水污法第20條貯 留設施未依登記事項運作處分,併重罰2000萬並勒令停工。(編輯:屈享平) 3.心得/評論: 【台塑】關係企業 福懋(1434) 被環保局抓到排放廢汙水 罰2000萬並勒令停工 明天會對股價影響吧 看公司後續重訊怎麼說明了…",,,,
collision:1301,1301,台塑,M.1584506675.A.453,2020-03-18 12:44:35,標的,code,sparse,False,2,[標的] 台塑會變成雞蛋水餃股嗎？,7,True,False,True,True,台塑,299,"[代號] …[標的] 台塑會變成雞蛋水餃股嗎? 1. 標的:【1301】 1303 1326 6505 2. 分類:請益 3. 分析/正文: 1970年代上半的台股大多頭 是由塑化股推動 那時候1301台塑股價是400多塊 根據某篇報導,有個員工那時候買了不賣 配股配息到前幾年,報酬率是一千倍!(…
[代號] …[標的] 台塑會變成雞蛋水餃股嗎? 1. 標的:1301 1303 1326 6505 2. 分類:請益 3. 分析/正文: 1970年代上半的台股大多頭 是由塑化股推動 那時候【1301】台塑股價是400多塊 根據某篇報導,有個員工那時候買了不賣 配股配息到前幾年,報酬率是一千倍!(沒計算通膨) 那時候台塑可能是台灣的權王,但我沒完整的資料 沒有永遠長存的公司,台塑必定衰退 就像從前面板、光碟幾百塊剩不到十元 塑…
[代號] …時候買了不賣 配股配息到前幾年,報酬率是一千倍!(沒計算通膨) 那時候台塑可能是台灣的權王,但我沒完整的資料 沒有永遠長存的公司,台塑必定衰退 就像從前面板、光碟幾百塊剩不到十元 塑化類股幾十年前也不少上百的,現在超慘 比如說而【1301】和1303之間的1302國塑,國泰塑膠,國泰人壽的親戚 還不是倒了 台塑有可能變成雞蛋水餃股嗎? 4. 進退場機制:國安基金進場才是買點…",,,,
collision:1301,1301,台塑,M.1631615746.A.5F3,2021-09-14 18:35:46,情報,code,sparse,False,3,[情報] 0914 量大分點齊買,1,True,False,True,False,台塑,847,"[代號] ….1 14,260 3.29 5,527 1.28 0.04% 0.01% 2002 中鋼 39.85 151,627 60.28 4,242 1.69 0.84% 0.15% 【1301】 台塑 102.0 10,675 10.88 4,087 4.17 -0.04% 0.05% 2369 菱生 29.05 18,541 5.41 3,998 1.17 3.…",,,,
collision:1301,1301,台塑,M.1632873503.A.416,2021-09-29 07:58:23,新聞,name_with_context,sparse,False,8,[新聞] 能耗雙控、能源危機 14檔能源股兵家必爭,1,False,False,True,False,台塑,1369,"[簡稱(name_with_context)] …場能 源危機正在醞釀而生。 國內資金開始朝向能源股靠攏,油電燃氣指數量增價揚,指數28日成功收復季線,欣天然 亮燈漲停外,台塑化、新海、欣高、大台北、台汽電等個股也全數收紅。下游塑化產業裡 台塑四寶、台聚集團更挾利多價量彈升,指標股台聚與【台塑】28日更獲法人分別買超9.94億 元與7.25億元,在上市櫃企業當中僅次聯發科的21.8億元。 摩爾投顧分析師張志誠表示,大陸為實現2060年碳中和目標,逐步加強能源消耗總量和強 度的雙層控管,但若要同時滿足經濟成長,勢必要仰賴新能源發展…",,,,
collision:1304,1304,台聚,M.1625481632.A.2D9,2021-07-05 18:40:32,情報,name,sparse,False,2,[情報] 中環處分台聚普通股股票之公告,3,False,False,True,True,台聚,501,"[簡稱(name)] …[情報] 中環處分【台聚】普通股股票之公告 1.證券名稱: 台聚 普通股 2.交易日期:110/3/17~110/7/5 3.交易數量、每單位價格及交易總金額: 交易數量(仟股):9,039 每單位價格(元):33.36 交易總金額(元):301,561,939 4…
[簡稱(name)] …[情報] 中環處分台聚普通股股票之公告 1.證券名稱: 【台聚】 普通股 2.交易日期:110/3/17~110/7/5 3.交易數量、每單位價格及交易總金額: 交易數量(仟股):9,039 每單位價格(元):33.36 交易總金額(元):301,561,939 4.處分利益(或損失)(取得有價證券者不…
[簡稱(name)] …益之比例 暨最近期財務報表中營運資金數額: 營運資金數額:6,385,939仟元 8.取得或處分之具體目的: 投資組合 https://i.imgur.com/o0jioNN.jpg — 中環也先停利高歌離席了 目前還持有3,239張【台聚】…",,,,
collision:1304,1304,台聚,M.1629219326.A.CE8,2021-08-18 00:55:26,標的,name,sparse,False,2,[標的] 110/08/17 大盤分析,1,False,False,True,False,台聚,1201,"[簡稱(name)] …如果正式跌破 半年線,明天盤後我們再來看下一個支撐點會是哪 大盤若要止穩一定是由權值股帶領,這邊提一些指標性的權值股,而且較有反彈底氣 面板:群創 記憶體:群聯 IC設計:聯詠、聯發科、義隆 被動元件:國巨 航運:長榮 塑化:【台聚】 最後還是要提醒,大盤下殺時抄底非常考驗心態,如果這樣操作會膽戰心驚也可以考慮等 你自己確定大盤回穩再進場,以上看法純分享供大家參考…",,,,
collision:1304,1304,台聚,M.1585530406.A.687,2020-03-30 09:06:46,新聞,name,sparse,False,5,[新聞] 塑化股跌深 法人喊買,3,False,False,True,False,台聚,928,"[簡稱(name)] …, 主要塑化股潛在最低的股價表現,未料國際油價再崩一波, 多檔個股快速摜破目標價,法人迅速調整策略,認為塑化股不用再積極追空。 上周買盤同步出現調整,外資回流率先回補台塑化(6505), 連五天加碼逾5,300張,齊步買超南亞、台化、【台聚】、華夏、國喬、遠東新等, 投信則瞄準台塑搶進,加碼約千張。 大型投顧分析,油價波動持續劇烈,但市場下修速度更鉅, 包括台塑為首的八檔塑化指標股重挫,台塑、台塑化、台聚最低評價已達金融海嘯水平, 南亞、國喬、遠東新也逼近低點;國際機構…
[簡稱(name)] …塑化(6505), 連五天加碼逾5,300張,齊步買超南亞、台化、台聚、華夏、國喬、遠東新等, 投信則瞄準台塑搶進,加碼約千張。 大型投顧分析,油價波動持續劇烈,但市場下修速度更鉅, 包括台塑為首的八檔塑化指標股重挫,台塑、台塑化、【台聚】最低評價已達金融海嘯水平, 南亞、國喬、遠東新也逼近低點;國際機構同步下修, EIA對今年底布蘭特油價的預期僅剩43美元。 由於油價急速修正,一度不願減產的俄羅斯已改口呼籲產油國團結。 美國也有意擴大需求,加上聯準會祭出無上限購債、…
[簡稱(name)] …新增產能增加, 塑化股下修循環恐到明年,不過評價也差不多反映,最壞情況是低檔震盪。 反之,若第2季到下半年好轉,評價有望加速回升。 預估今年塑化市場需求仍比去年成長5%。 大型投顧率先調升台塑化、遠東新至「增持」, 並重申加碼台塑、【台聚】、國喬和華夏。 外資圈經歷先前調整,多維持台塑「加碼」, 包括滙豐、摩根大通及高盛認為台塑產品組合、獲利穩定度居塑化股前段班,建議搶進。 3.心得/評論: ※必需填寫滿20字 一個反正都反映油價崩潰 最爛就這樣 殖利率也不錯 可…",,,,
collision:1304,1304,台聚,M.1599655560.A.B39,2020-09-09 20:46:00,新聞,name,sparse,False,6,[新聞] 台股周轉率一路攀高…國家隊逢高減碼電,2,False,False,True,False,台聚,752,"[簡稱(name)] …往的積極護盤轉為獲利了結,逢高調節近來漲多的電子與傳產股,相關 股價由強轉弱。 而元大台灣50反1則是外資昨日的最愛,獲買超22.8萬張,國泰台灣加權反1也獲買超7,200 張,為外資第六大買超標的。買超第二到五名依次為群創、長榮、友達、【台聚】,只有兩檔電 子股。 今年來,外資賣超台股逾6,000億元,全靠內資勉力撐盤。投信昨日買超2.1億元,除買超聯 電、中鴻、台聚、長榮等個股外,同樣也買進元大台灣50反1避險。 散戶積極參與,也造成銅板股當道、周轉率持續處於高檔。昨日35…
[簡稱(name)] …2.8萬張,國泰台灣加權反1也獲買超7,200 張,為外資第六大買超標的。買超第二到五名依次為群創、長榮、友達、台聚,只有兩檔電 子股。 今年來,外資賣超台股逾6,000億元,全靠內資勉力撐盤。投信昨日買超2.1億元,除買超聯 電、中鴻、【台聚】、長榮等個股外,同樣也買進元大台灣50反1避險。 散戶積極參與,也造成銅板股當道、周轉率持續處於高檔。昨日35檔漲停個股,有26檔股價 在50元以下;當沖同樣位於高檔區,周轉率已超過一周都在30%以上。 代表國內散戶及中實戶動向的融資餘…",,,,
collision:1304,1304,台聚,M.1607771954.A.32F,2020-12-12 19:19:14,新聞,name,sparse,False,8,[新聞] 電子傳產點將 16檔法人護體,1,False,False,True,False,台聚,908,"[簡稱(name)] …提升,預估科技股2020年獲利將 大幅年增35%、2021年獲利將可再向上增長20%。 近兩日台股大盤回檔,然電子族群的鴻海、旺宏、仁寶、友訊、華邦電、英業達、元太、 華新科、至上、佳世達,以及傳產族群的大成鋼、中鴻、中鋼、陽明、中石化、【台聚】等共 16檔,逆勢獲法人青睞,累積買超4,543~14,770張不等,行情或將提前發動。 保德信高成長基金經理人葉獻文表示,這波由資金帶動的多頭攻勢,反映年底作夢行情開 跑,配合內資法人作帳行情及外資不易再出現大幅賣超趨勢下,預期這波強勢…",,,,
collision:1304,1304,台聚,M.1633575995.A.241,2021-10-07 11:06:35,新聞,code,sparse,False,3,[新聞] 油價攀升 台塑、台聚法人力挺,6,True,False,True,True,台聚,984,"[代號] …原文連結: https://ctee.com.tw/news/warrant/527468.html (請善用縮網址工具) 發布時間: 國際原油價格持續攀升、大陸「能耗雙控」政策壓力,塑化族群成「資金避風港」,台塑 (1301)、台聚(【1304】)兩大集團龍頭股獲三大法人力挺,領軍整體塑化族群5日再現強 勁漲勢。 OPEC+決議維持11月每日提高40萬桶原油產量計畫不變,惟外界增產壓力沉重,紐約西德 州近月原油期貨價4日盤中每桶上漲3%、倫敦布蘭特近月期油也揚升3.3%,雙雙站上…
[簡稱(name)] …[新聞] 油價攀升 台塑、【台聚】法人力挺 原文標題: 油價攀升 台塑、台聚法人力挺 (請勿刪減原文標題) 原文連結: https://ctee.com.tw/news/warrant/52746…
[簡稱(name)] …[新聞] 油價攀升 台塑、台聚法人力挺 原文標題: 油價攀升 台塑、【台聚】法人力挺 (請勿刪減原文標題) 原文連結: https://ctee.com.tw/news/warrant/527468.html (請善用縮網址工具) 發布時…",,,,
collision:1304,1304,台聚,M.1635839663.A.59D,2021-11-02 15:54:23,新聞,name,sparse,False,1,[新聞] 美再放寬旅遊限制大西洋航線鬆綁 原油每,1,False,False,True,False,台聚,942,"[簡稱(name)] …有一段距離。 不過,對於航空業而言,航空噴射燃料價格的回升意味著成本將隨之增加,並進一步侵蝕 營收。 心得/評論: ※必需填寫滿20字 原油價格掉不下來的 塑化股(台塑 南亞 【台聚】 亞聚 華夏等)還是要抱者阿 不要怕阿~~起漲阿…",,,,
collision:1304,1304,台聚,M.1644546674.A.769,2022-02-11 10:31:14,新聞,code,sparse,False,4,[新聞] PE報價反彈 台聚集團吃補,3,True,False,True,True,台聚,810,"[代號] …間: 工商時報 彭暄貽 2022.02.11 原文內容: 伴隨PE報價反彈,PVC、EVA行情止跌走堅,台聚集團1月營收持穩推進,其中華夏(1305 )1月營收18.9億元,月增41.15%,年成長17.87%,表現領先;其次為台聚(【1304】)1月 營收61.01億元,月增5.4%,年成長14.74%。 與此同時,亞聚(1308)1月營收7.59億元,月減17.23%,年成長16.21%;台達化( 1309)則受制ABS、PS表現相對趨緩,1月營收14.8億元,月減5.12%…
[簡稱(name)] …發布時間: 工商時報 彭暄貽 2022.02.11 原文內容: 伴隨PE報價反彈,PVC、EVA行情止跌走堅,台聚集團1月營收持穩推進,其中華夏(1305 )1月營收18.9億元,月增41.15%,年成長17.87%,表現領先;其次為【台聚】(1304)1月 營收61.01億元,月增5.4%,年成長14.74%。 與此同時,亞聚(1308)1月營收7.59億元,月減17.23%,年成長16.21%;台達化( 1309)則受制ABS、PS表現相對趨緩,1月營收14.8億元,月減…
[簡稱(name)] …、太陽能等議題支持,加上台聚集團參與古雷投資的一貫效益可 望陸續發酵。 PVC大陸80%產能為電石法,將逐步淘汰,有利於產品供需維持緊俏;EVA產品在大陸40% 產能屬煤化工製程,加上太陽能仍是政策輔導的主力趨勢下,有助長期供需穩健。 【台聚】、亞聚EVA/LDPE年產各15萬噸,參與的古雷石化布局,年產35萬噸PP已投產,80萬噸 乙烯去年第四季接棒,年產30萬噸EVA預計今年底投產。 華夏PVC年產40萬噸,Enduratex膠皮系列產品在北美銷售暢旺,預期美國經濟復甦持續…",,,,
collision:1304,1304,台聚,M.1733197939.A.3D7,2024-12-03 11:52:19,新聞,name,sparse,False,4,[新聞] 原本不叫台積電！最初命名被這家公司搶,1,False,False,True,False,台聚,971,"[簡稱(name)] …,但回信都是「無興趣」,他曾向德儀和英特爾人員簡報, 2公司也都無興趣投資,最後台積電總股本1.45億美元,由飛利浦出資27.6%,行政院開發 基金出資48.3%。 其餘股東部分,台塑出資5%、中美和出資5%、華夏海灣塑膠及關係事業3%、【台聚】2%、耀華 玻璃2%、聯成石化1%、台元紡織1%、誠州電子1%。張忠謀指出,飛利浦2008年8月出清台 積電持股,估計21年回收135倍資金。 心得/評論: 台積電目標價上看1600,現在買都很便宜,不要再買垃圾高股息了,也不要再買不會…",,,,
collision:1304,1304,台聚,M.1638334631.A.E09,2021-12-01 12:57:11,標的,code,sparse,False,2,[標的] 1304 台聚 古雷多,4,True,True,True,True,台聚,599,"[代號] …[標的] 【1304】 台聚 古雷多 ------------------------------------------------------------------------- 1.發標的文未充實內文,多空理由不充實者,板規1-1-5或4-4處份 2.進…
[代號] ….進退場機制若非長期投資,請輸入停損價,否則依板規1-1-6處份 3.請依格式輸入內容,未依格式者板規1-1-2砍文處份。 標題請使用以下格式:股號.市場碼+股名+分類 (市場碼:TW US HK CN JP KR...) 【1304】 台聚 2. 分類:多/空/請益/心得 回測一大段了 早期因為上游原料無法自己掌握是個痛點,現在古雷開始投產,之後獲利要追上台塑應該不是問題 3. 分析/正文: 4. 進退場機制:(非長期投資者,必須有停損機制。請益免填) 進場…
[簡稱(name)] …[標的] 1304 【台聚】 古雷多 ------------------------------------------------------------------------- 1.發標的文未充實內文,多空理由不充實者,板規1-1-5或4-4處份 2.進退場機…",,,,
collision:1304,1304,台聚,M.1615539100.A.AB3,2021-03-12 16:51:40,其他,code,sparse,False,6,[其他] 3/12 外資買賣超排行,2,True,False,True,False,台聚,604,"[代號] …5 6 2353宏碁 10,997 27.55 0.2 7 2002中鋼 9,619 25.9 0.1 8 【1304】台聚 8,674 25.3 0.85 9 2301光寶科 8,355 62.1 3.4 10 2890永豐金 8,353…
[簡稱(name)] …2353宏碁 10,997 27.55 0.2 7 2002中鋼 9,619 25.9 0.1 8 1304【台聚】 8,674 25.3 0.85 9 2301光寶科 8,355 62.1 3.4 10 2890永豐金 8,353…",,,,
collision:1304,1304,台聚,M.1615040490.A.94C,2021-03-06 22:21:30,新聞,name,sparse,False,2,[新聞] 台達化去年EPS 5.58元 本季續看旺,1,False,False,True,False,台聚,1583,"[簡稱(name)] …泛用樹脂目前正掀新波漲勢。 而作為塑膠袋等原料的高密度聚乙烯(HDPE)漲價每公噸60美元,周漲幅5.5%。用於農業 用膜的線性低密度聚乙烯(LLDPE)和低密度聚乙烯(LDPE)各漲價每公噸30、25美元, 周漲幅為2.6%、1.6%,【台聚】可受惠。至於PVC本周則漲價每公噸30美元,單周漲幅2.4%, 創下2008年8月以來新高價位每公噸1,280美元,可進一步挹注華夏獲利。 法人並指出,泛用樹脂市場每年自開春始進入需求旺季,在原料供給吃緊下,隨著景氣上 升、需求增溫,台聚…",,,,
collision:1304,1304,台聚,M.1713520537.A.142,2024-04-19 17:55:37,新聞,name,sparse,False,1,[新聞] 520前出招！陸商務部最終認定台聚碳酸酯,2,False,False,True,True,台聚,952,"[簡稱(name)] …[新聞] 520前出招!陸商務部最終認定【台聚】碳酸酯 原文標題:520前出招!陸商務部最終認定台聚碳酸酯「存在傾銷」 原文連結:https://reurl.cc/xagQp1 發布時間:2024/04/19 記者署名:陳宥菘 原文內容: 距離賴政府520上任只剩一個月,大陸…
[簡稱(name)] …[新聞] 520前出招!陸商務部最終認定台聚碳酸酯 原文標題:520前出招!陸商務部最終認定【台聚】碳酸酯「存在傾銷」 原文連結:https://reurl.cc/xagQp1 發布時間:2024/04/19 記者署名:陳宥菘 原文內容: 距離賴政府520上任只剩一個月,大陸商務部19日宣布,調查機關最終認定原產於台灣的 進口…",,,,
collision:1304,1304,台聚,M.1598581555.A.AB9,2020-08-28 10:25:55,新聞,name,sparse,False,2,[新聞] 血庫告急 研華遠傳友訊等企業攜手捐熱血,1,False,False,True,False,台聚,1004,"[簡稱(name)] …成捐血,請捐血人安心。 相關捐血訊息,請至台北捐血中心官網查詢: http://www.tp.blood.org.tw/Internet/taipei/index.aspx 3.心得/評論: 捐血概念股: 台達電、研華、友訊、遠傳、世曦、【台聚】、橘子、燦坤…",,,,
collision:1304,1304,台聚,M.1632964715.A.5F1,2021-09-30 09:18:35,新聞,code,sparse,False,3,[新聞] EVA漲勢為「末升段」 法人︰下波PVC接棒,4,True,False,True,False,台聚,1015,"[代號] …11-12月反轉,下波接棒的則是PVC(聚氯乙烯),最看 好台塑(1301)未來表現,而台塑也認為PVC第4季價格將會回升。 EVA價格 估11-12月反轉 凱基投顧最新報告指出,EVA價格持續上漲,每噸報價來到3520美元,上修台聚(【1304】) 今年全年每股稅後盈餘(EPS)預估值為5.38元,不過,報告認為EVA漲勢已處於「末升段 」,推估將於11-12月反轉下跌,主要因為當前EVA價格已較其他材料呈現溢價,將刺激替 代效果;此外,EVA價格大漲使部分客戶蒙受庫存損失,有可能…
[簡稱(name)] …料將於11-12月反轉,下波接棒的則是PVC(聚氯乙烯),最看 好台塑(1301)未來表現,而台塑也認為PVC第4季價格將會回升。 EVA價格 估11-12月反轉 凱基投顧最新報告指出,EVA價格持續上漲,每噸報價來到3520美元,上修【台聚】(1304) 今年全年每股稅後盈餘(EPS)預估值為5.38元,不過,報告認為EVA漲勢已處於「末升段 」,推估將於11-12月反轉下跌,主要因為當前EVA價格已較其他材料呈現溢價,將刺激替 代效果;此外,EVA價格大漲使部分客戶蒙受庫存損…
[簡稱(name)] …S)預估值為5.38元,不過,報告認為EVA漲勢已處於「末升段 」,推估將於11-12月反轉下跌,主要因為當前EVA價格已較其他材料呈現溢價,將刺激替 代效果;此外,EVA價格大漲使部分客戶蒙受庫存損失,有可能進一步降載,恐使需求下 降;而【台聚】、亞聚(1308)受此消息影響,昨日股價雙雙收黑。 台聚、亞聚 雙雙收黑 值得注意的是,8月19日遠東區PVC每噸報價約1300美元,但9月23日最新報價每噸已悄悄 來到1420美元,漲幅近10%。法人認為,中國PVC產能的限縮將會持續…",,,,
collision:1605,1605,華新,M.1675081017.A.D7A,2023-01-30 20:16:57,新聞,code,sparse,False,3,[新聞] 外資今日暴買722億元！ 金融股成為最愛,1,True,False,False,False,,513,"[代號] ….2億 元,今日更大買722.5億元,推升台股順利收復年線。 外資今日買超前10大個股分別是聯電(2303)、永豐金(2890)、中信金(2891)、台積 電(2330)、新光金(2888)、開發金(2883)、富邦金(2881)、華新(【1605】)、元大 金(2885)、台新金(2887)。 心得/評論: 金融股是台股上漲的第一棒 跟台積電一樣是重要的撐盤要角 外資去年大賣的金融股開始回補 證明台股已經重新回到多頭格局 台股周期十年一輪 去年空頭結束 再創十年高峰…",,,,
collision:1605,1605,華新,M.1620272006.A.193,2021-05-06 11:33:26,請益,name_with_context,sparse,False,2,Re: [請益] 焦家股票不要碰？,1,False,False,True,False,華新麗華,624,"[簡稱(name_with_context)] …一半以上的價值 結果一堆慘戶套在400山頂到現在萬七都還沒解套的 不過少年股神們好像都很不屑我們這些股板老人的忠告... ※ 引述《lovern588 (Qi )》之銘言: : 問題:為什麼板上的人都說「焦家的股票不要碰」 : 想知道【華新麗華】集團有什麼事蹟? : 畢竟我是剛開戶的韭菜 : 目前17.5彩晶抱著到現在 : 另外,是不是要來研讀一下台股歷史。。。 : 感謝大家 : ---------------------------------------------------…",,,,
collision:1605,1605,華新,M.1659780265.A.DAA,2022-08-06 18:04:25,新聞,code,sparse,False,1,[新聞] 華新上半年EPS 2.71元創新高 Q3不銹鋼落底,1,True,False,False,False,,1094,"[代號] …3不銹鋼落底 原文連結: https://ec.ltn.com.tw/article/breakingnews/4016007 發布時間: 2022/08/05 18:13 記者署名: 林菁樺 原文內容: 電線電纜大廠華新(【1605】)又增加冰鎳投資,華新今天(5日)董事會決議以增資入股 方式,取得印尼PT. Westrong Metal Industry (緯創) 29.5% 股權,交易金額為1.4 6億美元,加上今年華新已宣布投資印尼旭日 ,按持股比重換算,華新純鎳…",,,,
collision:1605,1605,華新,M.1602431124.A.DBF,2020-10-11 23:45:24,標的,code,sparse,False,1,[標的] 華新(1605) 多,2,True,True,False,False,,289,"[代號] …[標的] 華新(【1605】) 多 1. 標的:華新(1605) 2. 分類:多 3. 分析/正文: a. 國際鎳價/銅價持續走揚,華新不鏽鋼與電纜事業群肯定獲利上升 b. 華新從9月大幅調漲不鏽鋼價格(每噸5000~5500),且10月份繼續上調(每噸100…
[代號] …[標的] 華新(1605) 多 1. 標的:華新(【1605】) 2. 分類:多 3. 分析/正文: a. 國際鎳價/銅價持續走揚,華新不鏽鋼與電纜事業群肯定獲利上升 b. 華新從9月大幅調漲不鏽鋼價格(每噸5000~5500),且10月份繼續上調(每噸1000)。 光是因價格調漲額外…",,,,
collision:1605,1605,華新,M.1652074665.A.F7A,2022-05-09 13:37:45,未分類,code,sparse,False,1,Re: m[標的] 1605華新 焦師父綠電吹牛空m,2,True,True,False,False,,449,"[代號] …Re: m[標的] 【1605】華新 焦師父綠電吹牛空m https://i.imgur.com/Ck0vOdk.jpg 經過16個工作天,獲利2.47% 估價出觸及35會轉多,四十元以上轉空 區間操作中 謝謝原文下方留言的打氣,這16天來有看到高於40就空,其實真…
[代號] …,四十元以上轉空 區間操作中 謝謝原文下方留言的打氣,這16天來有看到高於40就空,其實真的蠻容易的 咱們下次見 ※ 引述《jcamo (北海馭風)》之銘言 : https://i.imgur.com/AHW1tl9.jpg : 標的:【1605】 : 進場價格:38.4放空單 : 停損價格:40加空6張 : 停利價格:32 : 理由: : 1.下週三進監牢-分盤交易 : 2.高於歷史均價一倍 : 3.焦師父年事以高,資產著重後代分配 : 4.kd乖離站上80 : 5.lexus船長…",,,,
collision:1605,1605,華新,M.1646128551.A.EA7,2022-03-01 17:55:51,情報,code,sparse,False,4,[情報] 0301 量大分點齊買,1,True,False,False,False,,515,"[代號] …0.5 225,991 335 33,030 48.95 0.79% 0.29% 2303 聯電 54.1 117,494 63.22 26,606 14.31 -0.44% 0.03% 【1605】 華新 29.0 50,148 14.55 15,253 4.43 0.43% 0% 2891 中信金 27.75 88,202 24.22 14,509 3.99 -0.11%…",,,,
collision:1605,1605,華新,M.1602909633.A.126,2020-10-17 12:40:33,新聞,code,sparse,False,4,[新聞] 護國神山慘輸！全球最佳雇主三星奪冠 台,1,True,False,True,False,華新麗華,726,"[代號] …次是美國亞馬遜(amazon.com)和IBM。台灣雇主以宏碁(2353)排名最高,名列第246名 ,台積電(2330)排在第692名。 《富比士》2020年全球最佳雇主排行榜由750家跨國和大企業組成,台灣上榜企業有10家, 華新麗華(【1605】)排在第258名,排名名列台灣企業第2高,其次是奇鋐科技(3017,第351 名)、友達光電(2409,第396名)和喬山健康科技(1736,第412名)。日月光(3711)名 列第445,華碩(2357)排在第473名,智邦科技(2345…",,,,
collision:1605,1605,華新,M.1614401829.A.B59,2021-02-27 12:57:09,新聞,name_with_context,sparse,False,1,[新聞] 《電纜股》華新去年EPS 2.04元 擬配息0.9,1,False,False,True,False,華新麗華,692,"[簡稱(name_with_context)] …去年EPS 2.04元 擬配息0.9 原文標題:《電纜股》華新去年EPS 2.04元 擬配息0.9元 原文連結:https://0rz.tw/yb8Jr 發布時間:2021年2月26日 週五 下午4:59 原文內容: 【時報-台北電】【華新麗華】26日董事會承認去年財報,去年EPS回升至2.04元,董事會決議 每股配發現金股利0.9元,現金股利配發率49.02%,以今日收盤價18.6元計算,現金殖利 率4.84%。會中也通過辦理80億元有擔保公司債,用以充實中長期營運資金及強化財務…",,,,
collision:1605,1605,華新,M.1691365191.A.0A9,2023-08-07 07:39:51,新聞,code,sparse,False,8,[新聞] 線纜廠握台電大單 業績點火,1,True,False,False,False,,1182,"[代號] …均有斬獲,接獲23億元以上訂單,增添未來二~三年營運成長動能。而 國際銅價止跌回穩,7月銅均價年增幅12.16%,有助於各線纜廠8月營收回升 ,近期股價相對抗跌。 業者指出,線纜族群上市公司除榮星(1617)生產漆包線為主外,華電、華新(【1605】)、 華榮(1608)、大亞、宏泰(1612)、大山(1615)、億泰(1616)及合機等線纜廠,生 產電力線纜、漆包線或裸銅線,其中漆包線及裸銅線銷售業績受消費性電子等產業去化庫 存影響,拉貨力道不強勁。 業者指出,台灣線纜業者目前電力…",,,,
collision:1605,1605,華新,M.1590544227.A.D3E,2020-05-27 09:50:27,標的,code,sparse,False,1,[標的] 1605華新,2,True,True,False,False,,176,"[代號] …[標的] 【1605】華新 1. 標的:1605華新 2. 分類:多 3. 分析/正文: 籌碼面來說昨日法人爆大量買超且籌碼集中 如搭配股東會時間即5/29應有重大消息即將公布提前佈局,後期看好 技術面突破糾結爆量,MACD和KD曲線反轉是上衝的佳點…
[代號] …[標的] 1605華新 1. 標的:【1605】華新 2. 分類:多 3. 分析/正文: 籌碼面來說昨日法人爆大量買超且籌碼集中 如搭配股東會時間即5/29應有重大消息即將公布提前佈局,後期看好 技術面突破糾結爆量,MACD和KD曲線反轉是上衝的佳點 私人面 股價不貴小資上班族…",,,,
collision:1605,1605,華新,M.1677216216.A.14B,2023-02-24 13:23:36,新聞,code,sparse,False,1,[新聞] MSCI調整2/24尾盤生效 留意爆量,1,True,False,False,False,,1303,"[代號] …持平,MSCI 亞洲除日本指數權重從 15.76% 上調至 15.79%,調升 0.03%。 MSCI 台灣指數成份股,此次無新增刪除,MSCI 指數成分股維持 88 檔,並有 21 檔成分股調整在外流通股數。權重調升最多成分股為華新 (【1605】-TW),權重調升 0.01% 至 0.43%;權重調降最高的成分股為開發金 (2883-TW),權重為 0.69%,調降 0.01%。 MSCI 全球小型指數成分股則新增:東哥遊艇 (8478-TW)、八方雲集(2753-TW)、榮剛(…",,,,
collision:1605,1605,華新,M.1617187708.A.B92,2021-03-31 18:48:28,新聞,name_with_context,sparse,False,2,[新聞] 黃茂雄父子再較勁　東元公佈下屆董事會11,2,False,False,True,False,華新麗華,2186,"[簡稱(name_with_context)] …由於東元的常務董事黃育仁提出7席董事候選人名單,包括黃立聰、孫又文與侯智升等人 ,由於黃育仁成功整合東元創始股東以及台南幫旗下環球水泥及外資法人建議等3股勢力 ,由於東元創始股東與外資力挺黃育仁,顯然兒子站了上風。 因此黃茂雄也企圖結合【華新麗華】與寶佳集團,進行策略合作,東元將與華新麗華共同推動 「智慧製造」、「綠色能源」發展,並搶攻美國4年2兆美元「綠色新政」、和7000億美金 基建預算兩大重要經濟政策所創造的龐大商機。 至於寶佳集團為國內推案最大量建商, 一旦結合東元機電、空調…
[簡稱(name_with_context)] …人名單,包括黃立聰、孫又文與侯智升等人 ,由於黃育仁成功整合東元創始股東以及台南幫旗下環球水泥及外資法人建議等3股勢力 ,由於東元創始股東與外資力挺黃育仁,顯然兒子站了上風。 因此黃茂雄也企圖結合華新麗華與寶佳集團,進行策略合作,東元將與【華新麗華】共同推動 「智慧製造」、「綠色能源」發展,並搶攻美國4年2兆美元「綠色新政」、和7000億美金 基建預算兩大重要經濟政策所創造的龐大商機。 至於寶佳集團為國內推案最大量建商, 一旦結合東元機電、空調、家電、工程等業務,可望擴大合作商機,發揮…",,,,
collision:1605,1605,華新,M.1646748823.A.E47,2022-03-08 22:13:43,新聞,code,sparse,False,1,[新聞] 華新2月營收130億元創同期新高 年增近8成,1,True,False,False,False,,850,"[代號] …過一行過長請用縮網址工具) 發布時間: 鉅亨網記者沈筱禎 台北2022/03/08 17:34 (請以原文網頁/報紙之發布時間為準) 原文內容: 電線電纜廠華新 (【1605】-TW) 今 (8) 日公告營收,受惠不鏽鋼、電力線纜等產品量價齊揚 ,單月達營收 130.29 億元,創同期新高,月減 3.49%、年增 79.67%;前 2 月營收 265.28 億元,年增 52.18%,則寫近 4 年同期高。 烏…",,,,
collision:1605,1605,華新,M.1632831230.A.2BA,2021-09-28 20:13:50,新聞,name_with_context,sparse,False,2,[新聞] 大陸限電 七大台鏈重傷,1,False,False,True,False,華新麗華,1193,"[簡稱(name_with_context)] …百和指出,東莞及無 錫兩廠都有自備發電機設備,另外兩廠也都已經取得「零碳中和憑證」,確保生產線正常 運作。 機械業則是上銀位於蘇州工業區的生產基地受影響,昨天起宣布停工至本月30日。公司表 示,會以大陸十一長假調班來因應。 電線電纜大廠【華新麗華】也坦言,部分大陸廠區面臨限產,營收將會受到影響,將由台灣工 廠出貨因應。 橡膠業產品廣泛應用在汽車輪胎、工業用墊圈等領域。輪胎大廠正新透露,遵行大陸限電 停工措施,並會於十一長假的假期配合限電停工日期挪前,換言之,假期間就會提前復工 。…",,,,
collision:1605,1605,華新,M.1627559480.A.9A9,2021-07-29 19:51:20,新聞,name_with_context,sparse,False,1,[新聞] 8月不銹鋼盤價 每噸大漲8千,2,False,False,True,False,華新麗華,921,"[簡稱(name_with_context)] …/ctee.com.tw/news/industry/494943.html 發布時間:2021.07.29 原文內容: 受到國際鎳、鉻鐵等原物料行情高漲與料源短缺,加上航運緊張、供貨不穩定等因素影響 ,導致成本激增,不銹鋼盤元大廠【華新麗華】28日宣布全面調漲8月份各項產品價格,每公 噸上調新台幣3,000~8,000元,為連續四個月漲價,預期不銹鋼龍頭廠燁聯、唐榮8月份 板類產品可望跟著大漲,推升Q3業績持續看旺。 華新麗華8月最新盤價,304系列不銹鋼盤元產品每公噸大…
[簡稱(name_with_context)] …~6,000元。 華新麗華表示,這次漲價主要是疫情及國際政局不穩定,且極端氣候與電力不足,致使重 要原物料產區大幅減產或停產,造成料源短缺,加上船運緊張狀況仍持續,原料無法如期 如數交運,在多重因素交互影響下,使鋼廠成本大增。 對於【華新麗華】全面調漲8月產品價格,不銹鋼廠指出,近日來除了國際鎳價每公噸逼近2萬 美元大關外,大陸內蒙古與四川高碳鉻鐵產地價格也大漲,每公噸最新報價達到1.1萬~ 1.2萬人民幣,以及南非日前暴動也導致鉻鐵出口受阻,價格跟著高漲;另大陸不銹鋼廠…",,,,
collision:1605,1605,華新,M.1668532824.A.CB0,2022-11-16 01:20:24,標的,code,sparse,False,1,[標的] 1605 華新 請支援結帳,2,True,True,False,False,,433,"[代號] …[標的] 【1605】 華新 請支援結帳 1. 標的:1605 華新 2. 分類:空 3. 分析/正文: 先給各位上張圖 https://imgur.com/a/4KILXpn 這是用兩低一高的通道所畫出來的華新 華新連續兩次在突破1.618的時候回調…
[代號] …[標的] 1605 華新 請支援結帳 1. 標的:【1605】 華新 2. 分類:空 3. 分析/正文: 先給各位上張圖 https://imgur.com/a/4KILXpn 這是用兩低一高的通道所畫出來的華新 華新連續兩次在突破1.618的時候回調 第一次回調在0.786反彈 第二次…",,,,
collision:1605,1605,華新,M.1674883093.A.976,2023-01-28 13:18:13,新聞,name_with_context,sparse,False,3,[新聞] 鋼市囤貨 看到春燕飛來,1,False,False,True,False,華新麗華,1184,"[簡稱(name_with_context)] …金兔年前景展望樂觀。 法人分析,一連串鋼市利好堆疊下,中下游用鋼產業更樂於回補庫存,對中鋼的提貨量有 望大增,鋼鐵股迎來金兔報喜,有機會成為大盤亮點。 選股策略方面,聚焦「上游」、「績優」二大關鍵字。上游廠如中鋼、中鴻,不銹鋼的燁 聯、【華新麗華】等。績優鋼鐵股如中鴻、燁輝、新光鋼受注目。 尤其燁輝除了是全球最大單一鍍面鋼廠,績效表現傑出外,受惠美國頁岩油產業蓬勃發展 ,燁輝百分百子公司鑫陽鋼管2022年交出漂亮成績單,賺進一個資本額,燁輝如虎添翼, 中長期展望樂觀。 心得/評論…",,,,
collision:1605,1605,華新,M.1605954341.A.F45,2020-11-21 18:25:41,新聞,name_with_context,sparse,False,2,[新聞] 東元換股華新牽制寶佳？黃茂雄：是為合作綜效,6,False,False,True,False,華新麗華,1140,"[簡稱(name_with_context)] …幾 代的認識,加上先前東元已投資過華新,並握有一席董事,「雙方一點都不陌生,合作沒 有誰找誰,是不謀而和」。 針對未來雙方是否持股會進一步增加?黃茂雄表示,要看必要性,以及綜效發揮的程度, 也不排除子公司間可彼此增加持股、合作。 東元和【華新麗華】20日晚間共同宣布換股策略聯盟,雙方以增資發行新股方式進行股份交換 ,華新麗華將以2億533萬2690股,交換東元電機1億7110萬3730股,換股比例約為華新麗 華每1股換發東元電機約0.83股。 若以20日東元收盤價29.55元、華新…
[簡稱(name_with_context)] …作沒 有誰找誰,是不謀而和」。 針對未來雙方是否持股會進一步增加?黃茂雄表示,要看必要性,以及綜效發揮的程度, 也不排除子公司間可彼此增加持股、合作。 東元和華新麗華20日晚間共同宣布換股策略聯盟,雙方以增資發行新股方式進行股份交換 ,【華新麗華】將以2億533萬2690股,交換東元電機1億7110萬3730股,換股比例約為華新麗 華每1股換發東元電機約0.83股。 若以20日東元收盤價29.55元、華新麗華收盤價18元來看,東元以溢價36.2%的幅度換取華 新的股票;華新麗華以折…
[簡稱(name_with_context)] …麗華20日晚間共同宣布換股策略聯盟,雙方以增資發行新股方式進行股份交換 ,華新麗華將以2億533萬2690股,交換東元電機1億7110萬3730股,換股比例約為華新麗 華每1股換發東元電機約0.83股。 若以20日東元收盤價29.55元、【華新麗華】收盤價18元來看,東元以溢價36.2%的幅度換取華 新的股票;華新麗華以折價27%幅度入股東元;預計換股交易完成後,華新麗華將持有東 元電機約8%股權,東元將持有華新麗華約6%股權。 他指出,東元在風力發電、太陽能發電、離岸風電一直都有耕…",,,,
collision:1605,1605,華新,M.1645512189.A.4CD,2022-02-22 14:43:09,情報,code,sparse,False,1,[情報] 1605 華新 110年 EPS 4.27,1,True,True,False,False,,585,[代號] …[情報] 【1605】 華新 110年 EPS 4.27 1.提報董事會或經董事會決議日期:111/02/22 2.審計委員會通過日期:111/02/18 3.財務報告或年度自結財務資訊報導期間 起訖日期(XXX/XX/XX~XXX/XX/XX):110/01/…,,,,
collision:1605,1605,華新,M.1634265192.A.0BD,2021-10-15 10:33:12,標的,code,sparse,False,1,[標的] 1605華新 空,2,True,True,False,False,,229,"[代號] …[標的] 【1605】華新 空 1. 標的:1605 華新 2. 分類:空 3. 分析/正文: https://imgur.com/a/gvFqvLt 前天破底之後反彈兩天 不過通常這種急漲的很容易又掉下來 拉長線來看中期頭部已經形成 至少是5個月…
[代號] …[標的] 1605華新 空 1. 標的:【1605】 華新 2. 分類:空 3. 分析/正文: https://imgur.com/a/gvFqvLt 前天破底之後反彈兩天 不過通常這種急漲的很容易又掉下來 拉長線來看中期頭部已經形成 至少是5個月左右的套牢區 要突破沒有這麼…",,,,
collision:1762,1762,中化生,M.1599458428.A.0C6,2020-09-07 14:00:28,閒聊,name_with_context,sparse,False,3,[閒聊] 2020/09/07 盤後閒聊,1,False,False,True,False,中化生,432,"[簡稱(name_with_context)] …張數1553萬1張,委賣張數1193萬2877張,成交張數844萬3211張。 收盤時上漲460家,下跌428家,持平70家。 成交量前5名個股為群創、友達、富邦VIX、長榮、旺宏。 漲幅前5名個股為美德醫療-DR、友佳-DR、聚亨、【中化生】、新世紀。 跌幅前5名個股為大魯閣、圓剛、世芯-KY、緯穎、祥碩。 https://reurl.cc/zzZzm0…",,,,
collision:1762,1762,中化生,M.1722307624.A.48B,2024-07-30 10:47:04,新聞,code,sparse,False,1,[新聞] 健保藥品改革 美時、中化生、台康將受惠,1,True,False,True,True,中化生,748,"[代號] …者署名: 記者謝柏宏/台北報導 原文內容: 衛福部規劃健保藥品改革方案,國內藥廠有望享受三利多。法人分析,美時(1795)、東 洋(4105)、健喬(4114)、中化(1701)、友華(4120)等積極自國際引進新藥來台的 公司;中化生(【1762】)、永日(4102)、生泰(1777)、台耀化學(4746)等原料藥廠, 以及開發生物相似藥的台康生技(6589)等,都有機會受惠。 法人分析,近年來國內藥廠積極自國外引進新藥在台生產或銷售,已成為生醫族群主流策 略,例如台灣東洋及子公司…",,,,
collision:1762,1762,中化生,M.1630389605.A.257,2021-08-31 14:00:05,閒聊,name_with_context,sparse,False,7,[閒聊] 2021/08/31 盤後閒聊,1,False,False,True,False,中化生,417,[簡稱(name_with_context)] …4.02 ▲ 0.94 (+0.44%) 791.63億 台指期 自營商 -921 投信 +587 外資 +128 台指選 自營商 -5697 投信 0 外資 -1851 上市 漲停家數(+10%) 10 (運錩、大眾控、【中化生】、展宇、中華化、春雨、富鼎、今皓、 IKKA-KY、潤弘) 跌停家數(-10%) 0 上櫃 漲停家數(+10%) 10 跌停家數(-10%) 0 成交量排行:臺企銀、群創、聯電、友達、中鋼 成…,,,,
collision:1762,1762,中化生,M.1590831690.A.7B6,2020-05-30 17:41:30,請益,name_with_context,sparse,False,4,Re: [請益] 當沖一個月賺五萬適合專職嗎,2,False,False,True,False,中化生,4882,"[簡稱(name_with_context)] …目前防疫股沖下來應該還是賠兩萬多...被主力騙過太多次. 但是講白一點,很多時候當沖沖一沖就凹下來變成隔日沖... 並且很多時候這樣反而賠錢變賺錢. 不過當然拉,目前是因為有七八月除權息要融卷回補的壓力,所以目前很保守. 還持有【中化生】的空單4張左右,其他防疫股都暫時不碰.. (因為一路看下來,我一直覺得,防疫股中,台耀和中化生的主力似乎已經不在家了 當然以上是個人不負責任判斷...賺錢這種事情不要問我,賠錢你在問我) 等到七八月除權息榮卷回補後,再來多空幾張防疫股.…
[簡稱(name_with_context)] …沖就凹下來變成隔日沖... 並且很多時候這樣反而賠錢變賺錢. 不過當然拉,目前是因為有七八月除權息要融卷回補的壓力,所以目前很保守. 還持有中化生的空單4張左右,其他防疫股都暫時不碰.. (因為一路看下來,我一直覺得,防疫股中,台耀和【中化生】的主力似乎已經不在家了 當然以上是個人不負責任判斷...賺錢這種事情不要問我,賠錢你在問我) 等到七八月除權息榮卷回補後,再來多空幾張防疫股. 因為..我可以跟你凹到天荒地老海枯石爛.. 你有本事就把股價在往上炒10倍...XD…",,,,
collision:1762,1762,中化生,M.1580717950.A.A43,2020-02-03 16:19:10,新聞,code,sparse,False,2,Re: [新聞] 嚇！台積電ADR慘崩 台股後天難逃暴跌,1,True,False,False,False,,1224,[代號] …2498怒漲1% 但是這陣子看到台股經歷大漲大跌的 身邊朋友一堆畢業 感覺幸好當初沒有跟著他們 all in股市 台灣很多人投資都有種一定要博穩贏的 所以聽說有名牌就全上的很多 死的也多 早期還有人偏愛未上市上櫃也是被捲一堆錢 我之前去投【1762】也是被槓到 還是建議大家年紀到了一定的年紀 還是不要太衝 選對心臟比較好一點的組合 目前都是30/30/20/20這樣在分配投資 30%放股市做激進點的投資 30%在做多筆債權轉讓拿穩定的收益 20%放銀行活存 方便隨時要用錢 20%還是買…,,,,
collision:1762,1762,中化生,M.1590764137.A.71F,2020-05-29 22:55:37,新聞,name_with_context,sparse,False,2,[新聞] 散戶買口罩也買口罩股 70萬散戶追防疫股,1,False,False,True,False,中化生,1193,"[簡稱(name_with_context)] …示之後,兩檔股票都下挫。 防疫概念股有題材,不應變質為散戶墳場 雖然蔡總統在520的六大戰略產業中提到了生技、口罩等防疫概念股,但謝金河在臉書上 提醒之後,從製藥股、篩檢股、口罩股、疫苗股紛紛重挫,有些個股連續兩天跌停,台耀 、寶齡富錦、【中化生】市值比520當天還減少了2%到6.67%不等。 他強調,全球防疫股正快速降溫,台灣卻資金充沛熱炒,投資人追逐生技股有助產業融資 ,壯大產業實力,但如果淪為主力坑殺散戶,尤其又有投信基金經理人配合,主管機關恐 怕不能坐視。 3.心得:大家…",,,,
collision:1762,1762,中化生,M.1608519618.A.A0B,2020-12-21 11:00:18,新聞,name_with_context,sparse,False,1,[新聞] 旭富產線燒毀重建需6個月 股價跌停開出,1,False,False,True,False,中化生,783,"[簡稱(name_with_context)] …112元開出,由於大部份生產線燒毀,估計如果建物主 結構未被破壞,重建期間至少需6個月,公司初步預估2021年第1季在手訂單6億元將泡湯 無法交貨,衝擊今天股價重挫,以跌停112元開出,創下今年3月25日以來新低點。 其他包括神隆、生泰、【中化生】及台耀等原料藥股股價表現相對強勢,漲幅在2%至5%不等。 旭富製藥昨日桃園工廠發生火警,旭富今早舉行重訊記者會對外說明,發言人楊文禎表示 ,粗估火災損失新台幣8億元,但應可獲保險全額理賠,不過生產線幾乎全部燒毀,重建 期間至少需6個月,後…",,,,
collision:1762,1762,中化生,M.1590539209.A.F97,2020-05-27 08:26:49,新聞,name_with_context,sparse,False,5,[新聞] 螞蟻雄兵集結 70萬股民瘋搶防疫股,1,False,False,True,False,中化生,877,"[簡稱(name_with_context)] …數漲幅近一成,上櫃近兩成。 研發新冠疫苗的國光生躍居人氣王,目前有高達5.2萬名股民,這檔股票也獲不少投顧重 點推薦,能見度快速打開。中化有4.8萬股民排第二,昨(26)日漲停的康那香4.1萬名居 第三,杏輝、健喬、基亞、松翰、永信、優盛、【中化生】也進榜十強,都有超過2.5萬股民 追捧。 另外還有太景*-KY、美吾華、寶齡富錦、亞諾法、高端疫苗等16檔個股超過萬名股民,這 些熱門股普遍是持有不到10張的散戶加持,占個別總股民的比重九成以上,反映多數人是 搶熱鬧、賭一把。 眾志成城…",,,,
collision:1762,1762,中化生,M.1590711841.A.419,2020-05-29 08:24:01,新聞,name_with_context,sparse,False,2,[新聞] 盤前財經大事搶先讀2020年05月29日,1,False,False,True,False,中化生,1471,"[簡稱(name_with_context)] …-2-3&一行文規範水桶處份。 1.原文連結: ※過長無法點擊者必須縮網址 https://news.cnyes.com/news/id/4483526 2.原文內容: 今日操盤前瞻 法說會:東典光電 股東會:中華電、台塑化、立積、【中化生】、牧德、ABC-KY 等 新股掛牌:穎台科技 川普殺盤預告 週五將召開中國記者會 美中緊張局勢升溫之際,美國總統川普週四 (28 日) 於美股尾盤宣布,他將在週五 (29 日) 舉行有關中國的記者會,美股主指應聲紅翻黑,全數收跌。閱讀全文…",,,,
collision:1762,1762,中化生,M.1596208746.A.7BB,2020-07-31 23:19:06,標的,name_with_context,sparse,False,1,Re: [標的] 大盤（空）,1,True,False,True,False,中化生,469,"[簡稱(name_with_context)] …以認為不是 回顧近期的弱勢股, 幾乎都是先前散戶過度追逐的漲多個股 4171 瑞基 6598 ABC-KY 3083 網龍 4133 亞諾法 4743 合一 3373 熱映 6538 倉和 2231 為升 6452 康友-KY 1762 【中化生】 未來會有越來越多漲多個股跌下來讓更多散戶套牢 我們九月份再一起回過頭來看 ^_^b…",,,,
collision:1762,1762,中化生,M.1588671933.A.958,2020-05-05 17:45:33,請益,name_with_context,sparse,False,4,Re: [請益] 防疫股請益,1,False,False,True,False,中化生,693,"[簡稱(name_with_context)] …23955張) 三芳(3744張) 毛寶(10683張) 亞諾法(4280張) 第二隊: 台耀(3369張) 台康(1587張) 高端疫苗(3958張) 雃博(1331張) 合一(新藥非防疫)處置中 遠東新(4858張) 第三隊前段班 【中化生】(180張) 佰研(530張)非防疫股 遠見(513張) 基亞 德淵 第三隊後段班: 長興(非防疫股),新麗,南六,德淵,強生,生達,太醫,瑞基 第一隊已經幾乎買不到,吃運氣,目前賣的也少 第二隊中午以前還有機會買到 而第三隊分為剛漲…",,,,
collision:1907,1907,永豐餘,M.1656404221.A.DF8,2022-06-28 16:17:01,標的,code,sparse,False,4,Re: [標的] 1904.tw 正隆怎麼了,2,True,False,True,False,永豐餘,1017,"[代號] …: 今年除息1.9,是歷年新高 : 但看來填息的機率很低 : 除了正隆,永豐餘也從去年35跌到今年剩下26 : 造紙業前景有這麼差嗎? : 4. 進退場機制:(非長期投資者,必須有停損機制。討論、心得類免填) : 99 1904 : 99 【1907】 : 一人多擦一次屁股,救救五月花、救救蒲公英 正隆之前常在 33-34.x 左右混,偶爾,它會跑到 35-36.x,然後 前陣子本益比大修正時,很多股票都一口氣在 1-3 天時間跌 10% 以上,它就其中一支(另一支典型的就是中鴻,跌不…
[簡稱(name)] …標的:1904.tw 正隆 : 2. 分類:討論 : 3. 分析/正文: : 造紙業龍頭正隆怎麼了? : 外豬小兒 跟 投信大哥 一路從去年的35元倒貨到今天剩27 : 今年除息1.9,是歷年新高 : 但看來填息的機率很低 : 除了正隆,【永豐餘】也從去年35跌到今年剩下26 : 造紙業前景有這麼差嗎? : 4. 進退場機制:(非長期投資者,必須有停損機制。討論、心得類免填) : 99 1904 : 99 1907 : 一人多擦一次屁股,救救五月花、救救蒲公英 正隆之前常在 33-…",,,,
collision:1907,1907,永豐餘,M.1582768749.A.8ED,2020-02-27 09:59:09,新聞,code,sparse,False,6,[新聞] 陸工紙漲勢蠢動，造紙股指飆近17月新高,2,True,False,True,False,永豐餘,1302,"[代號] …17月新高。 榮成放量攻上漲停價18.05元,創近10月高點,負責工紙銷售的子公司寶隆 (1906) 亦齊攻漲停。正隆飆升9.51%至24.75元,創近17月新高。華紙 (1905) 勁揚7.78%至 9.7元,亦創5月高點,永豐餘 (【1907】) 同步勁揚7.72%至14.65元,創近2年高點。 台紙 (1902) 持平開出後同步放量走揚,最高上漲3.82%至21.75元。至於轉型生產 濕紙巾及面膜的士紙 (1903) 開低走跌2.34%,隨後一度翻紅但力有未逮,盤中小跌約…
[簡稱(name)] …4點,創近17月新高。 榮成放量攻上漲停價18.05元,創近10月高點,負責工紙銷售的子公司寶隆 (1906) 亦齊攻漲停。正隆飆升9.51%至24.75元,創近17月新高。華紙 (1905) 勁揚7.78%至 9.7元,亦創5月高點,【永豐餘】 (1907) 同步勁揚7.72%至14.65元,創近2年高點。 台紙 (1902) 持平開出後同步放量走揚,最高上漲3.82%至21.75元。至於轉型生產 濕紙巾及面膜的士紙 (1903) 開低走跌2.34%,隨後一度翻紅但力有未逮,…",,,,
collision:1907,1907,永豐餘,M.1700795191.A.A01,2023-11-24 11:06:31,標的,name,sparse,False,3,Re: [標的]  防疫概念股 口罩手套疫苗快篩    全多,1,False,False,True,False,永豐餘,1439,[簡稱(name)] …礎防衛方式 : 恆大 康那香 美德醫療 南六、聚隆、敏成 : 乳膠手套 : 廣設快篩站 通勤族需求量大增 : 南帝、申豐 : 消毒酒精:台榮、毛寶、和桐、【永豐餘】 : 額溫槍 :雖然家家戶戶應該都有了 但可能還是刺激買氣 : 熱映 泰博 豪展 : 防護衣 :聚隆 聚陽 儒鴻 如興 : 其他生技類股:協助疫苗研究或代工等機會 :…,,,,
collision:1907,1907,永豐餘,M.1605688341.A.B68,2020-11-18 16:32:21,新聞,name,sparse,False,5,[新聞] 老牌企業大翻身的啟示（謝金河）,13,False,False,True,False,永豐餘,1687,"[簡稱(name)] …慘業」翻 起,例如,太陽能第2季起幾乎全面出現獲利,虧損慘重的面板,友達、群創第3季都出現 獲利。 更令人印象深刻的是,老牌企業的獲利,百尺竿頭更進一步。例如,台泥前3季大賺184億 元,EPS 3.15元,這是史上難得好成績;紙業的龍頭【永豐餘】前3季大賺41.17億元,EPS 2.48元,永豐餘第3季獲利是今年上半年2季的總和。 看到這個數字,我仔細把永豐餘集團所有子公司看一遍,今年前3季永豐金控賺92.46億元 ,EPS 0.82元;生產乳膠原料的申豐前3季大賺9.47億元,…
[簡稱(name)] …虧損慘重的面板,友達、群創第3季都出現 獲利。 更令人印象深刻的是,老牌企業的獲利,百尺竿頭更進一步。例如,台泥前3季大賺184億 元,EPS 3.15元,這是史上難得好成績;紙業的龍頭永豐餘前3季大賺41.17億元,EPS 2.48元,【永豐餘】第3季獲利是今年上半年2季的總和。 看到這個數字,我仔細把永豐餘集團所有子公司看一遍,今年前3季永豐金控賺92.46億元 ,EPS 0.82元;生產乳膠原料的申豐前3季大賺9.47億元,EPS 8.93元;生產電子紙顯示 器的元太科技前3…
[簡稱(name)] …是,老牌企業的獲利,百尺竿頭更進一步。例如,台泥前3季大賺184億 元,EPS 3.15元,這是史上難得好成績;紙業的龍頭永豐餘前3季大賺41.17億元,EPS 2.48元,永豐餘第3季獲利是今年上半年2季的總和。 看到這個數字,我仔細把【永豐餘】集團所有子公司看一遍,今年前3季永豐金控賺92.46億元 ,EPS 0.82元;生產乳膠原料的申豐前3季大賺9.47億元,EPS 8.93元;生產電子紙顯示 器的元太科技前3季賺25.87億元,EPS 2.28元;還有生產紙類清潔用品的永豐…",,,,
collision:1907,1907,永豐餘,M.1646811723.A.F89,2022-03-09 15:42:03,標的,name,sparse,False,1,[標的] 8069 元太,1,False,False,True,False,永豐餘,2142,"[簡稱(name)] …2. 分類:心得 3. 分析/正文: 元太這檔在上週才挑來評核 評選完後,列入空單操作備選 沒想到禮拜一就用上了,彌補砍單的損失 因元太有很多人在跟,也常常進櫃買排名 大概談一下為什麼放入空單操作的原因 一、產業面 元太為【永豐餘】投資的子公司 經過多年慘淡經營 現主要業務為電子紙產品開發 算是國內唯一電子紙比較成功的公司 主要競爭對手,都是外商 以下資料彙整至3/1 二、近期趨勢 日K圖 https://imgur.com/VcqSua5 週K圖 http…",,,,
collision:1907,1907,永豐餘,M.1634515095.A.6DF,2021-10-18 07:58:15,新聞,name,sparse,False,2,[新聞] 陸紙價飆新高 造紙三雄吃補,1,False,False,True,False,永豐餘,1540,"[簡稱(name)] …能耗雙控限產等風險急升,大陸紙廠頻頻發出漲價函,龍頭廠玖龍更宣布五天內將連二漲 ,上周一波漲價潮已推升大陸紙價17日改寫今年來新高,瓦楞原紙生產價飆上人民幣 3,933元,較十一黃金周前大漲逾6%,接著本周漲價潮再起。國內造紙三雄榮成、【永豐餘】 與正隆在大陸的生產基地將持續貼近大廠報價跟漲受惠。 近期上游原材料瘋漲,帶動浙江、江蘇、湖北等地紙板廠掀起漲價潮,多家紙板廠漲幅逾 5%。值得注意的是,除了歸因上游紙價連漲、停電限產持續,業者觀察到8、9月出現終 端需求不旺的現象,大陸…",,,,
collision:1907,1907,永豐餘,M.1683881952.A.EA4,2023-05-12 16:59:12,情報,code,sparse,False,1,[情報] 1907 永豐餘 Q1 0.00,4,True,True,True,True,永豐餘,634,"[代號] …[情報] 【1907】 永豐餘 Q1 0.00 1. 標題:1907 永豐餘 Q1 0.00 2. 來源: 公開資訊觀測站 (公司名、網站名) 3. 網址: https://mops.twse.com.tw/mops/web/t0…
[代號] …[情報] 1907 永豐餘 Q1 0.00 1. 標題:【1907】 永豐餘 Q1 0.00 2. 來源: 公開資訊觀測站 (公司名、網站名) 3. 網址: https://mops.twse.com.tw/mops/web/t05sr01_1…
[簡稱(name)] …[情報] 1907 【永豐餘】 Q1 0.00 1. 標題:1907 永豐餘 Q1 0.00 2. 來源: 公開資訊觀測站 (公司名、網站名) 3. 網址: https://mops.twse.com.tw/mops/web/t05sr0…",,,,
collision:1907,1907,永豐餘,M.1642587273.A.7B5,2022-01-19 18:14:33,未分類,name,sparse,False,2,台股熱潮讓證交所賺翻天，股民卻看得到吃不到,1,False,False,True,False,永豐餘,1788,"[簡稱(name)] …的,眾所周知的資深股民「阿土伯」就是股東之 一,但在2000年《證交法》第128條修法之後,規定公司制證券交易所不得發行無記名股 票,股份轉讓對象以證券商為限,股權流動從此幾乎停滯,目前主要股東包括台銀、土銀 、中油、台泥、兆豐銀、華南銀、【永豐餘】、國票證、元大證、富邦證、日盛證等。 幾年前,曾有小股東在證交所股東會上抗議,「以前買的股票,現在想賣也賣不掉,最後 只能當遺產!」 具備證券分析師資格的律師王資元指出,證交所走過一甲子的歲月,有關應該維持「公司 制」或是朝著「會員制」…",,,,
collision:1907,1907,永豐餘,M.1632731481.A.B9D,2021-09-27 16:31:21,新聞,name,sparse,False,2,[新聞] 中國政策加強限電！分析師：水泥、散熱、,1,False,False,True,False,永豐餘,1356,"[簡稱(name)] …,由於 4Q 為終端傳統開工旺季,在 需求增加但供給減少情況下,預期水泥報價易漲難跌,產生與夏、冬季錯峰生產相似的漲 價效果。利差部分,中國動力煤 2021 年以來供需失衡,在限電減產下,報價同樣易上漲 ,預期水泥利潤仍將受侵蝕。 此外,【永豐餘】、榮成、正隆均有汽電共生設備,若政策不禁止自行發電,預計不會因為限 電措施而讓產能停擺。但紙器主要服務製造業成品運送,當其他製造業停工而讓出貨遞延 ,勢必影響紙器需求,所以造紙廠仍可能主動停機。同時,由於紙器體積大價格低的特性 ,讓非限電省…",,,,
collision:1907,1907,永豐餘,M.1581052492.A.3F7,2020-02-07 13:14:52,標的,code,sparse,False,1,[標的] 永豐餘 1907 多,3,True,True,True,True,永豐餘,224,"[代號] …[標的] 永豐餘 【1907】 多 1. 標的:永豐餘 1907 2. 分類:多 3. 分析/正文: https://i.imgur.com/NU0pXAl.jpg https://i.imgur.com/hjIGwcV.jpg 大陸 香港正在搶廁紙 好事多今天已…
[簡稱(name)] …[標的] 【永豐餘】 1907 多 1. 標的:永豐餘 1907 2. 分類:多 3. 分析/正文: https://i.imgur.com/NU0pXAl.jpg https://i.imgur.com/hjIGwcV.jpg 大陸 香港正在搶廁紙 好…
[簡稱(name)] …[標的] 永豐餘 1907 多 1. 標的:【永豐餘】 1907 2. 分類:多 3. 分析/正文: https://i.imgur.com/NU0pXAl.jpg https://i.imgur.com/hjIGwcV.jpg 大陸 香港正在搶廁紙 好事多今天已發酵 台灣紙漿仰賴進口…",,,,
collision:1907,1907,永豐餘,M.1580352339.A.0FC,2020-01-30 10:45:39,心得,name,sparse,False,1,[心得] 大盤,1,False,False,True,False,永豐餘,429,[簡稱(name)] …[心得] 大盤 持股 剛剛噴上去 獲益了結 左天開盤前就在研究 個股主力的鐵版區 開盤後一直看鐵版狀況 【永豐餘】 是我一值很看好的 今天開盤我就加買50張 掛13.2出清 因為投信不可能認賠 最大的可能就是拉上去撐住 果然噴上去 我就掛前高壓力區低一檔了結持股 https://i.imgur.com/puDeXlR.jpg https://i.img…,,,,
collision:1907,1907,永豐餘,M.1616773552.A.5B6,2021-03-26 23:45:52,新聞,code,sparse,False,2,[新聞] 衛生紙大廠凍袂條 正隆衛生紙原紙喊漲,1,True,False,False,False,,1110,"[代號] …蒲公 英為台灣首個環保衛生紙品牌,使用再生紙,不受漿價影響。 心得/評論: ※必需填寫滿20字 下一波漲價題材要輪到每天用來擦屁股的衛生紙了嗎? 家庭用紙占比較小的正隆都喊漲了,【1907】是不是也會跟漲? ----------------------------------發文提醒------------------------------- 1.發文前請先詳閱[新聞]分類發文規範,未依規範發文將受處份。 2.連結過長請善…",,,,
collision:1907,1907,永豐餘,M.1653151975.A.AD7,2022-05-22 00:52:55,標的,code,sparse,False,2,[標的] 1907永豐餘、1216統一 紙箱、寵物無敵多,5,True,True,True,True,永豐餘,302,"[代號] …[標的] 【1907】永豐餘、1216統一 紙箱、寵物無敵多 1. 標的: 1907永豐餘、1216統一 2. 分類:多 3. 分析/正文: 1. 永豐餘 全球股市血流成河, 股民們接刀接到滿臉血, 正是紙箱概念股準備起飛的時候, 技術面在前段時間大崩後…
[代號] …[標的] 1907永豐餘、1216統一 紙箱、寵物無敵多 1. 標的: 【1907】永豐餘、1216統一 2. 分類:多 3. 分析/正文: 1. 永豐餘 全球股市血流成河, 股民們接刀接到滿臉血, 正是紙箱概念股準備起飛的時候, 技術面在前段時間大崩後已在打底, 禮拜一市價買進場。 2. 統一 通膨概念股,…
[簡稱(name)] …[標的] 1907【永豐餘】、1216統一 紙箱、寵物無敵多 1. 標的: 1907永豐餘、1216統一 2. 分類:多 3. 分析/正文: 1. 永豐餘 全球股市血流成河, 股民們接刀接到滿臉血, 正是紙箱概念股準備起飛的時候, 技術面在前段時間大崩後已在打…",,,,
collision:1907,1907,永豐餘,M.1734516903.A.849,2024-12-18 18:15:03,新聞,name,sparse,False,1,[新聞] 永豐餘邁向下一個百年永豐餘學院長何壽川,21,False,False,True,True,永豐餘,1164,"[簡稱(name)] …[新聞] 【永豐餘】邁向下一個百年永豐餘學院長何壽川 原文標題: 永豐餘邁向下一個百年 永豐餘學院長何壽川: 醣經濟開創綠色新局 原文連結: https://reurl.cc/A60x6Y 發布時間:2024/12/16 18:15:02 記者署名:…
[簡稱(name)] …[新聞] 永豐餘邁向下一個百年【永豐餘】學院長何壽川 原文標題: 永豐餘邁向下一個百年 永豐餘學院長何壽川: 醣經濟開創綠色新局 原文連結: https://reurl.cc/A60x6Y 發布時間:2024/12/16 18:15:02 記者署名:鄭芝珊 原文內容:…
[簡稱(name)] …[新聞] 永豐餘邁向下一個百年永豐餘學院長何壽川 原文標題: 【永豐餘】邁向下一個百年 永豐餘學院長何壽川: 醣經濟開創綠色新局 原文連結: https://reurl.cc/A60x6Y 發布時間:2024/12/16 18:15:02 記者署名:鄭芝珊 原文內容: 創建於1924年的永豐餘,日前…",,,,
collision:1907,1907,永豐餘,M.1700738940.A.115,2023-11-23 19:29:00,標的,name,sparse,False,2,[標的] 6790.TW 永豐實,1,False,False,True,False,永豐餘,494,"[簡稱(name)] …庭用紙龍頭,旗下五月花、橘子工坊、得意等品牌 國內紙品市佔率35%、清潔品市佔率33%,均處於領先地位 https://i.imgur.com/oRNdJ6R.jpg https://i.imgur.com/zy9iy9L.jpg 大股東【永豐餘】投控等逾75% 高度集中且掌握在自己人手裡 2021年承銷價52元,歷史低價落在去年10月(34.15元) 公司的高殖利率政策 https://i.imgur.com/hMLwY2C.jpg https://i.imgur.com/lZ…",,,,
collision:1907,1907,永豐餘,M.1618371885.A.3F9,2021-04-14 11:44:45,標的,code,sparse,False,1,[標的] 1907 永豐餘 業績多多,4,True,True,True,True,永豐餘,178,"[代號] …[標的] 【1907】 永豐餘 業績多多 1.標的: 1907永豐餘 2. 分類:多 3. 分析/正文: 崩盤散戶人踩人 新開戶一堆散戶恐慌性賣壓斷頭 公園紙箱需求旺盛 本來紙箱就因為原物料需求旺盛 現在更是一紙難求 三月業績旺盛 四月中50萬股民需求不可…
[代號] …[標的] 1907 永豐餘 業績多多 1.標的: 【1907】永豐餘 2. 分類:多 3. 分析/正文: 崩盤散戶人踩人 新開戶一堆散戶恐慌性賣壓斷頭 公園紙箱需求旺盛 本來紙箱就因為原物料需求旺盛 現在更是一紙難求 三月業績旺盛 四月中50萬股民需求不可小覷 4. 進退場機制: 即刻進場 h…
[簡稱(name)] …[標的] 1907 【永豐餘】 業績多多 1.標的: 1907永豐餘 2. 分類:多 3. 分析/正文: 崩盤散戶人踩人 新開戶一堆散戶恐慌性賣壓斷頭 公園紙箱需求旺盛 本來紙箱就因為原物料需求旺盛 現在更是一紙難求 三月業績旺盛 四月中50萬股民需求不可小覷…",,,,
collision:1907,1907,永豐餘,M.1584843488.A.48B,2020-03-22 10:18:08,新聞,name,sparse,False,1,[新聞] 拭尻川、擤鼻免驚啦！民眾瘋狂搶貨 經濟,1,False,False,True,False,永豐餘,784,"[簡稱(name)] …濟部開會,壓力可能有點大,開會前大家表情都很嚴肅。不過,會議結束後,大家都有共 識要一起努力、讓國人安心,表情也就輕鬆不少。 經濟部指出,「歐吉桑」部長沈榮津提出兩個感謝。首先感謝衛生紙跟泡麵製造商的配合 。今日與會的衛生紙製造商,包括【永豐餘】、正隆、金盛世;泡麵部分業者為統一、維力, 兩個產業都表達願意配合政府,承諾將會連續兩週,24小時全天候生產。至於在趕工時所 遇到的困難,經濟部會來協助排除。 經濟部也要感謝各大賣場,目前已有家樂福、愛買、好市多、大潤發、全聯,在與政府討…",,,,
collision:1907,1907,永豐餘,M.1620113316.A.F87,2021-05-04 15:28:36,新聞,name,sparse,False,1,[新聞] 永豐餘拚當醣經濟實踐者,7,False,False,True,True,永豐餘,1482,"[簡稱(name)] …[新聞] 【永豐餘】拚當醣經濟實踐者 原文標題: 永豐餘拚當醣經濟實踐者 (請勿刪減原文標題) 原文連結: https://bit.ly/3xMTi5o (請善用縮網址工具)…
[簡稱(name)] …[新聞] 永豐餘拚當醣經濟實踐者 原文標題: 【永豐餘】拚當醣經濟實踐者 (請勿刪減原文標題) 原文連結: https://bit.ly/3xMTi5o (請善用縮網址工具) 發布時間: 04:10 2021/0…
[簡稱(name)] …ps://bit.ly/3xMTi5o (請善用縮網址工具) 發布時間: 04:10 2021/05/03 (請以原文網頁/報紙之發布時間為準) 原文內容: 【永豐餘】集團大家長何壽川強調,碳匯、碳權已成為世界強權的戰爭;當二氧化碳成為全球 經濟發展的新制約,在上市櫃公司的ESG Program成為規範時,「代表醣經濟時代來臨, 永豐餘不只是先行者也是實踐者!」 永豐餘從造林到造紙,已形成固碳產業鏈,在…",,,,
collision:1907,1907,永豐餘,M.1623134340.A.BFA,2021-06-08 14:39:00,情報,name,sparse,False,1,[情報] 永豐餘造紙(揚州)一號機成品倉火災,3,False,False,True,True,永豐餘,607,"[簡稱(name)] …[情報] 【永豐餘】造紙(揚州)一號機成品倉火災 1. 標題:本公司子公司永豐餘造紙(揚州)有限公司一號機成品倉發生火災 2. 來源:公開資訊觀測站 3. 網址:https://mops.twse.com.tw/mops/web/t05sr01_1 4. 內文…
[簡稱(name)] …[情報] 永豐餘造紙(揚州)一號機成品倉火災 1. 標題:本公司子公司【永豐餘】造紙(揚州)有限公司一號機成品倉發生火災 2. 來源:公開資訊觀測站 3. 網址:https://mops.twse.com.tw/mops/web/t05sr01_1 4. 內文: 1.事實發生日:110/06/08 2.發生緣由:本公司…
[簡稱(name)] …揚州)有限公司一號機成品倉發生火災 2. 來源:公開資訊觀測站 3. 網址:https://mops.twse.com.tw/mops/web/t05sr01_1 4. 內文: 1.事實發生日:110/06/08 2.發生緣由:本公司子公司【永豐餘】造紙(揚州)有限公司一號機成品倉發生火災 3.處理過程: 昨夜約9:20廠內同仁發現成品倉發生火災,立即以廠內消防設備及報請消防人員到廠 處理,消防人員晚間9:30左右抵達滅火,並於晚間11:00左右控制火勢,6/8早上6:00 火勢…",,,,
collision:1907,1907,永豐餘,M.1617273399.A.10C,2021-04-01 18:36:39,新聞,name,sparse,False,1,[新聞] 震撼彈！永豐餘董事會何壽川家族全,8,False,False,True,True,永豐餘,1478,"[簡稱(name)] …[新聞] 震撼彈!【永豐餘】董事會何壽川家族全 原文標題:何壽川家族退出永豐餘投控董事會 (請勿刪減原文標題) 原文連結:https://www.google.com.tw/amp/s/u…
[簡稱(name)] …[新聞] 震撼彈!永豐餘董事會何壽川家族全 原文標題:何壽川家族退出【永豐餘】投控董事會 (請勿刪減原文標題) 原文連結:https://www.google.com.tw/amp/s/udn.com/news/amp/story/723…
[簡稱(name)] …mp/story/7239/5360009 (請善用縮網址工具) 發布時間:2021/04/01 17:49 (請以原文網頁/報紙之發布時間為準) 原文內容: 【永豐餘】投控今(1)日召開臨時董事會,通過第28屆9位董事提名名單,不過,名單中不見 何壽川家族成員,外界預期,原先以為的家族接班人何奕達恐不會走上接班之路,從名單 看來,集團將走向強化專業經理人制。 永豐餘投控董事會通過第28屆董事提名名單,董…",,,,
collision:2002,2002,中鋼,M.1608084866.A.0CD,2020-12-16 10:14:26,新聞,code,dense,False,1,[新聞] 中鋼迎榮景 火力全開,1,True,False,True,True,中鋼,945,"[代號] …[新聞] 中鋼迎榮景 火力全開 1.原文連結:https://udn.com/news/story/7252/5095188?from=udn-catelistnews_ch2 2.原文內容: 中鋼(【2002】)2號高爐大修完工,昨(15)日舉行開爐祈福典禮,董事長翁朝棟說,高爐 提前在明日開爐,集團六座高爐火力全開,迎接鋼市榮景,中鋼今年轉虧為盈,爐火旺盛 下,國內鋼鐵業明年營運續強。 法人表示,鋼市續旺前景看好,從平板鋼到長條類以及鋼筋、型…",,,,
collision:2002,2002,中鋼,M.1731569533.A.D1C,2024-11-14 15:32:13,標的,name_with_context,dense,False,3,Re: [標的] 到現在多軍只有我套牢？持股請益,1,True,False,True,False,中鋼,1759,"[簡稱(name_with_context)] …783,版友建議我買etf, 元大 (和前次發文比,多了10423股) 台灣價值不夠就買台灣價值,就被套牢了 台灣價值 2002 , 201,23.28, - 249, 64,零股領紀念品,貪圖股息+價差, 【中鋼】 (和前次發文比,多了200股) 結果就套牢了 2484 , 500,32.85, - 3,036, 742,找尋即將除權息的個股,貪圖股息+價差, 希華 (和前次發文比,多了299股) 繼續攤平…",,,,
collision:2002,2002,中鋼,M.1668820678.A.F54,2022-11-19 09:17:58,新聞,code,dense,False,1,[新聞] 中鋼看景氣 下季迎春燕,1,True,False,True,True,中鋼,989,"[代號] …看景氣 下季迎春燕 原文連結: https://udn.com/news/story/7252/6770557 發布時間: 2022-11-17 00:02 記者署名: 經濟日報/ 記者 林政鋒/高雄報導 原文內容: 中鋼(【2002】)昨(16)日舉行廠盤會議,拍板12月盤價全面平盤,但同時搭配多元配套方 案,下游單軋廠與裁剪製管用戶燁輝、新光鋼、美亞等進貨成本降低,有利鋼鐵產業醞釀 動能,期待明年首季市況回春,重回上坡道路。 法人分析,昨天中鋼是連續第三個月開出平盤…",,,,
collision:2002,2002,中鋼,M.1644651202.A.AB4,2022-02-12 15:33:22,新聞,name_with_context,dense,False,1,[新聞] 原料行情飆 中鋼3月盤看漲,1,False,False,True,True,中鋼,1332,"[簡稱(name_with_context)] …情況下,普遍樂觀看待後市展望,導致信心回籠,激 勵澳洲銷往大陸鐵礦現貨價不跌反漲,每公噸再漲7美元,達到153.75美元。 心得/評論: ※必需填寫滿30字,無意義者板規處分 去年【中鋼】三月底起漲 一個月時間股價幾乎翻一倍 然後套牢一堆40T以上 盤整快一年 還活著的草原善假狼們 應該都是資金雄厚不缺錢的大戶 看來春燕可能真的又要來了…",,,,
collision:2002,2002,中鋼,M.1622025642.A.1F1,2021-05-26 18:40:42,情報,code,dense,False,5,[情報] 0526 Top 100 券商最近一日買超,1,True,False,True,False,中鋼,710,"[代號] …1.62% -0.09% 2610 華航 15.6 78,510 20,682 0.25% -0.46% 2618 長榮航 15.6 31,404 11,732 0.33% 0% 【2002】 中鋼 34.85 187,570 11,633 -0.36% -0.22% 2390 云辰 25.1 64,239 11,309 4.66% 0% 2027 大成鋼 40.7…",,,,
collision:2002,2002,中鋼,M.1655713280.A.832,2022-06-20 16:21:20,新聞,name_with_context,dense,False,1,[新聞] 中鋼公告7月、第3季盤價降2.23% 蓄積成長,1,False,False,True,True,中鋼,1316,"[簡稱(name_with_context)] …表示,5月起隨著俄烏衝突效應漸趨淡化, 導致歐美鋼市急速降溫訂單急凍, 再加上中國大陸鋼材出口報價急挫,影響亞洲鋼價全面加速回檔, 然而近期中國大陸主力鋼廠寶武、鞍鋼七月盤價連袂以平盤開出, 中國大陸鋼市釋出由弱轉穩落底的訊號。 【中鋼】指出,考量近2個月來國際大宗熱、冷軋價格急速修正 及中國大陸、韓國、印度、俄羅斯低價進口貨擾市, 客戶出口接單量能急遽萎縮及國內流通行情倒掛等不利因素, 7月份盤價對應市況調降,期盼能加速今年度的鋼價築底, 協助客戶降本,強化出口競…",,,,
collision:2002,2002,中鋼,M.1610029118.A.DE3,2021-01-07 22:18:38,新聞,code,dense,False,1,[新聞] [中鋼2002]寶鋼盤價大漲 中鋼將跟進,4,True,True,True,True,中鋼,955,"[代號] …[新聞] [中鋼【2002】]寶鋼盤價大漲 中鋼將跟進 1.原文連結: https://money.udn.com/money/story/11038/5154059 2.原文內容: 2021-01-07 01:01g濟日報 記者林政鋒/高雄報導 大陸鋼鐵廠龍頭寶…
[代號] …鋼昨(6)日晚間拍板2月盤價全面大漲,熱軋底材每公噸漲人民幣350元(約新台幣1,580元);漲幅最高的電磁鋼片每公噸上調人民幣1,500元、超過新台幣6,500元,漲幅8%至11%,鋼市全面沸騰,預期中鋼將跟進,達到新一波高潮。 中鋼(【2002】)董事長翁朝棟昨天晚間表示,預計下周開出2月盤價,將「順勢順漲」,關鍵在於中鋼不會獨享利益,會趁這波鋼市榮景,與中下游協同共進,一起為台灣拚經濟。 翁朝棟說,2021年鋼市第1季肯定供不應求,第2季展望也相當樂觀,「現在的關鍵不是價格的問…
[代號] …於廢鋼是被歸類為跟鐵礦同樣是鋼鐵原料,大陸龐大的吸納效果,會造成廢鋼價格走高,比價效應下鐵礦易漲難跌,鐵礦一旦續漲,鋼價沒有理由不跟進,鋼市進到另一波高潮期,後市展望看俏。 3.心得/評論: 漲幅最高的電磁鋼片,中鋼也有 可能還有人不知道【2002】也是特斯拉概念股 又要漲價了 2002今年穩健成長 不知大象會不會跳舞就是了 ----- Sent from JPTT on my Xiaomi Redmi Note 8T.…",,,,
collision:2002,2002,中鋼,M.1700805602.A.605,2023-11-24 14:00:02,閒聊,name_with_context,dense,False,5,[閒聊] 2023/11/24 盤後閒聊,1,False,False,True,False,中鋼,326,"[簡稱(name_with_context)] …自營商 -8,858 投信 0 外資 -2,192 上市 漲停家數 (+10%) 5 跌停家數 (-10%) 0 上櫃 漲停家數 (+10%) 5 跌停家數 (-10%) 0 成交量排行:開發金、長榮航、華通、聯電、【中鋼】 成交值排行:廣達、中興電、華通、台積電、世芯-KY 資料來源:臺灣證券交易所、臺灣期貨交易所…",,,,
collision:2002,2002,中鋼,M.1723532280.A.8A6,2024-08-13 14:58:00,新聞,code,dense,False,1,[新聞] 130萬股民嗨了！中鋼獲利大爆發 合併淨利,4,True,False,True,True,中鋼,803,"[代號] …!中鋼獲利大爆發 合併淨利年增646% 原文連結:https://reurl.cc/rv1qVk 發布時間:2024年8月13日 週二 下午2:45 記者署名:陳依旻|Yahoo財經特派記者 原文內容: 擁有近130萬股民的中鋼(【2002】)今(13)日公布今年第二季財報,受惠鋼市需求回溫、 業外收入助攻,今年累計稅後淨利年增646%。 根據公告,中鋼自今年1月1日開始至本期營業收入為188.3億元;和去年同期186.70億元 ,累積營業毛利、營業利益分別是8.8億元、2.…
[簡稱(name_with_context)] …民嗨了!中鋼獲利大爆發 合併淨利年增646% 原文連結:https://reurl.cc/rv1qVk 發布時間:2024年8月13日 週二 下午2:45 記者署名:陳依旻|Yahoo財經特派記者 原文內容: 擁有近130萬股民的【中鋼】(2002)今(13)日公布今年第二季財報,受惠鋼市需求回溫、 業外收入助攻,今年累計稅後淨利年增646%。 根據公告,中鋼自今年1月1日開始至本期營業收入為188.3億元;和去年同期186.70億元 ,累積營業毛利、營業利益分別是8.8…
[簡稱(name_with_context)] …年8月13日 週二 下午2:45 記者署名:陳依旻|Yahoo財經特派記者 原文內容: 擁有近130萬股民的中鋼(2002)今(13)日公布今年第二季財報,受惠鋼市需求回溫、 業外收入助攻,今年累計稅後淨利年增646%。 根據公告,【中鋼】自今年1月1日開始至本期營業收入為188.3億元;和去年同期186.70億元 ,累積營業毛利、營業利益分別是8.8億元、2.07億元。也比去年同期8.18億元、1.41億 元還高。 另外,1月1日至本期稅前淨利為3.49億元,也優於去年同…",,,,
collision:2002,2002,中鋼,M.1657755350.A.FA7,2022-07-14 07:35:50,新聞,code,dense,False,4,[新聞] 國安基金宣布護盤　八大行庫卻賣超,3,True,False,True,False,中鋼,1137,"[代號] …8.6億元。 CMoney統計,八大公股行庫13日買超金額前十檔為元太、新唐、智原、 元大台灣50(0050)、元大台灣50反1(00632R)、健策(3653)、台塑(1301)、 京元電子(2449)、中信金(2891)、與中鋼(【2002】),金額都超過7,000萬元。 這些個股以半導體股居多,較特別的是同步買超元大台灣50與反1,護盤同步避險意味濃。 元太獲買超金額2.08億元為居第一,13日也同步獲投信買超0.25億元, 不過外資大舉賣超7.32億元近三日最多,終場下…
[簡稱(name_with_context)] …轉賣超8.6億元。 CMoney統計,八大公股行庫13日買超金額前十檔為元太、新唐、智原、 元大台灣50(0050)、元大台灣50反1(00632R)、健策(3653)、台塑(1301)、 京元電子(2449)、中信金(2891)、與【中鋼】(2002),金額都超過7,000萬元。 這些個股以半導體股居多,較特別的是同步買超元大台灣50與反1,護盤同步避險意味濃。 元太獲買超金額2.08億元為居第一,13日也同步獲投信買超0.25億元, 不過外資大舉賣超7.32億元近三日最…
[簡稱(name_with_context)] …的是同步買超元大台灣50與反1,護盤同步避險意味濃。 元太獲買超金額2.08億元為居第一,13日也同步獲投信買超0.25億元, 不過外資大舉賣超7.32億元近三日最多,終場下跌2.5元收166元; 前十檔八大公股行庫買超股中,還有台塑、【中鋼】與外資對做, 其中台塑遭外資賣超7.35億元排第一。 至於公股行庫13日主要賣超的個股,以金額計算第一為台積電5.2億元, 第二是長榮航3.3億元,也與外資對做,外資13日買超台積電32.07億元最多, 長榮航13.4億元排第三,第二…",,,,
collision:2002,2002,中鋼,M.1585122267.A.788,2020-03-25 15:44:27,新聞,code,dense,False,1,[新聞] 中龍鋼鐵廢棄物嚴重超標 法官判中市環保,9,True,False,True,False,中鋼,9292,"[代號] …法、須重新環評 ,判台中市政府環保局敗訴。環境權保障基金會等公民團體,希望環保局不要上訴。 https://video.udn.com/news/1172427 3.心得/評論:中鋼集團果然注重環保,所以今天股價才會大漲,真的要歐印中鋼【2002】 ┌───────┬─────────────────────────────┐ │月份 │主力產品/重要事紀 │ ├───────┼───…
[簡稱(name_with_context)] …,經附近住戶提行政訴訟,台中高等行政法院合議庭認定程序不合法、須重新環評 ,判台中市政府環保局敗訴。環境權保障基金會等公民團體,希望環保局不要上訴。 https://video.udn.com/news/1172427 3.心得/評論:【中鋼】集團果然注重環保,所以今天股價才會大漲,真的要歐印中鋼2002 ┌───────┬─────────────────────────────┐ │月份 │主力產品/重要事紀…
[簡稱(name_with_context)] …不合法、須重新環評 ,判台中市政府環保局敗訴。環境權保障基金會等公民團體,希望環保局不要上訴。 https://video.udn.com/news/1172427 3.心得/評論:中鋼集團果然注重環保,所以今天股價才會大漲,真的要歐印【中鋼】2002 ┌───────┬─────────────────────────────┐ │月份 │主力產品/重要事紀 │ ├───────…",,,,
collision:2002,2002,中鋼,M.1683855427.A.22C,2023-05-12 09:37:07,新聞,code,dense,False,1,[新聞] 鋼價超跌 中鋼董座翁朝棟：6、7月將迎反,1,True,False,True,True,中鋼,902,"[代號] ….udn.com/money/story/5612/7157729 發布時間: 2023/05/11 11:31:35 記者署名: 經濟日報 記者林政鋒/高雄即時報導 原文內容: 大陸一線高爐廠寶鋼、鞍本鋼新報價持續下修,中鋼(【2002】)董事長翁朝棟說,鋼價超跌 ,大部分鋼廠都虧損,應該已是底部了,後續可能弱勢震盪後緩步回升,如果末端需求能 適時補位,6、7月可望迎來小幅反彈漸入佳境,下半年預計較上半年好。 中鋼專家表示,大陸熱軋自4月來每公噸下跌人民幣100元至200…",,,,
collision:2002,2002,中鋼,M.1643972090.A.F65,2022-02-04 18:54:50,新聞,code,dense,False,4,[新聞] 殖利率上看8％ 4檔鋼鐵人氣股來了,9,True,False,True,False,中鋼,1694,"[代號] …超過一行過長請用縮網址工具) 發布時間:工商時報 數位編輯 2022.02.04 (請以原文網頁/報紙之發布時間為準) 原文內容: 去年鋼市大發利市,包括中鋼(【2002】)、中鴻(2014)、豐興(2015)、東和鋼鐵(2006 )業績都創新高,展望春節後需求可望逐步回溫,加上去年獲利旺,現金股利殖利率上看 8%,股利值得期待。 中鋼去年業績創歷史新高,全年自結合併稅前淨利844.14億元,每股合併稅…
[簡稱(name_with_context)] …紙之發布時間為準) 原文內容: 去年鋼市大發利市,包括中鋼(2002)、中鴻(2014)、豐興(2015)、東和鋼鐵(2006 )業績都創新高,展望春節後需求可望逐步回溫,加上去年獲利旺,現金股利殖利率上看 8%,股利值得期待。 【中鋼】去年業績創歷史新高,全年自結合併稅前淨利844.14億元,每股合併稅前盈餘約5.35 元。法人推估,中鋼去年每股稅後淨利有逾3.8元之上的水準,上看3.9元,以中鋼往年配 息率約7~8成計,隱含現金殖利率上看7~8%。 法人預估,中鋼…
[簡稱(name_with_context)] …5)、東和鋼鐵(2006 )業績都創新高,展望春節後需求可望逐步回溫,加上去年獲利旺,現金股利殖利率上看 8%,股利值得期待。 中鋼去年業績創歷史新高,全年自結合併稅前淨利844.14億元,每股合併稅前盈餘約5.35 元。法人推估,【中鋼】去年每股稅後淨利有逾3.8元之上的水準,上看3.9元,以中鋼往年配 息率約7~8成計,隱含現金殖利率上看7~8%。 法人預估,中鋼2021年稅後淨利可望超過600億元,EPS估逾3.8元。中鋼2008年以來配息 率均逾6成,若保守以6…",,,,
collision:2002,2002,中鋼,M.1620021602.A.DE7,2021-05-03 14:00:02,閒聊,name_with_context,dense,False,5,[閒聊] 2021/05/03 盤後閒聊,1,False,False,True,False,中鋼,299,"[簡稱(name_with_context)] …89%) 975.00億 台指期 自營商 +34 投信 -460 外資 -4432 台指選 自營商 -29550 投信 外資 -9872 漲停家數(+10%) 28 跌停家數(-10%) 41 成交量排行 群創、長榮、友達、【中鋼】、中石化 成交值排行 長榮、聯發科、陽明、台積電、聯電 --------------------------------- 血流成河,空手仔的勝利…",,,,
collision:2002,2002,中鋼,M.1625653147.A.557,2021-07-07 18:19:07,標的,name_with_context,dense,False,2,[標的] 春雨 2012 多,2,False,False,True,False,中鋼,415,"[簡稱(name_with_context)] …[標的] 春雨 2012 多 1. 標的:春雨 2012 2. 分類:多 3. 分析/正文: 住在傳產區 每天在傳產工業區外送 春雨也是一間從小看到大的公司 春雨已經從年初也是漲上來 前陣子【中鋼】讓利,小弟認為是讓下游有合理的進貨,才能讓中鋼不受反對喊漲 而中下游順利補貨,也才能繼續跟上 四月 五月營收持續突破 六月其實是有機會繼續突破的 而且春雨真扣件王我怎麼想都不覺得會輸聚亨 加上一個不可靠的消息面 個人都在工業區外送,也…
[簡稱(name_with_context)] …標的] 春雨 2012 多 1. 標的:春雨 2012 2. 分類:多 3. 分析/正文: 住在傳產區 每天在傳產工業區外送 春雨也是一間從小看到大的公司 春雨已經從年初也是漲上來 前陣子中鋼讓利,小弟認為是讓下游有合理的進貨,才能讓【中鋼】不受反對喊漲 而中下游順利補貨,也才能繼續跟上 四月 五月營收持續突破 六月其實是有機會繼續突破的 而且春雨真扣件王我怎麼想都不覺得會輸聚亨 加上一個不可靠的消息面 個人都在工業區外送,也有送到春雨過,加上有外送員同事也在春雨。 目前…",,,,
collision:2002,2002,中鋼,M.1625113786.A.238,2021-07-01 12:29:46,心得,name_with_context,dense,False,1,[心得] 人多的地方才要去吃豆腐,1,False,False,True,False,中鋼,232,"[簡稱(name_with_context)] …[心得] 人多的地方才要去吃豆腐 俗話說,人多的地方不要去,但股市剛好是相反的,因為「要有價,量必先行」,而有量代表上上下下,這才有利可圖。 https://imgur.com/r1LXZeL 今天看官田鋼開高瞬間走低,但看龍頭【中鋼】屹立不搖,具有指標性;回頭看盤中連續賣張個位數,而買張則是倍數成長,偶爾跌破也是直接摜破立刻收回,代表有人操盤想騙票。 因此立刻下單,不到十分鐘就有甜美果實,收工。 做法供參。 ----- Sent from JPTT on my X…",,,,
collision:2002,2002,中鋼,M.1619070928.A.5B2,2021-04-22 13:55:28,請益,name_with_context,dense,False,2,[請益] 長榮-跳水是躲警示的操盤嗎？,1,False,False,True,False,中鋼,774,"[簡稱(name_with_context)] …說沒事,有賺就好 後來跑去看了看萬海 找不到入場點,覺得走勢怪怪的 就觀望 結果直接看到一波跳水儀式 還好沒入場做多 不過我還是很好奇 今天長榮12點開始殺,是為了躲警示的操盤還是? 後來才發現連華航漲停都被打開 所有航運股都被下殺 連【中鋼】也被殺下來 看了大盤才發現,大盤也被壓下來 我想問究竟是因為大盤原因所以所有個股都下殺 還是像有人提到長榮是為了躲警示的操盤? 還是有散戶不知道的消息傳出提前動作? 但跳水是不可預測的情況,如果今天沒提早賣出,我也會變成留倉 然後在盤…",,,,
collision:2002,2002,中鋼,M.1619000552.A.09E,2021-04-21 18:22:32,新聞,code,dense,False,8,[新聞] 鋼鐵人進場神準！豐興買中鋼、東鋼 大賺,11,True,False,True,True,中鋼,1323,"[代號] …1/04/21 05:30 (請以原文網頁/報紙之發布時間為準) 原文內容:〔記者林菁樺/台北報導〕 鋼鐵族群登上台股新飆股,但巷內高手封號要頒給鋼筋大廠豐興(2015),投資眼光相 當精準。豐興本月6日、15日分別公告之前已買進中鋼(【2002】)與東和鋼鐵(2006)股票 ,一共豪砸約6.77億元,以昨(20日)收盤價換算,兩檔股票帳上未實現獲利達到3.41 億元、報酬率高達50%。 豐興從3月26日至4月6日期間,斥資約3.77億元,買進1.467萬張中鋼,每單位價格25.7…
[簡稱(name_with_context)] …[新聞] 鋼鐵人進場神準!豐興買【中鋼】、東鋼 大賺 原文標題:鋼鐵人進場神準!豐興買中鋼、東鋼 大賺5成 (請勿刪減原文標題) 原文連結:https://ec.ltn.com.tw/article/paper/1444297 (請善用縮網址工具) 發布時間:2021/04/…
[簡稱(name_with_context)] …[新聞] 鋼鐵人進場神準!豐興買中鋼、東鋼 大賺 原文標題:鋼鐵人進場神準!豐興買【中鋼】、東鋼 大賺5成 (請勿刪減原文標題) 原文連結:https://ec.ltn.com.tw/article/paper/1444297 (請善用縮網址工具) 發布時間:2021/04/21 05:30 (請以原文網頁/報紙之發布時間為…",,,,
collision:2002,2002,中鋼,M.1608621516.A.518,2020-12-22 15:18:36,心得,name_with_context,dense,False,3,[心得] 資金輪動防疫股,1,False,False,True,False,中鋼,447,[簡稱(name_with_context)] …---------------- 很明顯的資金回流生技防疫股 殺電子 航運 原物料 尤其防疫興櫃三寶有一檔差點6%熔斷 是很明顯的證據了 隨著大盤下殺 減少持股水位觀望的人越來越多 當然你也可以別人恐懼我貪婪 去接台積聯電長榮【中鋼】 天國一輝的榮景會不會重現不好說 但是14068跌破的話 明年回檔到萬三都有可能 以上都是本土案例沒有變社區傳染的情況 如果影響到工業區 科學園區 生產出貨管制封閉 要麼放空 要麼生技 跟著趨勢走 看多喊多 看空喊空 進出場…,,,,
collision:2002,2002,中鋼,M.1631767807.A.88E,2021-09-16 12:50:07,新聞,name_with_context,dense,False,1,Re: [新聞] 政院:穩定鋼價 已協調鋼鐵業優先滿足國內,1,False,False,True,False,中鋼,208,[簡稱(name_with_context)] …Re: [新聞] 政院:穩定鋼價 已協調鋼鐵業優先滿足國內 看完這篇小弟就很疑惑了 為何鋼鐵相關類股的公司就這麼悲慘 要被政府這樣搞 【中鋼】連個40王遲遲打不過 反觀房屋建築類股 爽的勒 儘管空屋如下面的某篇新聞: #1XGezRzR (Stock) 全台空屋數達166萬!創歷史新高 但建商依舊爽蓋 投資客依舊靠著房地產爽爽炒 毫無後顧之憂 有專業的板友可以開示這其中…,,,,
collision:2006,2006,東和鋼鐵,M.1644282360.A.3D1,2022-02-08 09:06:00,心得,name,sparse,False,1,[心得] 開紅盤，漲的就是你們這些傢伙,1,False,False,True,False,東和鋼鐵,372,"[簡稱(name)] …商AT&S上調2021/2022營收展望;並給出2021-2026年ABF產業CAGR+12%,暗示ABF需求優於預期。 傳產: 原物料:WTI+7.8%、鐵礦砂+7.2%、BDI+6.2%、美西線+2.2%,該漲的都要開始漲了,昨天的【東和鋼鐵】直接起飛,其他如塑化、鋼鐵、運輸類股也有顯著正相關 以上,大家可以多留意上述產業,有務請指正,感謝,祝大家炒股順利。 ----- Sent from JPTT on my iPhone…",,,,
collision:2006,2006,東和鋼鐵,M.1725603381.A.4A6,2024-09-06 14:16:21,新聞,code,sparse,False,3,[新聞] 中鋼摔4年低價 東鋼營收止4連跌,2,True,False,True,False,東和鋼鐵,602,"[代號] …201 發布時間: 2024.09.06 記者署名: 葉時安 原文內容: 【時報記者葉時安台北報導】鋼鐵周五受跟隨大盤反彈力道,表現居上市類股後段班,龍 頭股中鋼(2002)摔近4年新低價,中鋼構(2013)跌幅最劇,東和鋼鐵(【2006】)同樣走疲,東 鋼下周三9月11日將受邀參加元大證券舉辦之線上法說會,報告公司營運狀況,東鋼率先 公布營收,單月營收止步連4滑符合預期,目前國內的建築用鋼需求維持,東鋼今年營收 出貨有保障。 東鋼今年8月營收52.90億元,年減1.29%…
[簡稱(name)] …4-430201 發布時間: 2024.09.06 記者署名: 葉時安 原文內容: 【時報記者葉時安台北報導】鋼鐵周五受跟隨大盤反彈力道,表現居上市類股後段班,龍 頭股中鋼(2002)摔近4年新低價,中鋼構(2013)跌幅最劇,【東和鋼鐵】(2006)同樣走疲,東 鋼下周三9月11日將受邀參加元大證券舉辦之線上法說會,報告公司營運狀況,東鋼率先 公布營收,單月營收止步連4滑符合預期,目前國內的建築用鋼需求維持,東鋼今年營收 出貨有保障。 東鋼今年8月營收52.90億元,年減…",,,,
collision:2006,2006,東和鋼鐵,M.1640057755.A.D90,2021-12-21 11:35:55,新聞,code,sparse,False,3,[新聞] 剛起漲就休息 鋼鐵股今翻綠,2,True,False,True,False,東和鋼鐵,805,"[代號] …3)今回檔下跌3.42% ,跌幅最重的是官田鋼(2017)3.81%,其餘個股多下跌1至2%。 中鋼構昨買盤強勁,拉出一根長紅直奔漲停板,今賣壓出籠,盤中股價回檔,下跌2.1元 至59.3元,跌幅3.42%。獲投信連續4天買盤的東和鋼鐵(【2006】),今下跌1.2元至67.5元 ,跌幅1.75%。外資連買4天的大成鋼(2027)也回檔,下跌1.25元,回至47.5元,跌幅 2.56%。官田鋼跌勢最重,跌幅3.57%。 相較其他鋼鐵股漲多回檔,春源(2010)反而跳空上漲,盤中上漲0…
[簡稱(name)] …構(2013)今回檔下跌3.42% ,跌幅最重的是官田鋼(2017)3.81%,其餘個股多下跌1至2%。 中鋼構昨買盤強勁,拉出一根長紅直奔漲停板,今賣壓出籠,盤中股價回檔,下跌2.1元 至59.3元,跌幅3.42%。獲投信連續4天買盤的【東和鋼鐵】(2006),今下跌1.2元至67.5元 ,跌幅1.75%。外資連買4天的大成鋼(2027)也回檔,下跌1.25元,回至47.5元,跌幅 2.56%。官田鋼跌勢最重,跌幅3.57%。 相較其他鋼鐵股漲多回檔,春源(2010)反而跳空上漲,…",,,,
collision:2006,2006,東和鋼鐵,M.1611143178.A.0F6,2021-01-20 19:46:18,新聞,name,sparse,False,3,[新聞] 外資賣超215億 大舉調節金融股,1,False,False,True,False,東和鋼鐵,584,"[簡稱(name)] …,除賣超第一的彩晶、第5的矽統是電子股,其他都是金融股,包括 新光金、兆豐金、中信金、國泰金、玉山金、第一金、開發金、永豐金。 外資買超前10名包括散裝貨櫃航運股長榮、陽明、面板價格上漲的友達及同集團轉投資友 達的佳世達,及鋼鐵股大成鋼、【東和鋼鐵】等。 兆豐國際投顧協理黃國偉表示,金融股基本面不理想,因疫情衝擊必須對廠商紓困,可能 使壞帳升高疑慮增加,加上配息限制,成為外資近來賣超常考慮的選項。 黃國偉解釋,散裝貨櫃漲價態勢未變,長榮、陽明基本面看多,先前股價漲多後遇壓整理 ,現…",,,,
collision:2006,2006,東和鋼鐵,M.1617197746.A.48C,2021-03-31 21:35:46,標的,code,sparse,False,1,[標的] 東和鋼鐵 空,3,True,False,True,True,東和鋼鐵,169,"[代號] …[標的] 東和鋼鐵 空 1. 標的: 【2006】 東和鋼鐵 2. 分類:空 3. 分析/正文: 丁老師簡訊會員的股 上週收到訊息說利多出盡可以全賣了 一個月賺了十幾趴 想說40元賣出然後反手做空 幹結果又漲了5塊錢 差不多該跌了吧 氣噗噗 4. 進退場機制: 停利 35 停損 46…
[簡稱(name)] …[標的] 【東和鋼鐵】 空 1. 標的: 2006 東和鋼鐵 2. 分類:空 3. 分析/正文: 丁老師簡訊會員的股 上週收到訊息說利多出盡可以全賣了 一個月賺了十幾趴 想說40元賣出然後反手做空 幹結果又漲了5塊錢 差不多該跌了吧 氣噗噗 4. 進退場機…
[簡稱(name)] …[標的] 東和鋼鐵 空 1. 標的: 2006 【東和鋼鐵】 2. 分類:空 3. 分析/正文: 丁老師簡訊會員的股 上週收到訊息說利多出盡可以全賣了 一個月賺了十幾趴 想說40元賣出然後反手做空 幹結果又漲了5塊錢 差不多該跌了吧 氣噗噗 4. 進退場機制: 停利 35 停損 46 發文附…",,,,
collision:2006,2006,東和鋼鐵,M.1631599425.A.E99,2021-09-14 14:03:45,標的,code,sparse,False,1,[標的] 2006 東和鋼鐵 多,4,True,True,True,True,東和鋼鐵,186,"[代號] …[標的] 【2006】 東和鋼鐵 多 1. 標的: 2006 東和鋼鐵 2. 分類:多 3. 分析/正文: 今年獲利坐5望6,高點回落30%已經跌到媽媽都不認得,法人進貨&借卷回補, 線型打底完成開始向上,今天在鋼鐵股中相對強勢,因此選擇進場。 4.…
[代號] …[標的] 2006 東和鋼鐵 多 1. 標的: 【2006】 東和鋼鐵 2. 分類:多 3. 分析/正文: 今年獲利坐5望6,高點回落30%已經跌到媽媽都不認得,法人進貨&借卷回補, 線型打底完成開始向上,今天在鋼鐵股中相對強勢,因此選擇進場。 4. 進退場機制: 進場 : 43.85…
[簡稱(name)] …[標的] 2006 【東和鋼鐵】 多 1. 標的: 2006 東和鋼鐵 2. 分類:多 3. 分析/正文: 今年獲利坐5望6,高點回落30%已經跌到媽媽都不認得,法人進貨&借卷回補, 線型打底完成開始向上,今天在鋼鐵股中相對強勢,因此選擇進場。 4. 進退場機制…",,,,
collision:2006,2006,東和鋼鐵,M.1687518301.A.22D,2023-06-23 19:05:01,標的,code,sparse,False,1,[標的] 2006東和鋼鐵 借我躲一下多,4,True,True,True,True,東和鋼鐵,1173,"[代號] …[標的] 【2006】東和鋼鐵 借我躲一下多 1. 標的:2006東和鋼鐵 2. 分類:多 3. 分析/正文: 前陣子碳權題材造紙股大漲,上週紡織股大漲我猜可能跟解封多少有點關係 回過頭看有哪些類股還沒動到,就看到了塑化跟鋼鐵 畢竟都一波上萬七了還沒有回…
[代號] …[標的] 2006東和鋼鐵 借我躲一下多 1. 標的:【2006】東和鋼鐵 2. 分類:多 3. 分析/正文: 前陣子碳權題材造紙股大漲,上週紡織股大漲我猜可能跟解封多少有點關係 回過頭看有哪些類股還沒動到,就看到了塑化跟鋼鐵 畢竟都一波上萬七了還沒有回檔,兩大類股雙雙大漲讓我有種資金好像在找什麼…
[簡稱(name)] …[標的] 2006【東和鋼鐵】 借我躲一下多 1. 標的:2006東和鋼鐵 2. 分類:多 3. 分析/正文: 前陣子碳權題材造紙股大漲,上週紡織股大漲我猜可能跟解封多少有點關係 回過頭看有哪些類股還沒動到,就看到了塑化跟鋼鐵 畢竟都一波上萬七了還沒有回檔,兩大…",,,,
collision:2006,2006,東和鋼鐵,M.1647840594.A.A26,2022-03-21 13:29:54,標的,name,sparse,False,1,[標的] 東和鋼鐵(空),2,False,False,True,True,東和鋼鐵,121,"[簡稱(name)] …[標的] 【東和鋼鐵】(空) 1. 標的:東和鋼鐵 2. 分類:空 3. 分析/正文:60起漲 現在約80 本益比達到13倍了 股東會5/27 結束後開空 希望除息完能回到80或更高 4. 進退場機制:80空 60或跌破10倍…
[簡稱(name)] …[標的] 東和鋼鐵(空) 1. 標的:【東和鋼鐵】 2. 分類:空 3. 分析/正文:60起漲 現在約80 本益比達到13倍了 股東會5/27 結束後開空 希望除息完能回到80或更高 4. 進退場機制:80空 60或跌破10倍本益比停利…",,,,
collision:2006,2006,東和鋼鐵,M.1712205216.A.2D7,2024-04-04 12:33:36,新聞,name,sparse,False,1,[新聞] 協助地震救災重建 東鋼捐1.000萬,1,False,False,True,False,東和鋼鐵,416,"[簡稱(name)] …ws/20240404700372-431401 ※網址超過一行過長請用縮網址工具 發布時間: 2024.04.04 11:51 ※請以原文網頁/報紙之發布時間為準 記者署名: 工商時報 陳建宇 ※原文無記載者得留空 原文內容: 【東和鋼鐵】企業股份有限公司3日晚間宣布, 對地震造成的災損及人員傷亡表達關懷,為善盡企業社會責任, 將捐助新台幣1,000萬元到政府指定專戶, 協助救災及重建,期待受災民眾儘速重建家園, 恢復正常生活。 https://i.imgur.co…",,,,
collision:2006,2006,東和鋼鐵,M.1625559343.A.870,2021-07-06 16:15:43,閒聊,name,sparse,False,3,[閒聊] 明日 陽明 小心外資隔日冲,1,False,False,True,False,東和鋼鐵,102,"[簡稱(name)] …[閒聊] 明日 陽明 小心外資隔日冲 今天外資大買 陽明 45,372張 但別開心 今天外資賣超的都是昨日買超的 例如 長榮 , 聯電 , 【東和鋼鐵】 反正現在外資也玩隔日冲上癮了 我真不知道這對股市是好是壞 明天無意外 陽明隔日冲…",,,,
collision:2006,2006,東和鋼鐵,M.1600156706.A.D35,2020-09-15 15:58:26,標的,name,sparse,False,2,Re: [標的] 大成鋼,1,False,False,True,False,東和鋼鐵,352,[簡稱(name)] …戶跟著放空 今天如在增加空單上千張 明天開底就能撿便宜做多 一次把散戶放空尬上去 很精彩的 他現增價18 正常不可能跌倒18 頂多到20上下就有買盤了 從4x跌下來20 還放空的 可能是新手散戶 一次尬上去讓他們知道嘎空課程 Ex【東和鋼鐵】 中鋼 新光鋼都多頭格局 大成鋼不可能會殺多慘 跟著撿便宜做多大成鋼 才是 安全操作 ※ 引述《kiker (kiker)》之銘言: : 1. 標的: : 大成鋼 : 2. 分類:多/空/請益/心得 : 多 : 3. 分析/正文: :…,,,,
collision:2006,2006,東和鋼鐵,M.1601256818.A.092,2020-09-28 09:33:38,新聞,name,sparse,False,3,[新聞] 聯電、宏碁 買盤進駐,2,False,False,True,False,東和鋼鐵,787,"[簡稱(name)] …、美中緊張關係等變 數,台股近期呈區間震盪走勢,市場資金正在尋找下一波潛力題材股之際,「滿單概念股 」成為市場矚目焦點。觀察近十個交易日,聯電、宏碁等均獲三大法人買單進駐。 其中以買超聯電(2303)10.2萬張最多,宏碁買超4.9萬張、【東和鋼鐵】買超1.5萬張。但同 時期,台積電、巨大等被三大法人出脫減碼,以台積電賣超9.4萬張較顯著。 進一步分析十大「滿單概念股」股價表現,這些個股近十個交易日股價呈現「漲跌互見」 景況。聯嘉、聯電等,因獲市場的買盤加持,股價穩步攀升,走勢相對耀…
[簡稱(name)] …但同 時期,台積電、巨大等被三大法人出脫減碼,以台積電賣超9.4萬張較顯著。 進一步分析十大「滿單概念股」股價表現,這些個股近十個交易日股價呈現「漲跌互見」 景況。聯嘉、聯電等,因獲市場的買盤加持,股價穩步攀升,走勢相對耀眼。至於世界、 【東和鋼鐵】、巨大等,股價走勢均是疲弱下跌。 法人機構表示,台積電方面,目前在5奈米製程取得領先優勢,2022年進入 3奈米之後, 成長動能將再加速,2021年為因應先進製程、3D封裝的擴產需求,資本支出可望上修至18 0億美元,預估台積電2020年…",,,,
collision:2006,2006,東和鋼鐵,M.1607912372.A.D27,2020-12-14 10:19:32,標的,name,sparse,False,2,[標的] 東和鋼鐵 （中長期多單）,2,False,False,True,True,東和鋼鐵,305,"[簡稱(name)] …[標的] 【東和鋼鐵】 (中長期多單) 1. 標的:東和鋼鐵 2. 分類:中長期多單 3. 分析/正文: 基本面 在原物料的漲價下,相關產品也陸續漲價中,近期內還是持續享有低存貨成本的優勢 相關廠商威致、海光、豐興最近都在噴 技術面 目前判斷爲整理,…
[簡稱(name)] …[標的] 東和鋼鐵 (中長期多單) 1. 標的:【東和鋼鐵】 2. 分類:中長期多單 3. 分析/正文: 基本面 在原物料的漲價下,相關產品也陸續漲價中,近期內還是持續享有低存貨成本的優勢 相關廠商威致、海光、豐興最近都在噴 技術面 目前判斷爲整理,短期內要有波段漲幅還是要再一根出量,以…",,,,
collision:2006,2006,東和鋼鐵,M.1649420880.A.994,2022-04-08 20:28:00,情報,code,sparse,False,1,[情報] 2006 東和鋼鐵  3月營收,4,True,True,True,True,東和鋼鐵,311,"[代號] …[情報] 【2006】 東和鋼鐵 3月營收 1. 標題:2006 東和鋼鐵 3月營收 2. 來源:理財網新聞 3. 網址:https://reurl.cc/qOyVxE 4. 內文: 當月 本年…
[代號] …[情報] 2006 東和鋼鐵 3月營收 1. 標題:【2006】 東和鋼鐵 3月營收 2. 來源:理財網新聞 3. 網址:https://reurl.cc/qOyVxE 4. 內文: 當月 本年累計 營收 6,09…
[簡稱(name)] …[情報] 2006 【東和鋼鐵】 3月營收 1. 標題:2006 東和鋼鐵 3月營收 2. 來源:理財網新聞 3. 網址:https://reurl.cc/qOyVxE 4. 內文: 當月 本年累計 營…",,,,
collision:2013,2013,中鋼構,M.1630057505.A.2E1,2021-08-27 17:45:05,情報,name,sparse,False,2,[情報] 光罩取得中鋼構普通股股票之公告,2,False,False,True,True,中鋼構,341,"[簡稱(name)] …[情報] 光罩取得【中鋼構】普通股股票之公告 1.證券名稱: 中鋼構(股)公司普通股 2.交易日期:110/8/13~110/8/27 3.交易數量、每單位價格及交易總金額: 交易數量:6,980,000股 每單位價格:新台幣54.02元 交易總金額:新台幣377,0…
[簡稱(name)] …[情報] 光罩取得中鋼構普通股股票之公告 1.證券名稱: 【中鋼構】(股)公司普通股 2.交易日期:110/8/13~110/8/27 3.交易數量、每單位價格及交易總金額: 交易數量:6,980,000股 每單位價格:新台幣54.02元 交易總金額:新台幣377,033,752元 4.處分利益(或損失)(…",,,,
collision:2013,2013,中鋼構,M.1623727837.A.F4B,2021-06-15 11:30:37,新聞,code,sparse,False,4,[新聞] 亞洲首例 中鋼明年收碳附加費,2,True,False,True,False,中鋼構,848,"[代號] …汽 車和家電需求繼續釋放,中鋼(2002)第三季內外銷鋼材接單超旺,加上中鋼鋼價仍落後 國際行情等因素助攻下,中鋼7月和第三季內銷盤價漲定了,並持續呈現供料吃緊情況。 中鋼的漲價,可望帶動下游中鴻(2014)、春雨(2012)、中鋼構(【2013】)、美亞( 2020)、燁輝(2023)、盛餘(2029)及新光鋼(2031)等相關鋼廠跟著漲價,且在下游 內外銷接單持續暢旺下,預期第三季業績動能續旺。 中鋼執行副總黃建智表示,澳洲鐵礦現貨價持續反彈,每公噸再漲2.4美元、達到每公噸…
[簡稱(name)] …漲、大陸汽 車和家電需求繼續釋放,中鋼(2002)第三季內外銷鋼材接單超旺,加上中鋼鋼價仍落後 國際行情等因素助攻下,中鋼7月和第三季內銷盤價漲定了,並持續呈現供料吃緊情況。 中鋼的漲價,可望帶動下游中鴻(2014)、春雨(2012)、【中鋼構】(2013)、美亞( 2020)、燁輝(2023)、盛餘(2029)及新光鋼(2031)等相關鋼廠跟著漲價,且在下游 內外銷接單持續暢旺下,預期第三季業績動能續旺。 中鋼執行副總黃建智表示,澳洲鐵礦現貨價持續反彈,每公噸再漲2.4美元、…",,,,
collision:2013,2013,中鋼構,M.1632799731.A.753,2021-09-28 11:28:51,新聞,code,sparse,False,5,[新聞] 中鋼內銷價穩 鋼廠叫好,2,True,False,True,False,中鋼構,810,"[代號] …12)、三星(5007)、恒耀國際(8349 )等相關螺絲廠轉嫁成本和接單,且另一盤元大廠聚亨(2022)也可間接受惠,增添第四 季營運動能。 此外,因中鋼鋼板每公噸只漲1,500元,因內需型營建產業市場仍然暢旺,也將有利於下 游中鋼構(【2013】)、春源(2010)、新光鋼(2031)、長榮鋼(2211)等相關鋼廠接單, 期能共同迎接旺季榮景的到來。 心得/評論: 公股鋼廠的穩 中下游都說讚 連9黑 中國限電受惠股??? 龍哥救我…
[簡稱(name)] …雨(2012)、三星(5007)、恒耀國際(8349 )等相關螺絲廠轉嫁成本和接單,且另一盤元大廠聚亨(2022)也可間接受惠,增添第四 季營運動能。 此外,因中鋼鋼板每公噸只漲1,500元,因內需型營建產業市場仍然暢旺,也將有利於下 游【中鋼構】(2013)、春源(2010)、新光鋼(2031)、長榮鋼(2211)等相關鋼廠接單, 期能共同迎接旺季榮景的到來。 心得/評論: 公股鋼廠的穩 中下游都說讚 連9黑 中國限電受惠股??? 龍哥救我…",,,,
collision:2013,2013,中鋼構,M.1597809357.A.B7F,2020-08-19 11:55:57,新聞,name,sparse,False,3,[新聞] 中鋼7月虧損擴大 8月拚損平,1,False,False,True,False,中鋼構,1084,"[簡稱(name)] …億元,累計前七 個月合併稅前淨損41.10億元,每股稅前淨損約0.26元。法人表示,只要中鋼8月鋼品銷量 能增加力度,則營運有機會達到損益平衡,甚至提前達標,呈現小賺局面。 對於7月份的營運表現,中鋼財務副總經理楊岳崑表示,雖然7月份沒有【中鋼構】大陸廠處分 利益的挹注,單月虧損較前一個月略增一些,但營業淨損減少1.5億元,及中鋼單月鋼品 銷量較前一個月大增13.5萬公噸,以致毛利增加等因素加持下,整體營運仍持續朝正面方 向邁進。 中鋼18日股價走揚,每股上漲0.10元,收在20.…",,,,
collision:2013,2013,中鋼構,M.1625648270.A.4E0,2021-07-07 16:57:50,新聞,code,sparse,False,3,[新聞] 鋼鐵股連兩天走跌 中鋼董事長翁朝棟信心,2,True,False,True,False,中鋼構,1035,"[代號] …鋼董事長翁朝棟出面信心喊話表示, 目前鋼鐵基本面都還很好,且鋼材需求都還在,請投資人「免驚」,要對鋼市有信心。 鋼鐵股約6月28日起連漲多日後,6日反轉下跌,且迄7日止,早上股市一開盤後,包括中 鋼(2002)、中鴻(2014)、中鋼構(【2013】)、美亞(2020)、燁輝(2023)、盛餘(2029)、新光鋼 (2031)、聚亨(2022)等股都呈現下跌局面。 對於鋼鐵股走跌,中鋼董事長翁朝棟受訪表示,股市震盪、股價下跌及資金進進出出,都 是很正常的現象,大家不必「害怕」。如果股…
[簡稱(name)] …對此,中鋼董事長翁朝棟出面信心喊話表示, 目前鋼鐵基本面都還很好,且鋼材需求都還在,請投資人「免驚」,要對鋼市有信心。 鋼鐵股約6月28日起連漲多日後,6日反轉下跌,且迄7日止,早上股市一開盤後,包括中 鋼(2002)、中鴻(2014)、【中鋼構】(2013)、美亞(2020)、燁輝(2023)、盛餘(2029)、新光鋼 (2031)、聚亨(2022)等股都呈現下跌局面。 對於鋼鐵股走跌,中鋼董事長翁朝棟受訪表示,股市震盪、股價下跌及資金進進出出,都 是很正常的現象,大家不必「害怕…",,,,
collision:2013,2013,中鋼構,M.1713353251.A.A1C,2024-04-17 19:27:31,新聞,name,sparse,False,1,Re: [新聞] 能源轉型失敗？彭博：台風電實施保護主義,1,False,False,True,False,中鋼構,2112,"[簡稱(name)] …/評論: : 風電設備有指定國產率 這也是為何我們的建設成本是歐盟的2倍 還有速度這麼緩慢的原因 : 若是放寬國產條件 廠商的建設速度能夠更快 : 也更容易達成台電的綠能容量指標 : 但若政府未來加快風電裝置的時程 放棄國產率 : 世紀鋼 【中鋼構】 大詠城等等靠風電起飛的股票就要小心 : ---- : Sent from BePTT on my iPhone 12 Pro 不意外啊 我以前早就說過了 民進黨就是什麼都想搞本土化 這也要國產、那也要國產,什麼東西都想國產 也不…",,,,
collision:2013,2013,中鋼構,M.1584606946.A.840,2020-03-19 16:35:46,新聞,name,sparse,False,2,[新聞] 中鋼轉型高值化 分析師：觀察下游廠是否,1,False,False,True,False,中鋼構,1099,"[簡稱(name)] …觀察重點。再者,台灣雖不如日本、南韓擁有大型用鋼產業,但如螺 絲螺帽廠等小型用鋼廠其實相當有競爭力,只要供應鏈腳步一致,產業轉型就相當有機會 。 除兩大方針,中鋼還預計將針對不具經營績效的子孫公司去蕪存菁,從海外子公司開始評 估,近年來如【中鋼構】昆山、中鋼生質煤、中機印度公司、新能生技、新能風電等均已結束 營運。至於新冠肺炎疫情擴散,使全球景氣急凍,是否將加速淘汰速度?中鋼表示,疫情 是短期的,但優化體質是下一個50年要做的事,影響有限。 此外,考量到疫情擴大衝擊鋼鐵供應鏈,作為…",,,,
collision:2013,2013,中鋼構,M.1586060132.A.B26,2020-04-05 12:15:32,新聞,name,sparse,False,3,[新聞] 鋼鐵龍頭中鋼股息不誘人　豐興配3元居冠,1,True,False,True,False,中鋼構,11262,"[簡稱(name)] …其它鋼鐵股仍有超過5%的配息。 投報率最高的是美亞配1.4元,殖利率超過9%;春雨配1.2元現金,殖利率也超過7%。豐興 鋼配3元現金業界最高、允強1.5元、東鋼配1.35元,現金殖利率都逾6%。 彰源配0.5元現金,殖利率也達5%以上。【中鋼構】配0.81元;大成鋼配1元,殖利率也有4%左 右的水準。(林巧雁/台北報導) 3.心得/評論:轉型賣綠豆椪就可以配比較多股息,可能要請股東在股東大會建言 中鋼轉型為糕餅公司 ┌───────┬─────────…",,,,
collision:2013,2013,中鋼構,M.1722497664.A.448,2024-08-01 15:34:24,情報,code,sparse,False,1,[情報] 2013 中鋼構 113年第二季合併財務報告,2,True,True,True,True,中鋼構,552,"[代號] …[情報] 【2013】 中鋼構 113年第二季合併財務報告 標題:本公司113年第二季合併財務報告業經董事會決議通過。 來源:臺灣證券交易所 網址:https://www.twse.com.tw/IIH2/zh/market/information.html…
[簡稱(name)] …[情報] 2013 【中鋼構】 113年第二季合併財務報告 標題:本公司113年第二季合併財務報告業經董事會決議通過。 來源:臺灣證券交易所 網址:https://www.twse.com.tw/IIH2/zh/market/information.html 內文…",,,,
collision:2013,2013,中鋼構,M.1733748155.A.FB6,2024-12-09 20:42:35,新聞,name,sparse,False,2,[新聞] 興達海基傳農曆年後熄燈 離岸風電百分百,2,False,False,True,False,中鋼構,1233,"[簡稱(name)] …。 對此,經濟部昨(8)日間接證實表示,興達海基目前沒有競爭力的接單方式的確要做調 整,中鋼(2002)將買下興達海基全部股權,配合中鋼業務做轉型。 當前,興達海基有四大股東,以中鋼為最大股東,持股占比約47%;國發基金約38%,另外 【中鋼構】、中鋼機械則分別持股約7.6%。 據了解,中鋼已與經濟部長郭智輝討論興達海基的安排。中鋼表示,因為興達海基是以興 達港為基地,興達港水太淺,現在已接不到大型風機的水下基礎,必須調整模式。 郭智輝也同意,興達海基目前沒有競爭力的接單方式必…
[簡稱(name)] …在思考下一步如何轉型,若能取得 經濟部同意,並且係配合國家重大政策,若有需要國發基金投資,須依程序提出審查。簡 言之,要先看經濟部政策優先性。 興達海基員工說,現在都沒有風電業務,大家沒事做,為創造邊際貢獻,只好隨便找些業 務打發時間,幫【中鋼構】做代工,而且上面說沒錢了,水下基礎不會再繼續下去。核心人士 指出,興達海基是政策指導下的產物,當初經濟部要求做水下基礎建設, 1;33;41[m「原本以為只有焊接而已,沒想到水這麼深」。 全案確實不如原先預期那麼順利,剛開始籌備中鋼曾提…",,,,
collision:2013,2013,中鋼構,M.1731946483.A.075,2024-11-19 00:14:43,請益,code,sparse,False,2,Re: [請益] 清流君：All in對了。他真的對了嗎？,1,True,False,False,False,,1463,"[代號] …一種情況~https://imgur.com/XzLcM07 第二種情況~ (1)試算過程截圖1~https://imgur.com/UiCJWN2 (2)試算過程截圖2~https://imgur.com/Lpq3psg (3)2004~【2013】買入賣出點位~https://imgur.com/vYhtJvw (4)2014~2023買入賣出點位~https://imgur.com/bVCglUN 試算結果說明~ 1.定期定額的資產終值接近1900萬,方法2的是接近1700萬 2…",,,,
collision:2013,2013,中鋼構,M.1663568593.A.F30,2022-09-19 14:23:13,新聞,name,sparse,False,2,[新聞] 台積電高雄廠鋼構案 傳敲定由中鋼構承包,3,False,False,True,True,中鋼構,478,"[簡稱(name)] …[新聞] 台積電高雄廠鋼構案 傳敲定由【中鋼構】承包 原文標題: 台積電高雄廠鋼構案 傳敲定由中鋼構承包 原文連結: https://ec.ltn.com.tw/article/breakingnews/4062814 發布時間: 2022/09/19 13:53 記者署名:…
[簡稱(name)] …[新聞] 台積電高雄廠鋼構案 傳敲定由中鋼構承包 原文標題: 台積電高雄廠鋼構案 傳敲定由【中鋼構】承包 原文連結: https://ec.ltn.com.tw/article/breakingnews/4062814 發布時間: 2022/09/19 13:53 記者署名: 洪友芳 原文內容: 晶圓代工大廠台積電(233…
[簡稱(name)] …芳 原文內容: 晶圓代工大廠台積電(2330)今重新申,高雄廠規劃不變,預計今年動土,沒有延遲的狀 況,現在已拿到相關執照可開始整地;半導體供應鏈廠商傳出,台積電高雄廠第一期的土 木基樁、建築規劃設計、鋼構等,皆已順利發包,其中,鋼構由【中鋼構】承包。台積電對於 相關發包傳聞則不評論。 台積電去年11月間正式宣布高雄投資設廠案,落腳中油煉油廠舊址,將動工興建7奈米廠 與28奈米的12吋廠,主要因應車用電子的客戶需求。台積電雖未透露高雄廠今年何時動工 ,但從宣布消息至今,皆指出高雄…",,,,
collision:2014,2014,中鴻,M.1649409715.A.02B,2022-04-08 17:21:55,情報,code,sparse,False,1,[情報] 2014中鴻 3月營收,4,True,True,True,True,中鴻,312,"[代號] …[情報] 【2014】中鴻 3月營收 1. 標題: 2014 中鴻 3月營收 2. 來源: 公開資訊觀測站 3. 網址: https://mops.twse.com.tw/mops/web/t146sb05 4. 內文: 本年迄今累計營收…
[代號] …[情報] 2014中鴻 3月營收 1. 標題: 【2014】 中鴻 3月營收 2. 來源: 公開資訊觀測站 3. 網址: https://mops.twse.com.tw/mops/web/t146sb05 4. 內文: 本年迄今累計營收 去年同期累計營收 累計營…
[簡稱(name_with_context)] …[情報] 2014【中鴻】 3月營收 1. 標題: 2014 中鴻 3月營收 2. 來源: 公開資訊觀測站 3. 網址: https://mops.twse.com.tw/mops/web/t146sb05 4. 內文: 本年迄今累計營收 去年…",,,,
collision:2014,2014,中鴻,M.1623741777.A.5AD,2021-06-15 15:22:57,請益,name_with_context,sparse,False,1,[請益] 中鴻還有戲嗎 還能起舞嗎？,2,False,False,True,True,中鴻,259,"[簡稱(name_with_context)] …[請益] 中鴻還有戲嗎 還能起舞嗎? https://i.imgur.com/S5XFhwG.jpg 【中鴻】6/1號買完之後 6/2進處置 一路下殺殺爆,當初原本要停損 想說等關出來再說,現在回彈了 我應該打平就出 還是鋼鐵股有機會再創高峰 目前都是利空消息居多 中美打壓鋼鐵 當初買進是因為站上均線想說可以慢慢往上爬 如今能平盤我…
[簡稱(name_with_context)] …是鋼鐵股有機會再創高峰 目前都是利空消息居多 中美打壓鋼鐵 當初買進是因為站上均線想說可以慢慢往上爬 如今能平盤我就很興奮了 前幾隻普城 跟 斬雞 都是盤到受不了賣出 就噴 這隻原本想丟了 結果往上噴 幸好有抱著 有人手上也有【中鴻】的在思考下一步嗎 ----- Sent from JPTT on my iPhone…",,,,
collision:2014,2014,中鴻,M.1617256801.A.90F,2021-04-01 14:00:01,閒聊,name_with_context,sparse,False,4,[閒聊] 2021/04/01 盤後閒聊,1,False,False,True,False,中鴻,313,[簡稱(name_with_context)] …39.19億 台指期 自營商 -688 投信 +158 外資 +1563 台指選 自營商 +3010 投信 外資 -445 漲停家數(+10%) 47 跌停家數(-10%) 2 成交量排行 期富邦VIX、長榮、群創、華邦電、【中鴻】 成交值排行 台積電、長榮、鴻海、敦泰、華邦電 --------------------------------- 多希望賠錢只是一句謊話 連假結束來撿便宜…,,,,
collision:2014,2014,中鴻,M.1642077201.A.1FE,2022-01-13 20:33:21,新聞,code,sparse,False,3,[新聞] 鎳價飆、鐵礦砂漲 鋼鐵人法人四理由看好,2,True,False,True,False,中鴻,1193,"[代號] …融股之外,鋼鐵股成為盤面 上的亮點,類股漲幅1.86%,第一銅(2009)、新鋼(2032)漲停作收,表現最強勢,中 鋼構(2013)收63.2元,漲幅6.75%,聚亨(2022)收漲5.62%,中鋼收在35.5元,漲幅 1.86%,中鴻(【2014】)收40元,漲幅4.03%。 「鋼鐵人」、「航海王」、「蜘蛛人」都曾在去年引領風騷,為投資人爭相追捧的三大族 群,包括鋼鐵股、貨櫃股、紡織股都有強勁的漲勢,但是,股價也在大漲後拉回整理,到 底鋼鐵股漲勢能否延續,法人的答案是偏向樂觀。…
[簡稱(name_with_context)] …有很多運用在汽車、飛機、電動車、皮卡等,鎳價上漲將牽動不鏽鋼族群, 他強調,鎳價上漲飆高的題材可能比鐵礦砂上漲來的更好,因此,以低位階加具題材的選 股原則來看,大成鋼(2027)、彰源(2030)、新鋼可以留意,另外,鐵礦砂上漲下,中 鋼、【中鴻】也值得關注,以中鋼來說,外資已搶先買進。 心得/評論: ※必需填寫滿20字 龍哥...不忍直視 如果停損了又噴要會員該如何是好…",,,,
collision:2014,2014,中鴻,M.1621928319.A.16E,2021-05-25 15:38:39,新聞,name_with_context,sparse,False,3,[新聞] 中鋼協：未來鋼價難以持續大幅上漲,1,False,False,True,False,中鴻,743,"[簡稱(name_with_context)] …價格可望在這波修正後逐步回穩。 心得/評論: ※必需填寫滿20字 今天在群組影片航海迷因影片看到科科笑 鋼鐵之前上漲雖然沒有航海這般暴力,不過中鋼從46摔下來 連10日均線都站不穩,【中鴻】也有氣無力的,最瘋狂的第一銅也悶悶的 「碳中和」這三個字還有機會讓鋼鐵飆風再起嗎?…",,,,
collision:2014,2014,中鴻,M.1615973016.A.AA2,2021-03-17 17:23:36,新聞,name_with_context,sparse,False,5,[新聞] 謝金河：台積電短期陷入盤整 鴻海將扮要,1,False,False,True,False,中鴻,1427,"[簡稱(name_with_context)] …此外,去年台積電、台達電、聯發科、聯電、鴻海等5檔股票貢獻台股指數約75%,但近期台達電從325回到284元,聯發科從千金股回到908,聯電則從59.4回到48元,這些回檔都很大。 但謝金河也認為,「今年這5檔股票仍將扮演關鍵角色」,其【中鴻】海為近期5檔股票唯一創新高,目前市場開始評價鴻海未來,過去郭董時代鴻海本益比約10倍,現任董事長劉揚偉則讓鴻海經營透明化,本益比提升到15倍左右,「如果下一步鴻海在MIH、電動車能有進一步發展,毛利率曾從3~4%提高到10%,鴻海可能複製台…",,,,
collision:2014,2014,中鴻,M.1632799731.A.753,2021-09-28 11:28:51,新聞,code,sparse,False,5,[新聞] 中鋼內銷價穩 鋼廠叫好,1,True,False,True,False,中鴻,810,"[代號] …內銷價穩 鋼廠叫好 原文連結:https://ctee.com.tw/news/stocks/522454.html 發布時間:工商時報 林憲祥 2021.09.27 原文內容:中鋼(2002)10月和第四季內銷盤價溫和上漲,且中鴻(【2014】)10月內銷盤價全面平盤, 預期可降低疫情和航運費高漲帶來的衝擊,將有利下游廠商接單。 業者表示,只要遞延需求能於11~12月順利釋出,可望共同迎接第四季旺季榮景,增添營 運能量。 中鋼10月內銷價除電磁鋼片每公噸小漲500元外,其它熱…",,,,
collision:2014,2014,中鴻,M.1616912007.A.18A,2021-03-28 14:13:27,新聞,name_with_context,sparse,False,8,[新聞] 別安心太早！美通膨陰影還是前菜，5月才,2,False,False,True,False,中鴻,2570,"[簡稱(name_with_context)] …非電子股的景氣循環股若太早下車,將錯失行情,看美國熱軋創每噸1,400美元歷史新高 ,今年來紐約熱軋期貨大漲25%,比CRB指數15%漲幅更大。若拜登政府5月前提出2兆美 元基礎建設法案送國會審查,美國熱軋恐又飆更兇。 國內最大熱軋廠【中鴻】年產能240萬噸,熱軋佔營收比重逾七成,國內市佔率24%,今年加 強出口,獲利成長空間大,大陸鋼鐵龍頭寶鋼今年股價大漲50%,台灣的鋼鐵龍頭中鋼才 漲4%。大陸熱軋指標華菱鋼鐵今年來股價大漲70%,上週公告近百次機構調研,而台灣 熱軋中鴻今…
[簡稱(name_with_context)] …廠中鴻年產能240萬噸,熱軋佔營收比重逾七成,國內市佔率24%,今年加 強出口,獲利成長空間大,大陸鋼鐵龍頭寶鋼今年股價大漲50%,台灣的鋼鐵龍頭中鋼才 漲4%。大陸熱軋指標華菱鋼鐵今年來股價大漲70%,上週公告近百次機構調研,而台灣 熱軋【中鴻】今年才漲17%。 去年大陸股票基金重壓科技股,績效輝煌,不少基金投報率逾100%,但牛年後科技股重 挫,使基金平均淨值下跌15%,遭致基金投資人抱怨,於是近二週大陸基金經理人頻繁調 研上市公司,企圖換股拉抬績效,而最密集調研不再是晶片、5…",,,,
collision:2014,2014,中鴻,M.1703839136.A.EA0,2023-12-29 16:38:56,心得,code,sparse,False,5,[心得] 2023小本金(百萬台幣內)投資總結,1,True,False,False,False,,633,"[代號] …[心得] 2023小本金(百萬台幣內)投資總結 ※ 引述《sdfsonic (S音)》之銘言: : 先貼今年對帳單 : https://imgur.com/hn7hSSW.jpg : 小弟是之前只有在金融海嘯買了中鋼(【2014】賣出)+兆豐金(2009賣出)的小菜雞。 : 然後一直到2020年,剛好遇到中國武漢肺炎,全世界市場重挫,本來想等跌更深在買, : 結果台灣快速反彈,就先後購入了兩股台化(跌深,公司體質好),在來則是看好航運買了 : 長榮航,想買買看ETF…",,,,
collision:2014,2014,中鴻,M.1625242933.A.113,2021-07-03 00:22:13,心得,name_with_context,sparse,False,3,Re: [心得] 被吐槽非常不爽,1,False,False,True,False,中鴻,970,"[簡稱(name_with_context)] …然後真的不要叫別人跟你單! : 拿我舉例好了 : 我親戚叫我5/11買中鴻 當時約60元 : 說內線說會到100多 : 這時候你會說他拿來自信? : 因為她買對一次陽明就真的以為自己股神 : 開始推薦別人買股票 : 然後疫情爆發... : 【中鴻】直接崩掉,直到最近一個多月才回來60 : 然後一個多月神隱不聯絡 : 漲回60多就又賴我,賣了嗎? : 就自信的說就跟你說了吧,穩的! : 耖你妹賠錢就神隱,最討厭這種人 : 自以為股神! : ※ 引述《shinewonder (格羅索 靈…",,,,
collision:2014,2014,中鴻,M.1602638948.A.BB5,2020-10-14 09:29:08,新聞,code,sparse,False,2,[新聞] 中鋼9月穩住獲利模式 榮面到明年,1,True,False,True,False,中鴻,677,"[代號] …向上走,最近鞍鋼11月平盤,雖然寶鋼熱軋底材每公噸小跌人民幣100元,主因在於 寶鋼前波漲幅大,加上開盤靈活,可月盤、可周盤或雙月盤,適度修正有利長遠發展。 楊岳崑表示,受到疫情影響,今年集團子公司財務狀況有待提升,鋼鐵事業體包括中鴻( 【2014】)、中龍都積極努力中,子公司中碳(1723)則因年初石油價格大跌、石化副產品進 到低迷期,中鋼運通也受到波羅的海指數大幅下修衝擊,整個集團子公司與去年相比都感 受到壓力。 3.心得/評論:中鋼董事長翁朝棟表示:…",,,,
collision:2014,2014,中鴻,M.1620365817.A.469,2021-05-07 13:36:57,其他,code,sparse,False,3,Re: [其他] 新世代基本面指標-AUOQQ,2,True,False,True,False,中鴻,694,"[代號] ….34 : 6488 環球晶 5.72 : 3008 大立光 3.67 (友達化股價為814) : 3037 欣興 3.48 : 2303 聯電 2.94 : 2492 華新科 2.61 : 3357 臺慶科 2.55 : 【2014】 中鴻 1.96 : 2353 宏碁 1.87 : 以上 來幫原 po 回顧一下 2851中再保漲停 2388威盛盤中觸及漲停 你現在股票該傳產電子一刀切? 還是要分成高檔超漲股與底部起漲股? 一買突破 二買拉…
[簡稱(name_with_context)] …6488 環球晶 5.72 : 3008 大立光 3.67 (友達化股價為814) : 3037 欣興 3.48 : 2303 聯電 2.94 : 2492 華新科 2.61 : 3357 臺慶科 2.55 : 2014 【中鴻】 1.96 : 2353 宏碁 1.87 : 以上 來幫原 po 回顧一下 2851中再保漲停 2388威盛盤中觸及漲停 你現在股票該傳產電子一刀切? 還是要分成高檔超漲股與底部起漲股? 一買突破 二買拉回 三…",,,,
collision:2014,2014,中鴻,M.1658740662.A.FD5,2022-07-25 17:17:42,新聞,name_with_context,sparse,False,2,[新聞] 中鋼股票 自家人搶買,1,False,False,True,False,中鴻,1023,"[簡稱(name_with_context)] …計持股占比達3.11%。 法人分析,中鋼持股信託持股占比最高曾經上達5%,但隨退休潮以及相關變因,比重或有 起伏,基本上都穩居第二大股東地位,凸顯中鋼人擁戴自家股票的能量,令人刮目相看。 心得/評論: 春燕哥翁董最近每天出來喊話 中鋼【中鴻】這波都彈了10%以上 明天要挾著這股氣勢挑戰填息了嗎?…",,,,
collision:2014,2014,中鴻,M.1639980024.A.F2C,2021-12-20 14:00:24,閒聊,name_with_context,sparse,False,4,[閒聊] 2021/12/20 盤後閒聊,1,False,False,True,False,中鴻,262,[簡稱(name_with_context)] …口 櫃買指 228.47 ▼ 1.98 (-0.86%) 826.56億 上市 漲停家數(+10%) 5 跌停家數(-10%) 1 上櫃 漲停家數(+10%) 21 跌停家數(-10%) 1 成交量排行:群創、華航、【中鴻】、開發金、友達 成交值排行:台積電、智原、長榮、萬海、宏達電 資料來源:TWSE 臺灣證券交易所、臺灣期貨交易所、奇摩股市…,,,,
collision:2014,2014,中鴻,M.1635228239.A.F75,2021-10-26 14:03:59,新聞,name_with_context,sparse,False,2,[新聞] 鋼價穩升 中鋼帶頭鋼鐵股逐步漲,1,False,False,True,False,中鴻,1081,"[簡稱(name_with_context)] …業者第四季營運亦佳。中鋼領軍,鋼鐵股逐步跟上台股多頭行情,股價逐步墊高。 中鋼11月內銷盤價,大致為連續第二個月為平盤;中鋼公司指出,隨著原料價格支撐鋼價, 且大陸供給受抑,預期第四季亞洲鋼價回穩向上,鋼市榮景可望延伸至明年。 中鋼、【中鴻】均表示,近期歐美製造業PMI多保持擴張,東協地區也因疫情趨緩,產業復工及雨 季結束,鋼市產銷逐步回溫,先前流竄在市場的越南、俄羅斯低價鋼材,目前報價也不再向 下。中國寶鋼、越南河靜等主要鋼廠相繼開出平盤,均顯示亞洲鋼市已回穩。 此外,雖航…",,,,
collision:2014,2014,中鴻,M.1621321951.A.914,2021-05-18 15:12:31,心得,name_with_context,sparse,False,1,Re: [心得] 讓我也分享一下喜悅吧,1,False,False,True,False,中鴻,384,"[簡稱(name_with_context)] …Re: [心得] 讓我也分享一下喜悅吧 ※ 引述《IloveLEXUS (凌志才是王道)》之銘言: : 昨天以前雖然表現得很鎮定 : 但其實心裡也抖到不行 : 即使信任價值投資法 但看到不分青紅皂白亂殺一通 : 昨天還是默默賣掉長榮 【中鴻】 : 但也好加在只出清1成持股,約莫200多萬 : 今天也就少賺10~20萬而已 : 隨著確診人數沒成指數型成長 : 之後會陸續彎腰撿鑽石 : 今天一開盤也默默撿了檔漢磊 : 也算稍稍彌補昨天賣股損失 : 接下來希望大家一起賺大錢 : 一張…",,,,
collision:2014,2014,中鴻,M.1620692725.A.FDA,2021-05-11 08:25:25,心得,name_with_context,sparse,False,6,[心得] 2021/11/6。友達上35,1,False,False,True,False,中鴻,1254,"[簡稱(name_with_context)] …作「強勢股拉回找買點」 這一招翻譯成白話文的意思就是 : 強勢股會一直漲,但中間會跌一下,你就趁它中間跌 一下的時候去買進 那重點來了,你還是要想辦法去判斷什麼是強勢股 我直接把名單給你,我之前臉書就有寫 : 長榮、陽明、友達、群創、中鋼、【中鴻】、台達 化、富邦金、國泰金。這9檔我認為會漲一整年 ↑上面這9檔,我都覺得拉回的話很適合買進 原因呢,我臉書之前有寫,你自己去翻吧 那要跌多少呢,一般我們會認為是20% 其實那9檔我覺得最難等的就是富邦金,富邦金現在70塊 如果富邦金跌20…",,,,
collision:2014,2014,中鴻,M.1583913843.A.4B2,2020-03-11 16:04:03,新聞,code,sparse,False,2,[新聞] 中鋼前2月營收501億，年減二成,2,True,False,True,False,中鴻,554,"[代號] …、年減4.23%,累計前2月合併營收501.64億元、年減20.74%。中鋼表示,大陸疫情趨緩 ,與提出振興經濟措施,預期市場需求動能將逐漸好轉。 對此,中鋼財務副總楊岳崑表示,2月合併營收較前一個月大增的主要原因,是中鋼、 中鴻 (【2014】) 及中龍鋼品單月銷量達到147.2萬公噸,較1月增加16.6萬公噸,至於營收 較去年同期減少,主要是整體鋼品銷量減少與價格偏低影響。 中鋼10日公告,2月合併營收260.61億元,月增8.12%,年減4.23%,累計前2月合併營 收為…
[簡稱(name_with_context)] ….12% 、年減4.23%,累計前2月合併營收501.64億元、年減20.74%。中鋼表示,大陸疫情趨緩 ,與提出振興經濟措施,預期市場需求動能將逐漸好轉。 對此,中鋼財務副總楊岳崑表示,2月合併營收較前一個月大增的主要原因,是中鋼、 【中鴻】 (2014) 及中龍鋼品單月銷量達到147.2萬公噸,較1月增加16.6萬公噸,至於營收 較去年同期減少,主要是整體鋼品銷量減少與價格偏低影響。 中鋼10日公告,2月合併營收260.61億元,月增8.12%,年減4.23%,累計前2月…",,,,
collision:2014,2014,中鴻,M.1584504315.A.819,2020-03-18 12:05:15,新聞,name_with_context,sparse,False,2,[新聞] 台股翻黑9500點得而復失 市場保守觀望,1,False,False,True,False,中鴻,274,"[簡稱(name_with_context)] …盤中翻黑回落9400點附近,9500點大關得而復失。法人表示,市場仍保守觀望,賣壓未結束,疑慮疫情不確定因素,台股短期內仍呈現跌深反彈整理格局。 儘管美股道瓊大漲逾千點,台股今天盤中呈現區間震盪走勢,指數一度走堅收復9500點大關,不過盤【中鴻】海翻黑,台積電力守平盤,大盤又回落至9400點附近。 心得: 今天能守住9500點嗎? 看來很拼 https://udn.com/news/story/7251/4423673…",,,,
collision:2340,2340,台亞,M.1657644992.A.3DB,2022-07-13 00:56:32,新聞,name_with_context,sparse,False,1,[新聞] 星寶國際涉炒股 身價上億董事長等5人移送,1,False,False,True,False,台亞,1065,"[簡稱(name_with_context)] …經營權易主,2017年5月更名為星寶國際公司,公司主要從事統合醫美診所醫藥之聯 合採購,以及開發與設計醫學美容保養品,提供經營管理服務,代理診所管理非醫療性事 務,並協助建置與導入經營診所流程。 今年4月,星寶國際召開董事會通過私募案,由【台亞】半導體的子公司合眾投資以每股43.52 元募資6800張,成為星寶的第2大股東。 調查局獲報,指上櫃公司星寶國際董事長兼總經理黃坤鍵疑因經營醫美業務不順,涉嫌 2018年間夥同董事陳啟民、曾祐銓等公司高層,提供籌碼並結合股市作手顧明仁及杜…",,,,
collision:2340,2340,台亞,M.1734605959.A.536,2024-12-19 18:59:19,情報,code,sparse,False,1,[情報] 2340 台亞 對子公司積亞半導體股份有限,3,True,True,True,True,台亞,1404,"[代號] …[情報] 【2340】 台亞 對子公司積亞半導體股份有限 標題:公告本公司對子公司積亞半導體股份有限公司持股累積 降低達百分之十以上 來源:MOPS 網址: https://mopsplus.twse.com.tw/mops/#/web/home 內文: 1…
[簡稱(name_with_context)] …[情報] 2340 【台亞】 對子公司積亞半導體股份有限 標題:公告本公司對子公司積亞半導體股份有限公司持股累積 降低達百分之十以上 來源:MOPS 網址: https://mopsplus.twse.com.tw/mops/#/web/home 內文: 1.重要…
[簡稱(name_with_context)] …之子公司或擬 10.獨立專家姓名及其就歷次價格合理性之意見: 岩信聯合會計師事務所吳宏一會計師,歷次價格應屬合理允當。 11.獨立專家姓名及其就降低持股或喪失控制力對上市公司股東權益影響之意見: 岩信聯合會計師事務所吳宏一會計師, 不影響【台亞】公司原有業務及於台灣證券交易所繼續上市買賣。 12.是否影響母公司繼續上市:否 13.審計委員會決議日期:113/12/19 14.審計委員會決議內容:同意通過。 15.董事會決議日期:113/12/19 16.董事會決議內容:同意通過。…",,,,
collision:2340,2340,台亞,M.1734418304.A.1CF,2024-12-17 14:51:44,新聞,code,sparse,False,2,[新聞] 台灣人均所得 又被韓國超車,1,True,False,False,False,,1167,"[代號] …(IMF)預測,2022年 台灣人均GDP可能首次超越日本及韓國,成為東亞第一,是全體國民努力的成果,要繼續 保持下去。 但是2023年,又被韓國扳回去。根據IMF數據,韓國2023年名目人均GDP為3萬3150美元, 勝過台灣同年的3萬【2340】美元。 不過,這和雙邊匯率有關,據我方經濟部數據,2022年平均匯率為1美元兌29.81台幣, 2023年則為31.16台幣,貶值4.5%;韓元平均匯率則從2022年1美元兌1291韓元至2023年 的1305韓元,貶值幅度較台幣為小,僅…",,,,
collision:2340,2340,台亞,M.1689053169.A.577,2023-07-11 13:26:09,標的,name_with_context,sparse,False,2,[標的] 8927北基綠能政策多,1,False,False,True,False,台亞,986,"[簡稱(name_with_context)] …jpg https://i.imgur.com/htNPtm5.jpg https://i.imgur.com/mfj4v9U.jpg 十大股東之一的乖乖也被董事長鍾嘉村買下 https://i.imgur.com/amy1hFb.jpg 【台亞】石油也在五年前入股北基 https://i.imgur.com/touxVk4.jpg 十大股東之一的張榮華是現任三立董事長(創辦人林昆海也是在地高雄人),地緣關係匪淺 。 基本面:三地能源為北基子公司,主要發展方向為地面型太陽能、漁電型太…",,,,
collision:2340,2340,台亞,M.1612403438.A.039,2021-02-04 09:50:38,標的,code,sparse,False,1,[標的] 2340 光磊 多,2,True,True,False,False,,498,"[代號] …[標的] 【2340】 光磊 多 ------------------------------------------------------------------------- 1.發文前請先詳閱[標的]分類發文規範,未依規範發文將受處份。 2.發標的文未充…
[代號] …場機制若非長期投資,請輸入停損價,否則依板規1-1-6處份 4.若為長期投資,但無充份分析理由,將依板規1-1-5處份 4.請依格式輸入內容,未依格式者板規1-1-2砍文處份。 5.分類選填請益或心得者,進退場機制得刪去。 1. 標的:【2340】 光磊 2. 分類:多 3. 分析/正文: 1.技術面:均線糾結,全線上彎。 從2018至今2021年,三年箱型整理區間(18-30),目前價格可以說是相對穩健,進可攻 退可守。 2.籌碼面:外資全線回買。 3.消息面:感測元件、…",,,,
collision:2340,2340,台亞,M.1597214988.A.1EC,2020-08-12 14:49:48,新聞,code,sparse,False,1,[新聞] 傳裁員逾百人 光磊：內部正在調整組織規,1,True,False,False,False,,384,"[代號] …1.原文連結:https://money.udn.com/money/story/5612/4773391 ※過長無法點擊者必須縮網址 2.原文內容:2020-08-11 16:11經濟日報 記者李孟珊/即時報導 老字號LED公司光磊(【2340】)近期傳出將裁員上百名員工,公司證實,近期內部在進行組 織規劃的調整,以及人力上的精簡計畫。 光磊日前公告第2季財報為4390萬元,和今年首季1.22億元相比,季減63.88%、年減 70.09%,每股純益0.12元,為2013第1季以來…",,,,
collision:2340,2340,台亞,M.1606198212.A.829,2020-11-24 14:10:12,標的,code,sparse,False,3,[標的]  立委概念股,1,True,False,False,False,,251,"[代號] …[標的] 立委概念股 1. 標的: 台積電 2330 群創 3481 友達 2409 瑞軒 2489 光磊 【2340】 凌巨 8105 穩懋(ㄇㄠˋ)3105 欣興 3037 2. 分類:多 3. 分析/正文: 新聞報導,某立委申報資產中的持有股票 ,之前韓導申報有中天(便宜的中天) 當時有跟著買的應該都賺不少,立委的消息面應該不錯,至少…",,,,
collision:2340,2340,台亞,M.1609906693.A.FC6,2021-01-06 12:18:13,標的,code,sparse,False,1,Re: [標的] 2340 光磊,1,True,True,False,False,,664,[代號] …Re: [標的] 【2340】 光磊 ※ 引述《leowang1027 (無)》之銘言: : ------------------------------------------------------------------------- : 1.發文前請先詳閱[標的…,,,,
collision:2340,2340,台亞,M.1689593969.A.8CB,2023-07-17 19:39:29,標的,code,sparse,False,1,[標的] 台亞 2340 華孚2.0之轉型飆股多多多,4,True,True,True,True,台亞,400,"[代號] …[標的] 台亞 【2340】 華孚2.0之轉型飆股多多多 [標的] 台亞 2340 華孚2.0之轉型飆股多多多 1. 標的:2340 2. 分類:多多多 3. 分析/正文: 這一支股票明顯脫離led股 已經變飆股的形態學^^ 營收不需要去管 因為飆股本身就是…
[代號] …[標的] 台亞 2340 華孚2.0之轉型飆股多多多 [標的] 台亞 【2340】 華孚2.0之轉型飆股多多多 1. 標的:2340 2. 分類:多多多 3. 分析/正文: 這一支股票明顯脫離led股 已經變飆股的形態學^^ 營收不需要去管 因為飆股本身就是轉型才飆 剛剛起漲,飆股=未來倍數股價 大飆股…
[代號] …[標的] 台亞 2340 華孚2.0之轉型飆股多多多 [標的] 台亞 2340 華孚2.0之轉型飆股多多多 1. 標的:【2340】 2. 分類:多多多 3. 分析/正文: 這一支股票明顯脫離led股 已經變飆股的形態學^^ 營收不需要去管 因為飆股本身就是轉型才飆 剛剛起漲,飆股=未來倍數股價 大飆股 好好把握~~拉回靠近上升趨勢線時候 底部一直墊高 很…",,,,
collision:2340,2340,台亞,M.1615341532.A.3F3,2021-03-10 09:58:52,標的,code,sparse,False,1,[標的] 2340 光磊 ptt韭菜已停損多,2,True,True,False,False,,130,"[代號] …[標的] 【2340】 光磊 ptt韭菜已停損多 1. 標的: 2340 光磊 2. 分類:多 3. 分析/正文: 前陣子一堆散戶跟著表哥 回頭看那篇文章許多咒罵聲 看得出來已經受不了跌幅乖乖停損了 這兩天股價回穩甚至翻紅 準備往上噴 4. 進退…
[代號] …[標的] 2340 光磊 ptt韭菜已停損多 1. 標的: 【2340】 光磊 2. 分類:多 3. 分析/正文: 前陣子一堆散戶跟著表哥 回頭看那篇文章許多咒罵聲 看得出來已經受不了跌幅乖乖停損了 這兩天股價回穩甚至翻紅 準備往上噴 4. 進退場機制: 25.5以下皆為買點 23.5停損…",,,,
collision:2340,2340,台亞,M.1637305182.A.81F,2021-11-19 14:59:42,標的,code,sparse,False,1,Re: [標的] 2340.TW光磊  站穩台灣立足全亞洲多,1,True,True,False,False,,84,"[代號] …Re: [標的] 【2340】.TW光磊 站穩台灣立足全亞洲多 剛剛太開心了,低調一點好了~ 光磊今天直接衝破前高,前面萬里無雲,先看87再上100! 宏達電慢慢洗,已經準備要上去了,收五日妥妥的! 現在多頭行情,希望大家都能賺錢!…",,,,
collision:2340,2340,台亞,M.1640221945.A.C86,2021-12-23 09:12:25,新聞,name_with_context,sparse,False,1,[新聞] 第三代半導體 台亞黃金陣容成形,4,False,False,True,True,台亞,1097,"[簡稱(name_with_context)] …傳,積亞將以切入磊晶製程為進軍第三代半 導體的起點,並會執行擴廠計畫;日亞化雖透過台亞間接投資積亞,然而業界分析,50億 元投入磊晶已綽綽有餘,日亞化的技術更是有目共睹的票房保證,看好日亞、台亞、積亞 的混血組合是國際間少見的黃金陣容。 【台亞】半導體發言人戴菁甫表示,台亞在化合物半導體領域之產品早已經完成驗證並且出貨 ,此部分的營收占台亞整體營收比例尚未體現,但隨著市場的成熟與需求快速成長,台亞 將透過轉投資成立的積亞半導體宣告正式切入第三代半導體的研發與製造,惟具體將進行 開發…
[簡稱(name_with_context)] …軍第三代半 導體的起點,並會執行擴廠計畫;日亞化雖透過台亞間接投資積亞,然而業界分析,50億 元投入磊晶已綽綽有餘,日亞化的技術更是有目共睹的票房保證,看好日亞、台亞、積亞 的混血組合是國際間少見的黃金陣容。 台亞半導體發言人戴菁甫表示,【台亞】在化合物半導體領域之產品早已經完成驗證並且出貨 ,此部分的營收占台亞整體營收比例尚未體現,但隨著市場的成熟與需求快速成長,台亞 將透過轉投資成立的積亞半導體宣告正式切入第三代半導體的研發與製造,惟具體將進行 開發與製造何類產品,此部分涉及特…
[簡稱(name_with_context)] …亞,然而業界分析,50億 元投入磊晶已綽綽有餘,日亞化的技術更是有目共睹的票房保證,看好日亞、台亞、積亞 的混血組合是國際間少見的黃金陣容。 台亞半導體發言人戴菁甫表示,台亞在化合物半導體領域之產品早已經完成驗證並且出貨 ,此部分的營收占【台亞】整體營收比例尚未體現,但隨著市場的成熟與需求快速成長,台亞 將透過轉投資成立的積亞半導體宣告正式切入第三代半導體的研發與製造,惟具體將進行 開發與製造何類產品,此部分涉及特定的技術產品布局,屬於公司機密目前仍無法多作說 明。 日亞化集團在…",,,,
collision:2340,2340,台亞,M.1636984166.A.E51,2021-11-15 21:49:26,標的,code,sparse,False,1,[標的] 2340.TW 光磊 多,2,True,True,False,False,,651,"[代號] …[標的] 【2340】.TW 光磊 多 ------------------------------------------------------------------------- 1.發標的文未充實內文,多空理由不充實者,板規1-1-5或4-4處份 2.…
[代號] …投資,請輸入停損價,否則依板規1-1-6處份 3.請依格式輸入內容,未依格式者板規1-1-2砍文處份。 標題請使用以下格式:股號.市場碼+股名+分類 (市場碼:TW US HK CN JP KR...) 1. 標的: 【2340】.TW 光磊 2. 分類:多 3. 分析/正文: 之前30-35玩過一趟,上一波起飆沒跟到 基本面沒有很亮眼就不講了 會買這支單純只看技術面線型看能不能賺個幾k 前波高點50萬下跌後量縮,通常接近上升月線會再有一波漲勢,但今天就給了一根…",,,,
collision:2427,2427,三商電,M.1651588951.A.624,2022-05-03 22:42:31,新聞,name,sparse,False,1,[新聞] 連踩二大地雷三商人壽董座副董閃辭內幕,1,False,False,True,False,三商電,4311,"[簡稱(name)] …、餐飲、金融、資訊、休閒等產業,知名品牌三商巧福、拿坡里披薩、全家福鞋店、美廉 社都是旗下企業。 二代當舵手 曾賺二十億 三商投控前董事長陳河東在2004年因腦溢血驟逝,4個兒子陸續進入集團,長子陳翔立掌 管母公司三商投控,次子陳翔中負責【三商電】腦,老三陳翔玠掌控三商美邦人壽,老么陳翔 玢則掌握三商家購、三商餐飲等。 今年51歲的陳翔玠,是陳河東4個兒子中唯一學金融的,他赴美求學時,念紐約大學史登 商學院,畢業後,曾待過高盛香港資產管理,他和弟弟陳翔玢是雙胞胎,陳家友人說:「 陳…",,,,
collision:2427,2427,三商電,M.1705509012.A.32B,2024-01-18 00:30:12,新聞,name,sparse,False,13,[新聞] AI還有戲！2023年最強台股ETF換這些股,1,False,False,True,False,三商電,1447,[簡稱(name)] …策、海華、神達、南寶、臻鼎-KY、建國、華興、詮欣、力成 、啟碁、矽力*-KY、伊雲谷、芯鼎、威鋒電子、視陽、來頡、台虹、瀚荃。 成分股刪除:昭輝、力山、堤維西、耿鼎、中砂、倉佑、合機、美亞、宇隆、百達-KY、 全友、華通、楠梓電、輔信、【三商電】、一詮、愛山林、新興、中航、旺旺保、聯陽、偉訓 、力特、聯鈞、瑞鼎、碩天、定穎投控、材料-KY、眾達-KY、科嘉-KY、虹堡、鈞寶、佳 必琪、同欣電、光聖、鈺邦、穎崴、愛普*、鼎基、矽創、南電、致新、至上、世紀鋼。 至於FT臺灣SMART…,,,,
collision:2427,2427,三商電,M.1678014145.A.A8B,2023-03-05 19:02:25,請益,name,sparse,False,3,[請益] 電腦系統整合商概念股有哪些?,1,False,False,True,False,三商電,685,"[簡稱(name)] …換 現每年都要升級修補報價,光舊客戶都做不完了,所以公司都賺飽飽 然後新鮮的肝也很便宜,所以業績增..營業費用還降 所以我有挖出幾張股票 1.中菲 2.邁達特 3.敦陽科 4.精誠 前兩張我有佈局現在很爽,敦陽科一飛衝天不回頭 5.【三商電】好像過往配息紀錄不太好沒買 所以想請問資訊整合產業還有哪些標的? 這產業未來是一片光明,新客戶照接, 舊客戶每年要簽維護合約跟升級,會產生像股息一樣累積複利效果 因為是小眾產業,還沒被主力注意到 想要開始提前佈局,想請問還有哪些資訊整合…",,,,
collision:2427,2427,三商電,M.1731596125.A.FA3,2024-11-14 22:55:25,情報,name,sparse,False,2,[情報] 2905三商 Q3:-0.94 三商壽現增認購事宜,1,False,False,True,False,三商電,2584,"[簡稱(name)] …約129,597仟元,持股比例為0.23%,權利受限情形:無。 (4)子公司三商美福室內裝修(股)公司累積持有本交易證券(含本次交易)計11,795仟股, 投資金額約143,635仟元,持股比例為0.21%,權利受限情形:無。 (5)子公司【三商電】腦(股)公司累積持有本交易證券(含本次交易)計14,100仟股, 投資金額約101,667仟元,持股比例為0.25%,權利受限情形:無。 (6)子公司三商行(股)公司累積持有本交易證券(含本次交易) 計約86,601仟股, 投資金額約561…",,,,
collision:2427,2427,三商電,M.1687760519.A.DE9,2023-06-26 14:21:59,新聞,name,sparse,False,12,"[新聞] 台股重挫143點收17,059點 台積電跌7元",1,False,False,True,False,三商電,907,"[簡稱(name)] …下,盤勢整理時間將拉長。 今日盤面維持十千金,逆勢抗跌的有:信驊、世芯-KY。 高於500元以上的高價股中,逆勢抗跌的有:保瑞、鈊象、川湖、東哥遊艇。 今日成交量大的強勢股:長榮航、鴻海、大同、中環、廣運、台亞、神達、華紙、永豐餘 、【三商電】。 今日成交量大卻走跌者:群創、緯創、聯電、華邦電、友達、廣達、英業達、元太、康舒 、華新。 今日成交金額大且走高者:鴻海、長榮航、世芯-KY、大同、廣運、智原、台亞、川湖、 緯穎、神達。 今日成交金額大卻走勢疲軟者:台積電、緯創、元…",,,,
collision:2427,2427,三商電,M.1670570212.A.476,2022-12-09 15:16:52,新聞,name,sparse,False,1,[新聞] 悠遊卡公司拚上興櫃　最快下月登錄,1,False,False,True,False,三商電,1388,"[簡稱(name)] …立於2000年3月,為悠遊卡投資控股公司百分之 百持股的子公司,資本額7億元,其中悠遊卡投控公司主要股東為台北市政府、台北大眾 捷運公司、12家台北地區公車業者、國泰世華銀行、台新銀行、中國信託銀行、台北富邦 銀行、玉山銀行、神通電腦公司、【三商電】腦公司、財團法人中華顧問工程司、三門科技等 業者,公股比例約佔39.27%。 悠遊卡公司目前有21席董事、5席獨立董事,也已成立審計委員會,後續是否會有釋股或 董事席次的調整,留待下一任市府決定。 走出疫情低潮 悠遊卡邱昱凱笑稱「賺錢治…",,,,
collision:2603,2603,長榮,M.1645624200.A.539,2022-02-23 21:50:00,新聞,code,dense,False,3,[新聞] 貨櫃三雄要回航了？陽明、萬海遇小亂流,1,True,False,False,False,,1326,"[代號] …hoto/2022-02-23/1024/20220223900381.jpg 分析師指出,貨櫃三雄目前仍是多方趨勢,若所有均線都跌破才需要擔心。(示意圖/ Shutterstock) 更新時間:2022/2/23 16:09 長榮(【2603】)、陽明(2609)與萬海(2615)在昨(22)日大跌回檔,許多水手擔心是不 是又要回航了,對此,有分析師認為目前看來還是多方趨勢,且投信和它們的連動性高, 只要沒有大賣,就不用太過緊張;除了貨櫃三雄外,他也談到航空雙雄,並透露近期長榮…",,,,
collision:2603,2603,長榮,M.1714556452.A.6B5,2024-05-01 17:40:52,新聞,code,dense,False,2,[新聞] 萬海開第一槍！5月運價北美線率先喊漲,1,True,False,True,False,長榮海運,833,"[代號] …容:亞洲到北美線的現貨市場價格5月出現詭譎情況,大部分的航商對於5月GRI要加 收多少都猶豫不決,萬海(2615)開第一槍,北美線率先喊漲,美西漲15%、美東漲11%,也 代表沒有簽約的客戶,5月想找便宜的艙位上船已經非常難。 長榮海運(【2603】)、陽明海運(2609)都不諱言的指出,今年全球船舶的供、需關係對船公 司不利,船舶數目變化只是影響市場供、需變化其中一個因素,這也是為什麼紅海事件會直 接影響到船舶的供給,再加上巴拿馬運河限量過河,已經將目前船舶供給增加的缺口吃掉了 。…",,,,
collision:2603,2603,長榮,M.1714794610.A.E9C,2024-05-04 11:50:10,新聞,code,dense,False,1,[新聞] 航海王鬆一口氣？馬士基上調2024展望,2,True,False,True,False,長榮海運,1039,"[代號] …No.5 德國赫伯羅德 -6.2% 財報 5/15 No.6 日本ONE -7.4% 5.8% (+13.2%) No.7 長榮海運 7.0% ? 沒意外下一間公布財報的就 【2603】 了。…
[簡稱(name_with_context)] …) No.4 中國遠洋(Ocean) 3.5% 18.0% (+14.5%) No.5 德國赫伯羅德 -6.2% 財報 5/15 No.6 日本ONE -7.4% 5.8% (+13.2%) No.7 【長榮海運】 7.0% ? 沒意外下一間公布財報的就 2603 了。…",,,,
collision:2603,2603,長榮,M.1727314857.A.F94,2024-09-26 09:40:57,新聞,code,dense,False,1,[新聞] 航海ETF「昨瘋漲今拉回」！00960早盤跌逾,1,True,False,False,False,,1110,"[代號] …金投入,應考量自身的財力適度配置及風險承受度,評估是否投資及選擇合適的投資標的 ,且通常需要長期持有才能發揮投資效益。 至於航運後續展望,美國國際碼頭工人協會(ILA)表示,勞方罷工已迫在眉睫,航運市 場預期後續運價有望回升,加上長榮(【2603】)法說釋出第三季營運狀況有機會優於第二季 ,2025年長約價量則持正面樂觀的立場,使「貨櫃三雄」多方買盤搶進湧現,可觀察到航 運市場的整體趨勢及景氣上升,第四季航運旺季來臨,大型航商已開始上修財測,預期高 運費會延續到2025年。 野村投…",,,,
collision:2603,2603,長榮,M.1685342662.A.033,2023-05-29 14:44:22,新聞,name_with_context,dense,False,1,[新聞] 長榮航籌碼集中 經營權穩固,2,False,False,True,False,長榮海運,932,"[簡稱(name_with_context)] …權比重約8.9%。 長榮航空上周三(24日)股東會後順利完成董事改選,九席董事中,共六席普通董事、三 席獨立董事,均按先前提名名單當選,長榮大房老三張國政人馬順利進駐並掌握三席,唯 仍由大哥張國華握過半席次。 長榮航董事會新任董事名單為【長榮海運】代表人林寶水、長榮海運代表人戴錦銓、孫嘉明、 長榮國際代表人張明煜、聖世公司代表人吳景明、聖世公司代表人朱文慧,公益性獨立董 事簡又新,另兩名獨立事為許順雄、吳宗寶。至於老二張國明及老四張國煒都沒有人進入 董事會。 去年,長榮集團兄弟經營…
[簡稱(name_with_context)] …長榮航空上周三(24日)股東會後順利完成董事改選,九席董事中,共六席普通董事、三 席獨立董事,均按先前提名名單當選,長榮大房老三張國政人馬順利進駐並掌握三席,唯 仍由大哥張國華握過半席次。 長榮航董事會新任董事名單為長榮海運代表人林寶水、【長榮海運】代表人戴錦銓、孫嘉明、 長榮國際代表人張明煜、聖世公司代表人吳景明、聖世公司代表人朱文慧,公益性獨立董 事簡又新,另兩名獨立事為許順雄、吳宗寶。至於老二張國明及老四張國煒都沒有人進入 董事會。 去年,長榮集團兄弟經營權之爭,隨著這次長榮航…",,,,
collision:2603,2603,長榮,M.1673351635.A.DD7,2023-01-10 19:53:55,新聞,code,dense,False,1,[新聞] 長榮2022年營收衝破6千億 寫新高,1,True,False,False,False,,622,"[代號] …題:長榮2022年營收衝破6千億 寫新高 原文連結:https://ctee.com.tw/news/industry/790005.html 發布時間:2023.01.10 記者署名:工商時報 王淑以 原文內容: 貨櫃航運長榮(【2603】)2022年12月合併營收為291.44億元,跌破300億元,月減19.25%, 年減44.2%,營運呈現雙減,主因歐美零售業者庫存持續去化,使得需求疲弱,在減班、 運價走低的影響,長榮12月單月跌破300億元。 長榮2022年合併營收6…",,,,
collision:2603,2603,長榮,M.1610348498.A.345,2021-01-11 15:01:38,標的,code,dense,False,1,[標的] 2603長榮 做多但看空,2,True,True,False,False,,194,"[代號] …[標的] 【2603】長榮 做多但看空 1. 標的: 2603 長榮 2. 分類:空 3. 分析/正文: 以技術線來看 飆股回檔後在10日線撐住 今天再繼續往上走 可以稍微放心的做多 以基本面來看 運費繼續漲破天際 缺櫃問題短期還無法解決 營收爆炸多…
[代號] …[標的] 2603長榮 做多但看空 1. 標的: 【2603】 長榮 2. 分類:空 3. 分析/正文: 以技術線來看 飆股回檔後在10日線撐住 今天再繼續往上走 可以稍微放心的做多 以基本面來看 運費繼續漲破天際 缺櫃問題短期還無法解決 營收爆炸多 一個要繼續噴的感覺 但我今天進場了,所以…",,,,
collision:2603,2603,長榮,M.1716994240.A.966,2024-05-29 22:50:40,情報,code,dense,False,1,[情報] 2603長榮 配息基準日及現金股利發放日,2,True,True,False,False,,748,"[代號] …[情報] 【2603】長榮 配息基準日及現金股利發放日 標題: 2603長榮 公告本公司訂定配息基準日及現金股利發放日 來源: 公開資訊觀測站 網址: https://mops.twse.com.tw/mops/web/t05sr01_1 內文:…
[代號] …[情報] 2603長榮 配息基準日及現金股利發放日 標題: 【2603】長榮 公告本公司訂定配息基準日及現金股利發放日 來源: 公開資訊觀測站 網址: https://mops.twse.com.tw/mops/web/t05sr01_1 內文: 1.董事會、股東會決議或公司決定日期:113/05/…",,,,
collision:2603,2603,長榮,M.1717294773.A.E1C,2024-06-02 10:19:33,新聞,code,dense,False,2,[新聞] 兩大利多訊號來了 本周航海王有戲？,1,True,False,False,False,,1227,"[代號] …線僅日本關東線運價小幅下跌,其餘12條全數上漲;此外,世界第二大貨櫃港口新加坡港已成為新的壅塞焦點,積壓的貨櫃數量達到驚人的45萬個標準箱,遠超新冠疫情爆發時期的高點;SCFI大漲、加上新加坡港口大擁堵,本周貨櫃三雄陽明(2609)、長榮(【2603】)、萬海(2615)股價走勢恐成為市場關注焦點。 5月31日最新公布的SCFI綜合指數報3,044.77點,較前一周上漲12.63%,近一個月累計漲幅57%。該指數自2009年發布以來,SCFI指數向上突破3,000點的情況僅在2021年…",,,,
collision:2603,2603,長榮,M.1716555317.A.78C,2024-05-24 20:55:17,新聞,code,dense,False,2,[新聞] 長榮國際持續處分長榮航 今日公告再賣5萬,1,True,False,False,False,,859,"[代號] …單內。市場人士指出,原持有長榮航股權1.72%、排名第7大股東的張國政,在 大舉出售長榮航股票後,已未列在長榮航前十大股東,意味長榮集團海空分治恐落空。 截至今年3月底,長榮國際持有長榮航股權達9.86%,名列第一大股東,其次為長榮海( 【2603】)的7.43%、張國煒擁有的華光投資持股4.92%、長榮鋼鐵(2211)3.63%、張榮發( 已歿)2.44%、挪威主權基金1.44%、新制勞退基金1.4%、榮運(2607)0.75%、先進總合 國際股票指數基金0.66%、梵加德新興市場股…",,,,
collision:2603,2603,長榮,M.1625270821.A.E0B,2021-07-03 08:07:01,新聞,code,dense,False,2,[新聞] 16字箴言助攻 台驊股價衝上307元,1,True,False,False,False,,748,"[代號] …決議,以自有現金、不超過10億元額度內,參與 認購陽明(2609)今年度現金增資後,股價展開強勢攻勢,短短3個交易日,漲幅高達29. 5%,昨日股價攻破300元關卡,緊追航運股王萬海(2615)的326.5元,更遠遠將206.5元 的長榮(【2603】)、191元的陽明拋在後面。 法人指出,海空攬貨業者台驊的海運業務比重高,約佔營收65%,在貨櫃運價大漲帶動, 此波受惠最大;另外,中國鹽田港塞港,不少貨物改採中歐鐵路運送,台驊業務量也大增 ,加上投資陽明、長榮股票,無論本業、業外的獲利…",,,,
collision:2603,2603,長榮,M.1620960126.A.060,2021-05-14 10:42:06,請益,code,dense,False,3,Re: [請益] 現在航運是不是跟2018被動很像?,1,True,False,False,False,,636,"[代號] …拉5%拉到1310 : 之後前妻賣股 從1310跌到當年10月底290附近 : Q3國巨EPS 35 累積EPS 70 : 但是Q4只有可憐的EPS 10 全年80 : 隔年更慘,只剩下16.... : 這次航運遇上景氣循環 : 加上上週五【2603】.TW公布Q1高達7.04 : 整個版面也充斥著全面樂觀看多 : 以及算今年EPS跟合理股價 : 所以這次航運跟當年被動有什麼不一樣嗎? --…",,,,
collision:2603,2603,長榮,M.1660216233.A.2D9,2022-08-11 19:10:33,新聞,code,dense,False,2,[新聞] 貨櫃三雄H1好狂！　長榮穩居獲利王,1,True,False,False,False,,640,"[代號] …穩居航海獲利王;陽明上半年每股賺33.25元,排名第二;萬海EPS則為25.21元。 陽明(2609)今日公告H1財報,營收為2161.5億元,年增59.5%;稅後純益為1161.1億元 ,年增96.6%;EPS為33.25元。 長榮(【2603】)H1合併營收為3458.24億元,年增82%;累計毛利率近7成;稅後盈餘為 2036.53億元,年增161%;EPS為38.49元。 萬海(2615)H1合併營收為1556.29億元,年增79.64%;毛利率逾6成;稅後純益為 707.…",,,,
collision:2603,2603,長榮,M.1628516096.A.113,2021-08-09 21:34:56,情報,code,dense,False,1,Re: [情報] 2603 長榮7月營收458億,1,True,True,False,False,,341,"[代號] …Re: [情報] 【2603】 長榮7月營收458億 ※ 引述《YAYA6655 (YAYA)》之銘言: : 今年 EPS 38, 明年EPS 39 : 有沒有可能都已經反應到前波股價230的高點了? : 如果已反應,那麼明天股價就不會有激情 : 如果沒反應,明天股價應…",,,,
collision:2603,2603,長榮,M.1628511055.A.8D5,2021-08-09 20:10:55,情報,code,dense,False,1,Re: [情報] 2603 長榮7月營收458億,1,True,True,False,False,,233,"[代號] …Re: [情報] 【2603】 長榮7月營收458億 說個笑話 上面很多冤魂 其實只要旅行團大喊長榮買到300 不到300不死不休 Ptt法人一起做多, 講真的啦 當初買航運的人 心中想著絕對不是被套牢啦 你股票買來等解套的? 大家都想靠航運 買房 所以當…",,,,
collision:2603,2603,長榮,M.1681434448.A.409,2023-04-14 09:07:28,標的,code,dense,False,1,Re: [標的] 長榮2603 罷工結束 在空一輪..,2,True,True,False,False,,313,"[代號] …Re: [標的] 長榮【2603】 罷工結束 在空一輪.. ※ 引述《YU1225 (jacky元)》之銘言: : 1. 標的: 長榮2603 : 2. 分類:空 : 3. 分析/正文:#1a4dmDaK 上篇公開發文爆量空在163 公開空單獲利入袋 : 上週六日 罷工結…
[代號] …Re: [標的] 長榮2603 罷工結束 在空一輪.. ※ 引述《YU1225 (jacky元)》之銘言: : 1. 標的: 長榮【2603】 : 2. 分類:空 : 3. 分析/正文:#1a4dmDaK 上篇公開發文爆量空在163 公開空單獲利入袋 : 上週六日 罷工結束 : 在看週五買超前籌碼(美林+摩根大通+新加坡商瑞銀) 我想..應該不會有人會認為翻 多 : 了吧…",,,,
collision:2603,2603,長榮,M.1619839416.A.103,2021-05-01 11:23:36,心得,code,dense,False,2,Re: [心得] 43年沒人成立大型貨櫃航運商，這就是壟斷,3,True,False,False,False,,685,"[代號] …Re: [心得] 43年沒人成立大型貨櫃航運商,這就是壟斷 不是因為進入太困難 是因為這個產業廢啊 小弟朋友08年入【2603】 2609 2615都有 當時剛好正逢海運豐收時期 電視上都在報什麼幾十個月幾十個月的年終 然後... 然後就沒有了.... 京奧後需求減少+金融海嘯航運崩潰 一進去就開始悽慘10年 有多悽慘 2609去上班就是滑手機 每天大家164…
[代號] …每天大家1645收包包 1700準時搶電梯 號稱陽明養老院 年輕人一進去就等退休 除了有穩定薪水可拿幾乎沒有任何前景 不要期望會加薪升值 薪水都是奈米加 然後高階職位沒變多還一直砍 外派缺越來越少 一直有傳言公司會改組 會怎樣怎樣的 【2603】永遠都很忙很操 綠色果然是國軍的顏色 整天窮忙瞎事一堆完全一個樣 年終從10個月>1.2個月>不足一個月 公司甚至開始虧損 然後公司一直放風聲說可能要裁員(2603長久以來除非出大包不然不裁員) 去年這個時期甚至已經有不少人開始在想辦法另謀…
[代號] …階職位沒變多還一直砍 外派缺越來越少 一直有傳言公司會改組 會怎樣怎樣的 2603永遠都很忙很操 綠色果然是國軍的顏色 整天窮忙瞎事一堆完全一個樣 年終從10個月>1.2個月>不足一個月 公司甚至開始虧損 然後公司一直放風聲說可能要裁員(【2603】長久以來除非出大包不然不裁員) 去年這個時期甚至已經有不少人開始在想辦法另謀他就 只有2615好一點 一直都維持穩定營運 穩定營利 年終都有3個月左右 所以2615最獲市場信任 股價仍然維持最高不是沒有道理 所以去年這波漲起來 業內人…",,,,
collision:2603,2603,長榮,M.1620041756.A.73D,2021-05-03 19:35:56,未分類,code,dense,False,2,R: [標的] 長榮 2603 空,1,True,True,False,False,,608,[代號] …R: [標的] 長榮 【2603】 空 : ※ 引述《Molestia (Big Sexy)》之銘言: : : 2. 分類:多/空/請益/心得 : : 空 : : 3. 分析/正文: : : 多方上攻好幾次無力折返 : : 三大法人最近都是賣超比較多 : : 主力也開始賣…,,,,
collision:2603,2603,長榮,M.1626686999.A.E8F,2021-07-19 17:29:59,標的,code,dense,False,1,[標的] 長榮就是多，航酸請進來,1,True,False,False,False,,125,"[代號] …[標的] 長榮就是多,航酸請進來 https://i.imgur.com/2IOj1s8.jpg 1. 標的:【2603】 長榮 2. 分類:多 3. 分析/正文:大盤跌成這樣,長榮關廁所還能收紅,後市可期 4. 進退場機制:60認賠殺出,210/240/270/300分批高歌離席…",,,,
collision:2603,2603,長榮,M.1618111941.A.76D,2021-04-11 11:32:21,新聞,code,dense,False,2,[新聞] 股民心聲》陽明竟跌停 多殺多戲碼重演？,1,True,False,False,False,,1134,"[代號] …2 (請以原文網頁/報紙之發布時間為準) 原文內容: 〔財經頻道/綜合報導〕基本面如日中天的陽明(2609),在上周五(9日)竟一度被打 到跌停,連帶拖累長榮(【2603】)及萬海(2615),頓時市場再生疑懼,莫非1月份貨櫃股 多殺多的戲碼要再重演? 最近四個月來,貨櫃股股價上演二波強勢上漲,二次都是由陽明公告單月獲利,由於數字 太過亮眼,導致投資人奮力買進推升股價。第一次是109年12月24日,陽明公告…",,,,
collision:2905,2905,三商,M.1715328388.A.FBB,2024-05-10 16:06:28,情報,code,sparse,False,1,[情報] 2905 三商 113年4月營收,2,True,True,True,True,三商,367,"[代號] …[情報] 【2905】 三商 113年4月營收 標題:2905 三商 113年4月營收 來源:公開資訊觀測站 網址:https://mops.twse.com.tw/mops/web/t05sr01_1 內文: 項目 營業收入淨…
[代號] …[情報] 2905 三商 113年4月營收 標題:【2905】 三商 113年4月營收 來源:公開資訊觀測站 網址:https://mops.twse.com.tw/mops/web/t05sr01_1 內文: 項目 營業收入淨額 本月 22,…",,,,
collision:2905,2905,三商,M.1596463794.A.EAF,2020-08-03 22:09:54,標的,code,sparse,False,1,[標的] 三商2905 多,1,True,True,True,True,三商,559,"[代號] …[標的] 三商【2905】 多 ------------------------------------------------------------------------- 1.發文前請先詳閱[標的]分類發文規範,未依規範發文將受處份。 2.發標的文未充實內文…",,,,
collision:2912,2912,統一超,M.1715760693.A.763,2024-05-15 16:11:33,新聞,code,sparse,False,2,[新聞] 百貨流通雙節慶 5月營收喊衝,1,True,False,True,False,統一超,813,"[代號] …/6v7WYr 發布時間:2024.05.13 03:00 記者署名:工商時報 李麗滿 原文內容: 百貨流通業母親節促銷檔期才走完,緊接端出端午節禮盒推預購,雙節慶題材亦有望激勵業者5月營收成長動能,包括遠百(2903)、統一超(【2912】)、全家(5903)、寶雅(5904)等端午節慶業績可望再衝一波。 遠百4月合併營收年減8.6%,個體遠百、遠東SOGO百貨4月營收均相對持平,主要是去年基期偏高所致,加上國人出國潮,母親節檔期業績預期也是持平收場;接著遠百操作端節禮品預…",,,,
collision:2912,2912,統一超,M.1722424834.A.94F,2024-07-31 19:20:34,情報,code,sparse,False,1,[情報] 2912 統一超 113年H1: 6.06,1,True,True,True,True,統一超,656,[代號] …[情報] 【2912】 統一超 113年H1: 6.06 1. 標題:公告本公司董事會通過113年第2季合併財務報告 2. 來源:公開資訊觀測站 3. 網址:https://mops.twse.com.tw/mops/web/t05sr01_1 4. 內文…,,,,
collision:2912,2912,統一超,M.1633599077.A.636,2021-10-07 17:31:17,新聞,code,sparse,False,2,[新聞] 統一買台灣家樂福？羅智先講這個不禮貌,1,True,False,True,False,統一超,775,"[代號] …出法商家樂福(Carrefour)將出售台灣家樂福股權的消息,台灣家樂福 公開回應強調,「沒有收到總公司相關訊息,沒辦法回答消息的真偽」。 台灣家樂福由法國家樂福持股 60%、統一集團旗下統一企業(1216)持股 20.5%、統一超 商(【2912】)持股 19.5%,去年營收逾 700 億元,稅後淨利 19.44 億元。 外媒傳出,法國家樂福已聘請摩根士丹利承辦銷售事宜,預計夏季過後就可望啟動,估計 這樁交易價值約 16 億歐元(約新台幣 525 億元),該消息傳到台灣,震驚台灣零…",,,,
collision:2912,2912,統一超,M.1606740489.A.10B,2020-11-30 20:48:09,標的,code,sparse,False,1,[標的] 2912統一超-爆量暴跌今天發生啥事?,2,True,True,True,True,統一超,92,"[代號] …[標的] 【2912】統一超-爆量暴跌今天發生啥事? 1. 標的: 2912統一超 2. 分類:多/空/請益/心得 請益 3. 分析/正文: 之前260進的,前幾天看起來穩穩的,也沒看到啥利空消息 今天為什麼會爆量暴跌? 有人知道原因嗎?…
[代號] …[標的] 2912統一超-爆量暴跌今天發生啥事? 1. 標的: 【2912】統一超 2. 分類:多/空/請益/心得 請益 3. 分析/正文: 之前260進的,前幾天看起來穩穩的,也沒看到啥利空消息 今天為什麼會爆量暴跌? 有人知道原因嗎?…",,,,
collision:2912,2912,統一超,M.1628565948.A.0B8,2021-08-10 11:25:48,新聞,code,sparse,False,2,[新聞] 外資喊買九大潛力傳產股 首評美食目標價,1,True,False,True,False,統一超,887,"[代號] …S)上探7元及8元,首次追蹤給予「優於大盤」評等,目標價200元。 瑞信10日同步出具台灣非科技股投資策略,推薦國際客戶加碼美食、中信金(2891)、國泰 金(2882)、開發金(2883)、美利達(9914)、聚陽(1477)、統一超(【2912】)、寶雅( 5904)和網家(8044)等九檔個股,為搶搭全球內需成長和台灣電商等利基題材的投資首選 。 瑞信表示,美食營運一度飽受新冠疫情衝擊,但隨公司三大策略奏效,包括關閉低生產效率 的店面、積極優化成本結構,及翻新新店門面,有效推升…",,,,
collision:2912,2912,統一超,M.1628566960.A.5F8,2021-08-10 11:42:40,新聞,code,sparse,False,2,Re: [新聞] 外資喊買九大潛力傳產股 首評美食目標價,1,True,False,True,False,統一超,1166,"[代號] …探7元及8元,首次追蹤給予「優於大盤」評等,目標價200元。 : 瑞信10日同步出具台灣非科技股投資策略,推薦國際客戶加碼美食、中信金(2891)、國泰 : 金(2882)、開發金(2883)、美利達(9914)、聚陽(1477)、統一超(【2912】)、寶雅( : 5904)和網家(8044)等九檔個股,為搶搭全球內需成長和台灣電商等利基題材的投資首選 : 。 : 瑞信表示,美食營運一度飽受新冠疫情衝擊,但隨公司三大策略奏效,包括關閉低生產效率 : 的店面、積極優化成本結構,及翻新新店…",,,,
collision:2912,2912,統一超,M.1723547245.A.2F8,2024-08-13 19:07:25,新聞,code,sparse,False,1,[新聞] 《百貨股》統一超7月創單月歷史新高 持,1,True,False,True,True,統一超,1113,"[代號] …原文標題: 《百貨股》統一超7月創單月歷史新高 持續推節慶等多元服務 原文連結: https://reurl.cc/ZVjpqa 發布時間: 2024年8月13日 週二 上午8:01 記者署名:張漢綺 原文內容: 統一超商(【2912】)2024年7月合併營業收入為295.97億元,年增6.08%,創下單月歷史新高, 統一超將持續針對生活節慶、節氣、主題日推出豐富多元商品與服務,為營運挹注動能。 台灣7-ELEVEN持續穩健展店,藉由線上線下多元服務渠道,聚焦鮮食、CI…",,,,
collision:2912,2912,統一超,M.1583112629.A.3F2,2020-03-02 09:30:29,標的,code,sparse,False,1,[標的] 2912 統一超,2,True,True,True,True,統一超,605,"[代號] …[標的] 【2912】 統一超 1. 標的:2912 統一超 2. 分類:多 3. 分析/正文: 上禮拜五這麼殺都沒事, 7-11食物包裝這麼好,不像小吃店口水噴來噴去 買的時間不到1分鐘,小吃店現點現做等到群聚感染 以前咖啡寄杯只能該店寄該店取, 現在用…
[代號] …[標的] 2912 統一超 1. 標的:【2912】 統一超 2. 分類:多 3. 分析/正文: 上禮拜五這麼殺都沒事, 7-11食物包裝這麼好,不像小吃店口水噴來噴去 買的時間不到1分鐘,小吃店現點現做等到群聚感染 以前咖啡寄杯只能該店寄該店取, 現在用APP寄杯方便又好用, 以前同…",,,,
collision:2912,2912,統一超,M.1605804139.A.FAE,2020-11-20 00:42:19,標的,code,sparse,False,1,[標的] 2912 統一超 空,2,True,True,True,True,統一超,180,"[代號] …[標的] 【2912】 統一超 空 1. 標的:2912 統一超 2. 分類:空 3. 分析/正文: 7-11 今年第一次加入雙11超商免運, 結果物流就大爆炸, 其他家往年都沒這問題, 顯示統一超旗下大智通物流問題很大。 雙11訂單到現在都還卡在物流中…
[代號] …[標的] 2912 統一超 空 1. 標的:【2912】 統一超 2. 分類:空 3. 分析/正文: 7-11 今年第一次加入雙11超商免運, 結果物流就大爆炸, 其他家往年都沒這問題, 顯示統一超旗下大智通物流問題很大。 雙11訂單到現在都還卡在物流中心, 跟網購業者配合的運貨單利潤都…",,,,
collision:2912,2912,統一超,M.1658483368.A.B32,2022-07-22 17:49:28,新聞,code,sparse,False,1,[新聞] 遲到的慶祝行情？統一超股價噴發逼300元,2,True,False,True,True,統一超,900,"[代號] …兩年新高 原文連結: https://udn.com/news/amp/story/7241/6480327 發布時間: 2022-07-22 12:43 記者署名: 經濟日報 記者嚴雅芳/台北即時報導 原文內容: 統一超(【2912】)有併購題材助陣,加上時序步入旺季、中元檔期開跑,激勵今(22)日股 價強勢走高,盤中來到297.5元,漲幅逾4%,一舉來到近兩年新高價位,距離300元關卡僅 一步之遙。法人表示,統一集團獲得台灣家樂福的全部股權將有助提升其在台灣零售市場…
[代號] …手鎮瀾宮、旗山天后宮、北港武德宮以及北港朝天宮四大宮廟推出「代客普渡服務 」,預計將帶動相關類別業績成長1成。 心得/評論: 之前版上有鄉民狂吹猛送5903有多好,差一點被洗掉,現在兩家股價差了一百多元,併了 家樂福,5903現在應該連【2912】的車尾燈都看不到了...…",,,,
collision:2912,2912,統一超,M.1658237385.A.03A,2022-07-19 21:29:45,新聞,code,sparse,False,2,[新聞] 收購台灣家樂福？統一、統一超23:40開記,1,True,False,True,True,統一超,530,"[代號] …net/news/2297857?redirect=1 ※網址超過一行過長請用縮網址工具 發布時間: ※請以原文網頁/報紙之發布時間為準 記者署名:鄒鎮宇 ※原文無記載者得留空 原文內容: 證交所指出,統一(1216)及統一超(【2912】)預計19日晚間11時40分於證交所3樓記者室 舉行記者會,將由統一財務長陳國煇與統一超財務長吳玟琪說明董事會決議重大交易案 據悉,統一、統一超持有台灣家樂福股權,過去多次傳出有意處分的消息,但迄今仍無處 分。因此外界聯想統一、統一超此次…",,,,
collision:2912,2912,統一超,M.1584597684.A.4CE,2020-03-19 14:01:24,標的,code,sparse,False,1,Re: [標的] 2912 統一超,2,True,True,True,True,統一超,755,"[代號] …Re: [標的] 【2912】 統一超 藉此標題問問 記得當年2008, 有現金流好像相對是市場會有買盤的股票?! 或許現在不一定是買點,但是不是也相對抗跌讓買盤回來? ※ 引述《vendan5566 (阿文)》之銘言: : 1. 標的:2912 統一超 : 2.…
[代號] …Re: [標的] 2912 統一超 藉此標題問問 記得當年2008, 有現金流好像相對是市場會有買盤的股票?! 或許現在不一定是買點,但是不是也相對抗跌讓買盤回來? ※ 引述《vendan5566 (阿文)》之銘言: : 1. 標的:【2912】 統一超 : 2. 分類:多 : 3. 分析/正文: : 上禮拜五這麼殺都沒事, : 7-11食物包裝這麼好,不像小吃店口水噴來噴去 : 買的時間不到1分鐘,小吃店現點現做等到群聚感染 : 以前咖啡寄杯只能該店寄該店取, : 現在用APP寄…",,,,
collision:2912,2912,統一超,M.1671865006.A.E91,2022-12-24 14:56:46,新聞,code,sparse,False,2,Re: [新聞] 「女兒先買統一超的零股，再拿股息買飲,1,True,False,True,True,統一超,2555,"[代號] …如何流動,藉此讓她們了解經濟的 : 運作模式。「例如把錢拿去買飲料,錢就會從我們的口袋流出去,跑進商人的口袋裡,這些 : 流出去的錢對我們來說是負債,但對商人來說是資產。」 : 要如何讓錢流進自己的口袋?陳重銘舉例道,假設孩子喜歡到統一超(【2912】)消費,可以鼓 : 勵他們把錢存起來,買進統一超的零股,等統一超配發股息,再把股息拿來買零食、飲料, : 也就是利用股票(資產)賺進現金流,再利用這些現金流為自己的生活買單。 : 親子也能共學理財 : 越早開始越易成功 : 很多家長認為孩子…",,,,
collision:2912,2912,統一超,M.1713618210.A.FE6,2024-04-20 21:03:30,新聞,code,sparse,False,2,[新聞] 股市暴跌 統一羅智先：全球需求脆弱造成,1,True,False,True,False,統一超,912,"[代號] …金額,則是一般商場的 4-5 倍。 羅智先指出,統一企業集團打造新世代複合商場「Par K* Avenue」,希望能成為一個和消 費者互動的平台,也藉此來看超商還有什麼服務可以優化。 今天開幕的 ParK* Avenue 由統一超商 (【2912】-TW)、康是美、星巴克及統一精工一體建物構 成佔地近 1500 坪的新世代複合商場。其中,7-ELEVEN Fresh 康橋門市首度呈現「Fresh」 全新現做餐飲型態,超過 50 種現做餐點類型涵蓋主食正餐、輕食小點到冰品甜點、咖啡飲…",,,,
collision:2912,2912,統一超,M.1677149694.A.09E,2023-02-23 18:54:54,情報,code,sparse,False,1,[情報] 2912 統一超 111年EPS[8.93] 股利[9],2,True,True,True,True,統一超,965,"[代號] …[情報] 【2912】 統一超 111年EPS[8.93] 股利[9] 1. 標題:2912 統一超 111年EPS[8.93] 股利[9] 2. 來源:公開資訊觀測站 3. 網址:https://mops.twse.com.tw/mops/web/t05s…
[代號] …[情報] 2912 統一超 111年EPS[8.93] 股利[9] 1. 標題:【2912】 統一超 111年EPS[8.93] 股利[9] 2. 來源:公開資訊觀測站 3. 網址:https://mops.twse.com.tw/mops/web/t05sr01_1 4. 內文: ---公告本公司董事會通過111年度合併財…",,,,
collision:6505,6505,台塑化,M.1583753479.A.EA8,2020-03-09 19:31:19,其他,code,sparse,False,1,[其他] 6505台塑化 董事會決議股利分派,2,True,True,True,True,台塑化,329,"[代號] …[其他] 【6505】台塑化 董事會決議股利分派 1. 董事會擬議日期:109/03/09 2. 股利所屬年(季)度:108年 年度 3. 股利所屬期間:108/01/01 至 108/12/31 4. 股東配發內容: (1)盈餘分配之現金股利(元/股):2.…
[簡稱(name)] …[其他] 6505【台塑化】 董事會決議股利分派 1. 董事會擬議日期:109/03/09 2. 股利所屬年(季)度:108年 年度 3. 股利所屬期間:108/01/01 至 108/12/31 4. 股東配發內容: (1)盈餘分配之現金股利(元/股):2.900…",,,,
collision:6505,6505,台塑化,M.1583853274.A.608,2020-03-10 23:14:34,請益,name,sparse,False,2,Re: [請益] 油價崩盤買航運股還是台塑化,1,False,False,True,True,台塑化,67,[簡稱(name)] …Re: [請益] 油價崩盤買航運股還是【台塑化】 原文舉的例子是航空股吧 真的航運股應該是像2603長榮這種 油價下跌對於船隻貨櫃需要運送大量貨物的也是一大利多 所以今天2603就噴了…,,,,
collision:6505,6505,台塑化,M.1625105079.A.8B3,2021-07-01 10:04:39,新聞,name,sparse,False,2,[新聞] 航運鋼鐵撐起半邊天 台股再創新天價締造,1,False,False,True,False,台塑化,981,"[簡稱(name)] …3.06%,成交比重不到1/3。 觀察上市股票成交值前10大中,鋼鐵及航運就占了9檔,唯一非鋼鐵、航運的是台積電,排 名還僅排在第7 名;融資餘額今天來到2868.5億元,創下2011年6月16日以來10年新高。 另外,還有長榮市值超車【台塑化】,居台股第4;萬海市值也擠下越國泰金,為台股第9大市值 個股。 在成交量方面,今年也締造大驚奇,在當沖盛行下,台股上半年總成交量滾出了47兆9326億 元,創下同期的歷史新天量,且已逼近去年全年度的48兆5536億元。 保德信高成長基金…",,,,
collision:6505,6505,台塑化,M.1665740795.A.2E4,2022-10-14 17:46:35,新聞,code,sparse,False,3,[新聞] 石化業惡化遠超預期 台塑四寶目標價全砍,4,True,False,True,False,台塑化,876,"[代號] …言石化產業根本性的惡化,遠遠超過了預期 ,故將台塑(1301)評等維持「持有」,目標價由100元降到92元;南亞(1303)評等維 持「減碼」,目標價由60元降到53元;台化(1326)評等維持「減碼」,目標價由67元降 到53元;台塑化(【6505】)評等維持「持有」,目標價由88元降到77元。 亞系外資針對台塑四寶出具的研究報告指出,台塑四寶第三季儘管有股息收入,但總計淨 利潤依舊相較第二季減少達91%,年減幅也高達91%,相較先前該外資預估的下滑88%、 87%幅度更大。由於該外…
[簡稱(name)] …報告,直言石化產業根本性的惡化,遠遠超過了預期 ,故將台塑(1301)評等維持「持有」,目標價由100元降到92元;南亞(1303)評等維 持「減碼」,目標價由60元降到53元;台化(1326)評等維持「減碼」,目標價由67元降 到53元;【台塑化】(6505)評等維持「持有」,目標價由88元降到77元。 亞系外資針對台塑四寶出具的研究報告指出,台塑四寶第三季儘管有股息收入,但總計淨 利潤依舊相較第二季減少達91%,年減幅也高達91%,相較先前該外資預估的下滑88%、 87%幅度更大…
[簡稱(name)] …外資預估的下滑88%、 87%幅度更大。由於該外資先前就曾警示,台塑四寶第三季的盈利前景黯淡,然而,發現 根本性的惡化遠遠超過了預期,主要是來自全球金融危機帶來的需求下滑。 綜觀第三季台塑四寶財報,亞系外資表示,台化由於產品價差受到擠壓,【台塑化】更是陷入 虧損,因平均原油價格季下跌11.2美元/桶,造成28億元的庫存。就整體狀況來看,目前 看不到喘息的機會。大陸是亞洲石化的需求增長引擎,但已停滯不前,故也進一步削減大 陸2022、2023年GDP增長預測從4.1%、5.8%調降到3…",,,,
collision:6505,6505,台塑化,M.1715154677.A.8A6,2024-05-08 15:51:17,情報,code,sparse,False,1,[情報] 6505台塑化 113年Q1 EPS:0.53元,2,True,True,True,True,台塑化,583,"[代號] …[情報] 【6505】台塑化 113年Q1 EPS:0.53元 1.標題:公告本公司113年第1季合併財務報告業經董事會決議通過 2.來源:公開資訊觀測站 3.網址:https://reurl.cc/2YW5o9 4.內文: 說明 1.提報董事會或經董事…
[簡稱(name)] …[情報] 6505【台塑化】 113年Q1 EPS:0.53元 1.標題:公告本公司113年第1季合併財務報告業經董事會決議通過 2.來源:公開資訊觀測站 3.網址:https://reurl.cc/2YW5o9 4.內文: 說明 1.提報董事會或經董事會決議…",,,,
collision:6505,6505,台塑化,M.1632907817.A.503,2021-09-29 17:30:17,情報,code,sparse,False,5,[情報] 量大分點齊買 0929,2,True,False,True,False,台塑化,916,"[代號] ….2 28,462 18.79 4,370 2.96 0.57% 0.04% 2023 燁輝 29.15 17,948 5.23 3,944 1.15 0.03% 0.18% 【6505】 台塑化 102.0 24,417 25.15 3,021 3.16 0.01% -0.01% 1409 新纖 20.25 10,975 2.24 3,014 0.62 0.…
[簡稱(name)] …,462 18.79 4,370 2.96 0.57% 0.04% 2023 燁輝 29.15 17,948 5.23 3,944 1.15 0.03% 0.18% 6505 【台塑化】 102.0 24,417 25.15 3,021 3.16 0.01% -0.01% 1409 新纖 20.25 10,975 2.24 3,014 0.62 0.37% 0…",,,,
collision:6505,6505,台塑化,M.1712808393.A.E10,2024-04-11 12:06:33,新聞,code,sparse,False,2,[新聞] 台塑四寶迎春燕首季全都賺 純益80億元,5,True,False,True,False,台塑化,1263,"[代號] …全都賺錢,以台塑化表現最優。業界認為,四寶本季營運可望更 好,將迎久違的春燕。 台塑四寶3月營收合計1,268.9億元,月增12.8%、年減5.1%;四寶合計首季營收約3,618.7億 元,年減約6.1%。 在個別公司獲利方面,台塑化(【6505】)表現最佳,台化成長最強勁,台塑則相對弱勢。台塑 化首季稅後純益約50.2億元,季增245.4%、年增13.3%;單季每股純益(EPS)0.53元。 台塑化獲利動能是帶動四寶首季獲利向上的主因,其中,輕油與外銷汽油等產品價差季增, 加上受…
[簡稱(name)] …90778 發布時間: 2024-04-11 05:20 記者署名: 經濟日報/ 記者魏鑫陽 原文內容: 台塑四寶昨(10)日公告首季獲利、3月營收,單季合併稅後純益約80億元,年增16.5%,揮 別前一季的虧損陰霾,四寶全都賺錢,以【台塑化】表現最優。業界認為,四寶本季營運可望更 好,將迎久違的春燕。 台塑四寶3月營收合計1,268.9億元,月增12.8%、年減5.1%;四寶合計首季營收約3,618.7億 元,年減約6.1%。 在個別公司獲利方面,台塑化(6505)表現最佳…
[簡稱(name)] …霾,四寶全都賺錢,以台塑化表現最優。業界認為,四寶本季營運可望更 好,將迎久違的春燕。 台塑四寶3月營收合計1,268.9億元,月增12.8%、年減5.1%;四寶合計首季營收約3,618.7億 元,年減約6.1%。 在個別公司獲利方面,【台塑化】(6505)表現最佳,台化成長最強勁,台塑則相對弱勢。台塑 化首季稅後純益約50.2億元,季增245.4%、年增13.3%;單季每股純益(EPS)0.53元。 台塑化獲利動能是帶動四寶首季獲利向上的主因,其中,輕油與外銷汽油等產品價差季增…",,,,
collision:6505,6505,台塑化,M.1615456121.A.08C,2021-03-11 17:48:41,其他,name,sparse,False,1,[其他] 台塑化股利開獎 0.59,1,False,False,True,True,台塑化,338,[簡稱(name)] …[其他] 【台塑化】股利開獎 0.59 說明 1. 董事會擬議日期:110/03/11 2. 股利所屬年(季)度:109年 年度 3. 股利所屬期間:109/01/01 至 109/12/31 4. 股東配發內容: (1)盈餘分配之現金股利(元/股):0.5…,,,,
collision:6505,6505,台塑化,M.1625810599.A.EED,2021-07-09 14:03:19,情報,code,sparse,False,3,Re: [情報] 台塑四寶6月自結,4,True,False,True,False,台塑化,360,"[代號] …5.2% MoM -5.8% : 1303 南亞 346億 YoY +66.4% MoM +0.3% : 1326 台化 306.9億 YoY +54.7% MoM -4.5% : 【6505】 台塑化 454.92億 YoY +41.8% MoM -14% 幫補充一下,四寶上半年自結EPS(有看錯我再更正) 1301台塑 5.53元(Q1:2.35元) 1303南亞 5.13元(Q1:2.23元) 1…
[代號] …1.8% MoM -14% 幫補充一下,四寶上半年自結EPS(有看錯我再更正) 1301台塑 5.53元(Q1:2.35元) 1303南亞 5.13元(Q1:2.23元) 1326台化 4.32元(Q1:2.2元) 【6505】台塑化 3.31元(Q1:1.88元)…
[簡稱(name)] …MoM -5.8% : 1303 南亞 346億 YoY +66.4% MoM +0.3% : 1326 台化 306.9億 YoY +54.7% MoM -4.5% : 6505 【台塑化】 454.92億 YoY +41.8% MoM -14% 幫補充一下,四寶上半年自結EPS(有看錯我再更正) 1301台塑 5.53元(Q1:2.35元) 1303南亞 5.13元(Q1:2.23元) 1326台…",,,,
collision:6505,6505,台塑化,M.1623020817.A.906,2021-06-07 07:06:57,新聞,name,sparse,False,2,[新聞] 散戶有船票小心 專家：這幾檔有人落跑,4,False,False,True,False,台塑化,2368,"[簡稱(name)] …聯準會年底前減少購債規模,開 始假設今年12月開始縮表,但聯準會真正想的縮表應該是等到千萬失業人口改善且疫苗接 種率達70%以上同時通膨沒有如預期下降的時候吧。而此也埋下2022年虎年大崩盤的伏筆 ,即鮑爾太低估通膨數據! 6月賭多塑化:【台塑化】首選 一刀兩刃要空誰? 疫情關係造就原油庫存已低,歐洲旅遊開放、美國夏日開車出遊,縱使美國與伊朗達成協 議,原油今年夏天登75~80美元是有可能的。伊朗總統大選是時間6月18日,新舊政府8月 交接,伊朗重返油市最快也要8月,油價將在8月前…
[簡稱(name)] …原油每桶漲到147美元, 當持美國汽油每加侖就是4美元。原油價格拉動供給性通膨,成本拉動的通膨即停滯性通 膨,全球股市將出現兩極化,多頭、空頭個股同時並存的冰火兩重天! 6月能源股是贏家 科技股是輸家 一旦油價夏天飆漲,最具能源概念的是【台塑化】,因為台塑化購的油是4個月前向杜拜購買 ,油價若上75~80美金,台塑化股價應該很快就能突破2011年高點112元,甚至驚驚漲挑戰 歷史高點151元的機率。 塑化股的基本面今年與2011年高點相當,台灣塑化股以生產中間原料為主,原油上漲拉…
[簡稱(name)] …147美元, 當持美國汽油每加侖就是4美元。原油價格拉動供給性通膨,成本拉動的通膨即停滯性通 膨,全球股市將出現兩極化,多頭、空頭個股同時並存的冰火兩重天! 6月能源股是贏家 科技股是輸家 一旦油價夏天飆漲,最具能源概念的是台塑化,因為【台塑化】購的油是4個月前向杜拜購買 ,油價若上75~80美金,台塑化股價應該很快就能突破2011年高點112元,甚至驚驚漲挑戰 歷史高點151元的機率。 塑化股的基本面今年與2011年高點相當,台灣塑化股以生產中間原料為主,原油上漲拉升 成本,雖…",,,,
collision:6505,6505,台塑化,M.1640308770.A.98C,2021-12-24 09:19:30,標的,name,sparse,False,3,[標的] 1434.TW 福懋 抄底多,3,False,False,True,False,台塑化,448,"[簡稱(name)] …這些都是疫情趨緩後需求會隨之上升的產品 Nike、Adidas甚至Apple都是他的客戶 公司對於明年營收也是樂觀看待 最近因為被0056剔除投信大賣 但是籌碼都被外資接走了 而且被踢出0056我覺得應該是不少人都有預料到的 福懋持有大量【台塑化】的股票 今年EPS不佳一部分是因為台塑化配的少 明年可預期台塑化會配得好很多 重點是現在股價還在非常低檔 小弟認為逢低佈局風險會低很多 4. 進退場機制: 28~30買進 停利先抓10% 或是公司營運正常就當個快樂存股族 以上資料是小…
[簡稱(name)] …Nike、Adidas甚至Apple都是他的客戶 公司對於明年營收也是樂觀看待 最近因為被0056剔除投信大賣 但是籌碼都被外資接走了 而且被踢出0056我覺得應該是不少人都有預料到的 福懋持有大量台塑化的股票 今年EPS不佳一部分是因為【台塑化】配的少 明年可預期台塑化會配得好很多 重點是現在股價還在非常低檔 小弟認為逢低佈局風險會低很多 4. 進退場機制: 28~30買進 停利先抓10% 或是公司營運正常就當個快樂存股族 以上資料是小弟自己查詢和推斷的心得 投資請自行斟酌風…
[簡稱(name)] …至Apple都是他的客戶 公司對於明年營收也是樂觀看待 最近因為被0056剔除投信大賣 但是籌碼都被外資接走了 而且被踢出0056我覺得應該是不少人都有預料到的 福懋持有大量台塑化的股票 今年EPS不佳一部分是因為台塑化配的少 明年可預期【台塑化】會配得好很多 重點是現在股價還在非常低檔 小弟認為逢低佈局風險會低很多 4. 進退場機制: 28~30買進 停利先抓10% 或是公司營運正常就當個快樂存股族 以上資料是小弟自己查詢和推斷的心得 投資請自行斟酌風險 ----- Sen…",,,,
collision:6505,6505,台塑化,M.1726581004.A.B1C,2024-09-17 21:50:04,標的,name,sparse,False,1,Re: [標的] 1326台化 多~會贏喔！,1,False,False,True,False,台塑化,684,[簡稱(name)] …ttps://i.imgur.com/v3iXO7L.jpeg 台化淨值55.72塊 這波來到38上下塊 淨值比不到0.7倍. 台塑淨值53.58 這波來到44-45上下 淨值比不到0.8倍 南亞淨值46.63 淨值比不到0.9倍 【台塑化】淨值34.31 淨值比1.3倍 這波反彈台化也確實反彈幅度最領先四寶暫居冠軍…,,,,
collision:6505,6505,台塑化,M.1665539464.A.1C4,2022-10-12 09:51:04,新聞,code,sparse,False,2,[新聞] 台塑四寶 Q3純益劇減九成,6,True,False,True,False,台塑化,1029,"[代號] …22-10-12 00:08 經濟日報/ 記者 魏鑫陽 /台北報導 台塑四寶昨(11)日公告9月營收、第3季財報,四寶9月營收合計1,459.2億元,月減6.7% 、年增1.3%;前九月營收合計達1.42兆元,年增17.7%;但因台塑化(【6505】)第3季大虧、 塑化品需求疲軟,拖累四寶單季獲利季減逾九成,僅剩53.4億元。 9月油價一度觸及80美元低點,致台塑化購料與存貨損失擴大,加上產品利差縮小,台塑 化第3季由盈轉虧,單季稅後虧損62.8億元,單季每股淨損0.66元。 在台…
[簡稱(name)] …2022-10-12 00:08 經濟日報/ 記者 魏鑫陽 /台北報導 台塑四寶昨(11)日公告9月營收、第3季財報,四寶9月營收合計1,459.2億元,月減6.7% 、年增1.3%;前九月營收合計達1.42兆元,年增17.7%;但因【台塑化】(6505)第3季大虧、 塑化品需求疲軟,拖累四寶單季獲利季減逾九成,僅剩53.4億元。 9月油價一度觸及80美元低點,致台塑化購料與存貨損失擴大,加上產品利差縮小,台塑 化第3季由盈轉虧,單季稅後虧損62.8億元,單季每股淨損0.66元…
[簡稱(name)] …月營收合計1,459.2億元,月減6.7% 、年增1.3%;前九月營收合計達1.42兆元,年增17.7%;但因台塑化(6505)第3季大虧、 塑化品需求疲軟,拖累四寶單季獲利季減逾九成,僅剩53.4億元。 9月油價一度觸及80美元低點,致【台塑化】購料與存貨損失擴大,加上產品利差縮小,台塑 化第3季由盈轉虧,單季稅後虧損62.8億元,單季每股淨損0.66元。 在台塑化拖累下,四寶其餘三家公司認列轉投資虧損,導致四寶第3季合計稅後純益僅剩5 3.4億元,較第2季的587.9億元,季減…",,,,
collision:6505,6505,台塑化,M.1625623668.A.A15,2021-07-07 10:07:48,新聞,name,sparse,False,1,[新聞] 台塑化：OPEC+應不致瓦解,6,False,False,True,True,台塑化,1056,"[簡稱(name)] …[新聞] 【台塑化】:OPEC+應不致瓦解 原文標題:台塑化:OPEC+應不致瓦解 (請勿刪減原文標題) 原文連結:https://readers.ctee.com.tw/cm/2…
[簡稱(name)] …[新聞] 台塑化:OPEC+應不致瓦解 原文標題:【台塑化】:OPEC+應不致瓦解 (請勿刪減原文標題) 原文連結:https://readers.ctee.com.tw/cm/20210707/a02aa2/11336…
[簡稱(name)] …(請以原文網頁/報紙之發布時間為準) 原文內容: 石油輸出國組織及俄羅斯聯盟(OPEC+)談判陷於僵局,沙烏地阿拉伯與阿聯酋間爭端浮 現,引發市場擔憂產量機制失效,各國無約束增產,導致油市崩盤。【台塑化】表示,OPEC+ 產量協商會議本始於壓制美頁岩油,並維持油價穩定,擴大獲利能量,因此,不太可能有 協商機制瓦解情形。短期雖互有矛盾,但在長期共同利益下,仍應會取得共識。 反倒是,OPEC+談判未決,意味原訂200萬桶增額未成定論,石油供…",,,,
collision:6505,6505,台塑化,M.1580823637.A.3E5,2020-02-04 21:40:37,請益,code,sparse,False,1,Re: [請益] 台塑化(6505),4,True,True,True,True,台塑化,260,"[代號] …Re: [請益] 台塑化(【6505】) ※ 引述《superghost (superghist)》之銘言: : 1.台塑化(6505)過完年跌到90以下 : 2.想問是否有甚麼消息導致?武漢肺炎? : 3.是想危機入市,不過網路又沒看到甚麼消息,有人有消息嗎? 中國整個Q1…
[代號] …Re: [請益] 台塑化(6505) ※ 引述《superghost (superghist)》之銘言: : 1.台塑化(【6505】)過完年跌到90以下 : 2.想問是否有甚麼消息導致?武漢肺炎? : 3.是想危機入市,不過網路又沒看到甚麼消息,有人有消息嗎? 中國整個Q1Q2內需鐵定完蛋,中國完蛋歐洲絕對不會好,美國會不會一支獨秀就自己老二捏捏。全世界消費市場崩的七…
[簡稱(name)] …Re: [請益] 【台塑化】(6505) ※ 引述《superghost (superghist)》之銘言: : 1.台塑化(6505)過完年跌到90以下 : 2.想問是否有甚麼消息導致?武漢肺炎? : 3.是想危機入市,不過網路又沒看到甚麼消息,有人有消息嗎? 中…",,,,
collision:6505,6505,台塑化,M.1695610618.A.208,2023-09-25 10:56:58,新聞,name,sparse,False,5,[新聞] 00888指數剔除9檔個股 台達電 元太 等入,1,False,False,True,False,台塑化,734,"[簡稱(name)] …依據富時指數公司編製原則 ,透過富時評鑑系統的ESG評分,以及殖利率作為加權等條件,最終篩選出「ESG評分高、 殖利率佳」的優質企業。 張怡琳指出,本次新增台達電、宏碁、華碩、宏達電、元太等九檔個股,刪除的成分股包 含群創、台塑、玉山金、【台塑化】、長榮等九檔個股,其中台達電、華碩、元太因ESG分數 提升被新增納入指數成分股;而群創、玉山金則因殖利率過低而遭剔除,目前指數主要權 值持股仍然為台積電與聯電占大宗。 針對近期市場熱議,部分ETF配息動用收益平準金的比例過高,引發投資人質…",,,,
collision:6505,6505,台塑化,M.1718969728.A.C5E,2024-06-21 19:35:28,新聞,name,sparse,False,2,[新聞] 台塑四寶董座 宣告營運轉好,2,False,False,True,False,台塑化,922,"[簡稱(name)] …漲,反應多數廠商提前備貨,因應開始的新品旺季,第二季塑化報價行情走堅回溫,加上台塑四寶董事長強勢宣告轉型大計,20日台塑四寶股價終於一甩頹勢,展現低檔反彈走勢,投資人跟進,使得台塑集團九檔上市股票全數收紅,成為盤面最亮眼的集團股。 其中,【台塑化】因布蘭特原油價重回每桶85美元,台化、南亞也在綠能、循環綠色經濟、電子材料等布局漸收成效,激勵股價強勢領漲。 觀察台塑四寶宣示的轉型計畫,高科技、醫療及能源是重要推進焦點。南亞電子材料蓄勢搶進高頻、6G、AI、低軌衛星及血袋等醫療商機,…
[簡稱(name)] …培養器皿,細胞增殖數量可大幅增加,加速療程進行,有助癌症等重症病患之治愈率。 尤其,當前全球能源轉型愈顯重要,台塑集團面對全球區域化經濟型態及供應鏈重組,碳費徵收及產業競爭的加劇,推動營運轉型中,新事業布局會以能源產業為目標方向,台化、【台塑化】積極發展綠能及微電網開發;台塑也擬利用公司自產的氫氣,發展清潔能源及應用。展現台塑四寶力拼轉型利基企圖心。 ————— 心得: 四寶最近看起來好像已經止跌了(?) 而且又有董座的背書,四寶現在可以買了嗎0.0 ----- Sent fr…",,,,
collision:6790,6790,永豐實,M.1631560927.A.A7F,2021-09-14 03:22:07,標的,code,sparse,False,2,[標的] 6790永豐實,4,True,True,True,True,永豐實,221,"[代號] …[標的] 【6790】永豐實 1. 標的:6790 永豐實 2. 分類:請益 3. 分析/正文: 雖然是老生常談 永豐實最近要上市 開標最低53 最高180 興櫃股價約62 那個標180的 該不會是要買180張打錯了吧 與其標180 倒不如直接興…
[代號] …[標的] 6790永豐實 1. 標的:【6790】 永豐實 2. 分類:請益 3. 分析/正文: 雖然是老生常談 永豐實最近要上市 開標最低53 最高180 興櫃股價約62 那個標180的 該不會是要買180張打錯了吧 與其標180 倒不如直接興櫃買下來等上市就好了 18…
[簡稱(name_with_context)] …[標的] 6790永豐實 1. 標的:6790 【永豐實】 2. 分類:請益 3. 分析/正文: 雖然是老生常談 永豐實最近要上市 開標最低53 最高180 興櫃股價約62 那個標180的 該不會是要買180張打錯了吧 與其標180 倒不如直接興櫃買下來等上市就好了 180還要抽…",,,,
collision:6790,6790,永豐實,M.1683697220.A.FF7,2023-05-10 13:40:20,情報,code,sparse,False,1,[情報] 6790 永豐實 112年4月營收,2,True,True,True,True,永豐實,361,"[代號] …[情報] 【6790】 永豐實 112年4月營收 本年迄今累計營收 去年同期累計營收 累計營收成長率 3,295,034 3,138,783 4.98% 112年04月營收…
[簡稱(name_with_context)] …[情報] 6790 【永豐實】 112年4月營收 本年迄今累計營收 去年同期累計營收 累計營收成長率 3,295,034 3,138,783 4.98% 112年04月營收…",,,,
collision:6790,6790,永豐實,M.1694413087.A.B2A,2023-09-11 14:18:07,情報,code,sparse,False,1,[情報] 6790永豐實 8月營收8.73億、年增3.97%,4,True,True,True,True,永豐實,259,"[代號] …[情報] 【6790】永豐實 8月營收8.73億、年增3.97% 永豐實(6790)8月營收資料(單位千元) 當月 本年累計 營收 873,455 6,650,643 去年同期 840,132 6,…
[代號] …[情報] 6790永豐實 8月營收8.73億、年增3.97% 永豐實(【6790】)8月營收資料(單位千元) 當月 本年累計 營收 873,455 6,650,643 去年同期 840,132 6,497,392 增減 33,323 153,2…
[簡稱(name_with_context)] …[情報] 6790【永豐實】 8月營收8.73億、年增3.97% 永豐實(6790)8月營收資料(單位千元) 當月 本年累計 營收 873,455 6,650,643 去年同期 840,132 6,497…",,,,
collision:6790,6790,永豐實,M.1731084966.A.D87,2024-11-09 00:56:06,情報,code,sparse,False,2,[情報] 6790 永豐實 清水廠配電室火災事件,2,True,True,True,True,永豐實,390,"[代號] …[情報] 【6790】 永豐實 清水廠配電室火災事件 標題:公告本公司清水廠火災事件 來源:臺灣證券交易所 (公司名、網站名) 網址: (請善用縮網址工具) https://www.twse.com.tw/IIH2/zh/company/informatio…
[代號] …災事件 標題:公告本公司清水廠火災事件 來源:臺灣證券交易所 (公司名、網站名) 網址: (請善用縮網址工具) https://www.twse.com.tw/IIH2/zh/company/information.html?code=【6790】 內文: 1.事實發生日:113/11/08 2.公司名稱:永豐餘消費品實業股份有限公司 3.與公司關係(請輸入本公司或子公司):本公司 5.發生緣由:本公司清水廠今日下午2點41分發生配電室火災事件 6.因應措施: 經通報消防單位並…",,,,
collision:6790,6790,永豐實,M.1631807862.A.CC2,2021-09-16 23:57:42,標的,name_with_context,sparse,False,3,[標的] 1904.TW 正隆、1907.TW 永豐餘 長期多,1,False,False,True,False,永豐實,703,"[簡稱(name_with_context)] …我其實正隆已經持有多年了,現在的正隆價格雖然跟兩年前比已經翻倍了,但是本益比卻 比當時還低,當時大概9左右,代表股價漲幅並沒有完全的跟上獲利的成長,相較已經漲高 的大盤與熱門個股,上漲空間還很大 永豐餘則是更加的多角化經營,最近還有子公司【永豐實】要上市,也有題材跟想像空間 宅經濟電商的盛行帶動工紙的價格,理論上造紙業應該有所受惠,但這半年來卻股價不振 相對低迷,其中一個原因可能是受到越南疫情影響,兩家都大量設廠在越南,越南封城停 工產能勢必受到限制 不過,疫情總會過去,而兩家公…",,,,
collision:6790,6790,永豐實,M.1712728214.A.D5F,2024-04-10 13:50:14,情報,code,sparse,False,1,[情報]6790永豐實 113年3月營收9.18億、年減0.48,4,True,True,True,True,永豐實,328,"[代號] …[情報]【6790】永豐實 113年3月營收9.18億、年減0.48 公開資訊觀測站 https://mops.twse.com.tw/mops/web/t146sb05 永豐實(6790)3月營收資料(單位千元) 當月…
[代號] …[情報]6790永豐實 113年3月營收9.18億、年減0.48 公開資訊觀測站 https://mops.twse.com.tw/mops/web/t146sb05 永豐實(【6790】)3月營收資料(單位千元) 當月 本年累計 營收 917,787 2,602,460 去年同期 922,235 2,489,525 增減 - 4,…
[簡稱(name_with_context)] …[情報]6790【永豐實】 113年3月營收9.18億、年減0.48 公開資訊觀測站 https://mops.twse.com.tw/mops/web/t146sb05 永豐實(6790)3月營收資料(單位千元) 當月 本…",,,,
collision:6790,6790,永豐實,M.1715157532.A.B81,2024-05-08 16:38:52,情報,code,sparse,False,1,[情報] 6790永豐實 Q1 EPS:0.93,2,True,True,True,True,永豐實,509,"[代號] …[情報] 【6790】永豐實 Q1 EPS:0.93 2. 來源:公開資訊觀測站 3. 網址:https://mops.twse.com.tw/mops/web/t05sr01_1 1.提報董事會或經董事會決議日期:113/05/08 2.審計委員會通過日期…
[簡稱(name_with_context)] …[情報] 6790【永豐實】 Q1 EPS:0.93 2. 來源:公開資訊觀測站 3. 網址:https://mops.twse.com.tw/mops/web/t05sr01_1 1.提報董事會或經董事會決議日期:113/05/08 2.審計委員會通過日期:11…",,,,
collision:6790,6790,永豐實,M.1615255448.A.BE9,2021-03-09 10:04:08,新聞,name_with_context,sparse,False,3,[新聞] 永豐餘：工紙至少再旺兩年,1,False,False,True,False,永豐實,992,"[簡稱(name_with_context)] …加工業回台,對紙箱需求效益立馬顯現,現在有許多科技半導體業建廠,需時1~2 年才有產出,屆時相關供應鏈原材料廠陸續出貨,可望延續這波紙箱需求熱。 永豐餘投控總經理蔡維力8日率同投控旗下永豐餘工紙總座吳添旺、華紙纖維材料事業部總 座陳瑞和、【永豐實】總座徐志宏、申豐總座許志民、元太總座甘豐源等事業一級主管首度參與 春酒餐會,其中永豐餘工紙是規模最大者,去年貢獻投控營收近45%、約326億元受矚目。 吳添旺表示,目前永豐餘工紙全能生產供應國內市場,這是往年沒有的盛況,新屋廠三台紙 機每…",,,,
mode:code,2014,中鴻,M.1621512720.A.7B8,2021-05-20 20:12:00,新聞,code,sparse,False,1,[新聞]  中鴻盤價連12走揚 6月內銷冷熱軋每噸漲2,2,True,False,True,True,中鴻,556,"[代號] …走揚 6月內銷冷熱軋每噸漲2 原文標題: 中鴻盤價連12走揚 6月內銷冷熱軋每噸漲2800元 原文連結: https://reurl.cc/6yA6ay 發布時間: 2021/05/20 17:29 原文內容: 鋼鐵廠中鴻 (【2014】-TW) 今 (20) 日開出 6 月內銷及 6 月至 8 月外銷盤價,內銷熱、冷軋調漲每公噸上漲 2800 元,RRQ 及鍍鋅調漲 3200-3500 元;外銷方面,依產品及地區別,每公噸調漲 130-200 美元,實際報價視當地市場行情…
[簡稱(name_with_context)] …月外銷盤價,內銷熱、冷軋調漲每公噸上漲 2800 元,RRQ 及鍍鋅調漲 3200-3500 元;外銷方面,依產品及地區別,每公噸調漲 130-200 美元,實際報價視當地市場行情而定,連續 12 個月內外銷盤價走揚。 以各國市場來看,【中鴻】表示,美國政府維持財政擴張及貨幣寬鬆政策,帶動國內產業持續復甦,加上 232 條款關稅限制,造成美國鋼價一路飛漲,行情明顯高於歐洲及東亞水平。 歐洲方面,在新冠疫苗加速接種、限制措施放寬,及經濟刺激措施的共同作用下,私人消費、投資和出口三…",,,,
mode:code,1309,台達化,M.1597377063.A.F22,2020-08-14 11:51:03,新聞,code,sparse,False,2,[新聞] 國喬上半年EPS 0.78元、台達化1.37元,4,True,False,True,True,台達化,275,"[代號] …元 1.原文連結: https://www.chinatimes.com/realtimenews/20200813005825-260410?chdtv 2.原文內容: AABS與PS今年因產能新增有限,利差相對勝出,台達化(【1309】)、國喬(1312)第2季獲 利同步季增翻倍。台達化第二季EPS 0.95元,季增120%,年成長187%,上半年EPS 1.37 元,年增53.9%。目前產品利差表現仍佳,第三季營運可維持旺季高檔。 3.心得/評論: 全文未完 有…
[簡稱(name)] …[新聞] 國喬上半年EPS 0.78元、【台達化】1.37元 1.原文連結: https://www.chinatimes.com/realtimenews/20200813005825-260410?chdtv 2.原文內容: AABS與PS今年因產能新增有限,利差相對勝出,…
[簡稱(name)] …1.37元 1.原文連結: https://www.chinatimes.com/realtimenews/20200813005825-260410?chdtv 2.原文內容: AABS與PS今年因產能新增有限,利差相對勝出,【台達化】(1309)、國喬(1312)第2季獲 利同步季增翻倍。台達化第二季EPS 0.95元,季增120%,年成長187%,上半年EPS 1.37 元,年增53.9%。目前產品利差表現仍佳,第三季營運可維持旺季高檔。 3.心得/評論: 全…",,,,
mode:code,2330,台積電,M.1605685238.A.AE1,2020-11-18 15:40:38,公告,code,dense,False,1,[公告] Stock 板 開始舉辦樂透!,2,True,False,True,False,台積電|台積,366,"[代號] …記 前股王+存股好標的(? 開盤順序: 4>1=2=3 1. 這只是: 收盤漲幅>= +1% 2. 剛開始: 收盤跌幅<= -1% 3. 存紅茶: +1% >漲跌幅> -1% 4. 不如GG: 【2330】台積電收漲停板 5. 九九老蘇: 本選項不開純贊助~ 一張 10 Ptt幣 (迷你級) 樂透結束時間: 11/19/2020 06:30:11 Thu ※ 編輯: yoche2000 (218.166.25.246 臺灣), 11/18/…
[簡稱(name)] …王+存股好標的(? 開盤順序: 4>1=2=3 1. 這只是: 收盤漲幅>= +1% 2. 剛開始: 收盤跌幅<= -1% 3. 存紅茶: +1% >漲跌幅> -1% 4. 不如GG: 2330【台積電】收漲停板 5. 九九老蘇: 本選項不開純贊助~ 一張 10 Ptt幣 (迷你級) 樂透結束時間: 11/19/2020 06:30:11 Thu ※ 編輯: yoche2000 (218.166.25.246 臺灣), 11/18/202…",,,,
mode:code,1504,東元,M.1675262407.A.3EC,2023-02-01 22:40:07,新聞,code,sparse,False,1,[新聞] 新內閣核定淨零碳排計畫 大同、東元有望,1,True,False,True,True,東元,824,"[代號] …綱要計畫」,主要為面對氣候變遷造成全球環境影響及「淨零碳排」趨勢,共9 個部會提計畫,經費約743億元,期程4年,將以「去碳能源」...等為五大工作圈;面臨 國內外碳稅、費機制即將陸續出現,國內以往長期發展綠電設備大同(2371)、東元( 【1504】)等深耕綠電市場,未來有望受惠商機。 目前「淨零排放」為世界各國發展趨勢,除了越來越講求綠電,為讓能源供給無虞,政府 也為2050淨零轉型目標做好準備。 過去大同和東元為國內老牌家電廠,近年也逐步轉參與國內綠能機電發展。以大同為例, 現…",,,,
mode:code,1434,福懋,M.1664446290.A.EA7,2022-09-29 18:11:30,新聞,code,sparse,False,6,[新聞] 逾10檔個股盤中急拉有貓膩？金管會：元大,1,True,False,True,False,福懋,989,"[代號] …要再多等一點時間確認。 張振山指出,主管機關對股市監測隨時盯,媒體說明的異常也會持續了解。 今(29)日包含仁寶(2324)、華邦電(2344)、旺宏(2337)、佳世達(2352)、 宏碁(2352)、英業達(2356)、福懋(【1434】)、華夏(1305)、中華(2204)、 中碳(1723)、台達化(1309)、福壽(1219)、微星(2377)等個股, 盤中都突然有大單敲進,將股價瞬間推升至高點, 但部分個股隨後可能因投資人追價意願不高,所以又拉回原本的股價。…",,,,
mode:code,2330,台積電,M.1641907378.A.4BD,2022-01-11 21:22:58,新聞,code,dense,False,1,[新聞] 外資估台積電營收成長27% 目標價上看982,10,True,False,True,True,台積電|台積,759,"[代號] …長27% 目標價上看982 原文標題:外資估台積電今年營收成長27% 目標價上調至982元 原文連結:https://news.cnyes.com/news/id/4801565 發布時間:2021-1-11 原文內容: 台積電 (【2330】-TW) 法說召開前夕,外資相繼出具報告調升目標價,美系外資最新報告看 好,台積電今年產能利用率將站穩高檔,加上極佳的議價能力,今年營收估成長 27%、上 看 1 兆 9890 億元,獲利也將維持強勁動能,重申買進評等,目標價則由 930…
[簡稱(name)] …[新聞] 外資估【台積電】營收成長27% 目標價上看982 原文標題:外資估台積電今年營收成長27% 目標價上調至982元 原文連結:https://news.cnyes.com/news/id/4801565 發布時間:2021-1-11 原文內容: 台積…
[簡稱(name)] …[新聞] 外資估台積電營收成長27% 目標價上看982 原文標題:外資估【台積電】今年營收成長27% 目標價上調至982元 原文連結:https://news.cnyes.com/news/id/4801565 發布時間:2021-1-11 原文內容: 台積電 (2330-TW) 法說召開前夕,外資相繼出具報告調…",,,,
mode:code,1102,亞泥,M.1718887259.A.334,2024-06-20 20:40:59,情報,code,sparse,False,1,[情報] 1102亞泥 代子公司公告處分兆豐金,1,True,True,True,True,亞泥,732,"[代號] …[情報] 【1102】亞泥 代子公司公告處分兆豐金 標題:本公司代子公司德勤投資(股)公司處分有價證券 來源:公開資訊觀測站 網址:https://mops.twse.com.tw/mops/web/t146sb05 內文: 雖然是子公司但還是賺爛了,這…",,,,
mode:code,2337,旺宏,M.1591350189.A.839,2020-06-05 17:43:09,請益,code,sparse,False,2,[請益] 股板是不是都是股神?,1,True,False,False,False,,1366,"[代號] …0%漲幅 有部份則是金融股貢獻的 那話說回來,看PTT閒聊文裡面超級多股神,都能抓到每一天要漲什麼提早佈局 每天都看到大家數錢 跟酸+~被嘎空手 跟某些投顧老師一樣天天變出飆股漲停 仿佛大家都沒有買330+的GG 90+的2317 40的【2337】 被套元件族群 做期貨多單這週確實是隨便買隨便爽 但是股票除非上週買滿手290~295GG 不然這週很多股票都是輪流漲輪流出或貨啊 我期貨多單賺300點 但是強勢股很多都躺平 整週沒啥動 看了PTT閒聊文都會覺得PTT高手如雲 人人是股…",,,,
mode:code,2330,台積電,M.1602743086.A.5FC,2020-10-15 14:24:46,新聞,code,dense,False,1,[新聞] 台積電第3季獲利創新高 每股純益5.3元,8,True,False,True,True,台積電|台積,714,"[代號] …3元 1.原文連結: ※過長無法點擊者必須縮網址 https://money.udn.com/money/story/5612/4937545 2.原文內容: 2020-10-15 14:00中央社 新竹15日電 晶圓代工廠台積電(【2330】)第3季獲利表現亮麗,稅後淨利新台幣1373.1億元,季增13.6% ,並創歷史新高紀錄,每股純益5.3元。 台積電下午舉行線上法人說明會,公布第3季營運結果。隨著智慧手機、高效能運算及物 聯網平台業績成長,台積電第3季營收攀高至121.…
[簡稱(name)] …[新聞] 【台積電】第3季獲利創新高 每股純益5.3元 1.原文連結: ※過長無法點擊者必須縮網址 https://money.udn.com/money/story/5612/4937545 2.原文內容: 2020-10-15 14:00中央社 新竹…
[簡稱(name)] …純益5.3元 1.原文連結: ※過長無法點擊者必須縮網址 https://money.udn.com/money/story/5612/4937545 2.原文內容: 2020-10-15 14:00中央社 新竹15日電 晶圓代工廠【台積電】(2330)第3季獲利表現亮麗,稅後淨利新台幣1373.1億元,季增13.6% ,並創歷史新高紀錄,每股純益5.3元。 台積電下午舉行線上法人說明會,公布第3季營運結果。隨著智慧手機、高效能運算及物 聯網平台業績成長,台積電第3季營收攀高…",,,,
mode:code,2610,華航,M.1661934563.A.BAA,2022-08-31 16:29:23,請益,code,dense,False,1,[請益] 主力偷買被抓包？,1,True,False,True,False,華航,329,"[代號] …[請益] 主力偷買被抓包? 標的:【2610】 華航 分類:討論 分析/正文: 旅遊概念股盤中又噴,主力偷買被發現? 上次旅遊股爆噴,結果交通部出來出來澄清。 隔幾天又噴到底發生甚麼事? 難不成不死鳥的頭銜要轉給旅遊股了嗎? 技術面:前幾日一波大漲,後續兩天跟著5日線越墊越高,收盤…",,,,
mode:code,2323,中環,M.1665049736.A.A8D,2022-10-06 17:48:56,情報,code,dense,False,2,[情報] 2323中環取得陽明股票,2,True,True,True,True,中環,470,"[代號] …[情報] 【2323】中環取得陽明股票 https://mops.twse.com.tw/mops/web/t05sr01_1 1.證券名稱: 陽明海運 普通股 2.交易日期:111/9/23~111/10/6 3.交易數量、每單位價格及交易總金額: 交易數量…
[簡稱(name_with_context)] …[情報] 2323【中環】取得陽明股票 https://mops.twse.com.tw/mops/web/t05sr01_1 1.證券名稱: 陽明海運 普通股 2.交易日期:111/9/23~111/10/6 3.交易數量、每單位價格及交易總金額: 交易數量(仟…",,,,
mode:code,2002,中鋼,M.1620040840.A.D0F,2021-05-03 19:20:40,其他,code,dense,False,6,[其他] TOP100券商買超股,1,True,False,True,False,中鋼,751,"[代號] ….36% 0% 1440 南紡 31.05 130,625 29,781 1.45% 0.04% 2603 長榮 86.6 552,286 25,542 0.05% 0.27% 【2002】 中鋼 38.55 363,817 12,142 0.16% 0.16% 2888 新光金 10.0 109,823 11,695 0.16% 0% 2610 華航 19.9…",,,,
mode:code,2342,茂矽,M.1627364284.A.B21,2021-07-27 13:38:04,標的,code,sparse,False,1,Re: [標的] 空頭大屠殺2 霸佔矽晶圓 空,1,True,False,True,False,茂矽,988,[代號] …7/26加空 7/27收 : 矽晶圓: : 3707 漢磊 119.0 122 112 : 3016 嘉晶 99.2 107 98.6 : 【2342】 茂矽 50.4 46.1 : 2455 全新 147.0 138 : 6182 合晶 68.5…,,,,
mode:code,2323,中環,M.1633314727.A.F88,2021-10-04 10:32:07,新聞,code,dense,False,2,Re: [新聞] 中環取得長榮海運普通股,5,True,False,True,True,中環,335,"[代號] …波克比 公告 8/25 - 9/27 買進 平均價格 128.84元的長榮 2340張 對比現在104元的長榮 請問中環會進來護盤嗎 急問 ,線上等 原文內容: : 日 期:2021年09月27日 : : 公司名稱:中環 (【2323】) : : 主 旨:中環取得長榮海運普通股股票之 : : 發言人:陳君煒 : : 說 明: : : 1.證券名稱:長榮海運 普通股 : : 2.交易日期:110/8/25~110/9/27 : : 3.交易數量、每單位價格及交易…
[簡稱(name_with_context)] …Re: [新聞] 【中環】取得長榮海運普通股 ※ 引述 《nisi0773》 之銘言: : 台灣波克比 公告 8/25 - 9/27 買進 平均價格 128.84元的長榮 2340張 對比現在104元的長榮 請問中環會進來護盤嗎 急問 ,線上等 原…
[簡稱(name_with_context)] …Re: [新聞] 中環取得長榮海運普通股 ※ 引述 《nisi0773》 之銘言: : 台灣波克比 公告 8/25 - 9/27 買進 平均價格 128.84元的長榮 2340張 對比現在104元的長榮 請問【中環】會進來護盤嗎 急問 ,線上等 原文內容: : 日 期:2021年09月27日 : : 公司名稱:中環 (2323) : : 主 旨:中環取得長榮海運普通股股票之 : : 發言人:陳君煒 : : 說 明: : : 1.證券名稱:…",,,,
mode:code,1218,泰山,M.1733819056.A.20B,2024-12-10 16:24:16,情報,code,sparse,False,1,[情報] 1218 泰山 11月營收,4,True,True,True,True,泰山,434,"[代號] …[情報] 【1218】 泰山 11月營收 1. 標題: 1218 泰山 11月營收 2. 來源: 公開資訊觀測站 (公司名、網站名) 3. 網址: https://mops.twse.com.tw/mops/web/t05st1…
[代號] …[情報] 1218 泰山 11月營收 1. 標題: 【1218】 泰山 11月營收 2. 來源: 公開資訊觀測站 (公司名、網站名) 3. 網址: https://mops.twse.com.tw/mops/web/t05st10_ifrs (請善用縮網址工具)…
[簡稱(name_with_context)] …[情報] 1218 【泰山】 11月營收 1. 標題: 1218 泰山 11月營收 2. 來源: 公開資訊觀測站 (公司名、網站名) 3. 網址: https://mops.twse.com.tw/mops/web/t05st10_i…",,,,
mode:code,4994,傳奇,M.1686053933.A.39F,2023-06-06 20:18:53,新聞,code,silent,False,1,[新聞] 傳奇5月營收月增14.8% 每股稅前賺0.33元,1,True,False,True,True,傳奇,579,"[代號] …原文標題:傳奇5月營收月增14.8% 每股稅前賺0.33元 原文連結:https://news.cnyes.com/news/id/5203244 發布時間:2023/06/06 19:40 發文來源:鉅亨網 原文內容: 傳奇 (【4994】-TW) 今 (6) 日公告 5 月營收與自結,營收 1.61 億元,月增 14.88%、年 減 11.5%,營業利益 3411 萬,年增 82%,稅前盈餘 3593 萬元,年增 425%,每股稅前 盈餘 0.33 元。 傳奇累積前 5…",,,,
mode:code,1210,大成,M.1677313792.A.4B7,2023-02-25 16:29:52,新聞,code,sparse,False,2,[新聞] 雞肉也大漲 今年恐出現「百元」雞排,1,True,False,True,False,大成,971,"[代號] …禽流感,大量撲殺雞隻,無法自國外進口雞肉情況下,雞肉供 需失衡,雞胸肉、腿肉和翅膀價格將會持續向上,恐影響國產雞肉供應,以目前一片雞排 價格約80-95元,業者認為,缺肉高峰將落在4-5月,今年恐會出現「百元」雞排。 國內食品業包括大成(【1210】)、卜蜂、福壽與茂生農經等公司均有布局肉雞市場。 卜蜂表示,全球各地都出現禽流感疫情,導致雞隻遭撲殺,也使雞肉供需不平衡,預估價 格到今年3-4月都會是高檔,尤其3月中開始,將會有明顯缺雞問題,預估高點將落在4-5 月,6月才有機會回穩,…",,,,
mode:code,1308,亞聚,M.1641465140.A.133,2022-01-06 18:32:20,情報,code,sparse,False,1,[情報] 0106分點重壓股,1,True,False,True,False,亞聚,452,"[代號] …日勝生 11.0 2,091 元大敦南 759 36.3% 90.01 3105 穩懋 375.0 4,287 台灣匯立 1,451 33.85% 42.4 【1308】 亞聚 35.7 2,922 兆豐 930 31.82% 59.37 2379 瑞昱 555.0 2,925 台灣摩根士丹利 896 30.66% 51.…",,,,
mode:code,2308,台達電,M.1722832038.A.CE3,2024-08-05 12:27:18,新聞,code,sparse,False,3,[新聞] 日韓股市也崩！東證指數觸發熔斷機制、南,2,True,False,True,False,台達電,734,"[代號] …20982點開出,盤中跌幅持續擴大,市值一口氣蒸發近5兆元,從69.04兆元減至 64.31兆億元。權值股也全面重挫,其中台積電一開盤即失守900元關卡,盤中一度最低價 來到835元、跌逾7%,鴻海(2317)、聯發科(2454)、台達電(【2308】)也一度亮燈跌停 。 至於日經225指數、東證指數早盤一路走低,其中日經225指數跌幅擴大至超7%,東證指數 也觸發了熔斷機制,暫停交易約10分鐘。 日本兩大股市指數已經遁入空頭市場,自高點回檔超過20%。專家指出,日股恐進入技術 性熊…
[簡稱(name)] …台股今以20982點開出,盤中跌幅持續擴大,市值一口氣蒸發近5兆元,從69.04兆元減至 64.31兆億元。權值股也全面重挫,其中台積電一開盤即失守900元關卡,盤中一度最低價 來到835元、跌逾7%,鴻海(2317)、聯發科(2454)、【台達電】(2308)也一度亮燈跌停 。 至於日經225指數、東證指數早盤一路走低,其中日經225指數跌幅擴大至超7%,東證指數 也觸發了熔斷機制,暫停交易約10分鐘。 日本兩大股市指數已經遁入空頭市場,自高點回檔超過20%。專家指出,日股恐進入…",,,,
mode:code,2610,華航,M.1678335397.A.90E,2023-03-09 12:16:37,新聞,code,dense,False,1,Re: [新聞] 航空業客運量將回到疫前水準？兩岸直航,1,True,False,True,False,華航,405,"[代號] …題:航空業客運量將回到疫前水準?兩岸直航恢復成最後拼圖 : 原文連結:https://reurl.cc/DXWXjQ : 發布時間:2023/2/3 : 記者署名:王莞甯 : 原文內容: : 中國國台辦表態希望兩岸航線恢復正常運轉,華航 (【2610】-TW)、長榮航 (2618-TW) 均對 : 此表態,將依主管機關規劃做滾動式調整,法人解讀,由於中港澳占我國出入境人數比重 : 達 40%,中國解封是航空業復甦最後一片拼圖,隨著解封速度優於預期,預料航空業今年…",,,,
mode:code,2330,台積電,M.1611463713.A.017,2021-01-24 12:48:33,標的,code,dense,False,1,Re: [標的] (請益)台積上看1000,9,True,False,True,True,台積電|台積,1332,"[代號] …損價,否則依板規1-1-6處份 : 4.若為長期投資,但無充份分析理由,將依板規1-1-5處份 : 4.請依格式輸入內容,未依格式者板規1-1-2砍文處份。 : 5.分類選填請益或心得者,進退場機制得刪去。 : 1. 標的: 【2330】 台積電 : 2. 分類:請益 : 台積上看1000的依據? 可能性? : 3. 分析/正文: : 大家好~ : 小弟, 菜雞啦~~~ : 連菜市場賣菜的阿嬤, 都知道台積上看1000... : 小弟想請問一下, 這理論依據是哪來的????…
[簡稱(name)] …Re: [標的] (請益)【台積】上看1000 ※ 引述《pttccbbs (不知道要取啥)》之銘言: : ------------------------------------------------------------------------- : 1.發文前請先…
[簡稱(name)] …依板規1-1-6處份 : 4.若為長期投資,但無充份分析理由,將依板規1-1-5處份 : 4.請依格式輸入內容,未依格式者板規1-1-2砍文處份。 : 5.分類選填請益或心得者,進退場機制得刪去。 : 1. 標的: 2330 【台積電】 : 2. 分類:請益 : 台積上看1000的依據? 可能性? : 3. 分析/正文: : 大家好~ : 小弟, 菜雞啦~~~ : 連菜市場賣菜的阿嬤, 都知道台積上看1000... : 小弟想請問一下, 這理論依據是哪來的???? : 很…",,,,
mode:code,2330,台積電,M.1721399550.A.269,2024-07-19 22:32:30,新聞,code,dense,False,1,[新聞] 外資狂賣1665億元免驚！台積電法說會後 8,14,True,False,True,True,台積電|台積,1121,"[代號] …聞] 外資狂賣1665億元免驚!台積電法說會後 8 外資狂賣1665億元免驚!台積電法說會後 8家外資火速調升最新目標價 https://udn.com/news/story/7251/8106888?from=redpush 台積電(【2330】)19日跌破千元關卡至970元,本周(15至19日)外資狂賣1,665.2億元,不 過外資圈無懼政治不確定因素,紛紛釋出最新觀點並上調目標價,包括花旗集團、匯豐證 券、野村證券等10家外資券商,除按讚台積電外,更上調目標價至千元以上。 台…
[簡稱(name)] …[新聞] 外資狂賣1665億元免驚!【台積電】法說會後 8 外資狂賣1665億元免驚!台積電法說會後 8家外資火速調升最新目標價 https://udn.com/news/story/7251/8106888?from=redpush 台積電(2330)19日跌破千元關卡至970元…
[簡稱(name)] …[新聞] 外資狂賣1665億元免驚!台積電法說會後 8 外資狂賣1665億元免驚!【台積電】法說會後 8家外資火速調升最新目標價 https://udn.com/news/story/7251/8106888?from=redpush 台積電(2330)19日跌破千元關卡至970元,本周(15至19日)外資狂賣1,665.2億…",,,,
mode:code,1101,台泥,M.1684484787.A.203,2023-05-19 16:26:27,新聞,code,dense,False,1,[新聞] 1101 台泥電動大貨卡投入IKEA綠色物流,4,True,True,True,True,台泥,1032,"[代號] …[新聞] 【1101】 台泥電動大貨卡投入IKEA綠色物流 原文標題:台泥集團引進的全台首輛電動大貨卡 投入IKEA綠色物流 原文連結:https://reurl.cc/qk9nr0 發布時間:2023/05/19 15:38 記者署名:記者楊雅民/台北報…
[代號] …A綠色物流 原文標題:台泥集團引進的全台首輛電動大貨卡 投入IKEA綠色物流 原文連結:https://reurl.cc/qk9nr0 發布時間:2023/05/19 15:38 記者署名:記者楊雅民/台北報導 原文內容: 台泥(【1101】)企業團旗下台灣通運引進的全台首輛電動大貨卡,將為全球家具家飾品牌 IKEA(宜家家居)提供零碳綠色物流服務,台灣通運董事長辜公怡(左)、台灣通運總經 理吳曉玲(中)與台泥儲能副總黃義協(右)特別出席IKEA物流中心啟用儀式,見證國內 綠色…
[代號] …IKEA(宜家家居)提供零碳綠色物流服務,台灣通運董事長辜公怡(左)、台灣通運總經 理吳曉玲(中)與台泥儲能副總黃義協(右)特別出席IKEA物流中心啟用儀式,見證國內 綠色物流的重要里程碑。 (台泥提供) 〔記者楊雅民/台北報導〕台泥(【1101】)企業團旗下台灣通運引進的全台首輛電動大貨卡 ,將為全球家具家飾品牌IKEA(宜家家居)提供零碳綠色物流服務,將由IKEA物流中心出 發,每天為台北內湖、桃園和台中店3家店提供補貨服務。 IKEA目標要在2025年前將產品運送的碳排放降於…",,,,
mode:code,2603,長榮,M.1621835109.A.3F3,2021-05-24 13:45:09,標的,code,dense,False,1,[標的] 2603 長榮 封閉缺口多,2,True,True,False,False,,137,"[代號] …[標的] 【2603】 長榮 封閉缺口多 1. 標的:2603 長榮 2. 分類:多 3. 分析/正文: EPS甚麼的我就不多說了,大家都知道 技術面就是站上所有均線,然後空方缺口封閉 接著就是要向上挑戰前高了 4. 進退場機制: 停利:至少100…
[代號] …[標的] 2603 長榮 封閉缺口多 1. 標的:【2603】 長榮 2. 分類:多 3. 分析/正文: EPS甚麼的我就不多說了,大家都知道 技術面就是站上所有均線,然後空方缺口封閉 接著就是要向上挑戰前高了 4. 進退場機制: 停利:至少100 停損:跌破三條均線 快來救我好嗎~…",,,,
mode:code,2208,台船,M.1681362757.A.E94,2023-04-13 13:12:37,新聞,code,sparse,False,2,[新聞] 軍工股熱 這些漲停股都爆大量 漢翔進前三,3,True,False,True,False,台船,875,"[代號] …台股今(13)日走跌,但軍工股仍吸引資金搶進,持續是盤面上的強勢族群,漢翔(2634 )挾著軍工及GE大單到手等題材,股價開高走高飆上漲停52.9元,再創歷史天價,盤中爆 出逾9.57萬張成交量,居個股成交量第三大,同樣爆量漲停的還有台船(【2208】)、寶一( 8222)、精剛(1584)、和成(1810)、晟田(4541)等軍工股。 漢翔與GE簽定十年長約,350億元大單到手,將供應發動機核心零組件,使用在空巴、波 音B737 MAX等機型;漢翔股價今(13)日續強,早盤跳空開高走…
[簡稱(name_with_context)] …容: 台股今(13)日走跌,但軍工股仍吸引資金搶進,持續是盤面上的強勢族群,漢翔(2634 )挾著軍工及GE大單到手等題材,股價開高走高飆上漲停52.9元,再創歷史天價,盤中爆 出逾9.57萬張成交量,居個股成交量第三大,同樣爆量漲停的還有【台船】(2208)、寶一( 8222)、精剛(1584)、和成(1810)、晟田(4541)等軍工股。 漢翔與GE簽定十年長約,350億元大單到手,將供應發動機核心零組件,使用在空巴、波 音B737 MAX等機型;漢翔股價今(13)日續強,早盤…
[簡稱(name_with_context)] …到手,將供應發動機核心零組件,使用在空巴、波 音B737 MAX等機型;漢翔股價今(13)日續強,早盤跳空開高走高,以49.9元開出後衝上 漲停52.9元,再創歷史天價,漲停及市價買單超過22,000張,盤中成交量居個股成交量第 三大。 【台船】以25元開高後衝上漲停26.85元鎖死,漲停及市價買單超過24,000張,盤中成交量逾 7.4萬張,居個股成交第五大;寶一以42.8元開高後衝上漲停46.35元鎖死,創下歷史天價 ,盤中爆出逾4.6萬張成交量,已超過昨日的成交總量。 精剛…",,,,
mode:code,2603,長榮,M.1620944647.A.949,2021-05-14 06:24:07,請益,code,dense,False,2,Re: [請益] 海運應該沒肉了,1,True,False,False,False,,524,"[代號] …人家平倉而已 融券大量回補也是代表平倉而已 融資來看 5/9收91.5那天才有大量融資 5/10收100.5那天融資不多 5/11,5/12兩天減少很多 整體維持率昨天還有151%,要殺到130%還遠 技術面來看 月線會是決戰點 【2603】長榮 整體來看比陽明好做 首先是技術面剛好卡在月線,今天收盤就可以看得出方向了 雖然籌碼面一樣是回補 但第一名的凱基根本是被嘎到鬆一口氣 4/28做空,禮拜四這樣殺才回到他成本區 我個人認為和輸家對做贏面大 陽明回補的是高檔賣出,低檔回補…",,,,
mode:code,6923,中台,M.1713246067.A.F24,2024-04-16 13:41:07,新聞,code,silent,False,1,[新聞] 《DJ在線》銅價1萬美元在望，金屬回收商,1,True,False,True,False,中台,1408,"[代號] …年度增加簽訂較固定的原物料買賣合約等新業務對營收也有 助益,公司從接單狀況看今年表示,至少沒有掉甚麼客戶、新客戶量也有增加,因此對今 年業績看法是不會比去年差。加上黃金及銅價都已比去年好,法人看好今年本業獲利年增 ,但因去年有業外認列中台(【6923】)金融評價利益大幅貢獻,今年EPS仍難超越去年的5.57 元。 心得/評論: 內文提到昶昕(8438)/綠電(8440)/衛司特(6894)/金益鼎(8390)這幾間金屬回收商 看近期金屬原料走勢 ,加上俄羅斯再度被制裁 ,相關產業將有…",,,,
mode:code,2330,台積電,M.1712590586.A.08B,2024-04-08 23:36:26,新聞,code,dense,False,1,[新聞] 台積電獲66億美元補助　經濟部：在台產能,11,True,False,True,True,台積電|台積,585,"[代號] …濟部:在台產能仍維持8-9成 原文連結: https://finance.ettoday.net/news/2715657 發布時間: 2024-04-08 20:01 記者署名: 記者廖婕妤/台北報導 原文內容: 台積電(【2330】)今(8)日宣布獲得美國66億美元的晶片法案補助,將在亞利桑那州建立 第3座晶圓廠,對此,經濟部表示,台積電在台灣的產能會維持8-9成,台灣作為生產關鍵 重心的方向不變,日後台積電對外投資送案,將依目前投資審查機制依法審查。 有關台積電獲…
[簡稱(name)] …[新聞] 【台積電】獲66億美元補助 經濟部:在台產能 原文標題: 台積電獲66億美元補助 經濟部:在台產能仍維持8-9成 原文連結: https://finance.ettoday.net/news/2715657 發布時間: 2024-04-08…
[簡稱(name)] …[新聞] 台積電獲66億美元補助 經濟部:在台產能 原文標題: 【台積電】獲66億美元補助 經濟部:在台產能仍維持8-9成 原文連結: https://finance.ettoday.net/news/2715657 發布時間: 2024-04-08 20:01 記者署名: 記者廖婕妤/台北報導 原…",,,,
mode:code,2330,台積電,M.1638374364.A.02F,2021-12-01 23:59:24,標的,code,dense,False,2,[標的] 2330帶飛台股上20000,5,True,True,True,False,台積電|台積,239,"[代號] …[標的] 【2330】帶飛台股上20000 1. 標的:2330 台股 2. 分類:請益/多 3. 分析/正文: 本韮最近學了一點技術分析 很迷信時間對稱跟漲幅對稱 https://i.imgur.com/BOh0KXt.jpg 等幅對稱900 300*8…
[代號] …[標的] 2330帶飛台股上20000 1. 標的:【2330】 台股 2. 分類:請益/多 3. 分析/正文: 本韮最近學了一點技術分析 很迷信時間對稱跟漲幅對稱 https://i.imgur.com/BOh0KXt.jpg 等幅對稱900 300*8=2400 17600+2400=2000…
[代號] …時間對稱跟漲幅對稱 https://i.imgur.com/BOh0KXt.jpg 等幅對稱900 300*8=2400 17600+2400=20000 只要折折閉嘴 台積電無敵3奈米 然後與無敵宇宙船還有2303 再加一個6770 【2330】+6770+2303+2498 四家叱詫台灣十餘年的大集團 我就問一句 台股 蒿吐露絲? 4. 進退場機制:台積阿北圖…",,,,
mode:code,1582,信錦,M.1699275159.A.546,2023-11-06 20:52:39,標的,code,silent,False,1,[標的] 信錦  小短多,2,True,False,True,True,信錦,153,"[代號] …[標的] 信錦 小短多 1. 標的: 【1582】 信錦 2. 分類:討論 3. 分析/正文: 軸承概念股之一,兆利已經噴得不要不要,這隻定存股有機會爆發小宇宙嗎? 雖然每年穩穩地領 3-4塊也蠻不錯的,不過9號有小興櫃股轉上牌面, 有沒有搭載軸承行情尻一波,請大大幫解惑,小弟…
[簡稱(name_with_context)] …[標的] 信錦 小短多 1. 標的: 1582 【信錦】 2. 分類:討論 3. 分析/正文: 軸承概念股之一,兆利已經噴得不要不要,這隻定存股有機會爆發小宇宙嗎? 雖然每年穩穩地領 3-4塊也蠻不錯的,不過9號有小興櫃股轉上牌面, 有沒有搭載軸承行情尻一波,請大大幫解惑,小弟感激不盡…",,,,
mode:code,2409,友達,M.1697647460.A.7AB,2023-10-19 00:44:20,新聞,code,dense,False,1,[新聞] 研調 大尺寸面板出貨規模再下修 2023年減,5,True,False,True,False,友達,1005,"[代號] …新手機推出 供需有上來但還是要跟跌 戀人貓貓還有能源事業群 太陽能建置會不會很燒錢 雙軸轉型能不能永續和成功 也只能未來才明瞭 今年營運堪憂 畢竟老王的節目也修正短期看法 看錯面板貓貓 直接被家法 面板貓貓在台股公司總市值排名~ 【2409】(友達) 市值1,209億元 排名: 79 3481(群創) 市值1,099億元 排名: 88 6116(彩晶) 市值 332億元 排名:230 面板貓貓千張大戶佔比與股東人數 2409(友達) 53.07% 473,710人 3481…
[代號] …貓 直接被家法 面板貓貓在台股公司總市值排名~ 2409(友達) 市值1,209億元 排名: 79 3481(群創) 市值1,099億元 排名: 88 6116(彩晶) 市值 332億元 排名:230 面板貓貓千張大戶佔比與股東人數 【2409】(友達) 53.07% 473,710人 3481(群創) 44.59% 563,501人 6116(彩晶) 45.44% 262,628人 面板貓貓股價淨值比 2409(友達) 0.74 3481(群創) 0.49 6116(彩晶) 0…
[代號] …市值 332億元 排名:230 面板貓貓千張大戶佔比與股東人數 2409(友達) 53.07% 473,710人 3481(群創) 44.59% 563,501人 6116(彩晶) 45.44% 262,628人 面板貓貓股價淨值比 【2409】(友達) 0.74 3481(群創) 0.49 6116(彩晶) 0.72…",,,,
mode:code,1711,永光,M.1648722055.A.534,2022-03-31 18:20:55,標的,code,sparse,False,1,Re: [標的] 1711.TW 永光 空,3,True,True,True,True,永光,924,"[代號] …Re: [標的] 【1711】.TW 永光 空 ※ 引述《wayne6250 (wayne)》之銘言: : ------------------------------------------------------------------------- : 1.發標的…
[代號] …請輸入停損價,否則依板規1-1-6處份 : 3.請依格式輸入內容,未依格式者板規1-1-2砍文處份。 : 標題請使用以下格式:股號.市場碼+股名+分類 (市場碼:TW US HK CN JP KR...) : 1. 標的: 【1711】.TW 永光 : 2. 分類:空 : 3. 分析/正文: : a.出量大黑k。 : b.大戶持股比例降低,散戶則增加,可以再追蹤這週的籌碼狀況。 : 前高收在28.4,最高在29.25,若收盤沒過28.4認為都是好空點,有拉高再找機會再加…
[簡稱(name_with_context)] …則依板規1-1-6處份 : 3.請依格式輸入內容,未依格式者板規1-1-2砍文處份。 : 標題請使用以下格式:股號.市場碼+股名+分類 (市場碼:TW US HK CN JP KR...) : 1. 標的: 1711.TW 【永光】 : 2. 分類:空 : 3. 分析/正文: : a.出量大黑k。 : b.大戶持股比例降低,散戶則增加,可以再追蹤這週的籌碼狀況。 : 前高收在28.4,最高在29.25,若收盤沒過28.4認為都是好空點,有拉高再找機會再加 空 : ,反…",,,,
mode:code,2603,長榮,M.1633494620.A.73D,2021-10-06 12:30:20,新聞,code,dense,False,3,Re: [新聞] 無懼長榮被「關禁閉」航運股飆天價使2,1,True,False,False,False,,1137,"[代號] …股ETF跟攻頂、報酬率衝六成 : 原文連結:https://money.udn.com/money/story/5607/5540860 : 發布時間:2021-06-18 : 原文內容: : 經濟日報 記者趙于萱/即時報導 : 無懼長榮(【2603】)被「關禁閉」,航運股18日再度開飆,占大盤成交比突破四成,連帶 有 : 買航運股的台股ETF跟著上漲慶賀,特別是投資最多的富邦臺灣中小(00733)盤中飆上 45 : .4元,率先其他台股ETF創掛牌新高,累積今年來ETF漲幅也坐穩六成、…",,,,
mode:code,1101,台泥,M.1662205078.A.2F9,2022-09-03 19:37:58,請益,code,dense,False,5,[請益] 股市菜鳥請益,1,True,False,False,False,,550,[代號] …短期上沖下洗的標的先pass 策略 分散買多種標的、分批零股買進(無限攤平之術? 現在是空手狀態 本來想等這陣子除權息完陸續撿便宜買進 但現在情勢讓人越想越不對勁 還在觀望+選標的中 目前選的標的如下 1.傳產股 台塑四寶、臺泥(【1101】)、中鋼(2002) 台化(1326)及台塑化(6505)現在的價格讓人好心動rrrr 2.食品股 全家(5903)、統一(1216)、味全(1201)、南僑(1702) 3.電信股 台灣大(3045)、中華電現在好貴先不考慮....…,,,,
mode:code,2330,台積電,M.1616316231.A.29B,2021-03-21 16:43:51,新聞,code,dense,False,6,[新聞] 0052大換股！富邦科技持股台積電降至59%,15,True,False,True,True,台積電|台積,1277,"[代號] …39 經濟日報 / 記者趙于萱/台北即時報導 原文內容: 台股ETF「含積量」第一高的富邦科技(0052)19日跟隨台灣指數系列大換股,這次因該 檔追蹤的「臺灣資訊科技指數」產業別異動,必須新增多達29檔成分股,另剔除三檔股票 ,台積電(【2330】)權重被大砍。富邦投信預估,台積電權重將降到六成左右;官網則顯示 ,台積電權重由前一日的71%,驟降到59%。 依投信投顧公會統計到2月底,富邦科技持有台積電72%,持股8,960張,到19日為止的波 段期間,約減碼台積電1,349張,1…
[簡稱(name)] …[新聞] 0052大換股!富邦科技持股【台積電】降至59% 原文標題: 「最高含積量」ETF大換股!富邦科技持股台積電降至59% 原文連結: https://udn.com/news/story/7251/5330095 發布時間: 2021-03-19 17:39 經濟日報 / 記…
[簡稱(name)] …[新聞] 0052大換股!富邦科技持股台積電降至59% 原文標題: 「最高含積量」ETF大換股!富邦科技持股【台積電】降至59% 原文連結: https://udn.com/news/story/7251/5330095 發布時間: 2021-03-19 17:39 經濟日報 / 記者趙于萱/台北即時報導 原文內容: 台股ETF「含積量」第一高的富邦…",,,,
mode:code,2603,長榮,M.1683628642.A.107,2023-05-09 18:37:22,情報,code,dense,False,1,[情報] 2603長榮4月營收 月增2.1%,2,True,True,False,False,,208,"[代號] …[情報] 【2603】長榮4月營收 月增2.1% 2603長榮4月營收 112年04月營收22,336,727 112年03月營收21,884,625 去年同期月營收56,199,907 YOY -60.25% MOM 2.1% 來源https://mop…
[代號] …[情報] 2603長榮4月營收 月增2.1% 【2603】長榮4月營收 112年04月營收22,336,727 112年03月營收21,884,625 去年同期月營收56,199,907 YOY -60.25% MOM 2.1% 來源https://mops.twse.com.tw/mops…",,,,
mode:code,1104,環泥,M.1730709073.A.DE7,2024-11-04 16:31:13,公告,code,sparse,False,2,[公告] 1104 水桶,1,True,True,False,False,,5896,"[代號] …[公告] 【1104】 水桶 主旨:多人水桶公告 說明:經板主群合議認定及主動巡查,以下使用者違反板規 1. 違規人 :plugtask 違規文章:#1d7Bb9lV (Stock) 檢舉文章:#1d7BhOsn (StockPicket) 違規條目:4-…",,,,
mode:code,1519,華城,M.1710316908.A.D32,2024-03-13 16:01:48,情報,code,sparse,False,1,[情報] 1519 華城 達注意標準公布財報,2,True,True,True,True,華城,1192,"[代號] …[情報] 【1519】 華城 達注意標準公布財報 標題:係因本公司有價證券於集中交易市場達公布注意交易資訊標準, 故公布相關財務 業務等重大訊息,以利投資人區別瞭解 來源:公開資訊觀測站 網址:https://mops.twse.com.tw/mops/we…
[簡稱(name_with_context)] …[情報] 1519 【華城】 達注意標準公布財報 標題:係因本公司有價證券於集中交易市場達公布注意交易資訊標準, 故公布相關財務 業務等重大訊息,以利投資人區別瞭解 來源:公開資訊觀測站 網址:https://mops.twse.com.tw/mops/web/t…",,,,
mode:code,2609,陽明,M.1655980689.A.8F7,2022-06-23 18:38:09,新聞,code,dense,False,2,"[新聞] 最懂航運的人 台驊勇敢加碼陽明3,000張",10,True,False,True,True,陽明,736,"[代號] …0636?from=ednappsharing ※網址超過一行過長請用縮網址工具 發布時間:2022/6/23 ※請以原文網頁/報紙之發布時間為準 記者署名:黃淑惠 ※原文無記載者得留空 原文內容: 長榮( 2603 )、陽明(【2609】)跌破100元後,全台都在問現在能進場買進貨櫃三雄嗎?不少網友心目中台驊( 2636 )已經成為最懂航運的人,也是市場公認的航海王,台驊今(23)日公告進場買進陽明3000張,每股平均買進價格109.37元。 貨櫃三雄慘跌後,台驊今天公告…
[簡稱(name_with_context)] …[新聞] 最懂航運的人 台驊勇敢加碼【陽明】3,000張 原文標題:最懂航運的人 台驊勇敢加碼陽明3,000張 ※請勿刪減原文標題 原文連結:https://money.udn.com/money/story/5607/6410636?from=ednappsharing ※網址…
[簡稱(name_with_context)] …[新聞] 最懂航運的人 台驊勇敢加碼陽明3,000張 原文標題:最懂航運的人 台驊勇敢加碼【陽明】3,000張 ※請勿刪減原文標題 原文連結:https://money.udn.com/money/story/5607/6410636?from=ednappsharing ※網址超過一行過長請用縮網址工具 發布時間:2022/6/…",,,,
mode:code,2609,陽明,M.1628002479.A.5BF,2021-08-03 22:54:39,新聞,code,dense,False,3,Re: [新聞] 運價仍看漲　法人：明年視塞港問題是否,2,True,False,True,False,陽明,1599,"[代號] …若是港口塞櫃的問題解決,海運不受影響,則運價將會下跌,影響獲利。 : 貨櫃三雄長榮昨天走勢震盪,但收在141.5元,大漲7.2%;陽明收120元,上漲2.56%;萬 : 海收232元,上漲3.8%。 : 黃國偉指出,長榮(2603)、陽明(【2609】)、萬海(2615)股價跌深反彈,但要再創高其 : 實不易,就像台積電年初漲到679元,要再漲不易。 : 華南投顧董事長儲祥生表示,航運股今天收高,加上IC設計族群強漲,正好順勢擴大台積 : 電等權值股帶動大盤的漲勢,但資金已從航運等傳產股…
[簡稱(name_with_context)] …: 若是港口塞櫃的問題解決,海運不受影響,則運價將會下跌,影響獲利。 : 貨櫃三雄長榮昨天走勢震盪,但收在141.5元,大漲7.2%;陽明收120元,上漲2.56%;萬 : 海收232元,上漲3.8%。 : 黃國偉指出,長榮(2603)、【陽明】(2609)、萬海(2615)股價跌深反彈,但要再創高其 : 實不易,就像台積電年初漲到679元,要再漲不易。 : 華南投顧董事長儲祥生表示,航運股今天收高,加上IC設計族群強漲,正好順勢擴大台積 : 電等權值股帶動大盤的漲勢,但資金已從航…",,,,
mode:code,2603,長榮,M.1616568402.A.174,2021-03-24 14:46:42,新聞,code,dense,False,1,[新聞] 【長榮卡船】1艘船撐住國際油價！布蘭特,1,True,False,True,False,長榮海運,1314,"[代號] …(請以原文網頁/報紙之發布時間為準) 原文內容: 歐洲多國擴大防疫限制,經濟重啟和原油需求前景再蒙陰影,拖累國際原油行情周二大跌 、下探6周來新低,但今晨長榮海運(【2603】)貨櫃輪長賜號(Ever Given)意外擱淺堵住 蘇伊士運河的消息傳出後,市場對原油運輸可能因此中斷的擔憂,似乎為油價提供了支撐 。 倫敦布蘭特原油期貨今在亞洲盤初先是續挫0.53%至每桶60.47美元、接著回升0.64%至 61.18…",,,,
mode:code,2330,台積電,M.1631598918.A.2A5,2021-09-14 13:55:18,新聞,code,dense,False,1,[新聞] 花旗力挺台積電 重申買進、目標價900元,12,True,False,True,True,台積電|台積,571,"[代號] …元 https://ec.ltn.com.tw/article/breakingnews/3670887 外資報告》花旗力挺台積電 重申買進、目標價900元 2021/09/14 09:35 〔財經頻道/綜合報導〕晶圓代工龍頭台積電(【2330】)8月營收達1374億元,創單月營收 歷史次高,花旗認為,市場強勁需求持續,台積電可能上修資本支出和收入增長目標,加 上長期毛利率穩定在50%以上,因此維持評等為「買進」,目標價900元。 花旗指出,直到2021年底前,台積電每月營收將持…
[簡稱(name)] …[新聞] 花旗力挺【台積電】 重申買進、目標價900元 https://ec.ltn.com.tw/article/breakingnews/3670887 外資報告》花旗力挺台積電 重申買進、目標價900元 2021/09/14 09:35 〔財經頻道/綜合報…
[簡稱(name)] …[新聞] 花旗力挺台積電 重申買進、目標價900元 https://ec.ltn.com.tw/article/breakingnews/3670887 外資報告》花旗力挺【台積電】 重申買進、目標價900元 2021/09/14 09:35 〔財經頻道/綜合報導〕晶圓代工龍頭台積電(2330)8月營收達1374億元,創單月營收 歷史次高,花旗認為,市場強勁需求持續,台積電可能上修資本支出和收入增長目標,加 上長期…",,,,
mode:code,2337,旺宏,M.1637766667.A.3E8,2021-11-24 23:11:07,標的,code,sparse,False,2,[標的] 2337.TW 旺宏 空,4,True,True,True,True,旺宏,661,"[代號] …[標的] 【2337】.TW 旺宏 空 ------------------------------------------------------------------------- 1.發標的文未充實內文,多空理由不充實者,板規1-1-5或4-4處份 2.…
[代號] …投資,請輸入停損價,否則依板規1-1-6處份 3.請依格式輸入內容,未依格式者板規1-1-2砍文處份。 標題請使用以下格式:股號.市場碼+股名+分類 (市場碼:TW US HK CN JP KR...) 1. 標的: 【2337】.TW 旺宏 2. 分類:空 3. 分析/正文: a.主力外資今天大賣 b.KD與MACD轉短空趨勢 c.朋友今天看投信買好幾天了開始做多旺宏 台股最近短期偏盤整盤,做短空其實算不錯的做法。 https://i.imgur.com/…
[簡稱(name_with_context)] …價,否則依板規1-1-6處份 3.請依格式輸入內容,未依格式者板規1-1-2砍文處份。 標題請使用以下格式:股號.市場碼+股名+分類 (市場碼:TW US HK CN JP KR...) 1. 標的: 2337.TW 【旺宏】 2. 分類:空 3. 分析/正文: a.主力外資今天大賣 b.KD與MACD轉短空趨勢 c.朋友今天看投信買好幾天了開始做多旺宏 台股最近短期偏盤整盤,做短空其實算不錯的做法。 https://i.imgur.com/BCPg98…",,,,
mode:code,1907,永豐餘,M.1686901207.A.64C,2023-06-16 15:40:07,情報,code,sparse,False,4,Re: [情報] 0616 上市投信買賣超排行,3,True,False,True,False,永豐餘,674,"[代號] …4938和碩 26,902 納入0050 : 2 2886兆豐金 23,870 納入0056 : 3 2353宏碁 22,457 納入0056 : 4 【1907】永豐餘 15,893 納入0056 : 10 1477聚陽 3,383 納入0056 : 31 6669緯穎 737 納入0056 : 賣超 : 1 18…
[簡稱(name)] …2. 來源:富邦證券 : 3. 網址:https://tinyurl.com/2p9axfsj : 4. 內文: 0050 (一)成分股納入:和碩。 (二)成分股刪除:矽力*-KY。 0056 (一)成分股納入:宏碁、聚陽、兆豐金、緯穎、【永豐餘】。 (二)成分股刪除:奇鋐、長榮、旺宏、台玻、同欣電。 : 買超 : 1 4938和碩 26,902 納入0050 : 2 2886兆豐金 23,870 納入0056 : 3…
[簡稱(name)] …4938和碩 26,902 納入0050 : 2 2886兆豐金 23,870 納入0056 : 3 2353宏碁 22,457 納入0056 : 4 1907【永豐餘】 15,893 納入0056 : 10 1477聚陽 3,383 納入0056 : 31 6669緯穎 737 納入0056 : 賣超 : 1 1802台…",,,,
mode:code,2330,台積電,M.1713428659.A.AD4,2024-04-18 16:24:19,新聞,code,dense,False,1,[新聞] 魏哲家直言CoWoS後段OSAT仍供不應求，明,9,True,False,True,False,台積電|台積,513,"[代號] …tvjsNy ※網址超過一行過長請用縮網址工具 發布時間:2024/04/18 15:40 ※請以原文網頁/報紙之發布時間為準 記者署名:記者李純君報導 ※原文無記載者得留空 原文內容: 【財訊快報/記者李純君報導】針對台積電(【2330】)因應AI趨勢的CoWoS產能建置規劃,總 裁魏哲家表示,需求很強、今年產能會超過倍增,台積電會盡力,但仍不足以滿足客戶需 求。 魏哲家表示,CoWoS需求非常非常強烈,台積電已經盡力了,也會全力以赴,但僅僅滿足 部分客戶需求,整體後段O…
[簡稱(name)] …[新聞] 魏哲家直言CoWoS後段OSAT仍供不應求,明 原文標題:魏哲家直言CoWoS後段OSAT仍供不應求,明年【台積電】會非常努力 ※請勿刪減原文標題 原文連結:https://myppt.cc/tvjsNy ※網址超過一行過長請用縮網址工具 發布時間:2024/04/18 15:40 ※請以原文網頁/報紙之發布時間為準 記者署名:記者李純君報導…
[簡稱(name)] ….cc/tvjsNy ※網址超過一行過長請用縮網址工具 發布時間:2024/04/18 15:40 ※請以原文網頁/報紙之發布時間為準 記者署名:記者李純君報導 ※原文無記載者得留空 原文內容: 【財訊快報/記者李純君報導】針對【台積電】(2330)因應AI趨勢的CoWoS產能建置規劃,總 裁魏哲家表示,需求很強、今年產能會超過倍增,台積電會盡力,但仍不足以滿足客戶需 求。 魏哲家表示,CoWoS需求非常非常強烈,台積電已經盡力了,也會全力以赴,但僅僅滿足 部分客戶需求,…",,,,
mode:code,2330,台積電,M.1725840604.A.61C,2024-09-09 08:10:04,新聞,code,dense,False,1,[新聞] 台積電3奈米Q4接單再衝一波 預期全年業績,14,True,False,True,True,台積電|台積,847,"[代號] …台積電3奈米Q4接單再衝一波 預期全年業績 台積電3奈米Q4接單再衝一波 預期全年業績大增34% 2024/09/09 02:47:29 經濟日報 記者鐘惠玲/台北報導 蘋果預計台北時間10日發表iPhone 16新機,搭載台積電(【2330】)3奈米打造的A18系列處 理器,引爆台積電3奈米第一波出貨高潮之後,高通、聯發科最新5G旗艦晶片接棒於10月 問世,加上輝達(NVIDIA)、超微也將接力導入3奈米,引領台積電3奈米第4季起再衝一 波,挹注營運可期。 台積電向來不評論單…
[簡稱(name)] …[新聞] 【台積電】3奈米Q4接單再衝一波 預期全年業績 台積電3奈米Q4接單再衝一波 預期全年業績大增34% 2024/09/09 02:47:29 經濟日報 記者鐘惠玲/台北報導 蘋果預計台北時間10日發表iPhone 16新機,搭載台積電(2330…
[簡稱(name)] …[新聞] 台積電3奈米Q4接單再衝一波 預期全年業績 【台積電】3奈米Q4接單再衝一波 預期全年業績大增34% 2024/09/09 02:47:29 經濟日報 記者鐘惠玲/台北報導 蘋果預計台北時間10日發表iPhone 16新機,搭載台積電(2330)3奈米打造的A18系列處 理器,引爆台積電…",,,,
mode:code,1513,中興電,M.1600867353.A.D3F,2020-09-23 21:22:33,其他,code,sparse,False,3,[其他] 109年09月23日信用交易統計,2,True,False,True,False,中興電,707,"[代號] …資增 3,942 張 券增 291 張 00677U富邦VIX 資減 3,044 張 券增 10,738 張(近5日+159309張) ================================= 【1513】中興電 資增 2,237 張 券減 9,618 張 2330台積電 資增 1,414 張(近5日+5165張) 券減 40 張 2303聯電 資增 15,695 張 券增 1,289 張…
[簡稱(name)] …3,942 張 券增 291 張 00677U富邦VIX 資減 3,044 張 券增 10,738 張(近5日+159309張) ================================= 1513【中興電】 資增 2,237 張 券減 9,618 張 2330台積電 資增 1,414 張(近5日+5165張) 券減 40 張 2303聯電 資增 15,695 張 券增 1,289 張 ===…",,,,
mode:code,2317,鴻海,M.1634523720.A.805,2021-10-18 10:22:00,新聞,code,dense,False,1,[新聞] 直播中｜鴻海科技日今登場！郭董生日親,3,True,False,True,True,鴻海,1206,"[代號] …8/XRRCRCIVNFGMVKQD2IICMXXD6A/ (請善用縮網址工具) 發布時間:14分鐘前 (請以原文網頁/報紙之發布時間為準) 原文內容: 鴻海集團(【2317】)科技日Hon Hai Tech Day (HHTD21)今天(18日)登場,旗下3款電動車 將正式亮相,而鴻海創辦人郭台銘駕駛自家打造電動車進場的一幕,將標誌電子代工巨人 跨入電動車啟程的歷史一刻。在疫情穩定、BNT疫苗到貨,鴻海電動更順…
[簡稱(name_with_context)] …(請以原文網頁/報紙之發布時間為準) 原文內容: 鴻海集團(2317)科技日Hon Hai Tech Day (HHTD21)今天(18日)登場,旗下3款電動車 將正式亮相,而【鴻海】創辦人郭台銘駕駛自家打造電動車進場的一幕,將標誌電子代工巨人 跨入電動車啟程的歷史一刻。在疫情穩定、BNT疫苗到貨,鴻海電動更順利到位,今年郭 董的生日格外充滿意義。 今天參與鴻海科技日與會者,除了百名媒體和法人外,行政院副院長沈榮津、越…
[簡稱(name_with_context)] …團(2317)科技日Hon Hai Tech Day (HHTD21)今天(18日)登場,旗下3款電動車 將正式亮相,而鴻海創辦人郭台銘駕駛自家打造電動車進場的一幕,將標誌電子代工巨人 跨入電動車啟程的歷史一刻。在疫情穩定、BNT疫苗到貨,【鴻海】電動更順利到位,今年郭 董的生日格外充滿意義。 今天參與鴻海科技日與會者,除了百名媒體和法人外,行政院副院長沈榮津、越南駐台北 經濟文化辦事處代表阮英勇、聯電榮譽副董事長宣明智、立法委員高虹安等產業政治等政 要與會。 直播平台(預計10…",,,,
mode:code,2603,長榮,M.1630384831.A.14B,2021-08-31 12:40:31,標的,code,dense,False,1,[標的] 長榮 測底不破多,1,True,False,False,False,,397,"[代號] …[標的] 長榮 測底不破多 1. 標的: 【2603】 長榮 2. 分類:多 3. 分析/正文: 技術面: 從大盤8/20止跌回升至今,經歷了8/26及今天兩次回檔測試,長榮皆未曾跌破月線 目前呈現箱型整理但底部不斷墊高的理想盤整型態 https://imgur.com/v4sB5…",,,,
mode:name,2427,三商電,M.1731596125.A.FA3,2024-11-14 22:55:25,情報,name,sparse,False,2,[情報] 2905三商 Q3:-0.94 三商壽現增認購事宜,1,False,False,True,False,三商電,2584,"[簡稱(name)] …約129,597仟元,持股比例為0.23%,權利受限情形:無。 (4)子公司三商美福室內裝修(股)公司累積持有本交易證券(含本次交易)計11,795仟股, 投資金額約143,635仟元,持股比例為0.21%,權利受限情形:無。 (5)子公司【三商電】腦(股)公司累積持有本交易證券(含本次交易)計14,100仟股, 投資金額約101,667仟元,持股比例為0.25%,權利受限情形:無。 (6)子公司三商行(股)公司累積持有本交易證券(含本次交易) 計約86,601仟股, 投資金額約561…",,,,
mode:name,6505,台塑化,M.1659896171.A.D10,2022-08-08 02:16:11,新聞,name,sparse,False,1,[新聞] 國際油價跌回俄烏戰爭前,3,False,False,True,False,台塑化,1414,"[簡稱(name)] …[新聞] 國際油價跌回俄烏戰爭前 原文標題: 國際油價跌回俄烏戰爭前 【台塑化】陳寶郎:年底預估每桶100美元上下 原文連結: https://ynews.page.link/Knym 發布時間: 2022年8月6日 記者署名: 葉佳華 原文內容: 國際油價近期大幅回挫,美國西德州原油期貨價4日一度跌破90元大…
[簡稱(name)] …史上增幅最小的一次,小到令人幾 乎無感;大宗商品數據公司Kpler美洲石油分析師史密斯Matt Smith也說,顯然拜登的中 東行沒有成效。 市場普遍紛紛指向最主要的原因是,憂心經濟前景可能衰退,恐大幅衝擊能源需求,引發 油價下跌。 但【台塑化】董事長陳寶郎向《信傳媒》指出,這理由肯定沒有錯,只不過「這不是今天才開 始有的」,明明8月1日布蘭特原油每桶還有100美元,才隔幾天就掉到94美元,「真的不 合理,沒什麼道理!」 「我認為如果只看兩天的漲跌,我想理由都是小道消息,沒什麼道…
[簡稱(name)] …高點,一年內回落到90~100美元區間。 花旗集團則是在6月已預估,下半年油價將顯著下跌,認為油價將和大多大宗商品一樣將 呈現價跌趨勢,預估布蘭特油期2022年均價為每桶99美元;2023年則預估會下修到每桶75 美元。 心得/評論: 【台塑化】陳董提到避險基金進出油市,看年底油價還有100元,看來沒有很悲觀,但大漲也 不容易。現原油價格跌回烏克蘭戰爭爆發前的水準,油價再軟下去要看需求撐不撐的住了…",,,,
mode:name,2330,台積電,M.1610768466.A.467,2021-01-16 11:41:06,心得,name,dense,False,2,Re: [心得] 1/15-海運跌停- 那一天，人們回想起了...,2,False,False,True,False,台積電|台積,1262,"[簡稱(name)] …mys (Stock) : https://imgur.com/r15Q1g0.jpg : 其實我觀察現代商船(韓國海運)一陣子, : 感覺跟台灣海運太像。 : 4.「太好賺了」~下去的徵兆 : 12/31 朋友說:「要出貨海運停利,專心丟【台積電】跟台灣50」 : 我心想: : 「太早退了,那麼好賺,可惜你少賺了好幾萬」 : 「1/4漲停,我果然是對的,真的是「太好賺了!」 : 我相信1/4當天大概有50%以上的新兵水手都是這樣的想法, : 夢想打50王創新高, : 各種海運多,利多…
[簡稱(name)] …: 「太早退了,那麼好賺,可惜你少賺了好幾萬」 : 「1/4漲停,我果然是對的,真的是「太好賺了!」 : 我相信1/4當天大概有50%以上的新兵水手都是這樣的想法, : 夢想打50王創新高, : 各種海運多,利多到出水, : 還以為可以跟【台積電】一樣, : 然後, : 貪 就被咬。 : 5.「不死就是賺」 : 這是在打三國領悟出來, : 與其一直往前衝越塔殺, : 提高撿頭機率,當然也加速送頭風險, : 一旦風險累積起來,這盤就輸了, : 「穩穩打,不死就是賺」 : 直到1/4-1…",,,,
mode:name,2330,台積電,M.1640167890.A.6D5,2021-12-22 18:11:30,新聞,name,dense,False,1,[新聞] 下世代高數值孔徑 EUV 售價逾 80 億元，,3,False,False,True,False,台積電|台積,1218,"[簡稱(name)] …分析師也表示,ASML NXE: 5000 型號 0.55 高數值孔徑 EUV 曝光設備,預計每套售 價高達 3 億美元(約新台幣 83.5 億元),是 0.33 孔徑 EUV 曝光設備兩倍,對半導體 製造廠是另一驚人資本支出高峰期,目前僅【台積電】、三星、英特爾等三家廠商有能力持續 研發先進製程,未來競爭高數值孔徑 EUV 曝光設備搶得先機,將是難以避免的戲碼。 心得/評論: ※必需填寫滿20字 下世代EUV價錢為現在的兩倍…
[簡稱(name)] …、英特爾等三家廠商有能力持續 研發先進製程,未來競爭高數值孔徑 EUV 曝光設備搶得先機,將是難以避免的戲碼。 心得/評論: ※必需填寫滿20字 下世代EUV價錢為現在的兩倍 會增加【台積電】更多的製造成本吧 除非台積電把晶圓售價提高 不然獲利是會下降的 若是晶圓售價提高 那終端產品的售價也會提高對吧 對消費者來說 勢必又掀起一場價格戰爭…
[簡稱(name)] …研發先進製程,未來競爭高數值孔徑 EUV 曝光設備搶得先機,將是難以避免的戲碼。 心得/評論: ※必需填寫滿20字 下世代EUV價錢為現在的兩倍 會增加台積電更多的製造成本吧 除非【台積電】把晶圓售價提高 不然獲利是會下降的 若是晶圓售價提高 那終端產品的售價也會提高對吧 對消費者來說 勢必又掀起一場價格戰爭…",,,,
mode:name,2330,台積電,M.1608424370.A.FCC,2020-12-20 08:32:50,新聞,name,dense,False,1,"[新聞] 台股利多不斷 明年衝16,200",1,False,False,True,False,台積電|台積,883,"[簡稱(name)] …能出現調整。 也有投資機構認為台股創高時間在明年Q4,甚至會衝過16,000點,主要是疫苗陸續問市, 全球經濟將在明年下半年出現明顯成長動能,會讓今年累計賣超已達5,931億元的外資回 補部位,特別是引領大盤上攻、今年每股純益應有19元的【台積電】,明年可達22元、後年26 元,獲利成長幅度逐漸擴大。 十大機構看好族群: https://bit.ly/2Wyc5QB 3.心得/評論: 之前永年老師也計算過台股這波可以上萬六,現在十大投資機構也有相同的預測,代表至少在上萬五之前還不…",,,,
mode:name,2330,台積電,M.1735642500.A.8D9,2024-12-31 18:55:00,心得,name,dense,False,1,[心得] 抽台積電股票,4,False,False,True,True,台積電|台積,472,"[簡稱(name)] …[心得] 抽【台積電】股票 ------------------------------------------------------------------------- 1.發文前請先詳閱[心得]分類發文規範,未依規範發文將受處份。 2.若提及股號股名,且…
[簡稱(name)] …] 分類,否則將以板規4-1砍文處份。 https://i.imgur.com/falxDCZ.jpeg https://i.imgur.com/5uk7hNH.jpeg 股版各位有參加了嗎? 一張卡100元,登錄就有3次 抽中1張【台積電】股票的機會 我發現附近最少3家店,抽獎卡都被掃光光了 不過,... 1.在下是擦鞋肥,在下在股版發文 發抽台積電股票的文,表示訊號到了? 什麼訊號不好說 2.超商老三這招是不是很高明? 抽台積電股票,大家都有參加的動力了? 如果另…
[簡稱(name)] …s://i.imgur.com/5uk7hNH.jpeg 股版各位有參加了嗎? 一張卡100元,登錄就有3次 抽中1張台積電股票的機會 我發現附近最少3家店,抽獎卡都被掃光光了 不過,... 1.在下是擦鞋肥,在下在股版發文 發抽【台積電】股票的文,表示訊號到了? 什麼訊號不好說 2.超商老三這招是不是很高明? 抽台積電股票,大家都有參加的動力了? 如果另外2家巨頭辦抽獎 頭獎放自家的1張股票...…",,,,
mode:name,2330,台積電,M.1639698239.A.07C,2021-12-17 07:43:59,新聞,name,dense,False,1,[新聞] 美股那斯達克跌近2.5%  兩個半月來最糟,1,False,False,True,False,台積電|台積,1299,"[簡稱(name)] …5%。 軟體大廠奧多比(Adobe)公布財測遠不如市場預期,股價崩跌10.2%,創10年來第2大單 日跌幅,僅次於去年3月COVID-19(2019冠狀病毒疾病)重創股市時狂跌15%的紀錄。 晶片股賣壓沉重,費城半導體指數大跌4.3%。【台積電】美國存託憑證(ADR)跌近2.8%,超 微(AMD)與輝達(NVIDIA)跌幅分別達5.4%、6.8%。 美股近兩天走勢大異其趣。眼見通貨膨脹居高不下,聯邦準備理事會(Fed)昨天宣布加 快縮減COVID-19大流行後支撐經濟的購債計畫規…",,,,
mode:name,2330,台積電,M.1705721531.A.CD9,2024-01-20 11:32:11,新聞,name,dense,False,1,[新聞] 台積電600元僅是暖身價？謝金河喊多AI,26,False,False,True,True,台積電|台積,1303,"[簡稱(name)] …[新聞] 【台積電】600元僅是暖身價?謝金河喊多AI 原文標題:台積電600元僅是暖身價?謝金河喊多AI:下周2族群動起來 原文連結:https://www.ctee.com.tw/news/20240120700313-430201 發布時間:2024…
[簡稱(name)] …[新聞] 台積電600元僅是暖身價?謝金河喊多AI 原文標題:【台積電】600元僅是暖身價?謝金河喊多AI:下周2族群動起來 原文連結:https://www.ctee.com.tw/news/20240120700313-430201 發布時間:2024-1-20 記者署名:李宗莉 原文內容: 台積…
[簡稱(name)] …積電600元僅是暖身價?謝金河喊多AI:下周2族群動起來 原文連結:https://www.ctee.com.tw/news/20240120700313-430201 發布時間:2024-1-20 記者署名:李宗莉 原文內容: 【台積電】法說報喜,激勵昨(19)日股價大漲38元收626元,市值升至16.23兆元,擠進全球 第9大,而台積電ADR繼飆近10%後,周五續漲1.04%至114.2美元。財信傳媒董事長謝金河 表示,今年是AI大時代,輝達市值頂到1.4兆美元後,台積電…",,,,
mode:name,2330,台積電,M.1599488709.A.BFD,2020-09-07 22:25:09,新聞,name,dense,False,1,Re: [新聞] 美國欲制裁中芯 股票四處慘跌 北京再批霸,6,False,False,True,False,台積電|台積,282,"[簡稱(name)] …Re: [新聞] 美國欲制裁中芯 股票四處慘跌 北京再批霸 ※ 引述《dobeqoo (問候)》之銘言: : 這間算是【台積電】的對手, (雖然相對弱) : 對手遇到不利因素, 台積電9/7為什麼會跌收在426呢...? : 請問(檯面上)還有哪些新聞該考慮進去的呢? 台積電有兩個原因漲不上去 1.股價太高 以本益比來說目前價位太高了 超過440 外資投信都會獲…
[簡稱(name)] …Re: [新聞] 美國欲制裁中芯 股票四處慘跌 北京再批霸 ※ 引述《dobeqoo (問候)》之銘言: : 這間算是台積電的對手, (雖然相對弱) : 對手遇到不利因素, 【台積電】9/7為什麼會跌收在426呢...? : 請問(檯面上)還有哪些新聞該考慮進去的呢? 台積電有兩個原因漲不上去 1.股價太高 以本益比來說目前價位太高了 超過440 外資投信都會獲利了結 2.影響大盤太重 外資最怕就是過熱…
[簡稱(name)] …裁中芯 股票四處慘跌 北京再批霸 ※ 引述《dobeqoo (問候)》之銘言: : 這間算是台積電的對手, (雖然相對弱) : 對手遇到不利因素, 台積電9/7為什麼會跌收在426呢...? : 請問(檯面上)還有哪些新聞該考慮進去的呢? 【台積電】有兩個原因漲不上去 1.股價太高 以本益比來說目前價位太高了 超過440 外資投信都會獲利了結 2.影響大盤太重 外資最怕就是過熱 過熱就會避險買VIX 50反 台積漲1塊 大盤就上8點 外資滿手的 VIX 5…",,,,
mode:name,2330,台積電,M.1648591793.A.5F9,2022-03-30 06:09:53,請益,name,dense,False,1,Re: [請益] 是不是該去美股了？,1,False,False,True,False,台積電|台積,1055,[簡稱(name)] …升息=狼來了 你繼續說 : 鴿派不會變鷹 醜小鴨會變天鵝是他本來就天鵝 : 站在四條均線 : 冥冥中我感覺眾師兄都歸位了 : 這次一定行! : 離開可笑台股 : 進場美股的時機是不是來了? 早該跳過去了 先附上對帳單 目前台股只留一張【台積電】 打算慢慢把資金轉移到美股去 https://i.imgur.com/K2tZL0s.jpg 像我現在很後悔沒有早點加入美股 直到我看到烏俄戰爭 我就下定決心投入美股 畢竟美國這個國家是非常特殊的世界強權 過去沒有一個帝國能把自…,,,,
mode:name,2838,聯邦銀,M.1602629477.A.0ED,2020-10-14 06:51:17,新聞,name,sparse,False,2,[新聞] 京城銀 3億元收購萬泰證,1,False,False,True,False,聯邦銀,815,"[簡稱(name)] …展數位金融,升級行動銀行服務,在本身有保代業務下,缺少證券下單服務, 買下萬泰證券後將可補足,至於未來發展策略,包括是否在更多京城銀實體分行搭配設點, 還是鎖定數位通路,京城銀將再行研擬。 不少非金控體系的獨立銀行,都有附設證券部門,例如【聯邦銀】、台企銀、彰銀等,而台中銀 、遠東銀則是轉投資、收購證券子公司。 ------------ 至 Q3 賺3.29,全年拼賺4到4.5up?(GG 若可過500,台股創新高,認列大GG 利益就應不少 ) 明年若配的出2塊以上,還能上車?…",,,,
mode:name,2330,台積電,M.1679457256.A.CB4,2023-03-22 11:54:16,新聞,name,dense,False,8,[新聞] 高嘉瑜握23檔股票「擁6張台積電」　總價,5,False,False,True,True,台積電|台積,507,"[簡稱(name)] …[新聞] 高嘉瑜握23檔股票「擁6張【台積電】」 總價 原文標題: 高嘉瑜握23檔股票「擁6張台積電」 總價額破340萬 原文連結: https://reurl.cc/OV5gnv 發布時間: 3/22 11:08 記者署名: 皮心瑀 原文內容: 根據監察院公布的最新…
[簡稱(name)] …[新聞] 高嘉瑜握23檔股票「擁6張台積電」 總價 原文標題: 高嘉瑜握23檔股票「擁6張【台積電】」 總價額破340萬 原文連結: https://reurl.cc/OV5gnv 發布時間: 3/22 11:08 記者署名: 皮心瑀 原文內容: 根據監察院公布的最新一期公職人員財產申報,民進黨立委高嘉瑜存款多達403萬2…
[簡稱(name)] …s://reurl.cc/OV5gnv 發布時間: 3/22 11:08 記者署名: 皮心瑀 原文內容: 根據監察院公布的最新一期公職人員財產申報,民進黨立委高嘉瑜存款多達403萬2190元 ,特別的是手上還握有23檔股票,其中【台積電】就有6張,相較於去年資料多了4張。 資料顯示,高嘉瑜除了台積電,還擁有中鋼、春源、中鴻、大成鋼、聯電、台亞、友達、 聯發科、瑞軒、陽明、華航、萬海、長榮航、台驊控股、元大金、群創、頎邦、環球晶、 晶心科、力積電、志超、大國鋼的股票。 值…",,,,
mode:name,2330,台積電,M.1607831826.A.6FC,2020-12-13 11:57:06,新聞,name,dense,False,1,[新聞] 台積電非獨舞!謝金河:原物料蠢動 貨櫃航,4,False,False,True,True,台積電|台積,601,"[簡稱(name)] …[新聞] 【台積電】非獨舞!謝金河:原物料蠢動 貨櫃航 台積電非獨舞!謝金河:原物料蠢動 貨櫃航運打響起身炮 https://www.setn.com/News.aspx?NewsID=863921 三立記者戴玉翔/台北報導 2020接近尾聲,因為武漢肺炎…
[簡稱(name)] …[新聞] 台積電非獨舞!謝金河:原物料蠢動 貨櫃航 【台積電】非獨舞!謝金河:原物料蠢動 貨櫃航運打響起身炮 https://www.setn.com/News.aspx?NewsID=863921 三立記者戴玉翔/台北報導 2020接近尾聲,因為武漢肺炎(COVID-19、新冠肺炎)疫情罩住整年…
[簡稱(name)] …玉翔/台北報導 2020接近尾聲,因為武漢肺炎(COVID-19、新冠肺炎)疫情罩住整年,大家都認為這是史 上最差的年代,但年終疫苗問世,大家開始2021年充滿期待。財信傳媒董事長謝金河在臉 書發文表示,「春江水暖鴨先知,原物料價格蠢動,【台積電】獨舞的局面將改變。」 謝金河表示,今年全球經濟面臨巨大撞擊,但資本市場卻走出波瀾壯闊的大行情。美國道 瓊工業指數破三萬,台灣,南韓,印度,日本,中國股市都有不錯的表現。 面對即將來臨的2021,市場正在尋找新的焦距,「一個可能是對未來經…",,,,
mode:name,2330,台積電,M.1640846264.A.000,2021-12-30 14:37:44,情報,name,dense,False,1,[情報] 超過10年回測 台積電首次輸給0050,5,False,False,True,True,台積電|台積,223,"[簡稱(name)] …[情報] 超過10年回測 【台積電】首次輸給0050 標題:超過10年回測 台積電首次輸給0050 去年新聞:https://reurl.cc/rQlEDr 過去超過10年回測,台股每年都能打敗0050的只有兩檔股票,「台積電」與「信邦」 https://i.imgur.…
[簡稱(name)] …[情報] 超過10年回測 台積電首次輸給0050 標題:超過10年回測 【台積電】首次輸給0050 去年新聞:https://reurl.cc/rQlEDr 過去超過10年回測,台股每年都能打敗0050的只有兩檔股票,「台積電」與「信邦」 https://i.imgur.com/6IwUrq4.jpg 去年2020…
[簡稱(name)] …[情報] 超過10年回測 台積電首次輸給0050 標題:超過10年回測 台積電首次輸給0050 去年新聞:https://reurl.cc/rQlEDr 過去超過10年回測,台股每年都能打敗0050的只有兩檔股票,「【台積電】」與「信邦」 https://i.imgur.com/6IwUrq4.jpg 去年2020年台積電跟信邦依然打敗0050, 今年2021年台積電首次輸給0050! https://i.imgur.com/ESMGHrb.jpg 信邦依然…",,,,
mode:name,2308,台達電,M.1617857939.A.045,2021-04-08 12:58:59,標的,name,sparse,False,1,[標的] 2457飛宏到底在漲什麼?,1,False,False,True,False,台達電,173,"[簡稱(name)] …類:請益 3. 分析/正文: 這支今天又爆大量向上跳空 最近才聽朋友說他追這支已經賺快一台車了 去研究了一下 原本在做電供現在轉型做充電樁 雖然二月營收年增88%多 但EPS:-0.2元,往年也都虧錢 充電樁這麼夯 幹嘛不直接買【台達電】== 4. 進退場機制:(非長期投資者,必須有停損機制。請益免填)…",,,,
mode:name,2330,台積電,M.1605013128.A.36A,2020-11-10 20:58:48,新聞,name,dense,False,1,[新聞] 本公司董事會決議股利分派(台積電),2,False,False,True,True,台積電|台積,388,"[簡稱(name)] …[新聞] 本公司董事會決議股利分派(【台積電】) 1. 董事會決議日期:109/11/10 2. 股利所屬年(季)度:109年 第3季 3. 股利所屬期間:109/07/01 至 109/09/30 4. 股東配發內容: (1)盈…
[簡稱(name)] …5)法定盈餘公積、資本公積轉增資配股(元/股):0 (6)股東配股總股數(股):0 5. 其他應敘明事項: 無。 6. 普通股每股面額欄位:新台幣 10.0000元 心得 空軍還不回補? 等等又要墜機了 每季被尬一次,可憐噢 無腦【台積】,贏過定存 連結 https://reurl.cc/4mng9X…",,,,
mode:name,2330,台積電,M.1611301878.A.A3A,2021-01-22 15:51:18,新聞,name,dense,False,1,[新聞] 不找台積電來得及嗎？Intel CEO 證實 7nm,3,False,False,True,True,台積電|台積,1113,"[簡稱(name)] …[新聞] 不找【台積電】來得及嗎?Intel CEO 證實 7nm ----------------------------------發文提醒------------------------------- 1.發文前請先詳閱[新聞]分類發文規範,未依規範發文將受…
[簡稱(name)] …最新說法表示,對於目前的開發進度感到十分滿意,相關產品有望在 2023 年開始生產。然而對比 AMD 已經於今年推出 7nm Ryzen 處理器,更即將推進於 5nm,Intel 是否來得及呢? 日前曾傳聞,Intel 將會首度外包產品給【台積電】,透過先進製程縮短與 AMD 的技術差距,但 Pat Gelsinger 於今日回應,2023 年的產品仍會以自行生產為主,似乎間接否認相關傳聞,卻也語帶保留提到,考慮到 Intel 的產品廣度,未來會更加仰賴委外代工,細節則沒有透露。…
[簡稱(name)] …媒、業界看衰,原因來自於 ARM 架構與 AMD 的雙重夾擊。 蘋果去年推出 M1 晶片,捨棄 Intel 處理器,微軟與高通也虎視眈眈,合作發表新款 ARM 架構的 Surface 筆電。即便是在 x86 領域,競爭對手 AMD 靠著與【台積電】、三星聯手,睽違多年再度於桌上型電腦 CPU 市占率超前 Intel,於 CES 展更能看出,今年品牌傾向使用 AMD CPU 打造電競筆電。Intel 如何逆轉局勢,仍有待觀察。 3.心得/評論: ※必需填寫滿20字 AMD晚上會漲多少…",,,,
mode:name,2330,台積電,M.1731891436.A.8CE,2024-11-18 08:57:16,新聞,name,dense,False,1,Re: [新聞] 台積電先進製程加速赴美 A16赫然在列！,15,False,False,True,True,台積電|台積,1671,"[簡稱(name)] …Re: [新聞] 【台積電】先進製程加速赴美 A16赫然在列! ※ 引述《capssan (Miracle)》之銘言: : 台積電先進製程加速赴美 A16赫然在列! : 原文連結:https://www.ctee.com.tw/news/20241118700042-…
[簡稱(name)] …Re: [新聞] 台積電先進製程加速赴美 A16赫然在列! ※ 引述《capssan (Miracle)》之銘言: : 【台積電】先進製程加速赴美 A16赫然在列! : 原文連結:https://www.ctee.com.tw/news/20241118700042-439901 : 發布時間:2024.11.18 03:00 : 記者署名:工商時報 張珈睿 :…
[簡稱(name)] …A16赫然在列! : 原文連結:https://www.ctee.com.tw/news/20241118700042-439901 : 發布時間:2024.11.18 03:00 : 記者署名:工商時報 張珈睿 : 原文內容: : 【台積電】先進製程加速赴美 A16赫然在列! : 亞利桑那三廠A16赫然在列,超級電軌關鍵技術將複製至美國 : 美國商務部日前拍板補助台積電亞利桑那州廠(TSMC Arizona)66億美元設立三座晶圓廠 : ,並依據完工情況支付補助金。其中,TSM…",,,,
mode:name,2330,台積電,M.1648195331.A.225,2022-03-25 16:02:11,新聞,name,dense,False,2,[新聞] 【航運股攻略2】三雄怎麼選？ 專家認為挑,1,False,False,True,False,台積,871,"[簡稱(name)] …明、萬海、 台驊股價才會上漲。 隨著缺櫃、缺船、物流供應鏈堵住的情況未解,加上高殖利率題材,本土法人再次調高三 雄的目標價,同步給予買進評等。長榮目標價再調高至375元,陽明目標價335元,萬海目 標價426元。 心得:金管會管外資喊多【台積】卻亂賣 要不要也管管本土法人喊這種目標價 卻也是一直倒貨...…",,,,
mode:name,2330,台積電,M.1628923863.A.3A4,2021-08-14 14:51:03,請益,name,dense,False,3,Re: [請益] 終究炒房比炒股穩對吧,3,False,False,True,False,台積電|台積,2387,"[簡稱(name)] …資同時來看。 : 你現在買房收租投報覺得沒有很高? 你如果是過去買入呢? : 同一個物件(或股票) 我們都拉回到有感的2008來看是怎樣? : 以我上面那個物件來看,2008年總價大概是我買的現價的一半甚至不到, : 當時如果你買【台積電】也是只要雙位數價位就能入手。但這兩者的差別是甚麼? : 1. 持有房子要從 2008 持有的現在比較容易。 : 試問有多少比例的人買台積2008到現在沒賣的? : 2. 房子要挑到增值穩定的物件 ""相對"" 比股票簡單。 :…
[簡稱(name)] …以我上面那個物件來看,2008年總價大概是我買的現價的一半甚至不到, : 當時如果你買台積電也是只要雙位數價位就能入手。但這兩者的差別是甚麼? : 1. 持有房子要從 2008 持有的現在比較容易。 : 試問有多少比例的人買【台積】2008到現在沒賣的? : 2. 房子要挑到增值穩定的物件 ""相對"" 比股票簡單。 : 以台北來說你買在近捷運都是賺,但回到2008你選股要挑到潛力股不簡單。 : 但這樣也不能代表買房 > 買股,因為從結果來看 ""報酬率"" 很明…
[簡稱(name)] …但回到2008你選股要挑到潛力股不簡單。 : 但這樣也不能代表買房 > 買股,因為從結果來看 ""報酬率"" 很明顯是股票優。 : 更遑論如果是 2008-2009 買到特斯拉那種,從現在的結果來看更是驚人。 : 但如上所說,那也要挑的到【台積電】 / 特斯拉;以及那也要抱的住沒賣掉。 : 所以股票和房地產說穿了就只是一種投資工具,沒有 A > B or B > A 這種論述, : 也不應存在買了 A 就不能買 B,或選了 B 就不能買 A。房股都操作不是更好? : 至於有些沒…",,,,
mode:name,2330,台積電,M.1612145168.A.E28,2021-02-01 10:06:08,新聞,name,dense,False,2,[新聞] 2檔護國神山奮力撐盤　指數早盤震盪走高,3,False,False,True,False,台積電|台積,433,"[簡稱(name)] …01/UGT7FHHCFBHSHPME3ZMEZZBDIM/ 2.原文內容: 2檔護國神山奮力撐盤 指數早盤震盪走高漲逾百點 美股上周五重挫,道瓊收盤大跌,台股開盤報15716.56點,上漲38.25點,開盤1分鐘原上 漲近70點,惟受【台積電】走弱影響翻黑小跌,指數狹幅震盪,測試萬五大關,台積電開盤報 每股595元,早盤由紅翻黑失守590元大關;聯電開盤報49.7元,早盤跌1%。 不過,在買盤進場,台積電早盤再度走揚,上漲逾1%,加上聯發科大漲超過3%,兩檔護國 神山扮演撐盤指…
[簡稱(name)] …DIM/ 2.原文內容: 2檔護國神山奮力撐盤 指數早盤震盪走高漲逾百點 美股上周五重挫,道瓊收盤大跌,台股開盤報15716.56點,上漲38.25點,開盤1分鐘原上 漲近70點,惟受台積電走弱影響翻黑小跌,指數狹幅震盪,測試萬五大關,【台積電】開盤報 每股595元,早盤由紅翻黑失守590元大關;聯電開盤報49.7元,早盤跌1%。 不過,在買盤進場,台積電早盤再度走揚,上漲逾1%,加上聯發科大漲超過3%,兩檔護國 神山扮演撐盤指標,也帶動指數翻揚上漲逾百點。 投信法人表示,台股…
[簡稱(name)] …盤報15716.56點,上漲38.25點,開盤1分鐘原上 漲近70點,惟受台積電走弱影響翻黑小跌,指數狹幅震盪,測試萬五大關,台積電開盤報 每股595元,早盤由紅翻黑失守590元大關;聯電開盤報49.7元,早盤跌1%。 不過,在買盤進場,【台積電】早盤再度走揚,上漲逾1%,加上聯發科大漲超過3%,兩檔護國 神山扮演撐盤指標,也帶動指數翻揚上漲逾百點。 投信法人表示,台股面臨三重打擊,春節封關、疫情升溫、美國經濟恐放緩,導致月線失 守,台股封關前萬五岌岌可危。短期高檔震盪難免,但長期…",,,,
mode:name,2330,台積電,M.1732938859.A.C72,2024-11-30 11:54:19,新聞,name,dense,False,1,Re: [新聞] 台積電失守千元！ 謝金河示警「3不利因素」,2,False,False,True,True,台積電|台積,296,"[簡稱(name)] …Re: [新聞] 【台積電】失守千元! 謝金河示警「3不利因素」 謝國師就一整個莫名其妙 找理由說書喔 台積電跟大盤指數通算11月 都只跌不到4% 同時間美國費半可是跌了6%以上 謝國師是沒有看到 記憶體市場還是疲弱不振嗎? Dell / HPQ 發財財報都…
[簡稱(name)] …Re: [新聞] 台積電失守千元! 謝金河示警「3不利因素」 謝國師就一整個莫名其妙 找理由說書喔 【台積電】跟大盤指數通算11月 都只跌不到4% 同時間美國費半可是跌了6%以上 謝國師是沒有看到 記憶體市場還是疲弱不振嗎? Dell / HPQ 發財財報都跟你說 PC很弱了,還沒看到AI PC的浪潮 iPhone16的AI還是很廢,也沒…",,,,
mode:name,2330,台積電,M.1626412441.A.2FA,2021-07-16 13:14:01,請益,name,dense,False,1,[請益] 台股尾聲了嗎,1,False,False,True,False,台積電|台積,90,[簡稱(name)] …[請益] 台股尾聲了嗎 https://i.imgur.com/wyBygBF.jpg 金融今天漲得亂七八糟 【台積電】法說如預期般的成績 沒有爆發性成長 船票的盡頭似乎也快到了 台股這樣是尾聲到了嗎…,,,,
mode:name,2330,台積電,M.1650464267.A.DCA,2022-04-20 22:17:47,心得,name,dense,False,3,Re: [心得] 或許該畢業了,1,False,False,True,False,台積,1252,"[簡稱(name)] …在都翻倍了,哭 https://i.imgur.com/ePDSwWp.jpg 這隻放了好幾年,記得當初8X買,然後7X又買降成本,股價ㄧ路往下,結果疫情來崩到受不 https://i.imgur.com/PqMljdG.jpg 209【台積】,好懷念,還能賠錢,看看現在 https://i.imgur.com/KjQSJ3D.jpg 只有拍了65萬的帳面損益,最高到9X而已,沒辦法跟版上神人比,其實損很大還真的沒心情 https://i.imgur.com/dYbSHvL.j…",,,,
mode:name,2330,台積電,M.1646316387.A.81D,2022-03-03 22:06:27,心得,name,dense,False,2,[心得] 老船長、哲哲對航運的看法,2,False,False,True,False,台積電|台積,384,"[簡稱(name)] …32.7 https://i.imgur.com/z6Uf4GI.png 今天他說長榮已經是強勢股 再漲上去也會帶動陽明萬海 https://i.imgur.com/B0kUWGs.png 至於前陣子說長榮要打第二隻腳 先停損去買【台積電】的老船長 今天已經帶會員重壓長榮 老蘇笑說:真的佩服 連台積電都給他喊下來 給大家參考 --…
[簡稱(name)] ….png 今天他說長榮已經是強勢股 再漲上去也會帶動陽明萬海 https://i.imgur.com/B0kUWGs.png 至於前陣子說長榮要打第二隻腳 先停損去買台積電的老船長 今天已經帶會員重壓長榮 老蘇笑說:真的佩服 連【台積電】都給他喊下來 給大家參考 --…",,,,
mode:name,2330,台積電,M.1723907640.A.9C2,2024-08-17 23:14:00,心得,name,dense,False,1,Re: [心得] 日本熊本有台積電第三廠了？,18,False,False,True,True,台積電|台積,2570,"[簡稱(name)] …Re: [心得] 日本熊本有【台積電】第三廠了? ※ 引述《s0831720 (閃光去死)》之銘言: : 日本熊本縣知事去訪台積電不知道大家怎麼看? : 相較美國,日本真的很用力再推半導體 : 我自己是看好日本半導體 前陣子有申購00954 : 我覺得這檔有利多消息 : 美中競…
[簡稱(name)] …Re: [心得] 日本熊本有台積電第三廠了? ※ 引述《s0831720 (閃光去死)》之銘言: : 日本熊本縣知事去訪【台積電】不知道大家怎麼看? : 相較美國,日本真的很用力再推半導體 : 我自己是看好日本半導體 前陣子有申購00954 : 我覺得這檔有利多消息 : 美中競爭,日本發展半導體戰略 : 再來台積電加開新廠也是訊號 : 趁這波在半導體逢低買進感覺也是不…
[簡稱(name)] …720 (閃光去死)》之銘言: : 日本熊本縣知事去訪台積電不知道大家怎麼看? : 相較美國,日本真的很用力再推半導體 : 我自己是看好日本半導體 前陣子有申購00954 : 我覺得這檔有利多消息 : 美中競爭,日本發展半導體戰略 : 再來【台積電】加開新廠也是訊號 : 趁這波在半導體逢低買進感覺也是不錯的選擇 : 最近剛好日股回檔 : 老實講8月股災發生也不是全然不好吧 : 感覺下跌這一波也是除掉一些泡沫 : 現在佈局是好時機 : 申購的時候剛好回檔 但最近又慢慢回來 : 在考慮8/…",,,,
mode:name,2330,台積電,M.1617841559.A.676,2021-04-08 08:25:59,新聞,name,dense,False,1,[新聞] 台積電下周有大事 一掛供應鏈壓不住了,4,False,False,True,True,台積電|台積,1360,"[簡稱(name)] …[新聞] 【台積電】下周有大事 一掛供應鏈壓不住了 台積電下周有大事 一掛供應鏈壓不住了 https://ctee.com.tw/insights/441533.html 工商時報 數位編輯 2021.04.07 隨著一路看好的IC設計族群,多檔個股續創…
[簡稱(name)] …[新聞] 台積電下周有大事 一掛供應鏈壓不住了 【台積電】下周有大事 一掛供應鏈壓不住了 https://ctee.com.tw/insights/441533.html 工商時報 數位編輯 2021.04.07 隨著一路看好的IC設計族群,多檔個股續創新高!近日市場又一次傳出了示警的聲音,…
[簡稱(name)] …其 中像是微控制器(MCU)業者,受惠第2季起進入產業旺季,配合產品報價調漲,以及目前 客戶庫存水位偏低等利多加持,如新唐、松翰、盛群、凌通、應廣等都可列入追蹤。 而為了徹底解決半導體產能不足的問題,相關業者已在加速擴產,當中晶圓代工龍頭【台積】 電已於近日宣布為了因應市場需求及維持產業領先地位,計畫未來3年內投入千億美元擴 產。目前市場樂觀期待台積電在4/15法說會將會上修今年資本支出,並且未來3年內維持 高檔水位,這將有利於設備、材料、耗材等相關供應鏈的未來發展,如京鼎、盟立、…",,,,
mode:name,2330,台積電,M.1725458689.A.C7A,2024-09-04 22:04:49,新聞,name,dense,False,1,[新聞] 這不是第一次！台灣指控八家中國晶片製造,2,False,False,True,False,台積電|台積,1013,"[簡稱(name)] …地法律法規 ,而其在台灣的業務是根據法律要求設立,完全否認參與挖角人才。 這並不是台灣當局和企業第一次指責中國企業挖走經驗豐富的工程師,過去中芯國際( SMIC)、武漢弘芯(HSMC)、泉芯集成電路製造(QXIC)等中國晶片製造商都會聘請【台積】 電和聯電的工程師來開發先進的製程技術。 中國從台灣挖走人才的其他例子,包括華為和中芯國際僱用電子設計自動化(EDA)工具 工程師,藉此獲得經驗豐富的開發人員,甚至不遵守規定的在台灣設立業務,然後透過讓 這些單位看起來像本地和外國公司以隱…
[簡稱(name)] …看起來像本地和外國公司以隱藏中國所有權。 台灣駐美大使日前指責中國試圖透過竊取智慧財產權等不道德行為與台灣半導體產業競爭 ,但中國駐美大使否認這些指控,堅稱中國企業沒有做錯任何事,但其實中芯國際(SMIC )因在 2000 年代初兩次竊取【台積電】的製造流程而被判有罪。 半導體產業競爭瞬息萬變,先進 FinFET 技術非常複雜,以至於竊取技術幾乎不可能,但 聯電因竊取美光 DRAM 技術被判有罪 ,故台灣企業和當局非常有理由擔心。 財經新報 作者 姚 惠茹 | 發布日期 2024…",,,,
mode:name,2330,台積電,M.1613553739.A.F4A,2021-02-17 17:22:19,新聞,name,dense,False,1,[新聞] 三星意圖藉收購車用半導體公司，全力進軍,1,False,False,True,False,台積電|台積,996,"[簡稱(name)] …購一家汽車半導體公司還面臨許多挑戰。 根據市場研究公司Gartner的數據,2018年單輛汽車中的半導體價值為400美元,但預計到 2024年無人駕駛汽車普及之後,單輛汽車半導體的價值將超過1,000美元。這一龐大商機 ,三星絕對不會坐視【台積電】吃下大部分市場的。 心得/評論: 半導體併購正旺,三星也表示將審視潛在的投資機會,傳出最中意車用半導體廠商。…",,,,
mode:name,2330,台積電,M.1650784831.A.990,2022-04-24 15:20:31,請益,name,dense,False,1,[請益] 00900是不是市值可能長期超越淨值,2,False,False,True,False,台積電|台積,265,"[簡稱(name)] …[請益] 00900是不是市值可能長期超越淨值 發現ETF很吃淨值 市值差不多等於淨值 如果買【台積電】 股價肯定是大於淨值的 比如2021Q4 台積電淨值83.62元 市場價格卻有600元 很多人說00900的操作 賺股利賠價差 錢左手換到右手 但沒可能這檔ETF一開始的預備 就是準備讓市值長期高於淨值 把自己當作一隻實業股票 台股殖…
[簡稱(name)] …[請益] 00900是不是市值可能長期超越淨值 發現ETF很吃淨值 市值差不多等於淨值 如果買台積電 股價肯定是大於淨值的 比如2021Q4 【台積電】淨值83.62元 市場價格卻有600元 很多人說00900的操作 賺股利賠價差 錢左手換到右手 但沒可能這檔ETF一開始的預備 就是準備讓市值長期高於淨值 把自己當作一隻實業股票 台股殖利率一般能拿到5% juicing cash 5%…",,,,
mode:name,2330,台積電,M.1721284829.A.75F,2024-07-18 14:40:29,請益,name,dense,False,1,Re: [請益] 台積電要跑嗎,6,False,False,True,True,台積電|台積,200,"[簡稱(name)] …Re: [請益] 【台積電】要跑嗎 台積電技術目前領先 且看不到挑戰者 如果是我 現股有台積電看到下殺會怕 我建議這樣做 基本上現在台股完全是台積電形狀了 破千一檔=大盤40點 那我會放著台積電 然後SC 大概 N+4-5%的距離去SC 假設今天收盤234…
[簡稱(name)] …Re: [請益] 台積電要跑嗎 【台積電】技術目前領先 且看不到挑戰者 如果是我 現股有台積電看到下殺會怕 我建議這樣做 基本上現在台股完全是台積電形狀了 破千一檔=大盤40點 那我會放著台積電 然後SC 大概 N+4-5%的距離去SC 假設今天收盤23400 那我會…
[簡稱(name)] …Re: [請益] 台積電要跑嗎 台積電技術目前領先 且看不到挑戰者 如果是我 現股有【台積電】看到下殺會怕 我建議這樣做 基本上現在台股完全是台積電形狀了 破千一檔=大盤40點 那我會放著台積電 然後SC 大概 N+4-5%的距離去SC 假設今天收盤23400 那我會 SC 24300-24500 不用多1-2口就好 看…",,,,
mode:name,2330,台積電,M.1611119665.A.07F,2021-01-20 13:14:25,請益,name,dense,False,1,Re: [請益] GG到底會漲到多少啊,4,False,False,True,False,台積,298,"[簡稱(name)] …Re: [請益] GG到底會漲到多少啊 島民的視野就是狹隘 時代變了 島民還整天跟老人一樣本益比 整個傳產老人味 【台積】就外資 外資的本益比給你說故事用的 蘋果太貴? 阿就說成長率高 上調本益比 本益比不夠? 就說明年成長性高 用明年eps估 所以台積會漲到什麼時候 島民不用猜了 就是外資把台積當成尖牙 大概才有可能 現在只是小菜 當初…
[簡稱(name)] …底會漲到多少啊 島民的視野就是狹隘 時代變了 島民還整天跟老人一樣本益比 整個傳產老人味 台積就外資 外資的本益比給你說故事用的 蘋果太貴? 阿就說成長率高 上調本益比 本益比不夠? 就說明年成長性高 用明年eps估 所以【台積】會漲到什麼時候 島民不用猜了 就是外資把台積當成尖牙 大概才有可能 現在只是小菜 當初尖牙的意義 在認定行業獨佔地位 風險 穩定性 成長性 都會被高度評價 當歐美普遍把台積和尖牙並列 才算到頂 在那之前 本益比 預期獲利…
[簡稱(name)] …島民還整天跟老人一樣本益比 整個傳產老人味 台積就外資 外資的本益比給你說故事用的 蘋果太貴? 阿就說成長率高 上調本益比 本益比不夠? 就說明年成長性高 用明年eps估 所以台積會漲到什麼時候 島民不用猜了 就是外資把【台積】當成尖牙 大概才有可能 現在只是小菜 當初尖牙的意義 在認定行業獨佔地位 風險 穩定性 成長性 都會被高度評價 當歐美普遍把台積和尖牙並列 才算到頂 在那之前 本益比 預期獲利 那些都可以調的 換一套說詞就可以 所以 根本…",,,,
mode:name,2009,第一銅,M.1691074283.A.2CE,2023-08-03 22:51:23,心得,name,sparse,False,1,[心得] 關於LK99至目前的整理與投資想法,1,False,False,True,False,第一銅,1283,"[簡稱(name)] …在TWITTER上我還有再觀察兩個團隊的進度,一個在英國,剛開始進行複製 一個在美國(之前有開直播,結果因為缺乏紅磷,今天料才到,才能開始繼續做) 不想看上面的可以直接看這邊 消息面:如上所述,一切未知,但行情在半信半疑中成長 基本面:【第一銅】太妖不適用,泰銘年年填息,今年還發四元股,我判斷是8-9月要除息 按照昨日價格計算,殖利率還有6.2%,簡直不可思議 籌碼面:我不會看,對我個人來說是玄學 技術面:大紅棒突破盤整 我個人本來只是因為喜歡各種新奇古怪的新鮮事,單純的追蹤LK…",,,,
mode:name,1513,中興電,M.1610247408.A.8D0,2021-01-10 10:56:48,新聞,name,sparse,False,6,[新聞] 3大名師公布10檔推薦股　新產品＋漲價這5,2,False,False,True,False,中興電,2515,"[簡稱(name)] …個股過去1年在資金行情帶動下已漲多,在本益比過高的顧慮下,他不建議投資 人貿然追高,「逢高必有危機」。他認為後續可觀察的股票,主要以半導體為主,包括台 積電、聯發科、環球晶、晶焱、華邦電、被動元件國巨、搭上電動車題材的同欣電、新能 源概念股【中興電】、醫材大廠泰博科技,以及Nor Flash漲價效益下受惠的華邦電。 其中台積電看好的理由,儲祥生認為,主要是製程持續領先,產能上積極擴產,中長期成 長動能無虞,至於聯發科則是5G晶片組需求旺,加上晶圓代工產能緊俏,建立產品漲價、 毛利率提…
[簡稱(name)] …態,產品現貨價可能調漲,今年營運可望持續向上;同欣電則是合併勝麗晉身特斯 拉供應鏈,未來車用鏡頭畫素將持續往200萬畫素邁進,晶圓重組(RW)封裝技術需求將 大幅成長。 此外還有晶焱在宅經濟帶來筆電、TV與伺服器等需求持續,業績穩定成長;【中興電】則為新 能源概念股,近年積極布局綠能相關產業,綠能營收佔比已達7成,市場看好今年營收及 獲利有兩位數成長空間。電子股外唯一看好的泰博,則是因肺炎疫情帶動檢測試劑需求將 大增,泰博積極爭取各國訂單,主力事業血糖、血壓產品事業可望穩定增長。…",,,,
mode:name,2330,台積電,M.1605928694.A.3F1,2020-11-21 11:18:14,新聞,name,dense,False,1,[新聞] 蔣尚義：在武漢弘芯時期是令人難受的經歷,3,False,False,True,False,台積電|台積,1367,"[簡稱(name)] …漢弘芯時期是令人難受的經歷,很難用幾個字來形容 據《日本經濟評論》報導,一度被喻為中國半導體先進製造技術發展重點的武漢弘芯,今 年中傳出資金斷鏈面臨財務危機的情況下,使工程停擺,日前更為中國武漢地方政府接收 。被挖角擔任武漢弘芯執行長的前【台積電】共同營運長蔣尚義,面對記者的訪問時表示,在 武漢弘芯時期「是段令人難受的經歷」,很難用幾個字形容。 中國媒體曾報導,一度是中國發展先進製程希望的武漢弘芯,傳出資金危機停擺後,近日 武漢弘芯大股東──北京光量藍圖科技有限公司(簡稱「北京光量…
[簡稱(name)] …資企業,註 冊資本 18 億人民幣,背後由武漢市東西湖區人民政府國有資產監督管理局全資控股。 完成工商變更後,武漢弘芯將由武漢東西湖區政府完全接管,原有團隊暫未退出公司經營 ,李雪豔與莫森仍擔任董事長與董事。先前被挖角擔任武漢弘芯執行長的【台積電】前共同營 運長蔣尚義有消息傳出,已遞交書面辭職信並返回美國矽谷,不再參與武漢弘芯營運。日 前蔣尚義透過律師聲明,證實已於 6 月辭去武漢弘芯一切職務,且武漢弘芯也接受蔣尚 義的辭呈,自 7 月開始,武漢弘芯不再支付蔣尚義薪水。 據《日本經…
[簡稱(name)] …自 7 月開始,武漢弘芯不再支付蔣尚義薪水。 據《日本經濟評論》報導,現年 74 歲、擁有美國普林斯頓大學及史丹佛大學學位的蔣尚 義,在半導體產業工作超過 40 年,擁有豐富的半導體製程專業技術與知識,前往武漢弘 芯任職前,是晶圓代工龍頭【台積電】共同營運長,於 2016 年前往中國最大晶圓代工廠中芯 國際擔任獨立董事。直到 2019 年 7 月,中芯國際獨立董事 3 年任期屆滿,蔣尚義轉任 當時少為人所知的武漢弘芯執行長。 數據顯示,武漢弘芯成立於 2017 年底,原本預計投資…",,,,
mode:name,2330,台積電,M.1713765602.A.53A,2024-04-22 14:00:02,閒聊,name,dense,False,1,[閒聊] 2024/04/22 盤後閒聊,1,False,False,True,False,台積電|台積,371,"[簡稱(name)] …+2638 台指選 自營商 +1864 投信 外資 +3002 漲停家數(+10%) 22 跌停家數(-10%) 28 成交量排行 中工、復華台灣科技優息、大同、 元大台灣價值高息、大亞 成交值排行 【台積電】、大同、長榮、大亞、奇鋐 ----------------------------------- 大盤-0.59%,恥骨-9.5%,畢業了 -- https://i.imgur.com/yj2pNIt.jpg…",,,,
mode:name,2330,台積電,M.1731462911.A.046,2024-11-13 09:55:11,新聞,name,dense,False,1,[新聞] 中國長鑫存儲傳數萬片晶圓報廢 前台積電,6,False,False,True,True,台積電|台積,750,"[簡稱(name)] …[新聞] 中國長鑫存儲傳數萬片晶圓報廢 前【台積電】 原文標題:中國長鑫存儲傳數萬片晶圓報廢 前台積電松江廠長遭撤換 ※請勿刪減原文標題 原文連結:https://ec.ltn.com.tw/amp/article/breakingnews/4861100 ※網址超過一行過長請用縮網址工…
[簡稱(name)] …[新聞] 中國長鑫存儲傳數萬片晶圓報廢 前台積電 原文標題:中國長鑫存儲傳數萬片晶圓報廢 前【台積電】松江廠長遭撤換 ※請勿刪減原文標題 原文連結:https://ec.ltn.com.tw/amp/article/breakingnews/4861100 ※網址超過一行過長請用縮網址工具 發布時間:2024/11/13 09:12…
[簡稱(name)] …空 原文內容: 〔記者洪友芳/新竹報導〕半導體業界傳出,中國記憶體廠長鑫存儲合肥廠拚國產化拚過頭 ,因人為疏失導致良率嚴重受損、品質出現重大缺失,報廢數萬片晶圓,無法如期交貨給客 戶,相關營運主管皆遭受懲處或停職,其中,還包括帶槍投靠的前【台積電】某廠長。 業界傳出,長鑫存儲的內部文件顯示,日前因人為因素造成數萬晶圓報廢,起因生產良率出 現嚴重損失與重大品質缺失,關鍵產品無法如期交貨給客戶,顯著影響公司對外部客戶信用 與市場聲譽。 業界人士指出,長鑫存儲經過查處,對營運中心負責人…",,,,
mode:name,2330,台積電,M.1668515369.A.547,2022-11-15 20:29:29,新聞,name,dense,False,1,[新聞] 巴菲特、國安基金齊挺 郭哲榮:台股上兩萬,10,False,False,True,False,台積電|台積,910,"[簡稱(name)] …://ctee.com.tw/stock/insights/755323.html 發布時間:2022-11-15 原文內容: 今天凌晨重磅消息,股神巴菲特掌管的波克夏海瑟威,揭露第三季(7-9月)期間,首度 買進約6,010萬單位的【台積電】ADR,超過41億美元的金額,更成為波克夏前十大持股之一, 激勵今天台積電股價飆漲,差一點漲停!也讓今天台股大漲371點,更重要的是,這一切 對台股的漲勢只是剛開始,台股上兩萬絕不是夢,一切的一切,讓我告訴你! 股神巴菲特,左側交易最具代…
[簡稱(name)] …html 發布時間:2022-11-15 原文內容: 今天凌晨重磅消息,股神巴菲特掌管的波克夏海瑟威,揭露第三季(7-9月)期間,首度 買進約6,010萬單位的台積電ADR,超過41億美元的金額,更成為波克夏前十大持股之一, 激勵今天【台積電】股價飆漲,差一點漲停!也讓今天台股大漲371點,更重要的是,這一切 對台股的漲勢只是剛開始,台股上兩萬絕不是夢,一切的一切,讓我告訴你! 股神巴菲特,左側交易最具代表的人物,他最擅長的就是價值投資,並利用時間作為武器 ,平均持股超過17年…
[簡稱(name)] …你! 股神巴菲特,左側交易最具代表的人物,他最擅長的就是價值投資,並利用時間作為武器 ,平均持股超過17年,而此次大買科技股,更是罕見,攤開波克夏的股票投資組合中,除 了蘋果以外,未見其它如此大筆的投資科技股,而此舉最重大的意義是,外資對【台積電】的 評價將會改變,地緣政治的疑慮也會消失,更重要的是今年外資已經賣超台積電94萬餘張 ,累積賣超金額接近5,000億,將會回歸! 另外,今天公開資訊觀測站揭露台積電總裁魏哲家10月加碼買進台積電200張,再加上股 神巴菲特的加持,如此裡應…",,,,
mode:name,2330,台積電,M.1615454676.A.1A5,2021-03-11 17:24:36,新聞,name,dense,False,1,[新聞] 台灣嚴重旱災！美媒：蘋果、特斯拉剉咧等,3,False,False,True,False,台積電|台積,1013,"[簡稱(name)] …n's)報導,台灣是僅次於美國的第二大晶片 生產國,不過生產晶片需要大量用水,台灣最近卻正處於旱季,水庫的水位非常低,只能 供應人們使用30至60天,加上當前全球半導體供應已經十分緊俏,使得全球晶片短缺危機 恐進一步惡化。 報導指出,單單【台積電】一家公司的台灣廠房每日營運就需耗費15.6萬噸的水,約佔台灣北 中南各地科學園區用量的1/3,因此為避免浪費水資源,該公司也已啟動應急計劃,採取 一系列措施來回收水,並使用其他技術減少生產每個晶片的耗水量。 像是在 2019 年, 台積電透…
[簡稱(name)] …單台積電一家公司的台灣廠房每日營運就需耗費15.6萬噸的水,約佔台灣北 中南各地科學園區用量的1/3,因此為避免浪費水資源,該公司也已啟動應急計劃,採取 一系列措施來回收水,並使用其他技術減少生產每個晶片的耗水量。 像是在 2019 年, 【台積電】透過生產流程共回收了1.337億公噸的水,約佔總用水量的 87%。 除此之外,台積電也調度水車向全島各地的生產基地供水。不過經濟部長王美花本週則表 示,台灣目前備用的儲水量仍足以維持半導體業者正常營運至直到5月底,同時也足夠台 積電維持正…
[簡稱(name)] …區用量的1/3,因此為避免浪費水資源,該公司也已啟動應急計劃,採取 一系列措施來回收水,並使用其他技術減少生產每個晶片的耗水量。 像是在 2019 年, 台積電透過生產流程共回收了1.337億公噸的水,約佔總用水量的 87%。 除此之外,【台積電】也調度水車向全島各地的生產基地供水。不過經濟部長王美花本週則表 示,台灣目前備用的儲水量仍足以維持半導體業者正常營運至直到5月底,同時也足夠台 積電維持正常製造作業,另外,科學園區或工業區用水需求,可在旱災期間鑿井使用等, 會儘量節水調度供…",,,,
mode:name,2330,台積電,M.1713752135.A.8E8,2024-04-22 10:15:35,新聞,name,dense,False,1,[新聞] 台灣缺電缺到國際認證？ 韓媒指：台積電,6,False,False,True,True,台積電|台積,805,"[簡稱(name)] …[新聞] 台灣缺電缺到國際認證? 韓媒指:【台積電】 原文標題: 台灣缺電缺到國際認證? 韓媒指:台積電日本設廠主因 原文連結: https://www.chinatimes.com/realtimenews/20240421002627-260410?chdtv 發布時間: 18…
[簡稱(name)] …[新聞] 台灣缺電缺到國際認證? 韓媒指:台積電 原文標題: 台灣缺電缺到國際認證? 韓媒指:【台積電】日本設廠主因 原文連結: https://www.chinatimes.com/realtimenews/20240421002627-260410?chdtv 發布時間: 18:072024/04/21 中時新聞網 賴宇萍 記者…
[簡稱(name)] …求與數據中心使用量暴增,全球能源 危機加劇。「缺電」已然成為AI發展的最重要瓶頸之一。為了保證電力,包括亞馬遜等科 技巨頭正在將目光轉向核電廠。 報導中以台灣的「2025非核家園」計畫為例,指出民進黨政府在2016年宣布這項廢核目標 後,【台積電】就開始積極規劃保障電力。而由於台電的鉅額虧損,電費將平均上調11%,產 線24小時運轉的台積電,電費漲幅更高達25%,每年電費料增加40億台幣。 《中央日報》認為,台灣與南韓同為全球半導體製造的重要基地,都是面積狹小、人口密 度高,不利於…",,,,
mode:name,2330,台積電,M.1664255453.A.EBF,2022-09-27 13:10:53,新聞,name,dense,False,1,[新聞] 5大客戶縮手削弱台積明年成長力道　半導,11,False,False,True,True,台積電|台積,1590,"[簡稱(name)] …[新聞] 5大客戶縮手削弱【台積】明年成長力道 半導 原文標題: 5大客戶縮手削弱台積明年成長力道 半導體供應鏈營運、長約同掀修正潮 原文連結: https://tinyurl.com/4jvpbhf4 發布時間: 2022-09-27 記者署名: 陳玉娟/新…
[簡稱(name)] …[新聞] 5大客戶縮手削弱台積明年成長力道 半導 原文標題: 5大客戶縮手削弱【台積】明年成長力道 半導體供應鏈營運、長約同掀修正潮 原文連結: https://tinyurl.com/4jvpbhf4 發布時間: 2022-09-27 記者署名: 陳玉娟/新竹 原文內容: 電子供應鏈陷入砍單、延遲拉貨、殺價…
[簡稱(name)] …雖進入歐美年底節慶消費季,在高通膨承壓、全球經濟前景不明下,旺季效應將落空, 至2023年上半也不會好,產業鏈業績暴跌家數將超乎預期,估計2023年下半才會陸續緩步回 溫,有機會略優於疫前水平,但已難再重演疫情時期供不應求榮景。 而當中,【台積電】雖是少數可保持成長動能的業者,但除蘋果(Apple)外,幾乎所有大客戶都傳 出縮減2023年投片規模,此將令成長力道減弱,若台積電在1月法說會下修營收展望,2023年 半導體產業修正陣痛期將全面延長。 半導體業者表示,自下半年起,從終端到…",,,,
mode:name,2344,華邦電,M.1626275982.A.150,2021-07-14 23:19:42,請益,name,sparse,False,1,Re: [請益] 買海運要怎麼舒壓放鬆心情？,1,False,False,True,False,華邦電,242,"[簡稱(name)] …Re: [請益] 買海運要怎麼舒壓放鬆心情? 衷心給各位一個建議 技術分析就是屁 什麼五日線 十日線 都主力做圖給你看的 自己去回測看看 根本只講剛好的 一堆不剛好的怎麼解釋? 看看【華邦電】吧 昨天漲停技術面來看,不追都傻瓜,還準備突破40大關 來個大紅k 今天來個超大白k 尤其成交量大的股票 生命線 三陽開泰 什麼鬼的 自己去回測看看 反正賠的是你的錢 哲哲雖然評價兩極,我個人也沒特別喜歡 但推他說的兩句話…",,,,
mode:name,2330,台積電,M.1584582111.A.361,2020-03-19 09:41:51,請益,name,dense,False,1,Re: [請益] 台積250是進場的價格了吧,8,False,False,True,True,台積電|台積,368,"[簡稱(name)] …Re: [請益] 【台積】250是進場的價格了吧 ※ 引述《ppp123 (鋼鐵韓粉-P哥)》之銘言: : 2013年9000點水位台積電180元 你確定不會補跌嗎? : 這一波殺下來很多本業賺錢的股票都跌100% 台積電只跌20% : 所以說難保會補跌至少到180…
[簡稱(name)] …Re: [請益] 台積250是進場的價格了吧 ※ 引述《ppp123 (鋼鐵韓粉-P哥)》之銘言: : 2013年9000點水位【台積電】180元 你確定不會補跌嗎? : 這一波殺下來很多本業賺錢的股票都跌100% 台積電只跌20% : 所以說難保會補跌至少到180元 台積電 2013年 EPS 7.26 2019年 EPS13.32 獲利能力幾乎增加一倍…
[簡稱(name)] …Re: [請益] 台積250是進場的價格了吧 ※ 引述《ppp123 (鋼鐵韓粉-P哥)》之銘言: : 2013年9000點水位台積電180元 你確定不會補跌嗎? : 這一波殺下來很多本業賺錢的股票都跌100% 【台積電】只跌20% : 所以說難保會補跌至少到180元 台積電 2013年 EPS 7.26 2019年 EPS13.32 獲利能力幾乎增加一倍 加在幾乎每年營收不斷創高 技術領先其他同業好幾年 這都是2013年的台積電沒有的…",,,,
mode:name,2330,台積電,M.1656738518.A.110,2022-07-02 13:08:38,新聞,name,dense,False,1,[新聞] 半導體不講真相？陸行之：美光開第1槍了,1,False,False,True,False,台積電|台積,973,"[簡稱(name)] …40-50周,跌破13周、下修資本開支(目前有Globalfoundries, 中芯國際已經 下修),最後則是一堆外資降評報告出籠,但市場、股價不反應。 心得/評論: 越來越多半導體負面消息 是不是代表科技股已經殺得差不多準備要反彈了? 【台積電】不可能再繼續殺了吧? 國安基金也有進場的機會 半導體10年多頭不會這麼早結束吧?…",,,,
mode:name,2330,台積電,M.1614126778.A.815,2021-02-24 08:32:58,新聞,name,dense,False,1,[新聞] 債息升  謝金河建議國安基金出脫台積電,27,False,False,True,True,台積電|台積,1115,"[簡稱(name)] …[新聞] 債息升 謝金河建議國安基金出脫【台積電】 美債殖利率攀升「頂到長期投資價值 謝金河建議國安基金出脫台積電 https://newtalk.tw/news/view/2021-02-24/540422 新頭殼newtalk | 楊清緣 綜合報導 發布 2021.02.24 |…
[簡稱(name)] …[新聞] 債息升 謝金河建議國安基金出脫台積電 美債殖利率攀升「頂到長期投資價值 謝金河建議國安基金出脫【台積電】 https://newtalk.tw/news/view/2021-02-24/540422 新頭殼newtalk | 楊清緣 綜合報導 發布 2021.02.24 | 03:43 美國公債殖利率飆升,市場擔憂通膨恐引發資撤離股市,…
[簡稱(name)] …楊清緣 綜合報導 發布 2021.02.24 | 03:43 美國公債殖利率飆升,市場擔憂通膨恐引發資撤離股市,瀰漫不安情緒,美股那斯達克指 數23日開盤重挫300點,對此,財信傳媒董事長謝金河表示,如果美債殖利率持續上升, 勢必影響到【台積電】的長期投資價值,他建議政府的國安基金,出脫一些台積電股票,把出 售台積電的資金用來投資未來10年,20年類似台積電般的潛力企業,以創造更大的價值。 謝金河以「美債殖利率衝擊台積電的投資價值」為題在臉書PO文指出,一直以來帶領台股 過關斬將…",,,,
mode:name,2330,台積電,M.1677129420.A.CC1,2023-02-23 13:17:00,新聞,name,dense,False,1,Re: [新聞] 台積電美國擴廠隱憂！美國工程師不「賣肝,25,False,False,True,True,台積電|台積,2475,"[簡稱(name)] …Re: [新聞] 【台積電】美國擴廠隱憂!美國工程師不「賣肝 ※ 引述《killergo2005 (HardCore)》之銘言: : ※ 引述《charis (忘了如何遺忘)》之銘言: : : -------------------------------發文提醒--…
[簡稱(name)] …/ 等縮網址服務,連結不能點擊者板規1-2-2處份。 : : 3.心得/評論請盡量充實,心得過短或濫竽充數將以板規 1-2-3、4-4 水桶處份。 : : 4.發文請依照格式文章標明段落,不符合格式者依4-1刪文處分。 : : 原文標題:【台積電】美國擴廠有隱憂!美國工程師不鳥「賣肝」 還會挑戰上級、拒絕工 : 作 : : 分派 : : 原文連結:https://reurl.cc/ZXGd3Q : : 發布時間:2023/2/23 07:16 : : 記者署名:(…
[簡稱(name)] …挑戰上級、拒絕工 : 作 : : 分派 : : 原文連結:https://reurl.cc/ZXGd3Q : : 發布時間:2023/2/23 07:16 : : 記者署名:(中央社)尹俊傑 : : 原文內容: : : 【台積電】擴大投資美國亞利桑那州新廠,預定明年投產。紐約時報訪問11名員工後報導, : 許 : : 多員工擔心台積電可能偏離研發重心,台美潛在文化衝突令部分員工不太願意外派美國 : 。 : : 台積電2020年5月宣布在亞利桑那州設廠,最初承諾投資1…",,,,
mode:name,6869,雲豹能源,M.1709605299.A.C75,2024-03-05 10:21:39,新聞,name,sparse,False,3,[新聞] 電價凍漲已成過去式！網疾呼「用對的電」,1,False,False,True,False,雲豹能源,664,"[簡稱(name)] …源(6806)、東元(1504)等。 法人指出,重電、綠能股受惠於漲電、基建題材,後續接單有望挹注獲利,但因相關概念 股在年前股價已漲一段,基期較高,投資人需留意漲多拉回風險。 心得/評論: 股市上有所謂 「選對的人、用對的電」 【雲豹能源】、大汽電、士電、大同、森崴能源、東元 陪你一起用好電…",,,,
mode:name,2330,台積電,M.1620816074.A.C58,2021-05-12 18:41:14,標的,name,dense,False,1,[標的] 大盤 短多,1,False,False,True,False,台積,284,"[簡稱(name)] …3.大盤直接跌破季線為超跌。 4.其他國家股市根本沒崩盤,台灣只是過度恐慌而已。 5.外資近兩日期貨空單回補近13000口。 4. 進退場機制:停利:季線16500左右或【台積】站上月線596 停損:15500…",,,,
mode:name,2330,台積電,M.1623247328.A.1D6,2021-06-09 22:02:08,新聞,name,dense,False,1,[新聞] WSTS：全球半導體今年產值估增19.7%,1,False,False,True,False,台積電|台積,690,"[簡稱(name)] …,WSTS預估,亞太地區今年將成長23.5%,是增幅最大的地區;歐洲地區居次,將成長21.1%;日本與美國將分別成長12.7%及11.1%。 受惠宅經濟驅動的電腦與網通等需求持續強勁,世界各國5G快速發展,及車用市場復甦,全球晶圓代工龍頭【台積電】預期,今年包括手機與車用等平台將全面成長。 動態隨機存取記憶體(DRAM)與儲存型快閃記憶體(NAND Flash)供應吃緊,產品報價走揚,推升記憶體產值高度成長。 WSTS預期,2022年全球半導體產值可望進一步達5734億美元,將再…",,,,
mode:name,2330,台積電,M.1624363269.A.C40,2021-06-22 20:01:09,標的,name,dense,False,1,[標的] 00891中信關鍵半導體 奇蹟自來多,3,False,False,True,False,台積電|台積,250,"[簡稱(name)] …[標的] 00891中信關鍵半導體 奇蹟自來多 1. 標的: 00891中信關鍵半導體ETF 2. 分類:多 3. 分析/正文: 人多的地方不要去 我大散戶就該人棄我取 相信一張不賣 奇蹟自來 【台積電】和聯發科兩檔資優生 一張買不起 零股怕買貴 可以選擇新上市的00891 兩檔的比重差不多 暫時不會有其他ETF台積電獨大的情形 趁低檔布局 高檔賣出 00891的1 是1張不賣的1 4. 進退場機制:(非長期投資者,必須有停損機制…
[簡稱(name)] …體ETF 2. 分類:多 3. 分析/正文: 人多的地方不要去 我大散戶就該人棄我取 相信一張不賣 奇蹟自來 台積電和聯發科兩檔資優生 一張買不起 零股怕買貴 可以選擇新上市的00891 兩檔的比重差不多 暫時不會有其他ETF【台積電】獨大的情形 趁低檔布局 高檔賣出 00891的1 是1張不賣的1 4. 進退場機制:(非長期投資者,必須有停損機制。請益免填) 進場:每個月發薪水隔天all in 停損:存款買得起1張聯發科或台積電…
[簡稱(name)] …比重差不多 暫時不會有其他ETF台積電獨大的情形 趁低檔布局 高檔賣出 00891的1 是1張不賣的1 4. 進退場機制:(非長期投資者,必須有停損機制。請益免填) 進場:每個月發薪水隔天all in 停損:存款買得起1張聯發科或【台積電】…",,,,
mode:name_with_context,2609,陽明,M.1686303318.A.659,2023-06-09 17:35:18,情報,name_with_context,dense,False,1,[情報] 陽明5月合併營收,2,False,False,True,True,陽明,342,"[簡稱(name_with_context)] …[情報] 【陽明】5月合併營收 1. 標題:陽明5月合併營收 2. 來源:公開資訊觀測站 3. 網址:https://mops.twse.com.tw/mops/web/t05sr01_1 4. 內文: 項目 營業收入淨額 本…
[簡稱(name_with_context)] …[情報] 陽明5月合併營收 1. 標題:【陽明】5月合併營收 2. 來源:公開資訊觀測站 3. 網址:https://mops.twse.com.tw/mops/web/t05sr01_1 4. 內文: 項目 營業收入淨額 本月…",,,,
mode:name_with_context,2317,鴻海,M.1584717159.A.77C,2020-03-20 23:12:39,新聞,name_with_context,dense,False,1,[新聞] 鴻海鄭州出口區傳恢復6條產線 復產率87.5%,2,False,False,True,True,鴻海,872,"[簡稱(name_with_context)] …復工審批, 當地富士康廠區正展開分批復工作業,首批復工員工已經返回園區。 鴻海創辦人郭台銘日前指出,不擔心中國大陸廠區復工,相關復工進度超乎預期和想像, 復工進展平順。他指出,工廠產能落後2週到3週,日後用數個月時間加班調整可以回復。 【鴻海】先前在線上法說會中表示,中國大陸廠區人力復工比例目前已超過季節性需求50%, 依目前進度,3月底前應可恢復季節性正常產能。 鴻海集團中國廠區陸續復工,中國媒體日前報導, 富士康在山西太原和晉城兩大廠區的武漢肺炎疫情防控以及復工復產, 獲得…
[簡稱(name_with_context)] …復工進度超乎預期和想像, 復工進展平順。他指出,工廠產能落後2週到3週,日後用數個月時間加班調整可以回復。 鴻海先前在線上法說會中表示,中國大陸廠區人力復工比例目前已超過季節性需求50%, 依目前進度,3月底前應可恢復季節性正常產能。 【鴻海】集團中國廠區陸續復工,中國媒體日前報導, 富士康在山西太原和晉城兩大廠區的武漢肺炎疫情防控以及復工復產, 獲得當地政府的大力支持。 報導指出,目前富士康在山西廠區返回工作崗位員工人數達9萬人, 手機組裝復工率達100%,機構件復工率達95%…",,,,
mode:name_with_context,1101,台泥,M.1591324794.A.A80,2020-06-05 10:39:54,標的,name_with_context,dense,False,1,Re: [標的] 4725信昌化,1,False,False,True,False,台泥,288,"[簡稱(name_with_context)] …有賺快跑~~ : 風險很高,大家自己評估 : ※ 引述《maya799 (嗆我嗆夠了沒QQ)》之銘言: : : 1. 標的:4725 信昌化 : : 2. 分類:多 : : 3. 分析/正文: : : 雖然虧損連連,全額交割 : : 但是是【台泥】集團,又是化工廠,要倒的機率很低 : : 連續跌停多日,這兩日跌不下去,開始有量 : : 是不是可以炒底一波? : : 4. 進退場機制: : : 炒底,有賺就要跑 目前7.11了,在下成本6.1,看起來狀況還可以,不知道大家還要繼續抱嗎…",,,,
mode:name_with_context,2610,華航,M.1637915826.A.6DF,2021-11-26 16:37:06,標的,name_with_context,dense,False,1,[標的] 6757 台灣虎航  修練耐心的辛酸 多,1,False,False,True,False,華航,402,[簡稱(name_with_context)] …19年12月16日第一天登錄興櫃開盤價45元 興櫃之後的一個多月約在47元至50元徘迴 2020年1月30日過後因疫情開始由47元雪崩 2020年大盤股災八千多點時最低點19.92元 2021年最低點26.70元 籌碼面 主要大股東持股 【華航】78.41趴 華信航空5.26趴 國泰人壽2.49趴 中信創投1.23趴 雄獅0.68趴 鳳凰0.65趴 基本面EPS 2016年-3.89 2017年2.86 2018年4.91 2019年4.04 2020年-6.46 4. 進退場…,,,,
mode:name_with_context,2303,聯電,M.1626788235.A.64E,2021-07-20 21:37:15,心得,name_with_context,dense,False,7,Re: [心得] 李永年：你該問是誰叫你買航運股,2,False,False,True,False,聯電,1410,"[簡稱(name_with_context)] …Re: [心得] 李永年:你該問是誰叫你買航運股 ※ 引述《hungyastyle (洪爺sytle)》之銘言: : 李永年: : 明天台積電 【聯電】 聯發科 : 一定要再接再厲 繼續收紅 : 因為航運股有麻煩啦 : 昨天陽明法說會 : 結果開高走低 不對 : 今天萬海股東會 : 最後收黑跌8% 不對 : 為什麼會這樣? : 其實我早在一兩個月以前就說過了 : 他們高峰是在第三季阿 :…
[簡稱(name_with_context)] …獲利 6/25 華邦電35.3 7/9 35.05認賠 7/6 光罩90 7/12 86.5認賠 7/15 鴻海118.5 還沒賣出 7/7/13 【聯電】54.5 7/20 52.6認賠一半 最扯的是,看到簡訊叫進一檔股票,瞬間會一直往上拉 然後沒多久就開始一路往下,整個被套 濕公的說法是,他發現有個內部會員是大戶,每次叫進股票就上百張的再敲 他先把股價敲上去,會員看到簡訊只好…",,,,
mode:name_with_context,1301,台塑,M.1686816888.A.C37,2023-06-15 16:14:48,標的,name_with_context,sparse,False,2,[標的] 2211長榮鋼,1,False,False,True,False,台塑,1804,"[簡稱(name_with_context)] …://imgur.com/mZuiYSr https://imgur.com/MNAUF90 總結:2023股利配5元+2024預估股利6元,可快速降低成本至5X出頭,若2025配息4.5元, 殖利率仍高達8%以上,此外長榮鋼與遠東集團、【台塑】集團一樣皆會集團交叉持股,有時海 運配的好,有時航空配的好,又持有高鐵等好公司股票,每年皆可穩定配息。環保轉投資 皆為特許15年起跳特許行業變數不大,鋼構部分其實很容易因為長榮鋼的名稱讓投資人以 為是在賣鋼鐵原料,其實他們是鋼鐵加工低碳排行…",,,,
mode:name_with_context,2610,華航,M.1619143522.A.2EC,2021-04-23 10:05:22,新聞,name_with_context,dense,False,1,"[新聞] 台股三沖客炒翻 當沖4,847億",1,False,False,True,False,華航,1121,"[簡稱(name_with_context)] …巨量,僅次於電子類 及半導體類;鋼鐵類指數,亦飆上584.78億元,光是「航海王」、「鋼鐵人」,就包下台 股22日成交金額近三成比率,寫下驚人數字。 而當日沖也同步鎖定航運及鋼鐵等傳產族群,航運股長榮、萬海及台驊投控當沖比逾六成 ,中櫃、【華航】及長榮航當沖比更高達五成,顯示半數投資人都不願意抱股過夜;鋼鐵股的 海光及官田鋼當沖比逾六成,新光鋼、大成鋼及威致也超過五成都是當沖客。 凱基投顧董事長朱晏民認為,台股電子族群成交比重大幅降溫,使市場資金一股腦全數灌 入原物料股,使其短線…",,,,
mode:name_with_context,2313,華通,M.1603817394.A.84F,2020-10-28 00:49:54,標的,name_with_context,sparse,False,2,[標的] 3037 欣興 多,1,False,False,True,False,華通,755,"[簡稱(name_with_context)] …c/4mY9Oj 發布日期 2020 年 08 月 20 日 11:16 續挺 ABF 載板缺貨題材,里昂證券點兵欣興、華通、台燿、南電 里昂證券也出具報告看好 ABF 載板將持續缺貨,並可能在第四季開啟新的一波漲價潮, 重申對新興、【華通】、台燿的買進評等,並將南電的評等由優於大盤提升至買進。 回去看看8/20哪天,發新聞的當天一根長黑 雖然不是最高點,但也差不多山頂了 然後今天破月線就降評等,真有趣 某幾家反指標外資,只要發新聞調整評等,就眼睛閉閉跟他對做 勝率至…",,,,
mode:name_with_context,2409,友達,M.1620398746.A.A39,2021-05-07 22:45:46,請益,name_with_context,dense,False,1,Re: [請益] 買面板的心態,1,False,False,True,False,友達,180,"[簡稱(name_with_context)] …... 看對、下大、抱住、數錢 對我來說,所以已經知道的利多都是次要 我買面板最大的原因就是 法人還在把面板當景氣循環股 還在用股價淨值比來給目標價 現在正是建倉的大好機會 等到法人認錯改用本益比來給目標價 那可就買不到這個價位了 不只群創【友達】老闆說以後會穩健獲利 連京東方都說會為了獲利來控制產能 殺價競爭的時代回不去囉…",,,,
mode:name_with_context,6581,鋼聯,M.1642314501.A.D1A,2022-01-16 14:28:21,新聞,name_with_context,silent,False,3,"[新聞] 封關倒數 台股拚衝破18,500點",1,False,False,True,False,鋼聯,937,"[簡稱(name_with_context)] …建承指出,近期台積電為首權值股強勢 ,在櫃買中小型股盤勢走弱之際仍能撐住大盤指數,主要是為台指期結算,要提防期貨結 算後權值股可能回檔修正;另中小型股相對弱勢整理多日後,即將醞釀跌深反彈走勢。 本周上市櫃及興櫃公司法說會方面,有廣閎科、【鋼聯】、東研信超等,將釋出對2022年營 運展望,將影響個股走勢;弘凱19日新上市掛牌買賣,當日還有雲豹能源、祥翊製藥兩家 公司掛牌興櫃一般板股票買賣,在近期股市維持高檔震盪之際,也被看好有蜜月掛牌行情 。 心得/評論:…",,,,
mode:name_with_context,8482,商億-KY,M.1613571920.A.289,2021-02-17 22:25:20,新聞,name_with_context,silent,False,1,[新聞] 中國億航智能遭空頭狙擊！財務涉造假股,2,False,False,True,False,商億,1813,"[簡稱(name_with_context)] …(請以原文網頁/報紙之發布時間為準) 2021/02/17 19:49 原文內容: 中國億航智能遭空頭狙擊!財務涉造假股價崩跌逾60% 2021/02/17 19:49 做空機構Wolfpack在16日,發表在美上市的中國無人機製造【商億】航智能(Ehang)的做空 報告,指出億航智能的合作夥伴疑為空殼公司,且在營收和產品上造假,促億航智能股價 在16日單日暴跌超過60%。(圖截取自億航智能網站) 〔財經頻道/綜合報導〕做空機構Wolfpack在16日,發表在美上市的中國無…
[簡稱(name_with_context)] …Ehang)的做空 報告,指出億航智能的合作夥伴疑為空殼公司,且在營收和產品上造假,促億航智能股價 在16日單日暴跌超過60%。(圖截取自億航智能網站) 〔財經頻道/綜合報導〕做空機構Wolfpack在16日,發表在美上市的中國無人機製造【商億】 航智能(Ehang)的做空報告,指出億航智能的合作夥伴疑為空殼公司,且在營收和產品 上造假,促億航智能股價在16日單日暴跌超過60%。 做空機構Wolfpack在經過收集包括照片、錄音電話、公司設施現場訪問等證據後,發布對 億航智能的作…",,,,
mode:name_with_context,2609,陽明,M.1616224726.A.9DC,2021-03-20 15:18:46,其他,name_with_context,dense,False,1,Re: [其他] 陽明1月自結,3,False,False,True,True,陽明,1110,"[簡稱(name_with_context)] …Re: [其他] 【陽明】1月自結 先說結論 建議獲利了結 我自己有8張30塊 因為上次板上鄉民變成各大精算師會計師的時候 是在算合一藥膏的時候 結果發生什麼事大家應該都還記得 以線形突破前高跟籌碼買超這麼多來說 理論上應該要繼續上攻啦 但鄉民反指標…
[簡稱(name_with_context)] …言: : 拉開歷年EPS跟隔年配息 : https://reurl.cc/V321xZ : https://i.imgur.com/qd4sidj.jpg : 只要這一年有賺 隔一年都有配息 : 再來看2002-2004那一段的EPS : 【陽明】這次單月EPS就賺贏過去任何的一季 : 光成長率就已經歷史強 : 再來是一些擔心航運只賺一兩季的 : 看看2004那時候也是橫跨3年 : 以一個產業週期來算 : 去年2020開始由虧轉盈 : 航運這波可以賺到2022年 : 當然股價會提前反…
[簡稱(name_with_context)] …,更新) : 籌碼有約14%在交通部 : 有約14%在國發基金 : 10%在台灣港務 : 最後很多人怕進處置 : 進處置少了來亂的當沖 : 股價更好抬 等抬上去解除處置 : 散戶自然會跳進來 : 到時候就會有文章說 : 60、80、120的【陽明】該不該買 : 回文就會說全年EPS 15塊 : All in 刪軟體等著財富自由啦~ : 不信? : 等著看吧 : ※ 引述《Ensidia (要宅的這麼神是有難度的)》之銘言: : 的 : : 大概算一下 : : 1月EPS 2.3…",,,,
mode:name_with_context,2303,聯電,M.1642387653.A.9C2,2022-01-17 10:47:33,新聞,name_with_context,dense,False,1,[新聞] 聯電宣布：即日起分組、分區上班,1,False,False,True,True,聯電,517,"[簡稱(name_with_context)] …縮網址工具) 發布時間:2022-01-17 10:24 (請以原文網頁/報紙之發布時間為準) 原文內容:中央社記者張建中新竹17日電 國內疫情升溫,晶圓代工廠【聯電】防疫措施今天升級,除禁止訪客,並恢復分組分區上班。 國內COVID-19(2019冠狀病毒疾病)疫情持續延燒,聯電高度警戒,除維持員工上班量測 體溫等作法外,防疫措施今天進一步升級。 聯電指出,目前禁止外來訪客,並恢復先前的紅、藍軍分組…",,,,
mode:name_with_context,2329,華泰,M.1718267108.A.DB0,2024-06-13 16:25:08,標的,name_with_context,sparse,False,4,Re: [標的] 所羅門 下個華城空 2359.TW,1,False,False,True,False,華泰,908,[簡稱(name_with_context)] …預期 : 所羅門等股票一定直接綠燈好幾根 : 我看好所羅門至少跌到70甚至50以下 : 回歸基本面 : 進退場機制: : 明天開高空幾張 : 往上每根紅棒加空2倍張數 : 金字塔式空法 : 200停損 : 70停利 : 博士我的戰績: : 【華泰】85空到65 : 鴻海155空到140 : 世芯搶反彈2600到2800 : 鴻海加空177到今天 : ----…,,,,
mode:name_with_context,2303,聯電,M.1626231776.A.007,2021-07-14 11:02:56,心得,name_with_context,dense,False,2,[心得] 小小水手下船去，感謝股版的心得,1,False,False,True,False,聯電,798,"[簡稱(name_with_context)] …w.ptt.cc/bbs/Stock/M.1625934389.A.BB3.html 讓我堅定了不繼續在船上的心 但一開始會想要上船也是一個「貪」 家裡人對股票的操作策略都偏保守 所以一開始我的持股以ETF跟金融股為主 後來自己不懂事買了【聯電】的十股跟一張均豪 (說不懂事是因為根本還不了解零股買賣就自己亂來 而後看到航運股瘋漲,又讀了一些書之後自己決定可以上船了,就在149時買了一張陽明,然後買完隔天開始跌,直接懷疑起人生XD 但我在這要認真推薦一本書: 霍華·馬克斯《投資最重…",,,,
mode:name_with_context,2606,裕民,M.1624756879.A.FE1,2021-06-27 09:21:19,新聞,name_with_context,sparse,False,5,Re: [新聞] 經濟日報-郭哲榮 本周看好長榮、萬海,2,False,False,True,False,裕民,1193,"[簡稱(name_with_context)] …經濟日報-郭哲榮 本周看好長榮、萬海 ※ 引述《lynos (快樂就好)》之銘言: : 明天,就在明天 : 9:30以前的拉抬 : 拉高航運股,要賣! : 看看前5個月 : 除了貨櫃三雄的獲利 : 志信,慧洋ok : 但沒特別爆發力 : 【裕民】,新興差強人意 : 裕民5月單月獲利0.3 : 全年頂多就是3~3.5左右 : 股價80左右 : 上漲還有空間嗎 : 其他如榮運,獲利真的太平常 : 都是炒作 : 中國塞港已經緩解 : 下半年要大量釋出新貨櫃 : 而且雜貨船,維修船 : 也…
[簡稱(name_with_context)] …看好長榮、萬海 ※ 引述《lynos (快樂就好)》之銘言: : 明天,就在明天 : 9:30以前的拉抬 : 拉高航運股,要賣! : 看看前5個月 : 除了貨櫃三雄的獲利 : 志信,慧洋ok : 但沒特別爆發力 : 裕民,新興差強人意 : 【裕民】5月單月獲利0.3 : 全年頂多就是3~3.5左右 : 股價80左右 : 上漲還有空間嗎 : 其他如榮運,獲利真的太平常 : 都是炒作 : 中國塞港已經緩解 : 下半年要大量釋出新貨櫃 : 而且雜貨船,維修船 : 也加入貨櫃運輸 : 下半年…",,,,
mode:name_with_context,2327,國巨*,M.1594003479.A.D11,2020-07-06 10:44:39,標的,name_with_context,sparse,False,1,[標的] 3026禾伸堂,1,False,False,True,False,國巨,298,"[簡稱(name_with_context)] …就噴出 喊了998299 總有一天會中的 XD 散熱原本就持有雙鴻 今天盤中加了一點超眾 這些都噴了 所以推3026給大家參考 在我寫文的時候 下降壓力線回測後站上 前高127.5也站上 四條均線也排整齊了 量微增 它雖然是被動原件 但是和【國巨】不太一樣 我只看指標 就不管基本面了 4. 進退場機制:(非長期投資者,必須有停損機制) 收盤前127.5沒破就找點進 我已經先進一點了 收盤前再補一點 停損123 停利 基本上只剩前高138.5的壓力了 建議大量長紅K的時候先走一趟…",,,,
mode:name_with_context,2317,鴻海,M.1635208839.A.E4E,2021-10-26 08:40:39,新聞,name_with_context,dense,False,3,[新聞] 貨櫃三雄領航 台股翻紅收漲5點留110點下,1,False,False,True,False,鴻海,733,"[簡稱(name_with_context)] …4.11點、下跌104點,隨後航運股買盤回籠,貨櫃三雄強漲,拉抬指數翻紅,終場收 在16894.24點,險守5日線約16892點。 需求旺盛的晶圓代工廠台積電開低下跌,失守600元關卡,終場收在593元,跌幅1.17%; 電動車題材加持的【鴻海】漲0.47%,收108元;矽智財廠智原第3季營收創新高,今天股價大 漲5.71%,收176元。 航運貨櫃股開低走高,長榮終場上漲6.84%,收在95.3元,成交量超過20.82萬張,上市股 排名第一;陽明收漲5.17%,以89.5元作收,…",,,,
mode:name_with_context,2610,華航,M.1644213683.A.1A9,2022-02-07 14:01:23,新聞,name_with_context,dense,False,5,[新聞] 高股息+低本益比誘人 貨櫃三雄齊攻頂,1,False,False,True,False,華航,556,"[簡稱(name_with_context)] …與長榮,受惠去年營運大好,年度EPS上看40元,且今年榮運仍可望 持穩在歷史高檔水準,在本益比偏低與可能的高股利誘人下,吸引大股東、壽險法人與中 實戶等逢低卡位。 貨櫃三雄今都開高走高,並帶動散裝船相關股票也多紅光滿面,而航空雙雄長榮航與【華航】 也不甘示弱同飆高音。今台股開紅盤,鋼鐵與航運成短多指標,陽明股盤中一度亮燈漲停 板,迄午盤暫報106.5元,仍大漲逾8%,長榮與萬海也分別勁彈逾7%、6%。 受惠短多買氣大舉歸隊,陽明在中午12:30之後緊鎖漲停板,同時激勵長榮與萬海兩…",,,,
mode:name_with_context,1101,台泥,M.1682039058.A.513,2023-04-21 09:04:18,新聞,name_with_context,dense,False,10,Re: [新聞] 總統報明牌 造紙、碳權概念股紅了,1,False,False,True,False,台泥,1077,"[簡稱(name_with_context)] …拉回, : 隨著520進入倒數一個月,碳權概念股再度浮上檯面,為520行情加溫意味濃。台新投顧副 : 總黃文清分析,從統計數據來看,選前以政策指標股上漲的機率較高。 統一投顧董事長 : 黎方國表示,碳權概念股範圍極廣,包括大型權值股台積電、【台泥】、中鋼、台塑等近年大 : 舉種林,手中都有碳權交易,以及造紙類股、擁有全台最大資產的農林,以及其他水力風 : 力發電、新能源車、太陽能等,都是近來市場相當受到關注的焦點。 : 造紙類股20日一早由華紙及永豐餘領頭大漲,華紙開盤沒多久衝停就一…",,,,
mode:name_with_context,1219,福壽,M.1618543362.A.8BD,2021-04-16 11:22:42,標的,name_with_context,sparse,False,2,[標的] 矽格 底部翻轉多,1,False,False,True,False,福壽,501,"[簡稱(name_with_context)] …[標的] 矽格 底部翻轉多 一早來到54元, 已經到了第一停利點, 後面我看態勢應該還會繼續衝, 不過我已經把資金轉進【福壽】了 XD 此後就不在追蹤了 有問題可以來信討論 感恩 1. 標的:矽格 6257 2. 分類:多 3. 分析/正文: 技術面 RSI位在低檔20以下, KD準備翻轉朝上 MACD目前還在弱勢,可觀察再進場 在底部50附近徘徊不破,今…",,,,
mode:name_with_context,2327,國巨*,M.1625719946.A.774,2021-07-08 12:52:26,心得,name_with_context,sparse,False,1,[心得] 航運利空總整理,1,False,False,True,False,國巨,496,[簡稱(name_with_context)] …漲幅那樣高 馬士基 中遠 zim都繃了 8.運費漲那樣高 我就不進出口阿 運費就降了阿 9.那樣多船下水 不塞港了 10.航運意思歐勃(is over) 11.這樣漲上去 就怎樣跌回來 尖頭反轉 這只是剛開始~ 12....勿忘【國巨】 勿忘宏達電 一片樂觀中 反轉 13....大股東賣股票啦 他一定有我們看不到而他看到!!!!(高音 撥頭髮) 14....十年對稱漲幅 15....下禮拜資金回流電子 水鬼沈船 16....沒事就來一句 它們說 風雨中 這點痛算甚…,,,,
mode:name_with_context,1810,和成,M.1682239380.A.387,2023-04-23 16:43:00,新聞,name_with_context,sparse,False,3,[新聞] 雷虎漢翔寶一等軍工股 5月會再起?謝金,1,False,False,True,False,和成,1355,"[簡稱(name_with_context)] …,股價一發不可收拾。 最近飛彈尾翼零件供應商翔名也創新高,在半導體耗材鎢、鉬、鉭及石墨加工市場都擁有世 界第一的優勢,去年EPS9.75元,配7元現金,這次有了軍工題材,股價開始出現新變化。 謝金河指出,今年很多軍工特色產業逐漸崛起,像【和成】研發精密陶瓷,也成了軍工股,股價 衝高,甚至嘉裕一度也因生產軍服股價上漲,這次漢翔接到GE Aerospace約350億元的長約 訂單,開啟台灣軍工產業新形勢。 同時,報載5月有25家美國軍工企業高層來台,很可能是美台緊密合作的重要一步,…",,,,
mode:name_with_context,1218,泰山,M.1588822724.A.0A1,2020-05-07 11:38:44,標的,name_with_context,sparse,False,1,Re: [標的] 6186 新潤,1,False,False,True,False,泰山,899,"[簡稱(name_with_context)] …新潤A18 及 翠峰持續認列 EPS第一季應該會在2元以上 : 今年還有橋峰168 幸福莊園2 新潤鉑麗 等會在第3季認列 : 新潤興業 2020 年將推出包含土城 - 金城路案、土城斬龍山公園案、淡水新市二路案、 : 新莊產專區商辦案以及【泰山】捷運 A5 案,總銷金額達 100 億元,總銷戶數為 700 戶 : 直接總結如下 : 2019 EPS:4.21元 : 2020 EPS:6~7元(預估) : 2021 EPS:4元以上(預估) : 2022 EPS:4元以上(預估) :…",,,,
mode:name_with_context,2603,長榮,M.1647594109.A.D50,2022-03-18 17:01:49,新聞,name_with_context,dense,False,2,Re: [新聞] 法人：長榮減資市場誤解錯殺　目標價上,5,False,False,True,False,長榮海運,1774,"[簡稱(name_with_context)] …用縮網址工具) : 發布時間: : 2022年03月17日 11:46 : (請以原文網頁/報紙之發布時間為準) : : 原文內容: : 記者林淑慧/台北報導 : 【長榮海運】宣佈減資六成震撼市場,昨(17)日股價卻重挫,本土法人今日發佈最新報告指出 : ,市場錯誤謠傳長榮會募資,主管機關不會允許減資後馬上再增資,而在今年貨櫃運價續處 : 高檔下,長榮營運持續看旺,法人計算目標價為355元,建議投資人逢低佈局。…
[簡稱(name_with_context)] …續往下閱讀↓ : 從貨櫃航運基本面來看,2021 年 SCFI 貨櫃運價指數全年平均指數為3,753,每年第一季為 : 產業最淡季節,但截至2022年3月11日最新SCFI指數仍高達4625,從運價推估貨櫃航商今年 : 營運會更旺,法人預期【長榮海運】2022 年獲利及每股現金股利會更高。 : 觀察長榮海運籌碼面,品豐大中華證券投顧董事長蔡彰鍠指出,外資對長榮海運連二賣2.2 : 萬張,昨日盤中重跌投信雖然由連26買轉賣,僅賣出張數並不多,顯示投信並未離棄長榮, : 看好長榮海運今年營收…
[簡稱(name_with_context)] …CFI 貨櫃運價指數全年平均指數為3,753,每年第一季為 : 產業最淡季節,但截至2022年3月11日最新SCFI指數仍高達4625,從運價推估貨櫃航商今年 : 營運會更旺,法人預期長榮海運2022 年獲利及每股現金股利會更高。 : 觀察【長榮海運】籌碼面,品豐大中華證券投顧董事長蔡彰鍠指出,外資對長榮海運連二賣2.2 : 萬張,昨日盤中重跌投信雖然由連26買轉賣,僅賣出張數並不多,顯示投信並未離棄長榮, : 看好長榮海運今年營收大旺,投資人對於短期籌碼整理不用太過擔心。 : 展望後市…",,,,
mode:name_with_context,2105,正新,M.1685148477.A.38F,2023-05-27 08:47:57,標的,name_with_context,sparse,False,1,Re: [標的] DJI 道瓊  高處沒有不勝寒,1,False,False,True,False,正新,3434,"[簡稱(name_with_context)] …幾次) 因為太遠了,我能觀測得到兩個月的可能走勢就是我的極限 https://imgur.com/oeu0OGR 目前無法進一步看到新的兩個月狀況 因為沒有突破箱型的訊號 我想這部分有看過我寫的特特文就知道 不到我自己訂下的時間我不會做真【正新】一輪方向的結論 目前我是保持在第一張圖的看法 所以我沒有真正看空道瓊過 只是箱型區間之大,是沒辦法跟納指強襲文的多頭相提並論 但我其實都寫在2/8的文上 今天很適合幫2/8文做個清楚的結尾 當初很多人說看不懂我2/8文寫什麼 其實那確實…",,,,
mode:name_with_context,2609,陽明,M.1657114186.A.B4B,2022-07-06 21:29:46,新聞,name_with_context,dense,False,1,[新聞] 航運慘劇結束？專家曝長榮大反攻,2,False,False,True,False,陽明,1200,"[簡稱(name_with_context)] …349點,跌幅高達21.4%,而長榮及長榮航與當時差 多大呢?還原除息的價位後,長榮下跌20.8%,長榮航僅小跌7.1%,兩者相差13.7%, 長榮航勝出,噴射機持續在高空翱翔! 去年創下超高獲利的貨櫃三雄,真的沒辦法與噴射機相比嗎?其中【陽明】配息20元、長榮配 息17.99元,由於史無前例的高配息,造成「假除息」的美麗錯誤,讓長榮、陽明股價在 除息前遭受融資斷頭的賣壓摜殺,加上全球第二大貨櫃航運馬士基執行長施索仁表示,之 前在新冠疫情帶動貨櫃海運的榮景,可能在8月之後大幅反轉,…
[簡稱(name_with_context)] …%,長榮航僅小跌7.1%,兩者相差13.7%, 長榮航勝出,噴射機持續在高空翱翔! 去年創下超高獲利的貨櫃三雄,真的沒辦法與噴射機相比嗎?其中陽明配息20元、長榮配 息17.99元,由於史無前例的高配息,造成「假除息」的美麗錯誤,讓長榮、【陽明】股價在 除息前遭受融資斷頭的賣壓摜殺,加上全球第二大貨櫃航運馬士基執行長施索仁表示,之 前在新冠疫情帶動貨櫃海運的榮景,可能在8月之後大幅反轉,出現需求萎縮、供應增加 的「長鞭效應」,衝擊貨櫃運輸,這些都是造成近期貨櫃三雄股價下跌的原因之一…",,,,
mode:name_with_context,2609,陽明,M.1731031282.A.158,2024-11-08 10:01:22,標的,name_with_context,dense,False,2,Re: [標的] 長榮2603 台股送分多多多,2,False,False,True,False,陽明|陽明海運,1949,"[簡稱(name_with_context)] …多少版友推文叫人別買航運股 也難怪很多人稱股版壞人多... 但現在航運股就是獲利賺到流湯 貨真價實的送錢給你花 的送分題 https://i.imgur.com/KCaUhZY.jpeg 不排除 之後更多etf,會繼續增加長榮跟【陽明海運】部位 買盤會高達20萬張左右 等三季財報下週出來 長榮陽明萬海 那幾天股價又要創今年波段新高了 讓市場大驚 賺太多 抱緊船票波段持有 數錢很難嗎?呵呵呵…
[簡稱(name_with_context)] …現在航運股就是獲利賺到流湯 貨真價實的送錢給你花 的送分題 https://i.imgur.com/KCaUhZY.jpeg 不排除 之後更多etf,會繼續增加長榮跟陽明海運部位 買盤會高達20萬張左右 等三季財報下週出來 長榮【陽明】萬海 那幾天股價又要創今年波段新高了 讓市場大驚 賺太多 抱緊船票波段持有 數錢很難嗎?呵呵呵…",,,,
mode:name_with_context,2317,鴻海,M.1715324860.A.72C,2024-05-10 15:07:40,標的,name_with_context,dense,False,4,Re: [標的] 長榮2603（更新scfi）送分題上五百塊,1,False,False,True,False,鴻海,467,[簡稱(name_with_context)] …Re: [標的] 長榮2603(更新scfi)送分題上五百塊 應該這幾天長榮沒人被會剔除00940的假新聞騙出去吧?根本故意的新聞 太噁心了吧? 陽明萬海乖離過大 下週留意修正 拉回可以上船喔... 上週有分享陽明聰明融資 要走【鴻海】的模式大漲 這不就來了 -------- 沒意外...內線早知道 運價突破新高並大漲了 本週Scfi果然大漲 5/10 尖叫聲 本期2305.79 大漲.... 才讓那麼多主力出手拉抬貨櫃股 貼心提醒一下.. 知道貨櫃股重演2021…,,,,
mode:name_with_context,2609,陽明,M.1623908157.A.51B,2021-06-17 13:35:57,心得,name_with_context,dense,False,1,Re: [心得] 航運開盤漲，就空下去,1,False,False,True,False,陽明,216,"[簡稱(name_with_context)] …Re: [心得] 航運開盤漲,就空下去 ※ 引述《sqt (深海)》之銘言: : 看到長榮開盤漲,就空下去, : 很恭喜當沖就隨便賺幾千的股民。 : 我也想,空陽明,但怎麼還沒跌下來? : 這種景氣循環,去年賠錢,目前又 : 漲超高的,希望【陽明】快點跌, : 我不貪心,賺5000就想跑了。 : 附空單參考,請支持我一下,謝謝 : http://imgur.com/gallery/mwlnFD6 下次要做多就先開另一個帳戶放空一張發上來PTT 給主力看,就算被嘎也很爽啊…",,,,
mode:name_with_context,2347,聯強,M.1624592514.A.38D,2021-06-25 11:41:54,新聞,name_with_context,sparse,False,3,[新聞] 0056狂買長榮　「不敗教主」陳重銘不解：,1,False,False,True,False,聯強,1274,"[簡稱(name_with_context)] …過去股利長年掛蛋的景氣循環股,對投資人就比較有保障。 陳重銘表示,如果要長期投資領股利,自己是不會買長榮跟陽明,因為過去幾乎都是股利 掛蛋。另外,0056又納入友達跟群創,大家搜尋一下以前的配息是不是不穩定也不好呢? 此外,0056又刪除【聯強】、神基這兩支獲利穩定、股利不錯的成分股,真的搞不懂。 此外,陳重銘說,傳統高股息ETF的成分股中,有許多中型股,波動較大且沒有流動性, 每次調整時候,都會把股價殺下去或是往上拉,對基金影響很大。0056因為規模太大,一 次要買很多張股票,…",,,,
mode:name_with_context,1536,和大,M.1726126639.A.F67,2024-09-12 15:37:19,新聞,name_with_context,sparse,False,2,[新聞] 雞蛋每日生產過剩40萬顆！　蛋商公會：中,1,False,False,True,False,和大,849,"[簡稱(name_with_context)] …各級學校開學初期,雞蛋銷售 市況普遍不佳,近期又碰上雞蛋產量回升,各區蛋商庫存壓力湧現,因此呼籲各產區要進 行產銷調節。 心得/評論: 本來期待開學能帶動雞蛋銷量,仍然沒有起色,甚至出現堵蛋的狀況,是不是又要出動國 軍幫忙?這樣大成、卜蜂【和大】武山的股價會怎怎麼走呢? ※必需填寫滿30正體中文字,無意義者板規處分…",,,,
mode:name_with_context,2317,鴻海,M.1653497388.A.B7E,2022-05-26 00:49:48,新聞,name_with_context,dense,False,2,[新聞] 兩岸蘋鏈搶單 沒人是贏家,1,False,False,True,False,鴻海,2221,"[簡稱(name_with_context)] …敢輕忽,帶著1,200家供應商一步步擬定規範,這部分 成本高到不行,體質差的廠商,可能連毛利率都沒有了。要成為蘋果供應鏈投入的資源只 會更龐大。 緯創把低毛利的iPhone事業賣出後,在2021年繳出亮麗成績單,可謂塞翁失馬,焉知非福 。【鴻海】被視為是立訊的主要頭號競爭目標,2021年稅後純益1,393.2億元、年增37%,創五 年新高,每股純益(EPS)10.05元,創14年新高,而且2021年毛利率、營利率與淨利率, 三率三升,靠的是嚴格的供應鏈管理和全球採購能力,董事長劉揚…",,,,
mode:name_with_context,2303,聯電,M.1601989018.A.4B8,2020-10-06 20:56:58,標的,name_with_context,dense,False,2,[標的] 日月光投控3711(短多),1,False,False,True,False,聯電,230,"[簡稱(name_with_context)] …[標的] 日月光投控3711(短多) 1. 標的:日月光投控 3711 2. 分類:多 3. 分析/正文: 基本面: 日月光封測急單湧進(利多) 台積電自己封裝(利空) 《熱門族群》【聯電】、日月光轉單在望 權證火(利多) 技術面:一直跌,利多不太漲,抄底搶反彈 籌碼面:外資賣,主力賣,散戶買,外資看起來已經倒到快沒貨,所以外資應該會回補持股 4. 進退場機制:(非長期投資者,必須有停損機制) 進60(+/-1) 退70…",,,,
mode:name_with_context,1503,士電,M.1678413969.A.DB6,2023-03-10 10:06:09,標的,name_with_context,sparse,False,7,[標的] 華電(1603) 停電跳電多,1,False,False,True,False,士電,1136,"[簡稱(name_with_context)] …[標的] 華電(1603) 停電跳電多 華電(1603) 華電是PTT版友 ginwer (巾吻) 發現的股票 台電電網強韌計畫概念股 重電設備廠【士電】、中興電、東元、亞力電機都漲很多了 華電以基本面來講當然比不上他們 不過還是可以跟同業電纜股比價一下 台電十年「強化電網韌性建設計畫」, 總預算高達五六四五億元, 其中重大項目是新增擴充不少輸電等級電纜, 能夠做到345kV電纜的業者僅四…",,,,
mode:name_with_context,2603,長榮,M.1708399939.A.104,2024-02-20 11:32:19,新聞,name_with_context,dense,False,3,[新聞] 年終獎金拿去買0056、00878？高股息ETF配,1,False,False,True,False,長榮海運,1379,"[簡稱(name_with_context)] …10%的超高配息率情形會消失。對投資人而言,每月或每季拿到的配息會變少,但從總報酬的角度,則不受影響。 去年底共6檔高股息ETF換股,以電腦及周邊設備業、電子零組件減持比重最多,有的換成金融股,有的換成半導體類股。最特殊的是00919增持【長榮海運】成最大持倉。 原因在於,長榮去年3月配息70元、殖利率45%,是所有上市櫃公司最多;今年1月股價漲回除息前的155元後,完成填息且預估股利達15元,殖利率仍高達10%,00919依指數選股策略才增持。不過由於同為航運股的陽明、萬海獲利表現…",,,,
mode:name_with_context,2327,國巨*,M.1647259517.A.566,2022-03-14 20:05:17,新聞,name_with_context,sparse,False,1,[新聞] 國巨18日線上法說 股利政策受關注,9,False,False,True,True,國巨,766,"[簡稱(name_with_context)] …[新聞] 【國巨】18日線上法說 股利政策受關注 原文標題: 國巨18日線上法說 股利政策受關注 原文連結: https://reurl.cc/Npmayn 發布時間: 20220313 原文內容: 被動元件大廠國巨將於18日(周五)召開線上法說會,由總經…
[簡稱(name_with_context)] …[新聞] 國巨18日線上法說 股利政策受關注 原文標題: 【國巨】18日線上法說 股利政策受關注 原文連結: https://reurl.cc/Npmayn 發布時間: 20220313 原文內容: 被動元件大廠國巨將於18日(周五)召開線上法說會,由總經理暨執行長王淡如、財務長 陳彥松上陣,市場關注2…
[簡稱(name_with_context)] …[新聞] 國巨18日線上法說 股利政策受關注 原文標題: 國巨18日線上法說 股利政策受關注 原文連結: https://reurl.cc/Npmayn 發布時間: 20220313 原文內容: 被動元件大廠【國巨】將於18日(周五)召開線上法說會,由總經理暨執行長王淡如、財務長 陳彥松上陣,市場關注2021年的財報之外,諸如俄烏衝突對需求的影響、股利政策、是否 重啟標準品稼動率?也將成為法人垂詢的焦點。 被動元件廠陸續公布財報,MLCC次族群202…",,,,
mode:name_with_context,1101,台泥,M.1627932754.A.DF6,2021-08-03 03:32:34,新聞,name_with_context,dense,False,7,"[新聞] 三大政府基金 上半年海賺3,844億",1,False,False,True,False,台泥,1753,"[簡稱(name_with_context)] …最受市場關注。不只台積電居這四個基金持股第一名 ,另台達電、中華電、壽險金控雙雄國泰金及富邦金,以及中鋼等五檔,也全數入榜四大 基金前十高持股之列,聯發科及鴻海各有三個基金列前十高。 再來是兆豐金及台塑各有二個政府基金列前十高名次,聯電、【台泥】、台灣大、統一超、南 電、長榮等,則僅列入一個基金前十高榜內,其中最受關注的是航海王長榮,則是歷史首 度進退撫基金第六高持股,南電應也是歷史首見進入新制勞退基金前十高名單。 政府基金每半年公告一次持股明細,即每年6月及12月底持股。劉麗茹…",,,,
mode:name_with_context,2327,國巨*,M.1589795539.A.C02,2020-05-18 17:52:19,其他,name_with_context,sparse,False,2,Re: [其他] 近期不錯的財經節目推薦？,1,False,False,True,False,國巨,436,"[簡稱(name_with_context)] …追的 +~老師就比較敢講標的 如果你有準時去看他三月的節目 他秀出來的標的幾乎都會賺錢 但最近好像被會員人數綁架了 開始忌憚於放空 寧可被嘎空手兩個禮拜 老實說啦老師每天酸大富翁的標的 你一檔一檔去放空好像也是賺大錢XD 【國巨】、華新科、穩懋、禾伸堂、鴻海......(以下開放補充) 哪一檔今天不是跌的亂七八糟 綜上所述 短期可以好好參考陳龍老師的意見,長期我認為+~老師比較可靠 補充:陳龍老師對於蘋概股的執著有時候很夭壽…",,,,
mode:name_with_context,2303,聯電,M.1663123646.A.ACB,2022-09-14 10:47:26,新聞,name_with_context,dense,False,2,[新聞] 股價跌至三字頭　力積電黃崇仁：市場過度,1,False,False,True,False,聯電,916,"[簡稱(name_with_context)] …公道話。 黃崇仁也說,大家都覺得台積電是明牌,但你看他今天一樣照跌不誤,我們是比較普通的 股票,台積電是國際股票,外資很多,隨時金融一改變,外資只要要錢就把它賣掉了,跟 台積電好壞沒關係。 市場對某些事情有些看法,像我們做到我們該做的,【聯電】也做到他們該做的,有時候就是 市場的反應,我們現在產業就是V型反轉,可能後面會拉一下,因為通膨的關係,後面再 反轉上來,所以一定會發生的。 我們的產業已經發達2到3年了,不可能永遠都這樣子,總是要下來一下,那我們現在是因 為受惠於疫情,大…",,,,
mode:name_with_context,2409,友達,M.1622464327.A.F43,2021-05-31 20:32:07,新聞,name_with_context,dense,False,2,Re: [新聞] 京東方計劃展開歲修，面板供貨恐持續,3,False,False,True,False,友達,1823,"[簡稱(name_with_context)] …本上由大陸說了算 : : 大陸國家已經不再補貼面板了 不會再有殺價競爭的情況出現 : : 小廠該倒的都倒光了 連韓國都認輸退出了 : : 找個理由協調產能一下 就可以維持面板高檔報價 : : 今年應該是面板最賺的一年 : : 2021年群創【友達】EPS達到7元以上不會有太大問題 : : 後續也不會差到哪 : : 個人認為群創 友達 在未來5年內每年EPS 都可達到3元以上 : : 應該都可以維持在2017年的EPS水準以上 : : 群創 友達股價上看40不是夢 : 看到一堆網友又在…
[簡稱(name_with_context)] …: 小廠該倒的都倒光了 連韓國都認輸退出了 : : 找個理由協調產能一下 就可以維持面板高檔報價 : : 今年應該是面板最賺的一年 : : 2021年群創友達EPS達到7元以上不會有太大問題 : : 後續也不會差到哪 : : 個人認為群創 【友達】 在未來5年內每年EPS 都可達到3元以上 : : 應該都可以維持在2017年的EPS水準以上 : : 群創 友達股價上看40不是夢 : 看到一堆網友又在喊空 : 出貨文拉 月線下彎啦 外資賣超辣 : 什麼一堆有的沒的 : 不就跟當初欣興在…
[簡稱(name_with_context)] …是面板最賺的一年 : : 2021年群創友達EPS達到7元以上不會有太大問題 : : 後續也不會差到哪 : : 個人認為群創 友達 在未來5年內每年EPS 都可達到3元以上 : : 應該都可以維持在2017年的EPS水準以上 : : 群創 【友達】股價上看40不是夢 : 看到一堆網友又在喊空 : 出貨文拉 月線下彎啦 外資賣超辣 : 什麼一堆有的沒的 : 不就跟當初欣興在87塊一樣嗎 : 所以我決定力排眾議 : 再次出來喊多囉~~~ : 不過我上周已經買了 又再次證明ptt真的是反…",,,,
mode:name_with_context,2328,廣宇,M.1611036002.A.6F7,2021-01-19 14:00:02,閒聊,name_with_context,sparse,False,5,[閒聊] 2021/01/19 盤後閒聊,2,False,False,True,False,廣宇,330,"[簡稱(name_with_context)] …54%) 723.74億 台指期 自營商 -45 投信 +973 外資 -1997 台指選 自營商 +23984 投信 外資 +3280 漲停家數(+10%) 32 跌停家數(-10%) 6 成交量排行 聯電、長榮、陽明、【廣宇】、富邦VIX 成交值排行 台積電、聯電、長榮、廣宇、鴻海 ----- https://i.imgur.com/6GGT2ao.jpg 心存善念:希望阿文發大財 口說好話:阿文加油! 身行善事:紅包給阿文!…
[簡稱(name_with_context)] …-45 投信 +973 外資 -1997 台指選 自營商 +23984 投信 外資 +3280 漲停家數(+10%) 32 跌停家數(-10%) 6 成交量排行 聯電、長榮、陽明、廣宇、富邦VIX 成交值排行 台積電、聯電、長榮、【廣宇】、鴻海 ----- https://i.imgur.com/6GGT2ao.jpg 心存善念:希望阿文發大財 口說好話:阿文加油! 身行善事:紅包給阿文!…",,,,
mode:name_with_context,5306,桂盟,M.1669980763.A.390,2022-12-02 19:32:43,心得,name_with_context,sparse,False,2,Re: [心得] 從萬六存到萬四，到底能不能存股？,1,False,False,True,False,桂盟,2261,"[簡稱(name_with_context)] …繼上次發文後, 整體損益最高漲至9.4%,持股BETA值約0.53,10月 份大盤大跌幾天後,持股也隨之崩盤,從最高點到跌到最低點, 相差約-15%,但根據營收認為持股的產業目前幾乎還沒出現沒衰退, 而在思考未來大方向的趨勢後,將持股其一”【桂盟】”換至其他個股, 並加碼約兩成的資金再投入,買入認為中長期趨勢能向上的的電子股。 截至今天為止,整體損益是6.2%左右。 (圖中價格是上週的事情,手邊沒檔案,僅供參考。) https://3.share.photo.xuite.net/z…",,,,
mode:name_with_context,2409,友達,M.1628240823.A.B29,2021-08-06 17:07:03,情報,name_with_context,dense,False,1,Re: [情報] 6116彩晶H1 eps1.91,1,False,False,True,False,友達,120,[簡稱(name_with_context)] …Re: [情報] 6116彩晶H1 eps1.91 整理一下 收盤價 H1(EPS) ----------------------- 【友達】 21.6 3.31 群創 20.05 3.22 彩晶 20.65 1.91 下周一彩晶股價要打幾折…,,,,
mode:name_with_context,2610,華航,M.1640584836.A.E10,2021-12-27 14:00:36,閒聊,name_with_context,dense,False,5,[閒聊] 2021/12/27 盤後閒聊,1,False,False,True,False,華航,355,"[簡稱(name_with_context)] …應材、新世紀、柏承、揚智、楠梓電 、 聯傑、柏騰、新美齊、和鑫、力特) 跌停家數 (-10%) 0 上櫃 漲停家數 (+10%) 18 跌停家數 (-10%) 1 成交值排行:台亞、【華航】、佳能、彩晶、和鑫 成交值排行:台亞、智原、台積電、聯發科、欣興 資料來源:TWSE 臺灣證券交易所、臺灣期貨交易所、奇摩股市 過了萬八的坎之後,這勢頭能保持到年度封關嗎?…",,,,
mode:name_with_context,2409,友達,M.1623487718.A.84D,2021-06-12 16:48:38,請益,name_with_context,dense,False,2,Re: [請益] 哪個目標價有可能會先達到？,1,False,False,True,False,友達,349,[簡稱(name_with_context)] …目標價有可能會先達到? ※ 引述《cutepatrick (派派派派派大星)》之銘言: : 以下列出熱門股票的市場目標價 : 下面這些股票的目標價哪些會先到? : 1.台積電880 : 2.聯發科2000 : 3.高端疫苗1000 : 4.【友達】40 : 5.長榮200 : 6.南電450 : 7.鴻海168 算一下你說的各股今年(1/4)以來的漲幅 給大家參考看看 小數點以下四捨五入 台積電:536->602 上漲12% 聯發科:792->980 上漲24% 高端疫苗:96.…,,,,
mode:name_with_context,1301,台塑,M.1657174194.A.E9C,2022-07-07 14:09:54,新聞,name_with_context,sparse,False,2,[新聞] 亞洲塑膠廠愁眉不展 看不到中國需求回升,1,False,False,True,False,台塑,1039,"[簡稱(name_with_context)] …機制,象徵聯邦採購在限制一次性塑膠方面跨出第一步。 美國聯邦總務署(GSA)在通知中說:「由於一次性塑膠是全球塑膠汙染問題重要原因, 因此該機關對此進行審查,是合乎邏輯的一步。」 心得/評論: 塑膠族群從四寶開始除息後就一路向下,尤其【台塑】南亞開月k是直接戳進十年線XD 現在塑膠們也要開始跑出庫存鬼故事了嗎 不過文章直接點出來的6505反而覺得會是現階段最好的 因為近期油價下跌而先前公司曾提過煉油廠利潤很高 若油價現階段在100抽差的話Q3四寶應該會由台塑化帶頭扛…",,,,
mode:name_with_context,2609,陽明,M.1653920731.A.D54,2022-05-30 22:25:31,新聞,name_with_context,dense,False,1,[新聞] 光明海運股票如能重新申請上市 近7百名股,9,False,False,True,False,陽明|陽明海運,1014,"[簡稱(name_with_context)] …: 光明海運股票如能重新申請上市 近7百名股東手上「壁紙」可望變回黃金 原文連結: https://finance.ettoday.net/news/2261259 發布時間: 2022-05-29 記者署名: 張佩芬 原文內容: 【陽明海運】前執行副總經理暨光明海運前董事長邱瑞斌,上周五(27日)在陽明股東會上,建 議光明股票重新申請上市。邱瑞斌會後透露,陽明集團有近7百名員工持有光明股票,在 2016年年初陽明董事會決定終止光明股票興櫃掛牌買賣後,股票瞬間變成壁紙,現在光明…
[簡稱(name_with_context)] …黃金 原文連結: https://finance.ettoday.net/news/2261259 發布時間: 2022-05-29 記者署名: 張佩芬 原文內容: 陽明海運前執行副總經理暨光明海運前董事長邱瑞斌,上周五(27日)在【陽明】股東會上,建 議光明股票重新申請上市。邱瑞斌會後透露,陽明集團有近7百名員工持有光明股票,在 2016年年初陽明董事會決定終止光明股票興櫃掛牌買賣後,股票瞬間變成壁紙,現在光明 業績轉好,希望能重新申請股票上市,讓員工的投資獲得應有回報。…
[簡稱(name_with_context)] …oday.net/news/2261259 發布時間: 2022-05-29 記者署名: 張佩芬 原文內容: 陽明海運前執行副總經理暨光明海運前董事長邱瑞斌,上周五(27日)在陽明股東會上,建 議光明股票重新申請上市。邱瑞斌會後透露,【陽明】集團有近7百名員工持有光明股票,在 2016年年初陽明董事會決定終止光明股票興櫃掛牌買賣後,股票瞬間變成壁紙,現在光明 業績轉好,希望能重新申請股票上市,讓員工的投資獲得應有回報。 陽明是在2009年與凱基證券簽約,開始推動光明海運股票上…",,,,
mode:name_with_context,2015,豐興,M.1626258494.A.04F,2021-07-14 18:28:14,心得,name_with_context,sparse,False,2,[心得] 鋼鐵股真衰，被航運股拉著陪榜,1,False,False,True,False,豐興,157,"[簡稱(name_with_context)] …[心得] 鋼鐵股真衰,被航運股拉著陪榜 話說5月中崩盤 航運股漲翻天 漲不只一倍比比皆是 漲一堆 居然漲沒那麽凶的鋼鐵也陪榜 被說也漲了一大段 有嗎 試問有幾檔是超過一倍的 甚至中鋼,【豐興】等龍頭鳳首股 連5月崩盤價都沒碰到 這波又直直落 鋼鐵股還真衰 明明股價沒幾家漲很凶 卻被說這波漲很凶 鋼鐵股陪著航運股漲 漲不凶,跌卻跌很大 鋼鐵人還真不好當呀…",,,,
mode:name_with_context,2609,陽明,M.1620203081.A.78B,2021-05-05 16:24:41,其他,name_with_context,dense,False,2,[其他] 2603 長榮 三月自結2.36,1,False,False,True,False,陽明,1830,"[簡稱(name_with_context)] …滿滿的 85套85年了!!! 長榮Q1 也有7囉~~? 去年Q4 2.79~~3月就2.36... 這下丸了 難怪輸陽明~~ 484要套到85年 每年領股利... 航運股近期躍升為台股交易重心,國內外研究機構紛紛上修長榮(2603)、【陽明】及萬海的 目標價及獲利預估值。在最積極研究長榮的本土投顧29日再發布長榮投資報告,目標價從 98.9元上修至144元目、EPS為22.53元。 本土投顧基於三大觀點將長榮目標價上修至144元,第一、船隊運力是長榮3.07倍的全球 第一大貨…",,,,
bulk,1402,遠東新,M.1689317860.A.CEA,2023-07-14 14:57:40,情報,code,sparse,True,20,[情報] 0714 上市投信買賣超排行,1,True,False,True,False,遠東新,2722,"[代號] …,405 3 2301光寶科 2,066 4 6191精成科 1,493 5 5469瀚宇博 1,470 6 3037欣興 864 7 【1402】遠東新 860 8 2352佳世達 765 9 3481群創 736 10 6239力成 666 11 3702大聯大 656 12…",,,,
bulk,2108,南帝,M.1633681506.A.0FF,2021-10-08 16:25:06,情報,code,sparse,True,30,[情報] 1008上市外資買賣超排行,1,True,False,True,False,南帝,3444,"[代號] …-1,816 47 3653健策 750 47 2614東森 -1,802 48 2405浩鑫 721 48 【2108】南帝 -1,767 49 3714富采 715 49 2618長榮航 -1,764 50 4927泰鼎-KY 711…",,,,
bulk,2330,台積電,M.1630926875.A.BB4,2021-09-06 19:14:35,情報,code,dense,True,4,[情報] 0906上市櫃外資投信同買排行,2,True,False,True,False,台積電|台積,876,"[代號] …3538 4 3017奇鋐 市 76.4 +1.1 714 2261 5 2014中鴻 市 44.45 +0.4 661 560 6 【2330】台積電 市 631 +11 552 17154 7 6488環球晶 櫃 901 +16 450 1 8 8924大田 櫃 165…
[簡稱(name)] …8 4 3017奇鋐 市 76.4 +1.1 714 2261 5 2014中鴻 市 44.45 +0.4 661 560 6 2330【台積電】 市 631 +11 552 17154 7 6488環球晶 櫃 901 +16 450 1 8 8924大田 櫃 165…",,,,
bulk,2330,台積電,M.1735200378.A.A92,2024-12-26 16:06:18,情報,code,dense,True,20,[情報] 1226 上市外資買賣超排行,2,True,False,True,False,台積電|台積,4585,"[代號] …華航 5,082 2356 英業達 4,771 1102 亞泥 4,214 【2330】 台積電 4,192 2211 長榮鋼 3,686 9917 中保科 3…
[簡稱(name)] …5,082 2356 英業達 4,771 1102 亞泥 4,214 2330 【台積電】 4,192 2211 長榮鋼 3,686 9917 中保科 3,510 2845…",,,,
bulk,2330,台積電,M.1697459652.A.A17,2023-10-16 20:34:12,情報,code,dense,True,3,[情報] 1016 上市櫃外資投信買超金額排行,2,True,False,True,False,台積電|台積,880,"[代號] ….5 -7 10 3231緯創 186 98 -1.1 資料來源:https://tinyurl.com/57bdwj9z 投信 排行 股票名稱 百萬 收盤價 漲跌 1 【2330】台積電 634 545 -8 2 2454聯發科 495 840 -2 3 3443創意 374 1715 +20 4 3035智原 357…
[簡稱(name)] …-7 10 3231緯創 186 98 -1.1 資料來源:https://tinyurl.com/57bdwj9z 投信 排行 股票名稱 百萬 收盤價 漲跌 1 2330【台積電】 634 545 -8 2 2454聯發科 495 840 -2 3 3443創意 374 1715 +20 4 3035智原 357 3…",,,,
bulk,1909,榮成,M.1614915464.A.4EF,2021-03-05 11:37:44,新聞,code,sparse,True,15,[新聞] 《盤中解析》美Fed鮑爾流彈 內資官股護盤,1,True,False,True,False,榮成,1860,"[代號] …修正。 今日傳產股中以造紙、玻璃股最為強勢,2020年國內工紙產量逾355萬噸、外銷逾133萬噸,同步突破逾十年來產業天花板,工紙貢獻造紙業總產量逾八成,推升去年紙與紙板產量飆至436萬噸以上,創12年來新高,帶動華紙(1905)、榮成(【1909】)大漲2.5%,正隆(1904)、寶隆(1906)亦同步走揚,玻璃股中台玻(1802)上漲約1%;OPEC+將減產措施延續實施到4月底,加上美德州暴雪襲擊,全球各塑化產品吃緊,最新亞洲的五大泛用樹脂已經呈現連續三周的上揚,塑化族群今日動能轉…",,,,
bulk,1102,亞泥,M.1668673075.A.CDF,2022-11-17 16:17:55,情報,code,sparse,True,26,[情報] 1117 上市外資買賣超排行,1,True,False,True,False,亞泥,3015,"[代號] …29 2308 台達電 1,524 30 2606 裕民 1,504 31 1477 聚陽 1,438 32 2455 全新 1,399 33 【1102】 亞泥 1,395 34 2208 台船 1,357 35 2337 旺宏 1,347 36 4906 正文 1,294 37 2498 宏達電…",,,,
bulk,2344,華邦電,M.1628255195.A.046,2021-08-06 21:06:35,情報,code,sparse,True,10,[情報] 110年08月06日信用交易統計,2,True,False,True,False,華邦電,1827,"[代號] …大哥二哥 2330台積電 資減 82 張 券減 105 張 2303聯電 資減 15,814 張 券減 1,256 張 ================================== 記憶體 【2344】華邦電 資減 12,512 張 券減 1,439 張 2337旺宏 資減 5,032 張 券增 229 張 2408南亞科 資增 668 張 券增 1,085 張 ===========…
[簡稱(name)] …哥 2330台積電 資減 82 張 券減 105 張 2303聯電 資減 15,814 張 券減 1,256 張 ================================== 記憶體 2344【華邦電】 資減 12,512 張 券減 1,439 張 2337旺宏 資減 5,032 張 券增 229 張 2408南亞科 資增 668 張 券增 1,085 張 ==============…",,,,
bulk,2330,台積電,M.1668161500.A.D05,2022-11-11 18:11:40,情報,code,dense,True,5,[情報] 1111 上市櫃外資投信同買排行,2,True,False,True,False,台積電|台積,764,"[代號] …+11 8479 7225 3 5347世界 80.9 +6.8 2782 3834 4 3189景碩 119.5 +6.5 1898 1788 5 【2330】台積電 441.5 +34 1848 45794 6 8046南電 256.5 +23 1382 3245 7 3481群創 12.9 +0.15 1352…
[簡稱(name)] …8479 7225 3 5347世界 80.9 +6.8 2782 3834 4 3189景碩 119.5 +6.5 1898 1788 5 2330【台積電】 441.5 +34 1848 45794 6 8046南電 256.5 +23 1382 3245 7 3481群創 12.9 +0.15 1352 2…",,,,
bulk,2338,光罩,M.1683879102.A.A16,2023-05-12 16:11:42,情報,code,sparse,True,22,[情報] 0512 上市外資買賣超排行,1,True,False,True,False,光罩,3002,"[代號] …24 1513 中興電 1,778 25 9921 巨大 1,761 26 6414 樺漢 1,676 27 9904 寶成 1,589 28 【2338】 光罩 1,567 29 6443 元晶 1,557 30 3715 定穎投控 1,532 31 6191 精成科 1,515 32 5469…",,,,
bulk,2014,中鴻,M.1628491507.A.400,2021-08-09 14:45:07,情報,code,sparse,True,19,[情報] 0809上市投信買賣超排行,1,True,False,True,False,中鴻,3316,[代號] …84 20 8039台虹 -98 21 50元大台灣50 66 21 5269祥碩 -91 22 【2014】中鴻 65 22 2034允強 -80 23 3037欣興 60 23 3034聯詠 -79 24…,,,,
bulk,2317,鴻海,M.1703659983.A.C89,2023-12-27 14:53:03,情報,code,dense,True,22,[情報] 1227 上市投信買賣超排行,1,True,False,True,False,鴻海,2805,"[代號] …2027 大成鋼 1,363 12 3711 日月光投控 1,310 13 2347 聯強 1,297 14 2357 華碩 1,212 15 【2317】 鴻海 1,106 16 4958 臻鼎-KY 1,012 17 6239 力成 1,005 18 2385 群光 893 19 1795 美時…",,,,
bulk,2836,高雄銀,M.1722946343.A.79C,2024-08-06 20:12:23,情報,name,sparse,True,5,[情報] 113/08/06 八大公股銀行買賣超排行,1,False,False,True,False,高雄銀,2855,[簡稱(name)] …709 40 期元大S&P日圓正2 -944 41 力成 699 41 中信優先金融債 -940 42 富邦金乙特 692 42 華泰 -910 43 【高雄銀】 682 43 大同 -899 44 陽明 670 44 台橡 -801 45 名軒 666 45 強茂 -792 46…,,,,
bulk,2606,裕民,M.1715847292.A.F3F,2024-05-16 16:14:52,情報,code,sparse,True,26,[情報] 0516 上市外資買賣超排行,1,True,False,True,False,裕民,3068,"[代號] …2889 國票金 7,760, 37 2504 國產 7,738 38 9105 泰金寶-DR 7,539 39 1101 台泥 7,497, 40 【2606】 裕民 7,438 41 5876 上海商銀 6,958, 42 2801 彰銀 6,673 43 2890 永豐金 6,494 44 2344…",,,,
bulk,1736,喬山,M.1675234700.A.1F7,2023-02-01 14:58:20,情報,code,silent,True,24,[情報] 0201 上市投信買賣超排行,1,True,False,True,False,喬山,2728,"[代號] …,000 12 4770上品 -958 13 2376技嘉 -747 14 2105正新 -744 15 1402遠東新 -679 16 【1736】喬山 -491 17 1717長興 -488 18 2454聯發科 -406 19 2634漢翔 -334 20 2308台達電 -324…",,,,
bulk,1909,榮成,M.1621498009.A.151,2021-05-20 16:06:49,情報,code,sparse,True,26,[情報] 0520 上市投信買賣超排行,1,True,False,True,False,榮成,3116,"[代號] …-5,387 3 2368金像電 1,591 3 2605新興 -2,950 4 2337旺宏 1,226 4 【1909】榮成 -2,480 5 2382廣達 903 5 2029盛餘 -2,286 6 2357華碩 656…",,,,
bulk,2303,聯電,M.1679468517.A.ABC,2023-03-22 15:01:57,情報,code,dense,True,17,[情報] 0322 上市投信買賣超排行,1,True,False,True,False,聯電,2676,[代號] …-245 26 3481群創 -234 27 2376技嘉 -222 28 8028昇陽半導體 -220 29 3044健鼎 -206 30 【2303】聯電 -197 31 9958世紀鋼 -183 32 1795美時 -172 33 3661世芯-KY -155 34 3533嘉澤 -12…,,,,
bulk,2059,川湖,M.1675753098.A.2B7,2023-02-07 14:58:18,情報,code,sparse,True,25,[情報] 0207 上市投信買賣超排行,1,True,False,True,False,川湖,2716,[代號] …-30 42 2727王品 -28 43 1590亞德客-KY -24 44 3044健鼎 -18 45 6669緯穎 -16 46 【2059】川湖 -15 47 2707晶華 -14 48 5222全訊 -13 49 8996高力 -13 50 2884玉山金 -13…,,,,
bulk,2303,聯電,M.1693398122.A.B0B,2023-08-30 20:22:02,情報,code,dense,True,4,[情報] 0830 上市櫃外資投信同買排行,2,True,False,True,False,聯電,785,"[代號] …[情報] 0830 上市櫃外資投信同買排行 排行 股票名稱 成交 漲跌 投信買 外資買 1 【2303】聯電 46.4 +1.1 1594 6552 2 8299群聯 408 +20.5 1194 853 3 6213聯茂 96.4 +8.7 1…
[簡稱(name_with_context)] …[情報] 0830 上市櫃外資投信同買排行 排行 股票名稱 成交 漲跌 投信買 外資買 1 2303【聯電】 46.4 +1.1 1594 6552 2 8299群聯 408 +20.5 1194 853 3 6213聯茂 96.4 +8.7 104…",,,,
bulk,2603,長榮,M.1654502954.A.EEC,2022-06-06 16:09:14,情報,code,dense,True,32,[情報] 0606上市外資買賣超排行,1,True,False,False,False,,3398,[代號] …-6384 4 3481群創 10809 4 2610華航 -6078 5 元大滬深300正2 10708 5 【2603】長榮 -5188 6 2002中鋼 8058 6 2886兆豐金 -4825 7 2317鴻海 6009 7…,,,,
bulk,2002,中鋼,M.1645697424.A.A3D,2022-02-24 18:10:24,情報,code,dense,True,8,[情報] 0224 上市櫃外資投信買超金額排行,1,True,False,True,False,中鋼,892,[代號] …4 3324雙鴻 246 253.5 +1.5 5 2337旺宏 240 43.1 -1.1 6 2408南亞科 239 76.3 -2.7 7 【2002】中鋼 236 35.25 -0.8 8 2454聯發科 215 1060 -60 9 2347聯強 166 72 -1.6 10 6104創惟…,,,,
bulk,1762,中化生,M.1588163958.A.A93,2020-04-29 20:39:18,其他,code,sparse,True,3,[其他] 4月29日 法人買賣佔發行量,1,True,False,True,False,中化生,475,[代號] …9日 買超佔發行量 (ETF除外) 4956 光鋐 +1.76% 8403 盛弘 +1.62% 2454 聯發科 +1.07% 6531 愛普 +1.07% 1515 力山 +1% 【1762】 中化生 +1% 2368 金像電 +0.91% 8358 金居 +0.86% 6441 廣錠 +0.75% 2478 大毅 +0.71% 賣超佔發行量 (ETF除外) 6269…,,,,
bulk,2002,中鋼,M.1685547035.A.940,2023-05-31 23:30:35,新聞,code,dense,True,3,[新聞]「群益台灣精選高息ETF」新持股出爐 配息,1,True,False,True,False,中鋼,1602,"[代號] …新增十檔成分股,分別為群光( 2385)、健鼎(3044)、欣銓(3264)、大聯大、致伸(4915)、力成(6239)、台表科 (6278)、洋基工程(6691)、南電(8046)、鈺齊-KY(9802);並刪除南亞(1303) 、中鋼(【2002】)、宏碁(2353)、華碩(2357)、技嘉(2376)、義隆(2458)、慧洋 -KY(2637)、文曄(3036)、南茂(8150)、中鼎(9933)等十檔。 據了解,此次新增以及刪除成分股主要基於四大考量因素:股利高低、市場流動性表…",,,,
bulk,2330,台積電,M.1611752271.A.F87,2021-01-27 20:57:51,其他,code,dense,True,4,[其他] 110年01月27日信用交易統計,2,True,False,True,False,台積電|台積,778,"[代號] …0632R元大台灣50反1 資減 1,129 張 券減 155 張 00677U富邦VIX 資增 1,621 張 券增 8,575 張 ================================= 【2330】台積電 資增 699 張 券增 51 張 2303聯電 資增 6,485 張 券增 461 張 2317鴻海 資增 1,365 張 券增 83 張 4961天鈺 資增…
[簡稱(name)] …R元大台灣50反1 資減 1,129 張 券減 155 張 00677U富邦VIX 資增 1,621 張 券增 8,575 張 ================================= 2330【台積電】 資增 699 張 券增 51 張 2303聯電 資增 6,485 張 券增 461 張 2317鴻海 資增 1,365 張 券增 83 張 4961天鈺 資增 1,6…",,,,
bulk,2303,聯電,M.1690458044.A.A1E,2023-07-27 19:40:44,情報,code,dense,True,3,[情報] 0727 上市櫃外資投信買超金額排行,1,True,False,True,False,聯電,889,[代號] …6 2301光寶科 299 145 -1.5 7 6239力成 165 111.5 +1.5 8 2385群光 150 107.5 +2.5 9 【2303】聯電 116 46.15 +1.05 10 6414樺漢 79.8 302 -6.5 資料來源:https://tinyurl.com/2a4ur4ap 以上 謝謝…,,,,
bulk,2404,漢唐,M.1711951294.A.A31,2024-04-01 14:01:34,情報,code,sparse,True,6,Re: [情報] 00940 公佈完整成分股,1,True,False,True,False,漢唐,976,[代號] …股 2603 長榮 ▼2.62% 3293 鈊象 ▼0.44% 2303 聯電 ▼0.96% 5483 中美晶 ▼2.62% 4938 和碩 ▼4.41% 2454 聯發科 ▼2.93% 【2404】 漢唐 ▼0.76% 6488 環球晶 ▼2.93% 3711 日月光投控▼6.83% 3034 聯詠 ▼2.48% 2301 光寶科 ▼0.99% 2385 群光 ▼3.83% 2891 中信金…,,,,
bulk,2002,中鋼,M.1647241314.A.ECA,2022-03-14 15:01:54,情報,code,dense,True,30,[情報] 0311上市投信買賣超排行,1,True,False,True,False,中鋼,2960,"[代號] …賣超 名次 股票名稱 超張數 名次 股票名稱 超張數 1 2409友達 5,090 1 2408南亞科 -2,778 2 【2002】中鋼 4,139 2 2376技嘉 -2,001 3 2313華通 2,494 3 6505台塑化 -1,236 4 2606裕民…",,,,
bulk,2014,中鴻,M.1622552296.A.317,2021-06-01 20:58:16,情報,code,sparse,True,10,[情報] 110年06月01日信用交易統計,2,True,False,True,False,中鴻,1623,"[代號] …009 張 ================================== 鋼鐵 2002中鋼 資減 5,911 張 券增 214 張 2038海光 資增 6,855 張 券增 1,271 張 【2014】中鴻 資增 3,804 張 券增 643 張 2009第一銅 資增 371 張 券減 359 張(券資比46%) ================================== 大哥二哥 2…
[簡稱(name_with_context)] …張 ================================== 鋼鐵 2002中鋼 資減 5,911 張 券增 214 張 2038海光 資增 6,855 張 券增 1,271 張 2014【中鴻】 資增 3,804 張 券增 643 張 2009第一銅 資增 371 張 券減 359 張(券資比46%) ================================== 大哥二哥 233…",,,,
bulk,1907,永豐餘,M.1620025105.A.42B,2021-05-03 14:58:25,其他,name,sparse,True,8,[其他] 0503上市投信買賣超,1,False,False,True,False,永豐餘,1146,[簡稱(name)] …鋼 570 12.華通 1100 13.新光鋼 429 13.中信金 999 14.智原 366 14.國泰金 911 15.裕民 242 15.【永豐餘】 796 16.統一 222 16.開發金 741 17.美利達 185 17.台積電 727 18.建大 153 18.東和鋼鐵 679 19.國喬…,,,,
bulk,2340,台亞,M.1653984359.A.871,2022-05-31 16:05:59,情報,code,sparse,True,33,[情報] 0531上市外資買賣超排行,1,True,False,True,False,台亞,3396,[代號] …-8113 7 6770力積電 14136 7 3702大聯大 -8068 8 2891中信金 13319 8 【2340】台亞 -7873 9 1605華新 13106 9 1101台泥 -6519 10 2890永豐金 13002 1…,,,,
bulk,2313,華通,M.1719816828.A.EB9,2024-07-01 14:53:48,情報,code,sparse,True,24,[情報] 0701 上市投信買賣超排行,1,True,False,True,False,華通,4540,"[代號] …證券名稱 賣超張數 2337 旺宏 -29,997 2352 佳世達 -17,855 【2313】 華通 -14,045 4958 臻鼎-KY -7,760 3711 日月光投控…",,,,
bulk,1301,台塑,M.1637217999.A.C00,2021-11-18 14:46:39,情報,code,sparse,True,30,[情報] 1118上市投信買賣超排行,1,True,False,True,False,台塑,3356,[代號] …233 24 2880華南金 -289 25 3017奇鋐 177 25 2884玉山金 -278 26 【1301】台塑 168 26 2436偉詮電 -261 27 3545敦泰 166 27 1101台泥 -233 28…,,,,
bulk,2303,聯電,M.1668421742.A.4B6,2022-11-14 18:29:02,情報,code,dense,True,7,[情報] 1114 上市櫃外資投信同買排行,2,True,False,True,False,聯電,761,"[代號] …[情報] 1114 上市櫃外資投信同買排行 排行 股票名稱 成交 漲跌 投信買 外資買 1 2882國泰金 41.75 -0.15 2752 608 2 【2303】聯電 44.9 +0.9 1586 58859 3 2606裕民 41.2 +1.6 1218 2375 4 3035智原 163.5 +7 1004…
[簡稱(name_with_context)] …[情報] 1114 上市櫃外資投信同買排行 排行 股票名稱 成交 漲跌 投信買 外資買 1 2882國泰金 41.75 -0.15 2752 608 2 2303【聯電】 44.9 +0.9 1586 58859 3 2606裕民 41.2 +1.6 1218 2375 4 3035智原 163.5 +7 1004…",,,,
bulk,2409,友達,M.1675930719.A.A11,2023-02-09 16:18:39,情報,code,dense,True,27,[情報] 0209 上市外資買賣超排行,1,True,False,True,False,友達,2937,"[代號] …[情報] 0209 上市外資買賣超排行 1. 標題:外資買賣超排行 2. 來源:台灣證交所 3. 網址:https://www.twse.com.tw/zh/ 4. 內文: 買超 1 【2409】 友達 13,763 2 6235 華孚 9,450 3 3711 日月光投控 7,797 4 2330 台積電 6,954 5 00715L…",,,,
bulk,1710,東聯,M.1695801950.A.DA7,2023-09-27 16:05:50,情報,code,sparse,True,33,[情報] 0927 上市外資買賣超排行,1,True,False,True,False,東聯,2930,"[代號] …9 1513 中興電 -1,397 40 9945 潤泰新 -1,353 41 1301 台塑 -1,320 42 2891 中信金 -1,234 43 【1710】 東聯 -1,200 44 2892 第一金 -1,199 45 3715 定穎投控 -1,194 46 1503 士電 -1,189 47 3545…",,,,
bulk,2317,鴻海,M.1717096365.A.238,2024-05-31 03:12:45,標的,name_with_context,dense,True,3,[標的] 母以子貴 一些整理,1,False,False,True,False,鴻海,1018,"[簡稱(name_with_context)] …通常也不會反應到母公司」、 「你看這間公司的子公司市值2000億,母公司還不是只有1000億,所以跟你說啦,子公司只是假議題,母公司不會反應啦」 這類簡單歸納結果的回答 但這實在很違反這世界的常理 舉例而言,就好像郭台銘先生持有17.4億股【鴻海】 我跟你說如果他沒負債,他身價至少 3000 億,結果別人跟我說他又不會賣股票,所以他身價不值 3000 億一樣 帶著對「母以子貴」的好奇,我做了一些整理,跟大家分享 https://i.imgur.com/0ehbFG7.jpeg h…",,,,
bulk,2344,華邦電,M.1722586020.A.C9F,2024-08-02 16:07:00,情報,code,sparse,True,23,[情報] 0802 上市外資買賣超排行,2,True,False,True,False,華邦電,4495,"[代號] …玉山金 -5,037 2890 永豐金 -5,015 2324 仁寶 -4,881 【2344】 華邦電 -4,859 3711 日月光投控 -4,660 00881 國泰台灣5G+ -4…
[簡稱(name)] …-5,037 2890 永豐金 -5,015 2324 仁寶 -4,881 2344 【華邦電】 -4,859 3711 日月光投控 -4,660 00881 國泰台灣5G+ -4,627 2886…",,,,
bulk,2406,國碩,M.1638864770.A.08B,2021-12-07 16:12:50,情報,code,sparse,True,34,[情報] 1207上市外資買賣超排行,1,True,False,True,False,國碩,3428,[代號] …6551 11 2426鼎元 -4905 12 2606裕民 6282 12 2498宏達電 -4827 13 【2406】國碩 6219 13 893國泰智能電動 -3924 14 2881富邦金 5779 14 2352佳世達 -3304 15…,,,,
bulk,1402,遠東新,M.1704356086.A.C6E,2024-01-04 16:14:46,情報,code,sparse,True,23,[情報] 0104 上市外資買賣超排行,1,True,False,True,False,遠東新,3073,"[代號] …2455 全新 3,268 16 2885 元大金 3,231 17 2324 仁寶 3,170(自營-3,670) 18 2890 永豐金 3,154 19 【1402】 遠東新 3,012 20 2313 華通 2,884 21 6239 力成 2,448 22 3711 日月光投控 2,394 23 2884…",,,,
bulk,2834,臺企銀,M.1630570093.A.E81,2021-09-02 16:08:13,情報,code,sparse,True,31,[情報] 0902上市外資買賣超排行,2,True,False,True,False,臺企銀,3406,"[代號] …-10776 5 2609陽明 8195 5 2883開發金 -10599 6 2601益航 6437 6 【2834】臺企銀 -10217 7 2880華南金 6148 7 6116彩晶 -8035 8 881國泰台灣5G+ 5817 8…
[簡稱(name)] …776 5 2609陽明 8195 5 2883開發金 -10599 6 2601益航 6437 6 2834【臺企銀】 -10217 7 2880華南金 6148 7 6116彩晶 -8035 8 881國泰台灣5G+ 5817 8…",,,,
