model,inference,status,n_obs,n_entities,n_periods,diagnostic,note,tier_composition,term,coef,se,t,p,r2_within
H6 log_att_mean_level_52｜主測度 發文數,twoway_2cluster,OK,36490,234,251,True,,dense=2582;sparse=33908,abn_attention_weekend,0.00011585835362749476,0.0005458796143230177,0.21224158328604845,0.8319197686405488,0.004748761860165374
H6 log_att_mean_level_52｜主測度 發文數,twoway_2cluster,OK,36490,234,251,True,,dense=2582;sparse=33908,log_att_mean_level_52,-6.297931923816496e-05,0.0009174923696724415,-0.06864288066030404,0.9452742667971523,0.004748761860165374
H6 log_att_mean_level_52｜主測度 發文數,twoway_2cluster,OK,36490,234,251,True,,dense=2582;sparse=33908,abn_attention_weekend__x__log_att_mean_level_52,0.0005045509055239022,0.0003011526546945807,1.6753991627123506,0.0938646265937777,0.004748761860165374
H6 log_att_mean_level_52｜主測度 發文數,twoway_2cluster,OK,36490,234,251,True,,dense=2582;sparse=33908,ret_lag1,-0.0004976969861103623,0.0006810719099540419,-0.7307554148635295,0.46493331734264887,0.004748761860165374
H6 log_att_mean_level_52｜主測度 發文數,twoway_2cluster,OK,36490,234,251,True,,dense=2582;sparse=33908,ret_lag4,-0.00019327532356292723,0.0006485980642480138,-0.29798936231333206,0.7657130025535837,0.004748761860165374
H6 log_att_mean_level_52｜主測度 發文數,twoway_2cluster,OK,36490,234,251,True,,dense=2582;sparse=33908,ret_lag25,-0.0002803507732390328,0.0006721162212461697,-0.4171165110689263,0.6765956761415559,0.004748761860165374
H6 log_att_mean_level_52｜主測度 發文數,twoway_2cluster,OK,36490,234,251,True,,dense=2582;sparse=33908,log_market_cap,-0.004797783307729672,0.0019206238227366904,-2.498033842407165,0.012492852748868133,0.004748761860165374
H6 log_att_mean_level_52｜主測度 發文數,twoway_2cluster,OK,36490,234,251,True,,dense=2582;sparse=33908,turnover,-0.0010347169707104066,0.0005773011066124012,-1.7923349857791169,0.07308771719963514,0.004748761860165374
H6 log_att_mean_level_52｜主測度 發文數,twoway_2cluster,OK,36490,234,251,True,,dense=2582;sparse=33908,amihud,0.0002188130504409991,6.518239791252171e-05,3.356934654884253,0.0007889329947867729,0.004748761860165374
H6 log_att_mean_level_52｜主測度 發文數,twoway_2cluster,OK,36490,234,251,True,,dense=2582;sparse=33908,foreign_holding_pct,0.0038723192332273584,0.001485433836158115,2.606860796467797,0.00914141684393699,0.004748761860165374
H6 log_att_mean_level_52｜主測度 發文數,twoway_2cluster,OK,36490,234,251,True,,dense=2582;sparse=33908,att_zero_base_weekend,0.0005122654676061247,0.0008077805001576757,0.6341641912699458,0.5259777041823581,0.004748761860165374
H6 log_att_mean_level_52｜主測度 發文數,firm_fe_1cluster,OK,36490,234,251,True,,dense=2582;sparse=33908,abn_attention_weekend,0.0008098509701197105,0.0004799963314941382,1.6872024158992984,0.09157304179200132,0.006392016345473817
H6 log_att_mean_level_52｜主測度 發文數,firm_fe_1cluster,OK,36490,234,251,True,,dense=2582;sparse=33908,log_att_mean_level_52,0.0004283138680665997,0.0008845460274444802,0.4842188589145899,0.6282334799266223,0.006392016345473817
H6 log_att_mean_level_52｜主測度 發文數,firm_fe_1cluster,OK,36490,234,251,True,,dense=2582;sparse=33908,abn_attention_weekend__x__log_att_mean_level_52,0.00036239429723154703,0.00030528109781989343,1.187083968904451,0.23520228106580032,0.006392016345473817
H6 log_att_mean_level_52｜主測度 發文數,firm_fe_1cluster,OK,36490,234,251,True,,dense=2582;sparse=33908,ret_lag1,-0.0012819593419465885,0.00035792862300796486,-3.5816061067517966,0.0003419351852886887,0.006392016345473817
H6 log_att_mean_level_52｜主測度 發文數,firm_fe_1cluster,OK,36490,234,251,True,,dense=2582;sparse=33908,ret_lag4,-0.0004629626202662925,0.00037337471745863053,-1.2399409992659405,0.21500524520274666,0.006392016345473817
H6 log_att_mean_level_52｜主測度 發文數,firm_fe_1cluster,OK,36490,234,251,True,,dense=2582;sparse=33908,ret_lag25,-0.0008794190550803464,0.00039517238097907875,-2.22540617059699,0.026060112011898617,0.006392016345473817
H6 log_att_mean_level_52｜主測度 發文數,firm_fe_1cluster,OK,36490,234,251,True,,dense=2582;sparse=33908,log_market_cap,-0.00964121277954004,0.0015752620593382977,-6.120386587352909,9.430398684173724e-10,0.006392016345473817
H6 log_att_mean_level_52｜主測度 發文數,firm_fe_1cluster,OK,36490,234,251,True,,dense=2582;sparse=33908,turnover,-0.00016951039049767466,0.00043699102952905836,-0.3879035930791408,0.6980896570439192,0.006392016345473817
H6 log_att_mean_level_52｜主測度 發文數,firm_fe_1cluster,OK,36490,234,251,True,,dense=2582;sparse=33908,amihud,0.0002838344890329775,8.058500988586581e-05,3.5221747746259267,0.0004285479218251176,0.006392016345473817
H6 log_att_mean_level_52｜主測度 發文數,firm_fe_1cluster,OK,36490,234,251,True,,dense=2582;sparse=33908,foreign_holding_pct,0.00876791431351746,0.0014887545544058493,5.889429044948694,3.90944032702123e-09,0.006392016345473817
H6 log_att_mean_level_52｜主測度 發文數,firm_fe_1cluster,OK,36490,234,251,True,,dense=2582;sparse=33908,att_zero_base_weekend,0.0001419067441828851,0.0008076286176622904,0.17570791955545012,0.8605243947764032,0.006392016345473817
H5 log_att_mean_level_52｜t+2..t+4｜主測度 發文數,twoway_2cluster,OK,35079,232,242,True,,dense=2475;sparse=32604,abn_attention_weekend,-0.0006810928867885673,0.0006987510381414006,-0.9747289801532145,0.32970152913875483,0.0092195068772003
H5 log_att_mean_level_52｜t+2..t+4｜主測度 發文數,twoway_2cluster,OK,35079,232,242,True,,dense=2475;sparse=32604,log_att_mean_level_52,-8.10331710794858e-05,0.002208142138589792,-0.03669744336804189,0.9707264589035878,0.0092195068772003
H5 log_att_mean_level_52｜t+2..t+4｜主測度 發文數,twoway_2cluster,OK,35079,232,242,True,,dense=2475;sparse=32604,abn_attention_weekend__x__log_att_mean_level_52,0.0015510499992931995,0.0005462400638747099,2.839502449327776,0.004521028866151244,0.0092195068772003
H5 log_att_mean_level_52｜t+2..t+4｜主測度 發文數,twoway_2cluster,OK,35079,232,242,True,,dense=2475;sparse=32604,ret_lag1,-0.0011166314624541163,0.0009001675405620913,-1.2404707036612967,0.21480975631112642,0.0092195068772003
H5 log_att_mean_level_52｜t+2..t+4｜主測度 發文數,twoway_2cluster,OK,35079,232,242,True,,dense=2475;sparse=32604,ret_lag4,0.0016576789940490689,0.0012563874598049039,1.3194010980549575,0.18704378672916855,0.0092195068772003
H5 log_att_mean_level_52｜t+2..t+4｜主測度 發文數,twoway_2cluster,OK,35079,232,242,True,,dense=2475;sparse=32604,ret_lag25,-0.0011533665540993856,0.0015095216903488287,-0.7640609349792511,0.4448361417297375,0.0092195068772003
H5 log_att_mean_level_52｜t+2..t+4｜主測度 發文數,twoway_2cluster,OK,35079,232,242,True,,dense=2475;sparse=32604,log_market_cap,-0.013033151894466341,0.004642551315910216,-2.80732532773546,0.004998270992856879,0.0092195068772003
H5 log_att_mean_level_52｜t+2..t+4｜主測度 發文數,twoway_2cluster,OK,35079,232,242,True,,dense=2475;sparse=32604,turnover,-0.0024660764979802254,0.001218220213642553,-2.024327350969252,0.04294414951538705,0.0092195068772003
H5 log_att_mean_level_52｜t+2..t+4｜主測度 發文數,twoway_2cluster,OK,35079,232,242,True,,dense=2475;sparse=32604,amihud,-0.0008258524866031616,0.00026910048051640974,-3.0689372423948575,0.0021498789113156835,0.0092195068772003
H5 log_att_mean_level_52｜t+2..t+4｜主測度 發文數,twoway_2cluster,OK,35079,232,242,True,,dense=2475;sparse=32604,foreign_holding_pct,0.009888341915160161,0.004234505595653035,2.3351821580566847,0.0195395934134055,0.0092195068772003
H5 log_att_mean_level_52｜t+2..t+4｜主測度 發文數,twoway_2cluster,OK,35079,232,242,True,,dense=2475;sparse=32604,att_zero_base_weekend,0.0013442132928839668,0.001848154049066466,0.7273275155623264,0.4670302680438816,0.0092195068772003
H5 log_att_mean_level_52｜t+2..t+4｜主測度 發文數,firm_fe_1cluster,OK,35079,232,242,True,,dense=2475;sparse=32604,abn_attention_weekend,-0.0004965599282773038,0.0007468677852705506,-0.6648565356148364,0.5061466592011863,0.01259794821364768
H5 log_att_mean_level_52｜t+2..t+4｜主測度 發文數,firm_fe_1cluster,OK,35079,232,242,True,,dense=2475;sparse=32604,log_att_mean_level_52,0.0020481379637308375,0.002247379702284498,0.9113448704946797,0.36211999739841527,0.01259794821364768
H5 log_att_mean_level_52｜t+2..t+4｜主測度 發文數,firm_fe_1cluster,OK,35079,232,242,True,,dense=2475;sparse=32604,abn_attention_weekend__x__log_att_mean_level_52,0.0017974270300783754,0.0005492647179182382,3.272423972343941,0.0010673329412222987,0.01259794821364768
H5 log_att_mean_level_52｜t+2..t+4｜主測度 發文數,firm_fe_1cluster,OK,35079,232,242,True,,dense=2475;sparse=32604,ret_lag1,-0.000865002988870095,0.00048120053135214657,-1.797593586273658,0.07225009203483923,0.01259794821364768
H5 log_att_mean_level_52｜t+2..t+4｜主測度 發文數,firm_fe_1cluster,OK,35079,232,242,True,,dense=2475;sparse=32604,ret_lag4,-0.0005688517776399066,0.0009170426349486684,-0.6203111567127391,0.5350570088645648,0.01259794821364768
H5 log_att_mean_level_52｜t+2..t+4｜主測度 發文數,firm_fe_1cluster,OK,35079,232,242,True,,dense=2475;sparse=32604,ret_lag25,-0.0008120519955733009,0.0011013731144199318,-0.7373087148590787,0.46093959954545793,0.01259794821364768
H5 log_att_mean_level_52｜t+2..t+4｜主測度 發文數,firm_fe_1cluster,OK,35079,232,242,True,,dense=2475;sparse=32604,log_market_cap,-0.028978907626819442,0.004350749981216612,-6.66066948271663,2.76632050599801e-11,0.01259794821364768
H5 log_att_mean_level_52｜t+2..t+4｜主測度 發文數,firm_fe_1cluster,OK,35079,232,242,True,,dense=2475;sparse=32604,turnover,-0.0012065505554616066,0.001033392581430605,-1.1675626254170373,0.24299122456480626,0.01259794821364768
H5 log_att_mean_level_52｜t+2..t+4｜主測度 發文數,firm_fe_1cluster,OK,35079,232,242,True,,dense=2475;sparse=32604,amihud,-0.0005195006188226553,0.00027750432053344346,-1.872045155275511,0.06120872842705927,0.01259794821364768
H5 log_att_mean_level_52｜t+2..t+4｜主測度 發文數,firm_fe_1cluster,OK,35079,232,242,True,,dense=2475;sparse=32604,foreign_holding_pct,0.023265081687537895,0.0043051462900216345,5.404016523540942,6.559187815113887e-08,0.01259794821364768
H5 log_att_mean_level_52｜t+2..t+4｜主測度 發文數,firm_fe_1cluster,OK,35079,232,242,True,,dense=2475;sparse=32604,att_zero_base_weekend,0.0015958501778323196,0.00200943457460731,0.7941787197247692,0.42709680507435266,0.01259794821364768
H5 log_att_mean_level_52｜t+2..t+8｜主測度 發文數,twoway_2cluster,OK,32607,231,226,True,,dense=2276;sparse=30331,abn_attention_weekend,-0.001623642578911136,0.001058239387941186,-1.5342866627464575,0.12496898855424177,0.0190126630398878
H5 log_att_mean_level_52｜t+2..t+8｜主測度 發文數,twoway_2cluster,OK,32607,231,226,True,,dense=2276;sparse=30331,log_att_mean_level_52,-0.0010850060409278142,0.004407512783432426,-0.2461719555315384,0.8055506959335956,0.0190126630398878
H5 log_att_mean_level_52｜t+2..t+8｜主測度 發文數,twoway_2cluster,OK,32607,231,226,True,,dense=2276;sparse=30331,abn_attention_weekend__x__log_att_mean_level_52,0.0032260903829741637,0.0012183284104353824,2.647964502298101,0.008101755914890374,0.0190126630398878
H5 log_att_mean_level_52｜t+2..t+8｜主測度 發文數,twoway_2cluster,OK,32607,231,226,True,,dense=2276;sparse=30331,ret_lag1,-0.0008727588485613165,0.0011729612533643962,-0.7440645170997666,0.45684288411178176,0.0190126630398878
H5 log_att_mean_level_52｜t+2..t+8｜主測度 發文數,twoway_2cluster,OK,32607,231,226,True,,dense=2276;sparse=30331,ret_lag4,0.004167502044865184,0.0020447622327113262,2.038135279591473,0.0415445752093313,0.0190126630398878
H5 log_att_mean_level_52｜t+2..t+8｜主測度 發文數,twoway_2cluster,OK,32607,231,226,True,,dense=2276;sparse=30331,ret_lag25,-0.004365798986802183,0.0028898341544782956,-1.510743784392134,0.13086357340529675,0.0190126630398878
H5 log_att_mean_level_52｜t+2..t+8｜主測度 發文數,twoway_2cluster,OK,32607,231,226,True,,dense=2276;sparse=30331,log_market_cap,-0.024737629943302773,0.009566975461873873,-2.5857315137774424,0.009721617233900082,0.0190126630398878
H5 log_att_mean_level_52｜t+2..t+8｜主測度 發文數,twoway_2cluster,OK,32607,231,226,True,,dense=2276;sparse=30331,turnover,-0.004256851402382797,0.0016581390497712577,-2.5672463373744407,0.010255457893920905,0.0190126630398878
H5 log_att_mean_level_52｜t+2..t+8｜主測度 發文數,twoway_2cluster,OK,32607,231,226,True,,dense=2276;sparse=30331,amihud,-0.0007185894228020107,0.0006090034477638718,-1.1799431110620389,0.2380315751129678,0.0190126630398878
H5 log_att_mean_level_52｜t+2..t+8｜主測度 發文數,twoway_2cluster,OK,32607,231,226,True,,dense=2276;sparse=30331,foreign_holding_pct,0.021358536251039367,0.009362017169744646,2.2814032343439865,0.02253110673500891,0.0190126630398878
H5 log_att_mean_level_52｜t+2..t+8｜主測度 發文數,twoway_2cluster,OK,32607,231,226,True,,dense=2276;sparse=30331,att_zero_base_weekend,0.004680245162830589,0.003451605658692105,1.3559617249567393,0.17512087296184142,0.0190126630398878
H5 log_att_mean_level_52｜t+2..t+8｜主測度 發文數,firm_fe_1cluster,OK,32607,231,226,True,,dense=2276;sparse=30331,abn_attention_weekend,-0.001465389017861634,0.001086353354212623,-1.3489064236596682,0.17737646209487856,0.0258910308024366
H5 log_att_mean_level_52｜t+2..t+8｜主測度 發文數,firm_fe_1cluster,OK,32607,231,226,True,,dense=2276;sparse=30331,log_att_mean_level_52,0.0029321739607601973,0.0045270068748656895,0.6477069820768034,0.5171790818468605,0.0258910308024366
H5 log_att_mean_level_52｜t+2..t+8｜主測度 發文數,firm_fe_1cluster,OK,32607,231,226,True,,dense=2276;sparse=30331,abn_attention_weekend__x__log_att_mean_level_52,0.0037330405369873075,0.0011295319134786677,3.3049447230671887,0.0009509832828928921,0.0258910308024366
H5 log_att_mean_level_52｜t+2..t+8｜主測度 發文數,firm_fe_1cluster,OK,32607,231,226,True,,dense=2276;sparse=30331,ret_lag1,-0.0019615959549862468,0.0005175108855622777,-3.7904438528958955,0.00015065091378141382,0.0258910308024366
H5 log_att_mean_level_52｜t+2..t+8｜主測度 發文數,firm_fe_1cluster,OK,32607,231,226,True,,dense=2276;sparse=30331,ret_lag4,0.0009968497037659177,0.001460281023846997,0.6826423732740117,0.4948377376448909,0.0258910308024366
H5 log_att_mean_level_52｜t+2..t+8｜主測度 發文數,firm_fe_1cluster,OK,32607,231,226,True,,dense=2276;sparse=30331,ret_lag25,-0.00320250341084638,0.002417136125297194,-1.3249164485730496,0.185208218572114,0.0258910308024366
H5 log_att_mean_level_52｜t+2..t+8｜主測度 發文數,firm_fe_1cluster,OK,32607,231,226,True,,dense=2276;sparse=30331,log_market_cap,-0.058325456605442194,0.00926537349021947,-6.294992497281471,3.113516111596937e-10,0.0258910308024366
H5 log_att_mean_level_52｜t+2..t+8｜主測度 發文數,firm_fe_1cluster,OK,32607,231,226,True,,dense=2276;sparse=30331,turnover,-0.001931128532023957,0.0014699097708478469,-1.3137735188399207,0.18893174382146283,0.0258910308024366
H5 log_att_mean_level_52｜t+2..t+8｜主測度 發文數,firm_fe_1cluster,OK,32607,231,226,True,,dense=2276;sparse=30331,amihud,-0.0004923410230393186,0.0006045397563777002,-0.8144063609469501,0.415418187898839,0.0258910308024366
H5 log_att_mean_level_52｜t+2..t+8｜主測度 發文數,firm_fe_1cluster,OK,32607,231,226,True,,dense=2276;sparse=30331,foreign_holding_pct,0.051156241351890785,0.009800724992143793,5.21963848520363,1.8037776938761851e-07,0.0258910308024366
H5 log_att_mean_level_52｜t+2..t+8｜主測度 發文數,firm_fe_1cluster,OK,32607,231,226,True,,dense=2276;sparse=30331,att_zero_base_weekend,0.0042274624166558205,0.003613012454094204,1.170065830209174,0.24198309388641603,0.0258910308024366
H6 log_market_cap｜主測度 發文數,twoway_2cluster,OK,36490,234,251,True,,dense=2582;sparse=33908,abn_attention_weekend,0.0002883306662458567,0.0005705315460219039,0.5053719960907948,0.6133006782240698,0.004632612616859211
H6 log_market_cap｜主測度 發文數,twoway_2cluster,OK,36490,234,251,True,,dense=2582;sparse=33908,log_market_cap,-0.004800458821395887,0.001681391020365577,-2.855052015415275,0.004305437030686088,0.004632612616859211
H6 log_market_cap｜主測度 發文數,twoway_2cluster,OK,36490,234,251,True,,dense=2582;sparse=33908,abn_attention_weekend__x__log_market_cap,0.0006178656469558007,0.00037575279020570044,1.6443408088002727,0.10011455671922453,0.004632612616859211
H6 log_market_cap｜主測度 發文數,twoway_2cluster,OK,36490,234,251,True,,dense=2582;sparse=33908,ret_lag1,-0.0004976412776618921,0.0006862526924168121,-0.7251574866822347,0.46836013455487,0.004632612616859211
H6 log_market_cap｜主測度 發文數,twoway_2cluster,OK,36490,234,251,True,,dense=2582;sparse=33908,ret_lag4,-0.00015165611691516406,0.0006494082445708128,-0.23352970674924525,0.8153514324690165,0.004632612616859211
H6 log_market_cap｜主測度 發文數,twoway_2cluster,OK,36490,234,251,True,,dense=2582;sparse=33908,ret_lag25,-0.0002941847790982964,0.0006472404146902933,-0.45452164670382156,0.6494561561055225,0.004632612616859211
H6 log_market_cap｜主測度 發文數,twoway_2cluster,OK,36490,234,251,True,,dense=2582;sparse=33908,turnover,-0.0010204643133415493,0.000568070919988344,-1.7963678080238428,0.07244442175855337,0.004632612616859211
H6 log_market_cap｜主測度 發文數,twoway_2cluster,OK,36490,234,251,True,,dense=2582;sparse=33908,amihud,0.00021869906703114863,6.475588607205018e-05,3.377284758142521,0.0007328269909838703,0.004632612616859211
H6 log_market_cap｜主測度 發文數,twoway_2cluster,OK,36490,234,251,True,,dense=2582;sparse=33908,foreign_holding_pct,0.0038630215120867,0.0014935797744601057,2.5864179323686227,0.009701813414239924,0.004632612616859211
H6 log_market_cap｜主測度 發文數,twoway_2cluster,OK,36490,234,251,True,,dense=2582;sparse=33908,att_zero_base_weekend,0.0004497162310164005,0.0007893004714103343,0.5697655674940122,0.5688402679183393,0.004632612616859211
H6 log_market_cap｜主測度 發文數,firm_fe_1cluster,OK,36490,234,251,True,,dense=2582;sparse=33908,abn_attention_weekend,0.0009756557441417293,0.0004944775188953772,1.9731043512782247,0.04849126002994053,0.006253959167583867
H6 log_market_cap｜主測度 發文數,firm_fe_1cluster,OK,36490,234,251,True,,dense=2582;sparse=33908,log_market_cap,-0.008981204222427906,0.0015301787965069206,-5.869382220515749,4.412219922755867e-09,0.006253959167583867
H6 log_market_cap｜主測度 發文數,firm_fe_1cluster,OK,36490,234,251,True,,dense=2582;sparse=33908,abn_attention_weekend__x__log_market_cap,0.00037686595121099305,0.0003996618317245414,0.9429620776765595,0.34570658532769927,0.006253959167583867
H6 log_market_cap｜主測度 發文數,firm_fe_1cluster,OK,36490,234,251,True,,dense=2582;sparse=33908,ret_lag1,-0.0012911771718404077,0.0003554831679293241,-3.632175271086576,0.00028142964011457217,0.006253959167583867
H6 log_market_cap｜主測度 發文數,firm_fe_1cluster,OK,36490,234,251,True,,dense=2582;sparse=33908,ret_lag4,-0.0004623592187644454,0.0003703931551160028,-1.2482930971541304,0.21193180437808268,0.006253959167583867
H6 log_market_cap｜主測度 發文數,firm_fe_1cluster,OK,36490,234,251,True,,dense=2582;sparse=33908,ret_lag25,-0.0009139896880828101,0.0003830562608114104,-2.3860455541093306,0.01703574274257491,0.006253959167583867
H6 log_market_cap｜主測度 發文數,firm_fe_1cluster,OK,36490,234,251,True,,dense=2582;sparse=33908,turnover,-0.00013649074067320432,0.00041286632734537174,-0.33059305550735024,0.7409538032930874,0.006253959167583867
H6 log_market_cap｜主測度 發文數,firm_fe_1cluster,OK,36490,234,251,True,,dense=2582;sparse=33908,amihud,0.0002824025931059525,8.15190855979524e-05,3.4642512368054077,0.0005323239561758619,0.006253959167583867
H6 log_market_cap｜主測度 發文數,firm_fe_1cluster,OK,36490,234,251,True,,dense=2582;sparse=33908,foreign_holding_pct,0.008755443145227642,0.0014876472534199425,5.885429576870331,4.005074716317836e-09,0.006253959167583867
H6 log_market_cap｜主測度 發文數,firm_fe_1cluster,OK,36490,234,251,True,,dense=2582;sparse=33908,att_zero_base_weekend,-3.206214056303149e-05,0.0007422690558307527,-0.043194769216328595,0.9655465126921863,0.006253959167583867
H5 log_market_cap｜t+2..t+4｜主測度 發文數,twoway_2cluster,OK,35079,232,242,True,,dense=2475;sparse=32604,abn_attention_weekend,0.0006120942411276131,0.0006983322648416256,0.8765086076417071,0.38075968500084656,0.007761495305241506
H5 log_market_cap｜t+2..t+4｜主測度 發文數,twoway_2cluster,OK,35079,232,242,True,,dense=2475;sparse=32604,log_market_cap,-0.012781437781482077,0.004362533046708086,-2.929820277493781,0.0033937958773262444,0.007761495305241506
H5 log_market_cap｜t+2..t+4｜主測度 發文數,twoway_2cluster,OK,35079,232,242,True,,dense=2475;sparse=32604,abn_attention_weekend__x__log_market_cap,0.0006534693221874943,0.0005912367020108133,1.1052583846114865,0.269055330930831,0.007761495305241506
H5 log_market_cap｜t+2..t+4｜主測度 發文數,twoway_2cluster,OK,35079,232,242,True,,dense=2475;sparse=32604,ret_lag1,-0.0010844851629824698,0.0009045402057981412,-1.1989352778692133,0.23056132492999448,0.007761495305241506
H5 log_market_cap｜t+2..t+4｜主測度 發文數,twoway_2cluster,OK,35079,232,242,True,,dense=2475;sparse=32604,ret_lag4,0.0017742915824128587,0.0012564070081234324,1.4121949105194327,0.15790157333016785,0.007761495305241506
H5 log_market_cap｜t+2..t+4｜主測度 發文數,twoway_2cluster,OK,35079,232,242,True,,dense=2475;sparse=32604,ret_lag25,-0.001220346900555511,0.00146875526551393,-0.830871506784693,0.4060519555240911,0.007761495305241506
H5 log_market_cap｜t+2..t+4｜主測度 發文數,twoway_2cluster,OK,35079,232,242,True,,dense=2475;sparse=32604,turnover,-0.0024655471959617275,0.0012370929219832412,-1.9930169772607655,0.0462674291958729,0.007761495305241506
H5 log_market_cap｜t+2..t+4｜主測度 發文數,twoway_2cluster,OK,35079,232,242,True,,dense=2475;sparse=32604,amihud,-0.0008102863985312234,0.00027698850734541507,-2.925343027033125,0.0034430016948814313,0.007761495305241506
H5 log_market_cap｜t+2..t+4｜主測度 發文數,twoway_2cluster,OK,35079,232,242,True,,dense=2475;sparse=32604,foreign_holding_pct,0.009848091172410017,0.004242021390015021,2.3215562268475844,0.020262621320380036,0.007761495305241506
H5 log_market_cap｜t+2..t+4｜主測度 發文數,twoway_2cluster,OK,35079,232,242,True,,dense=2475;sparse=32604,att_zero_base_weekend,0.0008029317119638106,0.0016889560219642272,0.47540119548525284,0.6345040439673815,0.007761495305241506
H5 log_market_cap｜t+2..t+4｜主測度 發文數,firm_fe_1cluster,OK,35079,232,242,True,,dense=2475;sparse=32604,abn_attention_weekend,0.0009850346473696029,0.0006553932471732976,1.502967343069286,0.1328565299494191,0.010892701508842917
H5 log_market_cap｜t+2..t+4｜主測度 發文數,firm_fe_1cluster,OK,35079,232,242,True,,dense=2475;sparse=32604,log_market_cap,-0.02578327006157271,0.004134137243707702,-6.236674919492749,4.5209458399142477e-10,0.010892701508842917
H5 log_market_cap｜t+2..t+4｜主測度 發文數,firm_fe_1cluster,OK,35079,232,242,True,,dense=2475;sparse=32604,abn_attention_weekend__x__log_market_cap,0.0007990446391638038,0.0006252350121235338,1.277990873303699,0.20126115961252955,0.010892701508842917
H5 log_market_cap｜t+2..t+4｜主測度 發文數,firm_fe_1cluster,OK,35079,232,242,True,,dense=2475;sparse=32604,ret_lag1,-0.0008790053109289394,0.00048192648465285006,-1.823940660912463,0.06816960648848958,0.010892701508842917
H5 log_market_cap｜t+2..t+4｜主測度 發文數,firm_fe_1cluster,OK,35079,232,242,True,,dense=2475;sparse=32604,ret_lag4,-0.0005639048809571774,0.0009097221575661879,-0.619864951366923,0.5353507565767384,0.010892701508842917
H5 log_market_cap｜t+2..t+4｜主測度 發文數,firm_fe_1cluster,OK,35079,232,242,True,,dense=2475;sparse=32604,ret_lag25,-0.0009945114206749324,0.0010826241689282587,-0.9186118777114007,0.35830497701924235,0.010892701508842917
H5 log_market_cap｜t+2..t+4｜主測度 發文數,firm_fe_1cluster,OK,35079,232,242,True,,dense=2475;sparse=32604,turnover,-0.0010803532785398746,0.0010555489759445187,-1.0234989594615074,0.30607909861714844,0.010892701508842917
H5 log_market_cap｜t+2..t+4｜主測度 發文數,firm_fe_1cluster,OK,35079,232,242,True,,dense=2475;sparse=32604,amihud,-0.0005128984051881031,0.0002835607979900674,-1.8087775490251972,0.07049418719244116,0.010892701508842917
H5 log_market_cap｜t+2..t+4｜主測度 發文數,firm_fe_1cluster,OK,35079,232,242,True,,dense=2475;sparse=32604,foreign_holding_pct,0.02322793663786954,0.004318483391479818,5.378725476563662,7.549757530256329e-08,0.010892701508842917
H5 log_market_cap｜t+2..t+4｜主測度 發文數,firm_fe_1cluster,OK,35079,232,242,True,,dense=2475;sparse=32604,att_zero_base_weekend,0.00045955190342891137,0.0017247967259338287,0.2664382976377136,0.789903250473909,0.010892701508842917
H5 log_market_cap｜t+2..t+8｜主測度 發文數,twoway_2cluster,OK,32607,231,226,True,,dense=2276;sparse=30331,abn_attention_weekend,0.000884144712238025,0.0010849373983252187,0.8149269382757469,0.4151201706347223,0.016441234887379363
H5 log_market_cap｜t+2..t+8｜主測度 發文數,twoway_2cluster,OK,32607,231,226,True,,dense=2276;sparse=30331,log_market_cap,-0.02578398319769449,0.00929181703307307,-2.7749129267095554,0.005524837429857099,0.016441234887379363
H5 log_market_cap｜t+2..t+8｜主測度 發文數,twoway_2cluster,OK,32607,231,226,True,,dense=2276;sparse=30331,abn_attention_weekend__x__log_market_cap,0.0018056313847024863,0.001346586129045083,1.34089557716069,0.1799638345039849,0.016441234887379363
H5 log_market_cap｜t+2..t+8｜主測度 發文數,twoway_2cluster,OK,32607,231,226,True,,dense=2276;sparse=30331,ret_lag1,-0.0007991859000413013,0.0011820820707875328,-0.6760832600302139,0.4989926489251193,0.016441234887379363
H5 log_market_cap｜t+2..t+8｜主測度 發文數,twoway_2cluster,OK,32607,231,226,True,,dense=2276;sparse=30331,ret_lag4,0.004484615643290147,0.00207720639198931,2.158964877339558,0.030860268052888884,0.016441234887379363
H5 log_market_cap｜t+2..t+8｜主測度 發文數,twoway_2cluster,OK,32607,231,226,True,,dense=2276;sparse=30331,ret_lag25,-0.004456726327289266,0.0028419478873561907,-1.5681942470223382,0.11684565085981347,0.016441234887379363
H5 log_market_cap｜t+2..t+8｜主測度 發文數,twoway_2cluster,OK,32607,231,226,True,,dense=2276;sparse=30331,turnover,-0.004265202995368199,0.0016557470813814864,-2.575999102356558,0.009999513601461008,0.016441234887379363
H5 log_market_cap｜t+2..t+8｜主測度 發文數,twoway_2cluster,OK,32607,231,226,True,,dense=2276;sparse=30331,amihud,-0.0006856476357501403,0.0006280754896586381,-1.0916643732153803,0.2749888330805308,0.016441234887379363
H5 log_market_cap｜t+2..t+8｜主測度 發文數,twoway_2cluster,OK,32607,231,226,True,,dense=2276;sparse=30331,foreign_holding_pct,0.021469438344210025,0.009258424873739202,2.3189083064341114,0.02040624729800178,0.016441234887379363
H5 log_market_cap｜t+2..t+8｜主測度 發文數,twoway_2cluster,OK,32607,231,226,True,,dense=2276;sparse=30331,att_zero_base_weekend,0.003805544546052156,0.0032774966163701693,1.1611131883537382,0.24560449531547124,0.016441234887379363
H5 log_market_cap｜t+2..t+8｜主測度 發文數,firm_fe_1cluster,OK,32607,231,226,True,,dense=2276;sparse=30331,abn_attention_weekend,0.0012985645613800886,0.0009798999356331935,1.3252011906103247,0.185113785261813,0.022812668384118995
H5 log_market_cap｜t+2..t+8｜主測度 發文數,firm_fe_1cluster,OK,32607,231,226,True,,dense=2276;sparse=30331,log_market_cap,-0.05354377588977088,0.009076878120725876,-5.898919780305367,3.6952088056096954e-09,0.022812668384118995
H5 log_market_cap｜t+2..t+8｜主測度 發文數,firm_fe_1cluster,OK,32607,231,226,True,,dense=2276;sparse=30331,abn_attention_weekend__x__log_market_cap,0.0023429699565479323,0.001408969009353081,1.6628967287390457,0.09634279178230853,0.022812668384118995
H5 log_market_cap｜t+2..t+8｜主測度 發文數,firm_fe_1cluster,OK,32607,231,226,True,,dense=2276;sparse=30331,ret_lag1,-0.001984721564271718,0.0005171517607948818,-3.837793303113047,0.00012438071892706404,0.022812668384118995
H5 log_market_cap｜t+2..t+8｜主測度 發文數,firm_fe_1cluster,OK,32607,231,226,True,,dense=2276;sparse=30331,ret_lag4,0.001083241806471681,0.0015134264185131564,0.7157545244491609,0.47414810037218613,0.022812668384118995
H5 log_market_cap｜t+2..t+8｜主測度 發文數,firm_fe_1cluster,OK,32607,231,226,True,,dense=2276;sparse=30331,ret_lag25,-0.0035141531118330193,0.002413894563726233,-1.4558022395180181,0.14545699585833627,0.022812668384118995
H5 log_market_cap｜t+2..t+8｜主測度 發文數,firm_fe_1cluster,OK,32607,231,226,True,,dense=2276;sparse=30331,turnover,-0.0016933095500603478,0.0014692793336591784,-1.1524762591216957,0.24913393186177246,0.022812668384118995
H5 log_market_cap｜t+2..t+8｜主測度 發文數,firm_fe_1cluster,OK,32607,231,226,True,,dense=2276;sparse=30331,amihud,-0.00048026452649821096,0.000619611451579074,-0.7751059559571749,0.4382827151956885,0.022812668384118995
H5 log_market_cap｜t+2..t+8｜主測度 發文數,firm_fe_1cluster,OK,32607,231,226,True,,dense=2276;sparse=30331,foreign_holding_pct,0.05112156222932093,0.009845033324009935,5.192624600329829,2.0860263472144425e-07,0.022812668384118995
H5 log_market_cap｜t+2..t+8｜主測度 發文數,firm_fe_1cluster,OK,32607,231,226,True,,dense=2276;sparse=30331,att_zero_base_weekend,0.0022784807364428948,0.003225900939520251,0.7063083396422413,0.48000149245484214,0.022812668384118995
H6 turnover｜主測度 發文數,twoway_2cluster,OK,36490,234,251,True,,dense=2582;sparse=33908,abn_attention_weekend,0.00030979331854515265,0.0004194183285554953,0.7386260863041,0.4601388951764096,0.005097252016119103
H6 turnover｜主測度 發文數,twoway_2cluster,OK,36490,234,251,True,,dense=2582;sparse=33908,turnover,-0.0013184769588617047,0.0005854450573643862,-2.2520934155586745,0.024322369982650915,0.005097252016119103
H6 turnover｜主測度 發文數,twoway_2cluster,OK,36490,234,251,True,,dense=2582;sparse=33908,abn_attention_weekend__x__turnover,0.0006164422277170621,0.0002979988527002401,2.0686060437190585,0.03859019349466841,0.005097252016119103
H6 turnover｜主測度 發文數,twoway_2cluster,OK,36490,234,251,True,,dense=2582;sparse=33908,ret_lag1,-0.00048318178447921483,0.0006815085461121439,-0.7089885919049151,0.47833614797574797,0.005097252016119103
H6 turnover｜主測度 發文數,twoway_2cluster,OK,36490,234,251,True,,dense=2582;sparse=33908,ret_lag4,-0.0001815158883053062,0.0006446851830443556,-0.2815574067456387,0.7782845222890629,0.005097252016119103
H6 turnover｜主測度 發文數,twoway_2cluster,OK,36490,234,251,True,,dense=2582;sparse=33908,ret_lag25,-0.000224174372802895,0.0006576827967635114,-0.3408548526828858,0.7332148432458174,0.005097252016119103
H6 turnover｜主測度 發文數,twoway_2cluster,OK,36490,234,251,True,,dense=2582;sparse=33908,log_market_cap,-0.004866711999826834,0.001645150791688557,-2.958216368015553,0.0030962599818475933,0.005097252016119103
H6 turnover｜主測度 發文數,twoway_2cluster,OK,36490,234,251,True,,dense=2582;sparse=33908,amihud,0.00022076111620226768,6.514374913366414e-05,3.3888303810900196,0.000702666503371141,0.005097252016119103
H6 turnover｜主測度 發文數,twoway_2cluster,OK,36490,234,251,True,,dense=2582;sparse=33908,foreign_holding_pct,0.0039006705864699205,0.0014844515824915187,2.6276846159731226,0.008600463602892683,0.005097252016119103
H6 turnover｜主測度 發文數,twoway_2cluster,OK,36490,234,251,True,,dense=2582;sparse=33908,att_zero_base_weekend,0.00043243084558357205,0.0007470748514046948,0.5788320203397153,0.562706144843856,0.005097252016119103
H6 turnover｜主測度 發文數,firm_fe_1cluster,OK,36490,234,251,True,,dense=2582;sparse=33908,abn_attention_weekend,0.0008867897559510026,0.000388015345016367,2.285450220824634,0.022292188659778667,0.006697204749733565
H6 turnover｜主測度 發文數,firm_fe_1cluster,OK,36490,234,251,True,,dense=2582;sparse=33908,turnover,-0.0003992509335136337,0.0004338447872986778,-0.9202621425961074,0.35744191169713657,0.006697204749733565
H6 turnover｜主測度 發文數,firm_fe_1cluster,OK,36490,234,251,True,,dense=2582;sparse=33908,abn_attention_weekend__x__turnover,0.0005661039744189539,0.00027735903577530836,2.0410511337282013,0.04125297275344364,0.006697204749733565
H6 turnover｜主測度 發文數,firm_fe_1cluster,OK,36490,234,251,True,,dense=2582;sparse=33908,ret_lag1,-0.0012856461066953048,0.0003532519514231238,-3.6394593193778655,0.000273590651824307,0.006697204749733565
H6 turnover｜主測度 發文數,firm_fe_1cluster,OK,36490,234,251,True,,dense=2582;sparse=33908,ret_lag4,-0.0004881547824303461,0.0003700561352563311,-1.3191371144061974,0.18713161046337579,0.006697204749733565
H6 turnover｜主測度 發文數,firm_fe_1cluster,OK,36490,234,251,True,,dense=2582;sparse=33908,ret_lag25,-0.000859290189918057,0.0003827751065970645,-2.244895697521431,0.02478083418016319,0.006697204749733565
H6 turnover｜主測度 發文數,firm_fe_1cluster,OK,36490,234,251,True,,dense=2582;sparse=33908,log_market_cap,-0.009042477929270815,0.0015183361232445824,-5.95551787962974,2.6163375910215336e-09,0.006697204749733565
H6 turnover｜主測度 發文數,firm_fe_1cluster,OK,36490,234,251,True,,dense=2582;sparse=33908,amihud,0.00028193816480000515,8.195635009412474e-05,3.4401015232645977,0.0005821505481016231,0.006697204749733565
H6 turnover｜主測度 發文數,firm_fe_1cluster,OK,36490,234,251,True,,dense=2582;sparse=33908,foreign_holding_pct,0.008774551494020354,0.0014892824320145003,5.891798160911175,3.8538412461264215e-09,0.006697204749733565
H6 turnover｜主測度 發文數,firm_fe_1cluster,OK,36490,234,251,True,,dense=2582;sparse=33908,att_zero_base_weekend,-9.244335133180168e-07,0.0007135930759710361,-0.001295463120995219,0.9989663773950299,0.006697204749733565
H5 turnover｜t+2..t+4｜主測度 發文數,twoway_2cluster,OK,35079,232,242,True,,dense=2475;sparse=32604,abn_attention_weekend,0.0008516662451224627,0.000570092509501685,1.4939088497529986,0.13520856503364564,0.007687741561219874
H5 turnover｜t+2..t+4｜主測度 發文數,twoway_2cluster,OK,35079,232,242,True,,dense=2475;sparse=32604,turnover,-0.002614686119699326,0.0012133461469594911,-2.1549383300482186,0.031173538850259197,0.007687741561219874
H5 turnover｜t+2..t+4｜主測度 發文數,twoway_2cluster,OK,35079,232,242,True,,dense=2475;sparse=32604,abn_attention_weekend__x__turnover,0.00025127689853211957,0.0005992842391928167,0.4192950224597389,0.6750031372147602,0.007687741561219874
H5 turnover｜t+2..t+4｜主測度 發文數,twoway_2cluster,OK,35079,232,242,True,,dense=2475;sparse=32604,ret_lag1,-0.0010720282325705455,0.0009035047668741299,-1.1865219441834922,0.2354243885868339,0.007687741561219874
H5 turnover｜t+2..t+4｜主測度 發文數,twoway_2cluster,OK,35079,232,242,True,,dense=2475;sparse=32604,ret_lag4,0.0017544560719841738,0.0012506969357049453,1.4027827380861764,0.16069060974860006,0.007687741561219874
H5 turnover｜t+2..t+4｜主測度 發文數,twoway_2cluster,OK,35079,232,242,True,,dense=2475;sparse=32604,ret_lag25,-0.0011814791673498675,0.0014771430358079677,-0.7998407322169867,0.42380857188037613,0.007687741561219874
H5 turnover｜t+2..t+4｜主測度 發文數,twoway_2cluster,OK,35079,232,242,True,,dense=2475;sparse=32604,log_market_cap,-0.012769805660186748,0.004317675323624076,-2.9575650559728297,0.0031028887312904985,0.007687741561219874
H5 turnover｜t+2..t+4｜主測度 發文數,twoway_2cluster,OK,35079,232,242,True,,dense=2475;sparse=32604,amihud,-0.0008043819644550632,0.0002781246023650602,-2.8921640071209853,0.0038283655336772693,0.007687741561219874
H5 turnover｜t+2..t+4｜主測度 發文數,twoway_2cluster,OK,35079,232,242,True,,dense=2475;sparse=32604,foreign_holding_pct,0.009857131339696365,0.0042363546398009495,2.3267956008894277,0.019981889538534636,0.007687741561219874
H5 turnover｜t+2..t+4｜主測度 發文數,twoway_2cluster,OK,35079,232,242,True,,dense=2475;sparse=32604,att_zero_base_weekend,0.00070454405512237,0.001685978757766034,0.41788430125650533,0.6760343045080339,0.007687741561219874
H5 turnover｜t+2..t+4｜主測度 發文數,firm_fe_1cluster,OK,35079,232,242,True,,dense=2475;sparse=32604,abn_attention_weekend,0.0013055649468836415,0.0005036244633984135,2.5923382237506973,0.009536580640482573,0.010815323235509822
H5 turnover｜t+2..t+4｜主測度 發文數,firm_fe_1cluster,OK,35079,232,242,True,,dense=2475;sparse=32604,turnover,-0.001236659039513704,0.0010467703742277816,-1.1814043174712563,0.2374502085110064,0.010815323235509822
H5 turnover｜t+2..t+4｜主測度 發文數,firm_fe_1cluster,OK,35079,232,242,True,,dense=2475;sparse=32604,abn_attention_weekend__x__turnover,0.0002605182150868985,0.0006942432426643824,0.3752549525539144,0.7074731494648909,0.010815323235509822
H5 turnover｜t+2..t+4｜主測度 發文數,firm_fe_1cluster,OK,35079,232,242,True,,dense=2475;sparse=32604,ret_lag1,-0.0008706211875335932,0.0004817517132101577,-1.8071989443113747,0.07073988868674341,0.010815323235509822
H5 turnover｜t+2..t+4｜主測度 發文數,firm_fe_1cluster,OK,35079,232,242,True,,dense=2475;sparse=32604,ret_lag4,-0.0005822373912010673,0.0009107789582305747,-0.6392740916327437,0.5226488431370935,0.010815323235509822
H5 turnover｜t+2..t+4｜主測度 發文數,firm_fe_1cluster,OK,35079,232,242,True,,dense=2475;sparse=32604,ret_lag25,-0.000955053989056198,0.001096021512359575,-0.8713825214982374,0.38355133093801386,0.010815323235509822
H5 turnover｜t+2..t+4｜主測度 發文數,firm_fe_1cluster,OK,35079,232,242,True,,dense=2475;sparse=32604,log_market_cap,-0.025761974122853356,0.004102873236562215,-6.27900806032195,3.4475200472172673e-10,0.010815323235509822
H5 turnover｜t+2..t+4｜主測度 發文數,firm_fe_1cluster,OK,35079,232,242,True,,dense=2475;sparse=32604,amihud,-0.0005053225615486302,0.0002850307294078734,-1.772870464172035,0.07625891021869124,0.010815323235509822
H5 turnover｜t+2..t+4｜主測度 發文數,firm_fe_1cluster,OK,35079,232,242,True,,dense=2475;sparse=32604,foreign_holding_pct,0.0232378638698536,0.0043216126554701416,5.377127873882901,7.616974539992327e-08,0.010815323235509822
H5 turnover｜t+2..t+4｜主測度 發文數,firm_fe_1cluster,OK,35079,232,242,True,,dense=2475;sparse=32604,att_zero_base_weekend,0.00032955362603428963,0.001726380262632244,0.1908928369766074,0.8486106646396054,0.010815323235509822
H5 turnover｜t+2..t+8｜主測度 發文數,twoway_2cluster,OK,32607,231,226,True,,dense=2276;sparse=30331,abn_attention_weekend,0.0012562752876661926,0.0008905822010954812,1.4106224962961107,0.15836563274447268,0.016520513749765153
H5 turnover｜t+2..t+8｜主測度 發文數,twoway_2cluster,OK,32607,231,226,True,,dense=2276;sparse=30331,turnover,-0.004921535057148339,0.001897938441307331,-2.5930951974176284,0.009515953067213312,0.016520513749765153
H5 turnover｜t+2..t+8｜主測度 發文數,twoway_2cluster,OK,32607,231,226,True,,dense=2276;sparse=30331,abn_attention_weekend__x__turnover,0.001223187038010205,0.0013652679555371029,0.895931844770353,0.37029587489534044,0.016520513749765153
H5 turnover｜t+2..t+8｜主測度 發文數,twoway_2cluster,OK,32607,231,226,True,,dense=2276;sparse=30331,ret_lag1,-0.0007518091102027018,0.0011697181148079135,-0.6427267396180839,0.5204060119019027,0.016520513749765153
H5 turnover｜t+2..t+8｜主測度 發文數,twoway_2cluster,OK,32607,231,226,True,,dense=2276;sparse=30331,ret_lag4,0.004391492922764155,0.0020481099012030143,2.1441685918244375,0.03202685820487661,0.016520513749765153
H5 turnover｜t+2..t+8｜主測度 發文數,twoway_2cluster,OK,32607,231,226,True,,dense=2276;sparse=30331,ret_lag25,-0.0042890221345026425,0.0028478811854376466,-1.5060397029321746,0.1320668091269359,0.016520513749765153
H5 turnover｜t+2..t+8｜主測度 發文數,twoway_2cluster,OK,32607,231,226,True,,dense=2276;sparse=30331,log_market_cap,-0.0258539559805755,0.009164958675785609,-2.820957179968881,0.004790993413668954,0.016520513749765153
H5 turnover｜t+2..t+8｜主測度 發文數,twoway_2cluster,OK,32607,231,226,True,,dense=2276;sparse=30331,amihud,-0.0006738287341466815,0.0006264721916105588,-1.0755924096397267,0.28211765733064254,0.016520513749765153
H5 turnover｜t+2..t+8｜主測度 發文數,twoway_2cluster,OK,32607,231,226,True,,dense=2276;sparse=30331,foreign_holding_pct,0.021523829804744248,0.009232543875513971,2.331300029001598,0.019743693632028547,0.016520513749765153
H5 turnover｜t+2..t+8｜主測度 發文數,twoway_2cluster,OK,32607,231,226,True,,dense=2276;sparse=30331,att_zero_base_weekend,0.003630802722045105,0.0032606175328073203,1.1135322329322885,0.2654882401607377,0.016520513749765153
H5 turnover｜t+2..t+8｜主測度 發文數,firm_fe_1cluster,OK,32607,231,226,True,,dense=2276;sparse=30331,abn_attention_weekend,0.0018892392234691976,0.0007814304255368266,2.4176678584933895,0.015625814678424277,0.022874910190073372
H5 turnover｜t+2..t+8｜主測度 發文數,firm_fe_1cluster,OK,32607,231,226,True,,dense=2276;sparse=30331,turnover,-0.0024419962063404153,0.001723099947232541,-1.4172110040758161,0.1564308711944642,0.022874910190073372
H5 turnover｜t+2..t+8｜主測度 發文數,firm_fe_1cluster,OK,32607,231,226,True,,dense=2276;sparse=30331,abn_attention_weekend__x__turnover,0.001401034371989542,0.0015251190741059912,0.9186393349718045,0.3582910962368082,0.022874910190073372
H5 turnover｜t+2..t+8｜主測度 發文數,firm_fe_1cluster,OK,32607,231,226,True,,dense=2276;sparse=30331,ret_lag1,-0.0019541034493570893,0.0005126042715738448,-3.8121091799672695,0.00013804116326698868,0.022874910190073372
H5 turnover｜t+2..t+8｜主測度 發文數,firm_fe_1cluster,OK,32607,231,226,True,,dense=2276;sparse=30331,ret_lag4,0.0009866728047088122,0.0015086601148027545,0.6540060249672683,0.5131125705654329,0.022874910190073372
H5 turnover｜t+2..t+8｜主測度 發文數,firm_fe_1cluster,OK,32607,231,226,True,,dense=2276;sparse=30331,ret_lag25,-0.0033353577124862186,0.0024359412578465432,-1.3692274810578933,0.17093767920910863,0.022874910190073372
H5 turnover｜t+2..t+8｜主測度 發文數,firm_fe_1cluster,OK,32607,231,226,True,,dense=2276;sparse=30331,log_market_cap,-0.05358488610844138,0.009011400850025613,-5.9463436373812035,2.7700652882600707e-09,0.022874910190073372
H5 turnover｜t+2..t+8｜主測度 發文數,firm_fe_1cluster,OK,32607,231,226,True,,dense=2276;sparse=30331,amihud,-0.00046262082207255983,0.0006196378837518057,-0.7465986735211647,0.45531127234801927,0.022874910190073372
H5 turnover｜t+2..t+8｜主測度 發文數,firm_fe_1cluster,OK,32607,231,226,True,,dense=2276;sparse=30331,foreign_holding_pct,0.05116718125709893,0.009846924386067447,5.196260197701538,2.0456932614543177e-07,0.022874910190073372
H5 turnover｜t+2..t+8｜主測度 發文數,firm_fe_1cluster,OK,32607,231,226,True,,dense=2276;sparse=30331,att_zero_base_weekend,0.002017951578490581,0.0032409751176946293,0.6226371709777243,0.5335273654175263,0.022874910190073372
H6 amihud｜主測度 發文數,twoway_2cluster,OK,36490,234,251,True,,dense=2582;sparse=33908,abn_attention_weekend,0.0006125630399704695,0.0005173122177372374,1.1841263727538978,0.2363708608115871,0.004604006141332273
H6 amihud｜主測度 發文數,twoway_2cluster,OK,36490,234,251,True,,dense=2582;sparse=33908,amihud,9.48164875682165e-06,0.00011803659321762017,0.08032804487453012,0.9359768002590667,0.004604006141332273
H6 amihud｜主測度 發文數,twoway_2cluster,OK,36490,234,251,True,,dense=2582;sparse=33908,abn_attention_weekend__x__amihud,-0.0006816654371884334,0.0001896051509616239,-3.5951841694765063,0.00032459532467621344,0.004604006141332273
H6 amihud｜主測度 發文數,twoway_2cluster,OK,36490,234,251,True,,dense=2582;sparse=33908,ret_lag1,-0.0004929334537861201,0.0006873569667209101,-0.7171433151215408,0.4732903246279605,0.004604006141332273
H6 amihud｜主測度 發文數,twoway_2cluster,OK,36490,234,251,True,,dense=2582;sparse=33908,ret_lag4,-0.00015776667161358554,0.0006483154073546141,-0.2433486383693033,0.8077367152825046,0.004604006141332273
H6 amihud｜主測度 發文數,twoway_2cluster,OK,36490,234,251,True,,dense=2582;sparse=33908,ret_lag25,-0.000284547779714424,0.0006495237713694105,-0.4380867833589884,0.6613260036442474,0.004604006141332273
H6 amihud｜主測度 發文數,twoway_2cluster,OK,36490,234,251,True,,dense=2582;sparse=33908,log_market_cap,-0.004762786241631869,0.001701567440572848,-2.799058167232228,0.00512791684478664,0.004604006141332273
H6 amihud｜主測度 發文數,twoway_2cluster,OK,36490,234,251,True,,dense=2582;sparse=33908,turnover,-0.001044750393133699,0.00056749891933346,-1.8409733614308579,0.06563368696842531,0.004604006141332273
H6 amihud｜主測度 發文數,twoway_2cluster,OK,36490,234,251,True,,dense=2582;sparse=33908,foreign_holding_pct,0.003864691542188848,0.0015000155136559055,2.5764343815149267,0.009986461785415512,0.004604006141332273
H6 amihud｜主測度 發文數,twoway_2cluster,OK,36490,234,251,True,,dense=2582;sparse=33908,att_zero_base_weekend,0.00032475784554506854,0.0007753796578798924,0.4188372009049715,0.675337614203587,0.004604006141332273
H6 amihud｜主測度 發文數,firm_fe_1cluster,OK,36490,234,251,True,,dense=2582;sparse=33908,abn_attention_weekend,0.00116546850071421,0.0004523697376874808,2.576362660049052,0.009988506095782279,0.006201481405552989
H6 amihud｜主測度 發文數,firm_fe_1cluster,OK,36490,234,251,True,,dense=2582;sparse=33908,amihud,0.00010377813301960679,0.00015714624790381005,0.6603920513783432,0.5090064684031805,0.006201481405552989
H6 amihud｜主測度 發文數,firm_fe_1cluster,OK,36490,234,251,True,,dense=2582;sparse=33908,abn_attention_weekend__x__amihud,-0.0005742762318286383,0.000248066622695529,-2.315008063513208,0.020618047885758717,0.006201481405552989
H6 amihud｜主測度 發文數,firm_fe_1cluster,OK,36490,234,251,True,,dense=2582;sparse=33908,ret_lag1,-0.0012889203591387036,0.000356420402527903,-3.6162923053704765,0.0002992582589032011,0.006201481405552989
H6 amihud｜主測度 發文數,firm_fe_1cluster,OK,36490,234,251,True,,dense=2582;sparse=33908,ret_lag4,-0.0004672502572209549,0.00037016512103734745,-1.262275213589916,0.20685789404374688,0.006201481405552989
H6 amihud｜主測度 發文數,firm_fe_1cluster,OK,36490,234,251,True,,dense=2582;sparse=33908,ret_lag25,-0.0009076531468976327,0.00038455750969817223,-2.360253340547225,0.018267725239628163,0.006201481405552989
H6 amihud｜主測度 發文數,firm_fe_1cluster,OK,36490,234,251,True,,dense=2582;sparse=33908,log_market_cap,-0.00897331495993688,0.0015454157234268263,-5.806408478903868,6.4358740559100625e-09,0.006201481405552989
H6 amihud｜主測度 發文數,firm_fe_1cluster,OK,36490,234,251,True,,dense=2582;sparse=33908,turnover,-0.00015019820191753132,0.00041515154879329417,-0.3617912599726701,0.717510132881519,0.006201481405552989
H6 amihud｜主測度 發文數,firm_fe_1cluster,OK,36490,234,251,True,,dense=2582;sparse=33908,foreign_holding_pct,0.008765315281997404,0.0014920060246548063,5.874852471876155,4.269101516740648e-09,0.006201481405552989
H6 amihud｜主測度 發文數,firm_fe_1cluster,OK,36490,234,251,True,,dense=2582;sparse=33908,att_zero_base_weekend,-0.00010385240993607634,0.0007285493328040816,-0.14254684653455568,0.8866488712713689,0.006201481405552989
H5 amihud｜t+2..t+4｜主測度 發文數,twoway_2cluster,OK,35079,232,242,True,,dense=2475;sparse=32604,abn_attention_weekend,0.0010395933398350968,0.0007461976144808711,1.3931877021053476,0.16357198869094902,0.007718546313423391
H5 amihud｜t+2..t+4｜主測度 發文數,twoway_2cluster,OK,35079,232,242,True,,dense=2475;sparse=32604,amihud,-0.0005171342516352607,0.0002550835642687931,-2.027313100777959,0.0426380537291875,0.007718546313423391
H5 amihud｜t+2..t+4｜主測度 發文數,twoway_2cluster,OK,35079,232,242,True,,dense=2475;sparse=32604,abn_attention_weekend__x__amihud,0.0008787275867698743,0.0003096180720842316,2.838101732417016,0.004540912396159724,0.007718546313423391
H5 amihud｜t+2..t+4｜主測度 發文數,twoway_2cluster,OK,35079,232,242,True,,dense=2475;sparse=32604,ret_lag1,-0.0010708195584910453,0.0009037559862285168,-1.1848547338089621,0.23608302660092217,0.007718546313423391
H5 amihud｜t+2..t+4｜主測度 發文數,twoway_2cluster,OK,35079,232,242,True,,dense=2475;sparse=32604,ret_lag4,0.0017666391795083422,0.001255788875638653,1.406796328411404,0.15949677445225463,0.007718546313423391
H5 amihud｜t+2..t+4｜主測度 發文數,twoway_2cluster,OK,35079,232,242,True,,dense=2475;sparse=32604,ret_lag25,-0.0012128404231038696,0.0014708016431249043,-0.8246118222488769,0.40959769259151213,0.007718546313423391
H5 amihud｜t+2..t+4｜主測度 發文數,twoway_2cluster,OK,35079,232,242,True,,dense=2475;sparse=32604,log_market_cap,-0.012696875110987773,0.004393788076736496,-2.8897331617364737,0.003858084624793756,0.007718546313423391
H5 amihud｜t+2..t+4｜主測度 發文數,twoway_2cluster,OK,35079,232,242,True,,dense=2475;sparse=32604,turnover,-0.002492135616982403,0.0012338417822893213,-2.019817818422708,0.043409981621735705,0.007718546313423391
H5 amihud｜t+2..t+4｜主測度 發文數,twoway_2cluster,OK,35079,232,242,True,,dense=2475;sparse=32604,foreign_holding_pct,0.00984288995613119,0.004249262702526447,2.3163759562991926,0.02054356332232743,0.007718546313423391
H5 amihud｜t+2..t+4｜主測度 發文數,twoway_2cluster,OK,35079,232,242,True,,dense=2475;sparse=32604,att_zero_base_weekend,0.0006204181667777422,0.0016783856406697815,0.36965173661171,0.7116442595394803,0.007718546313423391
H5 amihud｜t+2..t+4｜主測度 發文數,firm_fe_1cluster,OK,35079,232,242,True,,dense=2475;sparse=32604,abn_attention_weekend,0.0015581168167005403,0.0006617203821975991,2.354645343590557,0.018545908624105767,0.010875803903088732
H5 amihud｜t+2..t+4｜主測度 發文數,firm_fe_1cluster,OK,35079,232,242,True,,dense=2475;sparse=32604,amihud,0.00016066783444505374,0.000328379019293984,0.4892755779297049,0.6246496892259343,0.010875803903088732
H5 amihud｜t+2..t+4｜主測度 發文數,firm_fe_1cluster,OK,35079,232,242,True,,dense=2475;sparse=32604,abn_attention_weekend__x__amihud,0.0020478267571237708,0.0006677111765235848,3.0669349699756565,0.0021643163691347223,0.010875803903088732
H5 amihud｜t+2..t+4｜主測度 發文數,firm_fe_1cluster,OK,35079,232,242,True,,dense=2475;sparse=32604,ret_lag1,-0.0008704537829682491,0.00048140476448394484,-1.808153651950986,0.07059120968377353,0.010875803903088732
H5 amihud｜t+2..t+4｜主測度 發文數,firm_fe_1cluster,OK,35079,232,242,True,,dense=2475;sparse=32604,ret_lag4,-0.0005585197917407219,0.0009108240653696137,-0.6132027171614902,0.5397463116345094,0.010875803903088732
H5 amihud｜t+2..t+4｜主測度 發文數,firm_fe_1cluster,OK,35079,232,242,True,,dense=2475;sparse=32604,ret_lag25,-0.0009831176070102313,0.0010846583883038039,-0.9063845516814167,0.3647386155318033,0.010875803903088732
H5 amihud｜t+2..t+4｜主測度 發文數,firm_fe_1cluster,OK,35079,232,242,True,,dense=2475;sparse=32604,log_market_cap,-0.02565085908756458,0.0041559621678284335,-6.172062702141397,6.81466882923587e-10,0.010875803903088732
H5 amihud｜t+2..t+4｜主測度 發文數,firm_fe_1cluster,OK,35079,232,242,True,,dense=2475;sparse=32604,turnover,-0.0011123997932860484,0.0010531131512598777,-1.0562965546059737,0.2908400745161597,0.010875803903088732
H5 amihud｜t+2..t+4｜主測度 發文數,firm_fe_1cluster,OK,35079,232,242,True,,dense=2475;sparse=32604,foreign_holding_pct,0.02321648680348378,0.004318865551614148,5.375598412598597,7.681867431053035e-08,0.010875803903088732
H5 amihud｜t+2..t+4｜主測度 發文數,firm_fe_1cluster,OK,35079,232,242,True,,dense=2475;sparse=32604,att_zero_base_weekend,0.00020905352090717748,0.0016968099255653196,0.12320385315846613,0.9019463851745029,0.010875803903088732
H5 amihud｜t+2..t+8｜主測度 發文數,twoway_2cluster,OK,32607,231,226,True,,dense=2276;sparse=30331,abn_attention_weekend,0.00189559340287317,0.0013936985043808312,1.360117268487213,0.1738023566960829,0.015980122566335964
H5 amihud｜t+2..t+8｜主測度 發文數,twoway_2cluster,OK,32607,231,226,True,,dense=2276;sparse=30331,amihud,-0.0009235956518499528,0.0008114516467857022,-1.1382017098720203,0.25504474884853856,0.015980122566335964
H5 amihud｜t+2..t+8｜主測度 發文數,twoway_2cluster,OK,32607,231,226,True,,dense=2276;sparse=30331,abn_attention_weekend__x__amihud,-0.0007943950531589473,0.0006236363286115244,-1.2738113812702403,0.20273948175968637,0.015980122566335964
H5 amihud｜t+2..t+8｜主測度 發文數,twoway_2cluster,OK,32607,231,226,True,,dense=2276;sparse=30331,ret_lag1,-0.000780288652909982,0.0011728865398671058,-0.6652720671501549,0.5058812668755883,0.015980122566335964
H5 amihud｜t+2..t+8｜主測度 發文數,twoway_2cluster,OK,32607,231,226,True,,dense=2276;sparse=30331,ret_lag4,0.004460364795732315,0.002073551777344753,2.1510747136702557,0.031477733320496526,0.015980122566335964
H5 amihud｜t+2..t+8｜主測度 發文數,twoway_2cluster,OK,32607,231,226,True,,dense=2276;sparse=30331,ret_lag25,-0.004434903105135847,0.0028456081489037334,-1.5585080141285044,0.11912271547642983,0.015980122566335964
H5 amihud｜t+2..t+8｜主測度 發文數,twoway_2cluster,OK,32607,231,226,True,,dense=2276;sparse=30331,log_market_cap,-0.025648658872922756,0.009398549002710713,-2.729001983766347,0.006356086879997669,0.015980122566335964
H5 amihud｜t+2..t+8｜主測度 發文數,twoway_2cluster,OK,32607,231,226,True,,dense=2276;sparse=30331,turnover,-0.004340394268972288,0.0016506902739406046,-2.6294419598236907,0.008556584652160693,0.015980122566335964
H5 amihud｜t+2..t+8｜主測度 發文數,twoway_2cluster,OK,32607,231,226,True,,dense=2276;sparse=30331,foreign_holding_pct,0.02143472086265407,0.00927721512734386,2.3104693130891105,0.020868485282966365,0.015980122566335964
H5 amihud｜t+2..t+8｜主測度 發文數,twoway_2cluster,OK,32607,231,226,True,,dense=2276;sparse=30331,att_zero_base_weekend,0.003393348879390102,0.0032785850457494464,1.035004074025605,0.3006747956388989,0.015980122566335964
H5 amihud｜t+2..t+8｜主測度 發文數,firm_fe_1cluster,OK,32607,231,226,True,,dense=2276;sparse=30331,abn_attention_weekend,0.0026698705929618285,0.0013416914467351765,1.9899289061271093,0.046607166780878284,0.022349047437330016
H5 amihud｜t+2..t+8｜主測度 發文數,firm_fe_1cluster,OK,32607,231,226,True,,dense=2276;sparse=30331,amihud,-0.0004072219723650113,0.0006981109313521824,-0.5833198623265452,0.5596820583627506,0.022349047437330016
H5 amihud｜t+2..t+8｜主測度 發文數,firm_fe_1cluster,OK,32607,231,226,True,,dense=2276;sparse=30331,abn_attention_weekend__x__amihud,0.00013182450561063526,0.0005564026183062729,0.2369228707296848,0.8127181262032686,0.022349047437330016
H5 amihud｜t+2..t+8｜主測度 發文數,firm_fe_1cluster,OK,32607,231,226,True,,dense=2276;sparse=30331,ret_lag1,-0.001972159086839688,0.0005154653132816192,-3.8259782686138166,0.0001304983336269938,0.022349047437330016
H5 amihud｜t+2..t+8｜主測度 發文數,firm_fe_1cluster,OK,32607,231,226,True,,dense=2276;sparse=30331,ret_lag4,0.0010666871431070546,0.001513885438440118,0.70460228761177,0.4810628443142433,0.022349047437330016
H5 amihud｜t+2..t+8｜主測度 發文數,firm_fe_1cluster,OK,32607,231,226,True,,dense=2276;sparse=30331,ret_lag25,-0.003483645341288828,0.002417889217340028,-1.4407795511496848,0.14965664582834015,0.022349047437330016
H5 amihud｜t+2..t+8｜主測度 發文數,firm_fe_1cluster,OK,32607,231,226,True,,dense=2276;sparse=30331,log_market_cap,-0.053374447662140535,0.009153409982856764,-5.8310998591895755,5.5585616109965486e-09,0.022349047437330016
H5 amihud｜t+2..t+8｜主測度 發文數,firm_fe_1cluster,OK,32607,231,226,True,,dense=2276;sparse=30331,turnover,-0.001784853424444379,0.0014647078148385556,-1.2185730193848328,0.22301517656752012,0.022349047437330016
H5 amihud｜t+2..t+8｜主測度 發文數,firm_fe_1cluster,OK,32607,231,226,True,,dense=2276;sparse=30331,foreign_holding_pct,0.05110326830541833,0.009846689535635474,5.189893326124889,2.1168313946162698e-07,0.022349047437330016
H5 amihud｜t+2..t+8｜主測度 發文數,firm_fe_1cluster,OK,32607,231,226,True,,dense=2276;sparse=30331,att_zero_base_weekend,0.0017065920071481523,0.0032157247962369072,0.5307021325783953,0.5956288492330621,0.022349047437330016
H6 foreign_holding_pct｜主測度 發文數,twoway_2cluster,OK,36490,234,251,True,,dense=2582;sparse=33908,abn_attention_weekend,0.0006113501106882531,0.000539546881227801,1.133080612563371,0.25718794901688047,0.004585352746090288
H6 foreign_holding_pct｜主測度 發文數,twoway_2cluster,OK,36490,234,251,True,,dense=2582;sparse=33908,foreign_holding_pct,0.003859197490397864,0.001496377645327268,2.579026425881837,0.009911851918926295,0.004585352746090288
H6 foreign_holding_pct｜主測度 發文數,twoway_2cluster,OK,36490,234,251,True,,dense=2582;sparse=33908,abn_attention_weekend__x__foreign_holding_pct,0.000168508371100951,0.0002698835733934749,0.6243743143836152,0.5323857467080182,0.004585352746090288
H6 foreign_holding_pct｜主測度 發文數,twoway_2cluster,OK,36490,234,251,True,,dense=2582;sparse=33908,ret_lag1,-0.0004903762320302642,0.0006868452903963767,-0.7139544215951008,0.475259992847922,0.004585352746090288
H6 foreign_holding_pct｜主測度 發文數,twoway_2cluster,OK,36490,234,251,True,,dense=2582;sparse=33908,ret_lag4,-0.0001561095873198416,0.0006484304515418836,-0.24074993231522862,0.8097503076384798,0.004585352746090288
H6 foreign_holding_pct｜主測度 發文數,twoway_2cluster,OK,36490,234,251,True,,dense=2582;sparse=33908,ret_lag25,-0.00028817863577677865,0.0006497637274986383,-0.4435129626059075,0.6573974109784455,0.004585352746090288
H6 foreign_holding_pct｜主測度 發文數,twoway_2cluster,OK,36490,234,251,True,,dense=2582;sparse=33908,log_market_cap,-0.0047433711582602215,0.0017001386310626326,-2.7899908110996137,0.005273725109434357,0.004585352746090288
H6 foreign_holding_pct｜主測度 發文數,twoway_2cluster,OK,36490,234,251,True,,dense=2582;sparse=33908,turnover,-0.0010381899121953407,0.0005680579244390578,-1.82761276188608,0.06761596300761896,0.004585352746090288
H6 foreign_holding_pct｜主測度 發文數,twoway_2cluster,OK,36490,234,251,True,,dense=2582;sparse=33908,amihud,0.00022679128204959744,6.736610277978473e-05,3.3665489421432455,0.0007619468477604308,0.004585352746090288
H6 foreign_holding_pct｜主測度 發文數,twoway_2cluster,OK,36490,234,251,True,,dense=2582;sparse=33908,att_zero_base_weekend,0.00031700234852416394,0.0007779749819141305,0.4074711345398422,0.6836644136986885,0.004585352746090288
H6 foreign_holding_pct｜主測度 發文數,firm_fe_1cluster,OK,36490,234,251,True,,dense=2582;sparse=33908,abn_attention_weekend,0.0011741021033905507,0.00047881970278321705,2.452075586208947,0.014208164236544585,0.006183338148045059
H6 foreign_holding_pct｜主測度 發文數,firm_fe_1cluster,OK,36490,234,251,True,,dense=2582;sparse=33908,foreign_holding_pct,0.00875896240090493,0.0014886869920513778,5.8836830359048635,4.047548740615525e-09,0.006183338148045059
H6 foreign_holding_pct｜主測度 發文數,firm_fe_1cluster,OK,36490,234,251,True,,dense=2582;sparse=33908,abn_attention_weekend__x__foreign_holding_pct,9.689278132187755e-05,0.0003125700547321326,0.30998740875837605,0.7565723135647615,0.006183338148045059
H6 foreign_holding_pct｜主測度 發文數,firm_fe_1cluster,OK,36490,234,251,True,,dense=2582;sparse=33908,ret_lag1,-0.0012889335485406102,0.0003562889272296339,-3.6176637836119783,0.00029767801085434087,0.006183338148045059
H6 foreign_holding_pct｜主測度 發文數,firm_fe_1cluster,OK,36490,234,251,True,,dense=2582;sparse=33908,ret_lag4,-0.0004632270222181452,0.00037073762881254766,-1.2494739843426093,0.2114998312916323,0.006183338148045059
H6 foreign_holding_pct｜主測度 發文數,firm_fe_1cluster,OK,36490,234,251,True,,dense=2582;sparse=33908,ret_lag25,-0.0009099009561034637,0.00038538001358868833,-2.3610486377598985,0.018228601926760568,0.006183338148045059
H6 foreign_holding_pct｜主測度 發文數,firm_fe_1cluster,OK,36490,234,251,True,,dense=2582;sparse=33908,log_market_cap,-0.008952767623852036,0.0015414981664239997,-5.807835402503824,6.381328576665624e-09,0.006183338148045059
H6 foreign_holding_pct｜主測度 發文數,firm_fe_1cluster,OK,36490,234,251,True,,dense=2582;sparse=33908,turnover,-0.00014670575032634138,0.00041580597369224515,-0.3528226134502922,0.7242234811912418,0.006183338148045059
H6 foreign_holding_pct｜主測度 發文數,firm_fe_1cluster,OK,36490,234,251,True,,dense=2582;sparse=33908,amihud,0.00028713449823726566,8.298322930221896e-05,3.460150932323234,0.000540493665021291,0.006183338148045059
H6 foreign_holding_pct｜主測度 發文數,firm_fe_1cluster,OK,36490,234,251,True,,dense=2582;sparse=33908,att_zero_base_weekend,-0.00011339661211125144,0.0007307221739721096,-0.15518430417246323,0.8766768859553022,0.006183338148045059
H5 foreign_holding_pct｜t+2..t+4｜主測度 發文數,twoway_2cluster,OK,35079,232,242,True,,dense=2475;sparse=32604,abn_attention_weekend,0.0009919794583576566,0.0007592058087055739,1.3066015130323565,0.19135676811625957,0.007646210246172069
H5 foreign_holding_pct｜t+2..t+4｜主測度 發文數,twoway_2cluster,OK,35079,232,242,True,,dense=2475;sparse=32604,foreign_holding_pct,0.00984190105473366,0.00424659774466678,2.3175967319000046,0.020477052733521406,0.007646210246172069
H5 foreign_holding_pct｜t+2..t+4｜主測度 發文數,twoway_2cluster,OK,35079,232,242,True,,dense=2475;sparse=32604,abn_attention_weekend__x__foreign_holding_pct,1.1805303588049187e-05,0.000579410354897024,0.020374685209323347,0.9837445954334074,0.007646210246172069
H5 foreign_holding_pct｜t+2..t+4｜主測度 發文數,twoway_2cluster,OK,35079,232,242,True,,dense=2475;sparse=32604,ret_lag1,-0.00107519353987098,0.0009025693064309483,-1.191258701365155,0.23356021380369096,0.007646210246172069
H5 foreign_holding_pct｜t+2..t+4｜主測度 發文數,twoway_2cluster,OK,35079,232,242,True,,dense=2475;sparse=32604,ret_lag4,0.0017673322682006342,0.0012557859495403829,1.4073515226440279,0.15933216254099802,0.007646210246172069
H5 foreign_holding_pct｜t+2..t+4｜主測度 發文數,twoway_2cluster,OK,35079,232,242,True,,dense=2475;sparse=32604,ret_lag25,-0.0012118563152075424,0.001472388088753908,-0.8230549570888913,0.41048241483544223,0.007646210246172069
H5 foreign_holding_pct｜t+2..t+4｜主測度 發文數,twoway_2cluster,OK,35079,232,242,True,,dense=2475;sparse=32604,log_market_cap,-0.012720451381793884,0.004394822571938778,-2.8944175045916016,0.0038010006291246956,0.007646210246172069
H5 foreign_holding_pct｜t+2..t+4｜主測度 發文數,twoway_2cluster,OK,35079,232,242,True,,dense=2475;sparse=32604,turnover,-0.0024927866344417577,0.0012358348116620296,-2.0170872441190575,0.04369411829268066,0.007646210246172069
H5 foreign_holding_pct｜t+2..t+4｜主測度 發文數,twoway_2cluster,OK,35079,232,242,True,,dense=2475;sparse=32604,amihud,-0.0008017910654774429,0.0002804652350935422,-2.858789486725602,0.004255149439979844,0.007646210246172069
H5 foreign_holding_pct｜t+2..t+4｜主測度 發文數,twoway_2cluster,OK,35079,232,242,True,,dense=2475;sparse=32604,att_zero_base_weekend,0.0006493000781971222,0.0016712013812772164,0.3885229425198861,0.6976314700830049,0.007646210246172069
H5 foreign_holding_pct｜t+2..t+4｜主測度 發文數,firm_fe_1cluster,OK,35079,232,242,True,,dense=2475;sparse=32604,abn_attention_weekend,0.0014824170456196005,0.000678395089655213,2.1851824522683723,0.028882109205019546,0.010780366889577286
H5 foreign_holding_pct｜t+2..t+4｜主測度 發文數,firm_fe_1cluster,OK,35079,232,242,True,,dense=2475;sparse=32604,foreign_holding_pct,0.02323326855979431,0.004322287085648048,5.375225684786023,7.697762716141199e-08,0.010780366889577286
H5 foreign_holding_pct｜t+2..t+4｜主測度 發文數,firm_fe_1cluster,OK,35079,232,242,True,,dense=2475;sparse=32604,abn_attention_weekend__x__foreign_holding_pct,-0.0001402167585927318,0.0005847886679578509,-0.23977338528529427,0.8105073513270398,0.010780366889577286
H5 foreign_holding_pct｜t+2..t+4｜主測度 發文數,firm_fe_1cluster,OK,35079,232,242,True,,dense=2475;sparse=32604,ret_lag1,-0.0008728331342379882,0.00048128691350519297,-1.8135401353034515,0.06975715488944467,0.010780366889577286
H5 foreign_holding_pct｜t+2..t+4｜主測度 發文數,firm_fe_1cluster,OK,35079,232,242,True,,dense=2475;sparse=32604,ret_lag4,-0.0005703748292988868,0.0009096598109943732,-0.6270199281150994,0.5306502814322918,0.010780366889577286
H5 foreign_holding_pct｜t+2..t+4｜主測度 發文數,firm_fe_1cluster,OK,35079,232,242,True,,dense=2475;sparse=32604,ret_lag25,-0.0009797362050282296,0.0010882462618770005,-0.9002890608035597,0.36797266435456955,0.010780366889577286
H5 foreign_holding_pct｜t+2..t+4｜主測度 發文數,firm_fe_1cluster,OK,35079,232,242,True,,dense=2475;sparse=32604,log_market_cap,-0.025718896823077823,0.004155237445764869,-6.189513152681858,6.102198746305021e-10,0.010780366889577286
H5 foreign_holding_pct｜t+2..t+4｜主測度 發文數,firm_fe_1cluster,OK,35079,232,242,True,,dense=2475;sparse=32604,turnover,-0.0011172574593237875,0.0010546736315792812,-1.0593395206541691,0.2894525272170332,0.010780366889577286
H5 foreign_holding_pct｜t+2..t+4｜主測度 發文數,firm_fe_1cluster,OK,35079,232,242,True,,dense=2475;sparse=32604,amihud,-0.0005023547901685589,0.00028802895804585935,-1.744112097536301,0.08114836473023024,0.010780366889577286
H5 foreign_holding_pct｜t+2..t+4｜主測度 發文數,firm_fe_1cluster,OK,35079,232,242,True,,dense=2475;sparse=32604,att_zero_base_weekend,0.0002595905323925218,0.001690185375054359,0.15358701845599212,0.877936262857175,0.010780366889577286
H5 foreign_holding_pct｜t+2..t+8｜主測度 發文數,twoway_2cluster,OK,32607,231,226,True,,dense=2276;sparse=30331,abn_attention_weekend,0.0019612511338146805,0.0014122404439760373,1.3887515700180293,0.16491792960645224,0.01599980426825509
H5 foreign_holding_pct｜t+2..t+8｜主測度 發文數,twoway_2cluster,OK,32607,231,226,True,,dense=2276;sparse=30331,foreign_holding_pct,0.021437554738021693,0.009272954691031576,2.311836459068998,0.020792987234836025,0.01599980426825509
H5 foreign_holding_pct｜t+2..t+8｜主測度 發文數,twoway_2cluster,OK,32607,231,226,True,,dense=2276;sparse=30331,abn_attention_weekend__x__foreign_holding_pct,-0.00011485263819288201,0.000897444718708455,-0.1279773960430349,0.8981676619389618,0.01599980426825509
H5 foreign_holding_pct｜t+2..t+8｜主測度 發文數,twoway_2cluster,OK,32607,231,226,True,,dense=2276;sparse=30331,ret_lag1,-0.0007766394132578915,0.0011731815515655419,-0.6619942260611854,0.5079796682416782,0.01599980426825509
H5 foreign_holding_pct｜t+2..t+8｜主測度 發文數,twoway_2cluster,OK,32607,231,226,True,,dense=2276;sparse=30331,ret_lag4,0.004458388865936145,0.002073340404293269,2.1503409940326983,0.03153568735901402,0.01599980426825509
H5 foreign_holding_pct｜t+2..t+8｜主測度 發文數,twoway_2cluster,OK,32607,231,226,True,,dense=2276;sparse=30331,ret_lag25,-0.004434578677014259,0.0028472630908196878,-1.5574882037815496,0.11936446493621533,0.01599980426825509
H5 foreign_holding_pct｜t+2..t+8｜主測度 發文數,twoway_2cluster,OK,32607,231,226,True,,dense=2276;sparse=30331,log_market_cap,-0.025628559413847108,0.009395266509467743,-2.727816117618467,0.006378975438750212,0.01599980426825509
H5 foreign_holding_pct｜t+2..t+8｜主測度 發文數,twoway_2cluster,OK,32607,231,226,True,,dense=2276;sparse=30331,turnover,-0.004343288666616855,0.0016593095823356576,-2.617527622846128,0.008861080825701695,0.01599980426825509
H5 foreign_holding_pct｜t+2..t+8｜主測度 發文數,twoway_2cluster,OK,32607,231,226,True,,dense=2276;sparse=30331,amihud,-0.0006613464349716263,0.0006365155795051782,-1.0390106012577907,0.29880762190434074,0.01599980426825509
H5 foreign_holding_pct｜t+2..t+8｜主測度 發文數,twoway_2cluster,OK,32607,231,226,True,,dense=2276;sparse=30331,att_zero_base_weekend,0.003355189177072101,0.00325372589902002,1.0311837202029341,0.3024624327695391,0.01599980426825509
H5 foreign_holding_pct｜t+2..t+8｜主測度 發文數,firm_fe_1cluster,OK,32607,231,226,True,,dense=2276;sparse=30331,abn_attention_weekend,0.0027371749556095565,0.0013617137384279304,2.010095718627005,0.04442934057701975,0.022358894952497987
H5 foreign_holding_pct｜t+2..t+8｜主測度 發文數,firm_fe_1cluster,OK,32607,231,226,True,,dense=2276;sparse=30331,foreign_holding_pct,0.0511055747204264,0.009847305904392138,5.189802694931217,2.1178610887240268e-07,0.022358894952497987
H5 foreign_holding_pct｜t+2..t+8｜主測度 發文數,firm_fe_1cluster,OK,32607,231,226,True,,dense=2276;sparse=30331,abn_attention_weekend__x__foreign_holding_pct,-0.00034479323521676407,0.001003768004679967,-0.34349892964230816,0.7312253770868486,0.022358894952497987
H5 foreign_holding_pct｜t+2..t+8｜主測度 發文數,firm_fe_1cluster,OK,32607,231,226,True,,dense=2276;sparse=30331,ret_lag1,-0.0019726985604222773,0.0005151970939094405,-3.8290172513454266,0.0001288982663338878,0.022358894952497987
H5 foreign_holding_pct｜t+2..t+8｜主測度 發文數,firm_fe_1cluster,OK,32607,231,226,True,,dense=2276;sparse=30331,ret_lag4,0.0010614580651707925,0.001511944445714369,0.7020483247116074,0.4826540754604456,0.022358894952497987
H5 foreign_holding_pct｜t+2..t+8｜主測度 發文數,firm_fe_1cluster,OK,32607,231,226,True,,dense=2276;sparse=30331,ret_lag25,-0.0034783649494275043,0.002421980652756671,-1.4361654563460153,0.1509649308187031,0.022358894952497987
H5 foreign_holding_pct｜t+2..t+8｜主測度 發文數,firm_fe_1cluster,OK,32607,231,226,True,,dense=2276;sparse=30331,log_market_cap,-0.053372486974431525,0.009146068705738116,-5.835565934568846,5.411841197400236e-09,0.022358894952497987
H5 foreign_holding_pct｜t+2..t+8｜主測度 發文數,firm_fe_1cluster,OK,32607,231,226,True,,dense=2276;sparse=30331,turnover,-0.0017963476608664382,0.0014704686491234125,-1.2216157494668731,0.22186186751893366,0.022358894952497987
H5 foreign_holding_pct｜t+2..t+8｜主測度 發文數,firm_fe_1cluster,OK,32607,231,226,True,,dense=2276;sparse=30331,amihud,-0.0004493927996318691,0.0006300829901144646,-0.7132279504168645,0.47570985555058076,0.022358894952497987
H5 foreign_holding_pct｜t+2..t+8｜主測度 發文數,firm_fe_1cluster,OK,32607,231,226,True,,dense=2276;sparse=30331,att_zero_base_weekend,0.0016812658909637862,0.0031916740305960945,0.5267661656067627,0.5983595914066817,0.022358894952497987
H6 log_att_mean_level_52｜平行 獨立帳號數,twoway_2cluster,OK,36490,234,251,True,,dense=2582;sparse=33908,abn_attention_users_weekend,1.2922898298126577e-05,0.00040215512861209056,0.032134112880086385,0.9743652774721347,0.0041462949852595354
H6 log_att_mean_level_52｜平行 獨立帳號數,twoway_2cluster,OK,36490,234,251,True,,dense=2582;sparse=33908,log_att_mean_level_52,3.81219100180648e-05,0.0010427692544424222,0.03655833719267923,0.9708373661377445,0.0041462949852595354
H6 log_att_mean_level_52｜平行 獨立帳號數,twoway_2cluster,OK,36490,234,251,True,,dense=2582;sparse=33908,abn_attention_users_weekend__x__log_att_mean_level_52,0.0002721458211826231,0.000278972560071625,0.9755289950837848,0.3293044821071298,0.0041462949852595354
H6 log_att_mean_level_52｜平行 獨立帳號數,twoway_2cluster,OK,36490,234,251,True,,dense=2582;sparse=33908,ret_lag1,-0.0004834398082501577,0.0006851445886669867,-0.7056026074594494,0.48043986853129583,0.0041462949852595354
H6 log_att_mean_level_52｜平行 獨立帳號數,twoway_2cluster,OK,36490,234,251,True,,dense=2582;sparse=33908,ret_lag4,-0.0001375458180085092,0.0006533520816054784,-0.21052327203200857,0.83326048181445,0.0041462949852595354
H6 log_att_mean_level_52｜平行 獨立帳號數,twoway_2cluster,OK,36490,234,251,True,,dense=2582;sparse=33908,ret_lag25,-0.0002931821224048741,0.0006845428131200017,-0.42828894962553454,0.6684433257833713,0.0041462949852595354
H6 log_att_mean_level_52｜平行 獨立帳號數,twoway_2cluster,OK,36490,234,251,True,,dense=2582;sparse=33908,log_market_cap,-0.004794601108430219,0.001921107110345543,-2.4957489786021507,0.01257359116615353,0.0041462949852595354
H6 log_att_mean_level_52｜平行 獨立帳號數,twoway_2cluster,OK,36490,234,251,True,,dense=2582;sparse=33908,turnover,-0.0010210312330294975,0.0005775031827501352,-1.7680097071798495,0.07706775051663994,0.0041462949852595354
H6 log_att_mean_level_52｜平行 獨立帳號數,twoway_2cluster,OK,36490,234,251,True,,dense=2582;sparse=33908,amihud,0.00022411826367837176,6.986665618273259e-05,3.2078000568998486,0.0013387145792367328,0.0041462949852595354
H6 log_att_mean_level_52｜平行 獨立帳號數,twoway_2cluster,OK,36490,234,251,True,,dense=2582;sparse=33908,foreign_holding_pct,0.003865047512176224,0.001492493512850088,2.589657830267866,0.00961100530594483,0.0041462949852595354
H6 log_att_mean_level_52｜平行 獨立帳號數,twoway_2cluster,OK,36490,234,251,True,,dense=2582;sparse=33908,att_zero_base_users_weekend,0.0002548279787861811,0.0006424063744459564,0.39667722632104574,0.6916078476906415,0.0041462949852595354
H6 log_att_mean_level_52｜平行 獨立帳號數,firm_fe_1cluster,OK,36490,234,251,True,,dense=2582;sparse=33908,abn_attention_users_weekend,0.0005174826148700623,0.0003693242908956063,1.401160518348723,0.16117463967961743,0.005737146743490018
H6 log_att_mean_level_52｜平行 獨立帳號數,firm_fe_1cluster,OK,36490,234,251,True,,dense=2582;sparse=33908,log_att_mean_level_52,0.0004888783560047924,0.0010012000760684099,0.48829236801954495,0.6253457205450714,0.005737146743490018
H6 log_att_mean_level_52｜平行 獨立帳號數,firm_fe_1cluster,OK,36490,234,251,True,,dense=2582;sparse=33908,abn_attention_users_weekend__x__log_att_mean_level_52,0.00010555618154138468,0.00030375826662731485,0.3475006053774102,0.7282172815717325,0.005737146743490018
H6 log_att_mean_level_52｜平行 獨立帳號數,firm_fe_1cluster,OK,36490,234,251,True,,dense=2582;sparse=33908,ret_lag1,-0.0012791994004213304,0.0003593073241129277,-3.560181812545762,0.0003710722384697718,0.005737146743490018
H6 log_att_mean_level_52｜平行 獨立帳號數,firm_fe_1cluster,OK,36490,234,251,True,,dense=2582;sparse=33908,ret_lag4,-0.0004034578910315501,0.0003753652422968345,-1.074840836521833,0.2824531489343052,0.005737146743490018
H6 log_att_mean_level_52｜平行 獨立帳號數,firm_fe_1cluster,OK,36490,234,251,True,,dense=2582;sparse=33908,ret_lag25,-0.000914629041050186,0.0004132902217849934,-2.2130430211968695,0.02690088584083372,0.005737146743490018
H6 log_att_mean_level_52｜平行 獨立帳號數,firm_fe_1cluster,OK,36490,234,251,True,,dense=2582;sparse=33908,log_market_cap,-0.009597272725845872,0.0015522608920079586,-6.182770419108559,6.365707960753753e-10,0.005737146743490018
H6 log_att_mean_level_52｜平行 獨立帳號數,firm_fe_1cluster,OK,36490,234,251,True,,dense=2582;sparse=33908,turnover,-0.00015947435720978806,0.0004340256333537942,-0.3674307343958028,0.7132998949615259,0.005737146743490018
H6 log_att_mean_level_52｜平行 獨立帳號數,firm_fe_1cluster,OK,36490,234,251,True,,dense=2582;sparse=33908,amihud,0.0002891995412581538,8.255647762302102e-05,3.5030508760164207,0.00046051554758497204,0.005737146743490018
H6 log_att_mean_level_52｜平行 獨立帳號數,firm_fe_1cluster,OK,36490,234,251,True,,dense=2582;sparse=33908,foreign_holding_pct,0.008775489670943928,0.0014955131421305972,5.867878672361142,4.452369584129201e-09,0.005737146743490018
H6 log_att_mean_level_52｜平行 獨立帳號數,firm_fe_1cluster,OK,36490,234,251,True,,dense=2582;sparse=33908,att_zero_base_users_weekend,-0.00019735067940330879,0.0007064244279008325,-0.2793655932733583,0.7799658669289842,0.005737146743490018
H5 log_att_mean_level_52｜t+2..t+4｜平行 獨立帳號數,twoway_2cluster,OK,35079,232,242,True,,dense=2475;sparse=32604,abn_attention_users_weekend,0.00023273925691560295,0.0005664752640702942,0.4108551099712665,0.6811813249727878,0.007652620689254763
H5 log_att_mean_level_52｜t+2..t+4｜平行 獨立帳號數,twoway_2cluster,OK,35079,232,242,True,,dense=2475;sparse=32604,log_att_mean_level_52,0.000240768180934918,0.002543655240532271,0.09465440799458978,0.9245898806567661,0.007652620689254763
H5 log_att_mean_level_52｜t+2..t+4｜平行 獨立帳號數,twoway_2cluster,OK,35079,232,242,True,,dense=2475;sparse=32604,abn_attention_users_weekend__x__log_att_mean_level_52,0.00049419218252956,0.0005953009657473081,0.8301551836207394,0.406456778751374,0.007652620689254763
H5 log_att_mean_level_52｜t+2..t+4｜平行 獨立帳號數,twoway_2cluster,OK,35079,232,242,True,,dense=2475;sparse=32604,ret_lag1,-0.0010637726877466974,0.0008996315552602341,-1.1824537295593,0.23703384149156248,0.007652620689254763
H5 log_att_mean_level_52｜t+2..t+4｜平行 獨立帳號數,twoway_2cluster,OK,35079,232,242,True,,dense=2475;sparse=32604,ret_lag4,0.001795614210253684,0.0012600031296975112,1.4250871033032728,0.15414104556537334,0.007652620689254763
H5 log_att_mean_level_52｜t+2..t+4｜平行 獨立帳號數,twoway_2cluster,OK,35079,232,242,True,,dense=2475;sparse=32604,ret_lag25,-0.0012042325774489421,0.0015357613782461027,-0.7841274005888995,0.43297072768608036,0.007652620689254763
H5 log_att_mean_level_52｜t+2..t+4｜平行 獨立帳號數,twoway_2cluster,OK,35079,232,242,True,,dense=2475;sparse=32604,log_market_cap,-0.013130255020485877,0.004625779380140759,-2.8384957304397713,0.004535311557341215,0.007652620689254763
H5 log_att_mean_level_52｜t+2..t+4｜平行 獨立帳號數,twoway_2cluster,OK,35079,232,242,True,,dense=2475;sparse=32604,turnover,-0.0024963286150786615,0.0012355199757938622,-2.020468032882017,0.0433425527650404,0.007652620689254763
H5 log_att_mean_level_52｜t+2..t+4｜平行 獨立帳號數,twoway_2cluster,OK,35079,232,242,True,,dense=2475;sparse=32604,amihud,-0.0008062412632076257,0.0002821736309014989,-2.8572523259236373,0.0042758078051194914,0.007652620689254763
H5 log_att_mean_level_52｜t+2..t+4｜平行 獨立帳號數,twoway_2cluster,OK,35079,232,242,True,,dense=2475;sparse=32604,foreign_holding_pct,0.009897059983518794,0.004276635749865277,2.314216258382672,0.020661690221561946,0.007652620689254763
H5 log_att_mean_level_52｜t+2..t+4｜平行 獨立帳號數,twoway_2cluster,OK,35079,232,242,True,,dense=2475;sparse=32604,att_zero_base_users_weekend,0.00040926643460940996,0.0015879644969800698,0.25773021713504124,0.7966166568022568,0.007652620689254763
H5 log_att_mean_level_52｜t+2..t+4｜平行 獨立帳號數,firm_fe_1cluster,OK,35079,232,242,True,,dense=2475;sparse=32604,abn_attention_users_weekend,0.0004912390565157078,0.0005873965616283858,0.8362988287740238,0.40299254821084807,0.010969052268610557
H5 log_att_mean_level_52｜t+2..t+4｜平行 獨立帳號數,firm_fe_1cluster,OK,35079,232,242,True,,dense=2475;sparse=32604,log_att_mean_level_52,0.002351766805194763,0.0025733995015176847,0.9138755190586568,0.36078858359752175,0.010969052268610557
H5 log_att_mean_level_52｜t+2..t+4｜平行 獨立帳號數,firm_fe_1cluster,OK,35079,232,242,True,,dense=2475;sparse=32604,abn_attention_users_weekend__x__log_att_mean_level_52,0.0006458419140791087,0.0005957823461545241,1.0840232481672107,0.2783619934436874,0.010969052268610557
H5 log_att_mean_level_52｜t+2..t+4｜平行 獨立帳號數,firm_fe_1cluster,OK,35079,232,242,True,,dense=2475;sparse=32604,ret_lag1,-0.0008389428506048761,0.00047820341070854493,-1.754364004559964,0.07937694651325722,0.010969052268610557
H5 log_att_mean_level_52｜t+2..t+4｜平行 獨立帳號數,firm_fe_1cluster,OK,35079,232,242,True,,dense=2475;sparse=32604,ret_lag4,-0.0004192683926019081,0.0009122928230031176,-0.45957655484096177,0.6458230587054836,0.010969052268610557
H5 log_att_mean_level_52｜t+2..t+4｜平行 獨立帳號數,firm_fe_1cluster,OK,35079,232,242,True,,dense=2475;sparse=32604,ret_lag25,-0.000888433949396578,0.0011310878231681164,-0.785468582720767,0.4321842256612549,0.010969052268610557
H5 log_att_mean_level_52｜t+2..t+4｜平行 獨立帳號數,firm_fe_1cluster,OK,35079,232,242,True,,dense=2475;sparse=32604,log_market_cap,-0.028893045833989082,0.004280397900087215,-6.7500841062931025,1.500732871306809e-11,0.010969052268610557
H5 log_att_mean_level_52｜t+2..t+4｜平行 獨立帳號數,firm_fe_1cluster,OK,35079,232,242,True,,dense=2475;sparse=32604,turnover,-0.0012314377158851482,0.0010485071126461213,-1.1744676798399243,0.24021577858969612,0.010969052268610557
H5 log_att_mean_level_52｜t+2..t+4｜平行 獨立帳號數,firm_fe_1cluster,OK,35079,232,242,True,,dense=2475;sparse=32604,amihud,-0.0005010662084695104,0.0002920264716093423,-1.715824615858149,0.08620303883799174,0.010969052268610557
H5 log_att_mean_level_52｜t+2..t+4｜平行 獨立帳號數,firm_fe_1cluster,OK,35079,232,242,True,,dense=2475;sparse=32604,foreign_holding_pct,0.023213870421907985,0.004326295290658921,5.3657618961031135,8.112196492326973e-08,0.010969052268610557
H5 log_att_mean_level_52｜t+2..t+4｜平行 獨立帳號數,firm_fe_1cluster,OK,35079,232,242,True,,dense=2475;sparse=32604,att_zero_base_users_weekend,0.000415918194181594,0.001738806610343231,0.23919750000231138,0.8109538482861143,0.010969052268610557
H5 log_att_mean_level_52｜t+2..t+8｜平行 獨立帳號數,twoway_2cluster,OK,32607,231,226,True,,dense=2276;sparse=30331,abn_attention_users_weekend,0.00010670031477219238,0.0008844466205188231,0.12064076259299987,0.9039763348621876,0.015955890214458535
H5 log_att_mean_level_52｜t+2..t+8｜平行 獨立帳號數,twoway_2cluster,OK,32607,231,226,True,,dense=2276;sparse=30331,log_att_mean_level_52,-0.0003472313689596183,0.005093509752758161,-0.06817133682164657,0.9456496678491881,0.015955890214458535
H5 log_att_mean_level_52｜t+2..t+8｜平行 獨立帳號數,twoway_2cluster,OK,32607,231,226,True,,dense=2276;sparse=30331,abn_attention_users_weekend__x__log_att_mean_level_52,0.0016955946191603102,0.0012094818692967937,1.401918178522302,0.16094933872336803,0.015955890214458535
H5 log_att_mean_level_52｜t+2..t+8｜平行 獨立帳號數,twoway_2cluster,OK,32607,231,226,True,,dense=2276;sparse=30331,ret_lag1,-0.0008001263065191241,0.0011666478313447893,-0.6858336209281102,0.49282297937175756,0.015955890214458535
H5 log_att_mean_level_52｜t+2..t+8｜平行 獨立帳號數,twoway_2cluster,OK,32607,231,226,True,,dense=2276;sparse=30331,ret_lag4,0.004436880866379987,0.0021246757428522137,2.0882625884474098,0.036782005078062285,0.015955890214458535
H5 log_att_mean_level_52｜t+2..t+8｜平行 獨立帳號數,twoway_2cluster,OK,32607,231,226,True,,dense=2276;sparse=30331,ret_lag25,-0.004369499752365858,0.0029384304592544124,-1.4870182612640628,0.13701979769670403,0.015955890214458535
H5 log_att_mean_level_52｜t+2..t+8｜平行 獨立帳號數,twoway_2cluster,OK,32607,231,226,True,,dense=2276;sparse=30331,log_market_cap,-0.02499766667786593,0.009499168490855288,-2.6315636681179853,0.008503352176274515,0.015955890214458535
H5 log_att_mean_level_52｜t+2..t+8｜平行 獨立帳號數,twoway_2cluster,OK,32607,231,226,True,,dense=2276;sparse=30331,turnover,-0.004280594526523514,0.0016600897913648664,-2.5785319256762382,0.009926519295398561,0.015955890214458535
H5 log_att_mean_level_52｜t+2..t+8｜平行 獨立帳號數,twoway_2cluster,OK,32607,231,226,True,,dense=2276;sparse=30331,amihud,-0.0006873030972773402,0.0006337526611372454,-1.0844973748023408,0.2781524651899263,0.015955890214458535
H5 log_att_mean_level_52｜t+2..t+8｜平行 獨立帳號數,twoway_2cluster,OK,32607,231,226,True,,dense=2276;sparse=30331,foreign_holding_pct,0.02128178081170497,0.009420703383233675,2.259043719557165,0.023887336246184443,0.015955890214458535
H5 log_att_mean_level_52｜t+2..t+8｜平行 獨立帳號數,twoway_2cluster,OK,32607,231,226,True,,dense=2276;sparse=30331,att_zero_base_users_weekend,0.0034244964449595414,0.0030339556686486318,1.128723296898027,0.25902300322708394,0.015955890214458535
H5 log_att_mean_level_52｜t+2..t+8｜平行 獨立帳號數,firm_fe_1cluster,OK,32607,231,226,True,,dense=2276;sparse=30331,abn_attention_users_weekend,0.00012278183400007988,0.0009691194047185499,0.12669422715329695,0.8991832021103425,0.022724036738813735
H5 log_att_mean_level_52｜t+2..t+8｜平行 獨立帳號數,firm_fe_1cluster,OK,32607,231,226,True,,dense=2276;sparse=30331,log_att_mean_level_52,0.0034961670451892283,0.0051932924358567304,0.6732081985312792,0.500819653006138,0.022724036738813735
H5 log_att_mean_level_52｜t+2..t+8｜平行 獨立帳號數,firm_fe_1cluster,OK,32607,231,226,True,,dense=2276;sparse=30331,abn_attention_users_weekend__x__log_att_mean_level_52,0.0019210275476402054,0.0012785479988680095,1.5025071795044296,0.13297593159721743,0.022724036738813735
H5 log_att_mean_level_52｜t+2..t+8｜平行 獨立帳號數,firm_fe_1cluster,OK,32607,231,226,True,,dense=2276;sparse=30331,ret_lag1,-0.0019268796466219065,0.0005130115119684952,-3.756016388849065,0.00017294176897819646,0.022724036738813735
H5 log_att_mean_level_52｜t+2..t+8｜平行 獨立帳號數,firm_fe_1cluster,OK,32607,231,226,True,,dense=2276;sparse=30331,ret_lag4,0.001300650499466412,0.0015180090240828029,0.856813417332798,0.39155435315765796,0.022724036738813735
H5 log_att_mean_level_52｜t+2..t+8｜平行 獨立帳號數,firm_fe_1cluster,OK,32607,231,226,True,,dense=2276;sparse=30331,ret_lag25,-0.0033921291842681457,0.0024506721241018777,-1.3841627979962,0.1663181556844915,0.022724036738813735
H5 log_att_mean_level_52｜t+2..t+8｜平行 獨立帳號數,firm_fe_1cluster,OK,32607,231,226,True,,dense=2276;sparse=30331,log_market_cap,-0.05803251902959798,0.009119830394671256,-6.363333145264034,2.0005974654679903e-10,0.022724036738813735
H5 log_att_mean_level_52｜t+2..t+8｜平行 獨立帳號數,firm_fe_1cluster,OK,32607,231,226,True,,dense=2276;sparse=30331,turnover,-0.0019432327530649442,0.0014601707924497285,-1.330825656226682,0.18325575919585413,0.022724036738813735
H5 log_att_mean_level_52｜t+2..t+8｜平行 獨立帳號數,firm_fe_1cluster,OK,32607,231,226,True,,dense=2276;sparse=30331,amihud,-0.0004618277555252808,0.0006311258068226941,-0.7317522917503273,0.4643250713685061,0.022724036738813735
H5 log_att_mean_level_52｜t+2..t+8｜平行 獨立帳號數,firm_fe_1cluster,OK,32607,231,226,True,,dense=2276;sparse=30331,foreign_holding_pct,0.05100052307625222,0.009816816067528196,5.195220397879349,2.057151511358768e-07,0.022724036738813735
H5 log_att_mean_level_52｜t+2..t+8｜平行 獨立帳號數,firm_fe_1cluster,OK,32607,231,226,True,,dense=2276;sparse=30331,att_zero_base_users_weekend,0.0014945840754223704,0.00318107572144177,0.4698360574532237,0.6384753164173342,0.022724036738813735
H6 log_market_cap｜平行 獨立帳號數,twoway_2cluster,OK,36490,234,251,True,,dense=2582;sparse=33908,abn_attention_users_weekend,-2.1370020689681553e-05,0.00042032349817344445,-0.050841841540020964,0.9594518313461207,0.004215453991347706
H6 log_market_cap｜平行 獨立帳號數,twoway_2cluster,OK,36490,234,251,True,,dense=2582;sparse=33908,log_market_cap,-0.004731482273413552,0.0017140709351228082,-2.760377167864733,0.0057763875108309826,0.004215453991347706
H6 log_market_cap｜平行 獨立帳號數,twoway_2cluster,OK,36490,234,251,True,,dense=2582;sparse=33908,abn_attention_users_weekend__x__log_market_cap,0.00046843610993676236,0.00025174525286753843,1.860754491300143,0.06278700249951208,0.004215453991347706
H6 log_market_cap｜平行 獨立帳號數,twoway_2cluster,OK,36490,234,251,True,,dense=2582;sparse=33908,ret_lag1,-0.0004878295875025078,0.0006879453521144866,-0.7091109577281134,0.47826021615887804,0.004215453991347706
H6 log_market_cap｜平行 獨立帳號數,twoway_2cluster,OK,36490,234,251,True,,dense=2582;sparse=33908,ret_lag4,-0.00012269615081396079,0.0006495865715634681,-0.1888834470802676,0.8501852322318044,0.004215453991347706
H6 log_market_cap｜平行 獨立帳號數,twoway_2cluster,OK,36490,234,251,True,,dense=2582;sparse=33908,ret_lag25,-0.0003111888677491694,0.000652237645233628,-0.47710963944392265,0.6332869474588594,0.004215453991347706
H6 log_market_cap｜平行 獨立帳號數,twoway_2cluster,OK,36490,234,251,True,,dense=2582;sparse=33908,turnover,-0.0010045662464216961,0.0005714417073531093,-1.757950519703574,0.07876442699057873,0.004215453991347706
H6 log_market_cap｜平行 獨立帳號數,twoway_2cluster,OK,36490,234,251,True,,dense=2582;sparse=33908,amihud,0.0002197104661997973,6.700628013513516e-05,3.278953342234421,0.0010429169638708213,0.004215453991347706
H6 log_market_cap｜平行 獨立帳號數,twoway_2cluster,OK,36490,234,251,True,,dense=2582;sparse=33908,foreign_holding_pct,0.003860794706751706,0.0015012604096430802,2.571702205661706,0.010123964875246916,0.004215453991347706
H6 log_market_cap｜平行 獨立帳號數,twoway_2cluster,OK,36490,234,251,True,,dense=2582;sparse=33908,att_zero_base_users_weekend,0.0002643380792790794,0.0006072953171341825,0.4352710647045442,0.663368294856582,0.004215453991347706
H6 log_market_cap｜平行 獨立帳號數,firm_fe_1cluster,OK,36490,234,251,True,,dense=2582;sparse=33908,abn_attention_users_weekend,0.00040061441938103455,0.00037589969470341525,1.0657481903440205,0.28654458593758836,0.005763376368497886
H6 log_market_cap｜平行 獨立帳號數,firm_fe_1cluster,OK,36490,234,251,True,,dense=2582;sparse=33908,log_market_cap,-0.008939905715140946,0.001552321472130121,-5.759055630966349,8.52681569796232e-09,0.005763376368497886
H6 log_market_cap｜平行 獨立帳號數,firm_fe_1cluster,OK,36490,234,251,True,,dense=2582;sparse=33908,abn_attention_users_weekend__x__log_market_cap,0.0003673549235786311,0.00027324978712713597,1.344392350460315,0.1788299596270162,0.005763376368497886
H6 log_market_cap｜平行 獨立帳號數,firm_fe_1cluster,OK,36490,234,251,True,,dense=2582;sparse=33908,ret_lag1,-0.001289950295622936,0.00035595130359926516,-3.6239515983770065,0.00029053259657607633,0.005763376368497886
H6 log_market_cap｜平行 獨立帳號數,firm_fe_1cluster,OK,36490,234,251,True,,dense=2582;sparse=33908,ret_lag4,-0.000422185895523962,0.00037010107572553924,-1.1407313385845115,0.25398927811775307,0.005763376368497886
H6 log_market_cap｜平行 獨立帳號數,firm_fe_1cluster,OK,36490,234,251,True,,dense=2582;sparse=33908,ret_lag25,-0.000946459792035339,0.0003950204246348147,-2.3959768483118675,0.01658117521592173,0.005763376368497886
H6 log_market_cap｜平行 獨立帳號數,firm_fe_1cluster,OK,36490,234,251,True,,dense=2582;sparse=33908,turnover,-0.00011790087651567769,0.0004138406579895932,-0.28489437719442856,0.7757266915887091,0.005763376368497886
H6 log_market_cap｜平行 獨立帳號數,firm_fe_1cluster,OK,36490,234,251,True,,dense=2582;sparse=33908,amihud,0.00028317400552517973,8.262305642603611e-05,3.4273000512717195,0.0006102917921406714,0.005763376368497886
H6 log_market_cap｜平行 獨立帳號數,firm_fe_1cluster,OK,36490,234,251,True,,dense=2582;sparse=33908,foreign_holding_pct,0.008767782213607262,0.001490941557399323,5.880701473571551,4.1210728163321164e-09,0.005763376368497886
H6 log_market_cap｜平行 獨立帳號數,firm_fe_1cluster,OK,36490,234,251,True,,dense=2582;sparse=33908,att_zero_base_users_weekend,-0.00023253857944133515,0.0006589248624788197,-0.3529060636239232,0.7241609169900132,0.005763376368497886
H5 log_market_cap｜t+2..t+4｜平行 獨立帳號數,twoway_2cluster,OK,35079,232,242,True,,dense=2475;sparse=32604,abn_attention_users_weekend,0.0006606908103579647,0.0005922158619349004,1.115624982078902,0.2645904429726502,0.00745085612542995
H5 log_market_cap｜t+2..t+4｜平行 獨立帳號數,twoway_2cluster,OK,35079,232,242,True,,dense=2475;sparse=32604,log_market_cap,-0.012679426478583486,0.0044338844500011855,-2.8596655193799867,0.004243416751848805,0.00745085612542995
H5 log_market_cap｜t+2..t+4｜平行 獨立帳號數,twoway_2cluster,OK,35079,232,242,True,,dense=2475;sparse=32604,abn_attention_users_weekend__x__log_market_cap,-0.00010342394263344147,0.0005050586014051739,-0.20477612369276635,0.8377482469012316,0.00745085612542995
H5 log_market_cap｜t+2..t+4｜平行 獨立帳號數,twoway_2cluster,OK,35079,232,242,True,,dense=2475;sparse=32604,ret_lag1,-0.001057784179288494,0.0009028262430934262,-1.1716364996924802,0.24135109618856787,0.00745085612542995
H5 log_market_cap｜t+2..t+4｜平行 獨立帳號數,twoway_2cluster,OK,35079,232,242,True,,dense=2475;sparse=32604,ret_lag4,0.001797724420362767,0.0012571869047007138,1.4299579590281635,0.15273811608522347,0.00745085612542995
H5 log_market_cap｜t+2..t+4｜平行 獨立帳號數,twoway_2cluster,OK,35079,232,242,True,,dense=2475;sparse=32604,ret_lag25,-0.0012415485670482713,0.0014813705350118643,-0.8381080477196934,0.4019758136363376,0.00745085612542995
H5 log_market_cap｜t+2..t+4｜平行 獨立帳號數,twoway_2cluster,OK,35079,232,242,True,,dense=2475;sparse=32604,turnover,-0.002506316108797722,0.0012547863586279296,-1.997404651050161,0.045789060306344886,0.00745085612542995
H5 log_market_cap｜t+2..t+4｜平行 獨立帳號數,twoway_2cluster,OK,35079,232,242,True,,dense=2475;sparse=32604,amihud,-0.0008018620002044974,0.0002803474061954405,-2.860244048933665,0.00423568461203061,0.00745085612542995
H5 log_market_cap｜t+2..t+4｜平行 獨立帳號數,twoway_2cluster,OK,35079,232,242,True,,dense=2475;sparse=32604,foreign_holding_pct,0.009857146246013653,0.004260779179505105,2.3134609494497607,0.02070314194692635,0.00745085612542995
H5 log_market_cap｜t+2..t+4｜平行 獨立帳號數,twoway_2cluster,OK,35079,232,242,True,,dense=2475;sparse=32604,att_zero_base_users_weekend,0.00021750909921319748,0.0014458037749431132,0.15044164566644297,0.8804170636908619,0.00745085612542995
H5 log_market_cap｜t+2..t+4｜平行 獨立帳號數,firm_fe_1cluster,OK,35079,232,242,True,,dense=2475;sparse=32604,abn_attention_users_weekend,0.0009570343104889572,0.0006030421682717344,1.5870105953481382,0.11251932065284698,0.010569406489864042
H5 log_market_cap｜t+2..t+4｜平行 獨立帳號數,firm_fe_1cluster,OK,35079,232,242,True,,dense=2475;sparse=32604,log_market_cap,-0.02567436039671642,0.0041787903756449534,-6.143969447798359,8.135452311819336e-10,0.010569406489864042
H5 log_market_cap｜t+2..t+4｜平行 獨立帳號數,firm_fe_1cluster,OK,35079,232,242,True,,dense=2475;sparse=32604,abn_attention_users_weekend__x__log_market_cap,-3.203179659065285e-05,0.0004505719335832714,-0.07109141560574582,0.943325408320983,0.010569406489864042
H5 log_market_cap｜t+2..t+4｜平行 獨立帳號數,firm_fe_1cluster,OK,35079,232,242,True,,dense=2475;sparse=32604,ret_lag1,-0.0008656180661606929,0.00048095922745692074,-1.799774319203026,0.07190492942626592,0.010569406489864042
H5 log_market_cap｜t+2..t+4｜平行 獨立帳號數,firm_fe_1cluster,OK,35079,232,242,True,,dense=2475;sparse=32604,ret_lag4,-0.0005322170020375147,0.0009074916465831303,-0.5864704144015074,0.5575632375000246,0.010569406489864042
H5 log_market_cap｜t+2..t+4｜平行 獨立帳號數,firm_fe_1cluster,OK,35079,232,242,True,,dense=2475;sparse=32604,ret_lag25,-0.0010259937824793946,0.001104055005535208,-0.9292958931715799,0.3527422019110431,0.010569406489864042
H5 log_market_cap｜t+2..t+4｜平行 獨立帳號數,firm_fe_1cluster,OK,35079,232,242,True,,dense=2475;sparse=32604,turnover,-0.0011188367619754942,0.0010737646428508095,-1.0419757899692244,0.2974301343699297,0.010569406489864042
H5 log_market_cap｜t+2..t+4｜平行 獨立帳號數,firm_fe_1cluster,OK,35079,232,242,True,,dense=2475;sparse=32604,amihud,-0.0005031092431305383,0.00028854851319557606,-1.743586329933832,0.08124006987346544,0.010569406489864042
H5 log_market_cap｜t+2..t+4｜平行 獨立帳號數,firm_fe_1cluster,OK,35079,232,242,True,,dense=2475;sparse=32604,foreign_holding_pct,0.023241912275586238,0.004331600856398997,5.365663422392987,8.116618865905423e-08,0.010569406489864042
H5 log_market_cap｜t+2..t+4｜平行 獨立帳號數,firm_fe_1cluster,OK,35079,232,242,True,,dense=2475;sparse=32604,att_zero_base_users_weekend,-0.00014029597616408262,0.0015635629592873914,-0.08972838306941208,0.9285035763081972,0.010569406489864042
H5 log_market_cap｜t+2..t+8｜平行 獨立帳號數,twoway_2cluster,OK,32607,231,226,True,,dense=2276;sparse=30331,abn_attention_users_weekend,0.0011155772364833288,0.0009447992553206433,1.1807558380269123,0.23770846992777295,0.015599298664801808
H5 log_market_cap｜t+2..t+8｜平行 獨立帳號數,twoway_2cluster,OK,32607,231,226,True,,dense=2276;sparse=30331,log_market_cap,-0.025542547592396728,0.009458015853485834,-2.700624315720807,0.0069245718567241266,0.015599298664801808
H5 log_market_cap｜t+2..t+8｜平行 獨立帳號數,twoway_2cluster,OK,32607,231,226,True,,dense=2276;sparse=30331,abn_attention_users_weekend__x__log_market_cap,0.0006281819526288134,0.0008276443807000405,0.75899984012153,0.44785821843399454,0.015599298664801808
H5 log_market_cap｜t+2..t+8｜平行 獨立帳號數,twoway_2cluster,OK,32607,231,226,True,,dense=2276;sparse=30331,ret_lag1,-0.0007768708855005192,0.0011775966429025085,-0.6597088147141017,0.5094454358925078,0.015599298664801808
H5 log_market_cap｜t+2..t+8｜平行 獨立帳號數,twoway_2cluster,OK,32607,231,226,True,,dense=2276;sparse=30331,ret_lag4,0.004536545342379149,0.002094693520385065,2.1657322649975073,0.030338981479790306,0.015599298664801808
H5 log_market_cap｜t+2..t+8｜平行 獨立帳號數,twoway_2cluster,OK,32607,231,226,True,,dense=2276;sparse=30331,ret_lag25,-0.004425783257773592,0.002864227131786693,-1.5451928405596824,0.12230947092499678,0.015599298664801808
H5 log_market_cap｜t+2..t+8｜平行 獨立帳號數,twoway_2cluster,OK,32607,231,226,True,,dense=2276;sparse=30331,turnover,-0.004306580952935014,0.0016779074084970914,-2.566638022530955,0.01027346065041268,0.015599298664801808
H5 log_market_cap｜t+2..t+8｜平行 獨立帳號數,twoway_2cluster,OK,32607,231,226,True,,dense=2276;sparse=30331,amihud,-0.0006753141954625602,0.0006314486196422162,-1.0694681632928402,0.2848667986007922,0.015599298664801808
H5 log_market_cap｜t+2..t+8｜平行 獨立帳號數,twoway_2cluster,OK,32607,231,226,True,,dense=2276;sparse=30331,foreign_holding_pct,0.02144015917111188,0.009287057134848033,2.308606360421913,0.020971747882533975,0.015599298664801808
H5 log_market_cap｜t+2..t+8｜平行 獨立帳號數,twoway_2cluster,OK,32607,231,226,True,,dense=2276;sparse=30331,att_zero_base_users_weekend,0.0031142393999091756,0.002787672559378124,1.117146771572018,0.26393992583432424,0.015599298664801808
H5 log_market_cap｜t+2..t+8｜平行 獨立帳號數,firm_fe_1cluster,OK,32607,231,226,True,,dense=2276;sparse=30331,abn_attention_users_weekend,0.0010981915064320657,0.0009535593418345668,1.151676102631682,0.24946270290555828,0.021979933526957485
H5 log_market_cap｜t+2..t+8｜平行 獨立帳號數,firm_fe_1cluster,OK,32607,231,226,True,,dense=2276;sparse=30331,log_market_cap,-0.053284115942675646,0.00917765792330888,-5.805851164636215,6.463717783233847e-09,0.021979933526957485
H5 log_market_cap｜t+2..t+8｜平行 獨立帳號數,firm_fe_1cluster,OK,32607,231,226,True,,dense=2276;sparse=30331,abn_attention_users_weekend__x__log_market_cap,0.0008747623055965723,0.0008749842717246119,0.9997463198651536,0.31744076388966347,0.021979933526957485
H5 log_market_cap｜t+2..t+8｜平行 獨立帳號數,firm_fe_1cluster,OK,32607,231,226,True,,dense=2276;sparse=30331,ret_lag1,-0.0019744896231207393,0.0005181509286166317,-3.810645729020048,0.00013886059907508574,0.021979933526957485
H5 log_market_cap｜t+2..t+8｜平行 獨立帳號數,firm_fe_1cluster,OK,32607,231,226,True,,dense=2276;sparse=30331,ret_lag4,0.0011660311170176294,0.001522668849147987,0.7657811596198904,0.4438121106559949,0.021979933526957485
H5 log_market_cap｜t+2..t+8｜平行 獨立帳號數,firm_fe_1cluster,OK,32607,231,226,True,,dense=2276;sparse=30331,ret_lag25,-0.003624909192568939,0.0024269089722605856,-1.4936321197051143,0.13528154750158627,0.021979933526957485
H5 log_market_cap｜t+2..t+8｜平行 獨立帳號數,firm_fe_1cluster,OK,32607,231,226,True,,dense=2276;sparse=30331,turnover,-0.001740354581370828,0.0014926191703124247,-1.16597362273362,0.2436337020859698,0.021979933526957485
H5 log_market_cap｜t+2..t+8｜平行 獨立帳號數,firm_fe_1cluster,OK,32607,231,226,True,,dense=2276;sparse=30331,amihud,-0.00046507392035867624,0.0006251321373841733,-0.743960984480416,0.4569054798606227,0.021979933526957485
H5 log_market_cap｜t+2..t+8｜平行 獨立帳號數,firm_fe_1cluster,OK,32607,231,226,True,,dense=2276;sparse=30331,foreign_holding_pct,0.0511309808074338,0.009861634294640625,5.184838463866105,2.1750070233750307e-07,0.021979933526957485
H5 log_market_cap｜t+2..t+8｜平行 獨立帳號數,firm_fe_1cluster,OK,32607,231,226,True,,dense=2276;sparse=30331,att_zero_base_users_weekend,0.0005439005509528126,0.002827953443349788,0.19233009377571209,0.8474848536334758,0.021979933526957485
H6 turnover｜平行 獨立帳號數,twoway_2cluster,OK,36490,234,251,True,,dense=2582;sparse=33908,abn_attention_users_weekend,0.00022604703818619745,0.0003262643507678815,0.6928340091529555,0.4884181964985319,0.004153888536198136
H6 turnover｜平行 獨立帳號數,twoway_2cluster,OK,36490,234,251,True,,dense=2582;sparse=33908,turnover,-0.0010159879091483103,0.0006129050428761656,-1.6576595688960347,0.09739491280035062,0.004153888536198136
H6 turnover｜平行 獨立帳號數,twoway_2cluster,OK,36490,234,251,True,,dense=2582;sparse=33908,abn_attention_users_weekend__x__turnover,-1.7604710075613166e-05,0.0001783400635574809,-0.09871427498924817,0.9213656840911653,0.004153888536198136
H6 turnover｜平行 獨立帳號數,twoway_2cluster,OK,36490,234,251,True,,dense=2582;sparse=33908,ret_lag1,-0.00048205008553861805,0.0006877579877499911,-0.7009007443383551,0.48336949052246103,0.004153888536198136
H6 turnover｜平行 獨立帳號數,twoway_2cluster,OK,36490,234,251,True,,dense=2582;sparse=33908,ret_lag4,-0.0001294945335169278,0.000648874590611213,-0.19956789091548388,0.8418196691852167,0.004153888536198136
H6 turnover｜平行 獨立帳號數,twoway_2cluster,OK,36490,234,251,True,,dense=2582;sparse=33908,ret_lag25,-0.0003089256826667633,0.0006566359868435198,-0.4704671825127703,0.6380241259049004,0.004153888536198136
H6 turnover｜平行 獨立帳號數,twoway_2cluster,OK,36490,234,251,True,,dense=2582;sparse=33908,log_market_cap,-0.004705466399721704,0.001715623660218029,-2.742714797442064,0.00609637087829995,0.004153888536198136
H6 turnover｜平行 獨立帳號數,twoway_2cluster,OK,36490,234,251,True,,dense=2582;sparse=33908,amihud,0.00022692572275651086,6.856914058565465e-05,3.3094438812900333,0.0009357326892349693,0.004153888536198136
H6 turnover｜平行 獨立帳號數,twoway_2cluster,OK,36490,234,251,True,,dense=2582;sparse=33908,foreign_holding_pct,0.003868305396990626,0.0015038823630867918,2.5722127554250593,0.010109049102474899,0.004153888536198136
H6 turnover｜平行 獨立帳號數,twoway_2cluster,OK,36490,234,251,True,,dense=2582;sparse=33908,att_zero_base_users_weekend,0.0001727658786351345,0.0005919518514862179,0.2918579918305348,0.7703968853027021,0.004153888536198136
H6 turnover｜平行 獨立帳號數,firm_fe_1cluster,OK,36490,234,251,True,,dense=2582;sparse=33908,abn_attention_users_weekend,0.0006419325346404615,0.00029780822786145913,2.1555231675435427,0.03112747942732219,0.005716580339381827
H6 turnover｜平行 獨立帳號數,firm_fe_1cluster,OK,36490,234,251,True,,dense=2582;sparse=33908,turnover,-4.990704432163075e-05,0.00045224281915623053,-0.11035453125545373,0.9121288225877782,0.005716580339381827
H6 turnover｜平行 獨立帳號數,firm_fe_1cluster,OK,36490,234,251,True,,dense=2582;sparse=33908,abn_attention_users_weekend__x__turnover,-0.00011767801149538955,0.00017461320449414943,-0.6739353523480663,0.5003567128134963,0.005716580339381827
H6 turnover｜平行 獨立帳號數,firm_fe_1cluster,OK,36490,234,251,True,,dense=2582;sparse=33908,ret_lag1,-0.0012899374784293182,0.0003571329751415554,-3.611924880131919,0.0003043430101696831,0.005716580339381827
H6 turnover｜平行 獨立帳號數,firm_fe_1cluster,OK,36490,234,251,True,,dense=2582;sparse=33908,ret_lag4,-0.00042589681716869473,0.00037072212278304597,-1.1488303259903863,0.2506335330186684,0.005716580339381827
H6 turnover｜平行 獨立帳號數,firm_fe_1cluster,OK,36490,234,251,True,,dense=2582;sparse=33908,ret_lag25,-0.0009627522874603802,0.00039910112336408995,-2.412301622569189,0.015857095220672024,0.005716580339381827
H6 turnover｜平行 獨立帳號數,firm_fe_1cluster,OK,36490,234,251,True,,dense=2582;sparse=33908,log_market_cap,-0.008920792590643982,0.0015534357990221914,-5.74262070969342,9.39660416143795e-09,0.005716580339381827
H6 turnover｜平行 獨立帳號數,firm_fe_1cluster,OK,36490,234,251,True,,dense=2582;sparse=33908,amihud,0.00028942194130559065,8.334356450462258e-05,3.4726369459460558,0.0005159728076085113,0.005716580339381827
H6 turnover｜平行 獨立帳號數,firm_fe_1cluster,OK,36490,234,251,True,,dense=2582;sparse=33908,foreign_holding_pct,0.008779151650487505,0.001493464325751286,5.8783805539319856,4.17920364981228e-09,0.005716580339381827
H6 turnover｜平行 獨立帳號數,firm_fe_1cluster,OK,36490,234,251,True,,dense=2582;sparse=33908,att_zero_base_users_weekend,-0.0003160597950653079,0.000650819537958012,-0.4856335383798799,0.6272299485315624,0.005716580339381827
H5 turnover｜t+2..t+4｜平行 獨立帳號數,twoway_2cluster,OK,35079,232,242,True,,dense=2475;sparse=32604,abn_attention_users_weekend,0.0007466966502275555,0.0005095180879353487,1.4654958634604975,0.14279476802569202,0.007602990218013694
H5 turnover｜t+2..t+4｜平行 獨立帳號數,twoway_2cluster,OK,35079,232,242,True,,dense=2475;sparse=32604,turnover,-0.0022862944778062307,0.0012667053509261015,-1.8049142021344562,0.07109680033408461,0.007602990218013694
H5 turnover｜t+2..t+4｜平行 獨立帳號數,twoway_2cluster,OK,35079,232,242,True,,dense=2475;sparse=32604,abn_attention_users_weekend__x__turnover,-0.0003007814925748066,0.00038206340041818996,-0.7872554456814871,0.43113773878462336,0.007602990218013694
H5 turnover｜t+2..t+4｜平行 獨立帳號數,twoway_2cluster,OK,35079,232,242,True,,dense=2475;sparse=32604,ret_lag1,-0.0010756531727397218,0.0009010098736378561,-1.1938306163025028,0.23255241862759268,0.007602990218013694
H5 turnover｜t+2..t+4｜平行 獨立帳號數,twoway_2cluster,OK,35079,232,242,True,,dense=2475;sparse=32604,ret_lag4,0.001803241444207029,0.0012566907550935027,1.434912636142422,0.15132103408635467,0.007602990218013694
H5 turnover｜t+2..t+4｜平行 獨立帳號數,twoway_2cluster,OK,35079,232,242,True,,dense=2475;sparse=32604,ret_lag25,-0.0012954840481740149,0.001469305562853447,-0.8816981851332107,0.3779461682662051,0.007602990218013694
H5 turnover｜t+2..t+4｜平行 獨立帳號數,twoway_2cluster,OK,35079,232,242,True,,dense=2475;sparse=32604,log_market_cap,-0.012678735897726987,0.004439328941257162,-2.856002802562436,0.004292667361631253,0.007602990218013694
H5 turnover｜t+2..t+4｜平行 獨立帳號數,twoway_2cluster,OK,35079,232,242,True,,dense=2475;sparse=32604,amihud,-0.000800510777601863,0.00028286855934553915,-2.829974386174167,0.004657853996036243,0.007602990218013694
H5 turnover｜t+2..t+4｜平行 獨立帳號數,twoway_2cluster,OK,35079,232,242,True,,dense=2475;sparse=32604,foreign_holding_pct,0.009864581062774167,0.0042641846493204315,2.313356919087979,0.02070885688456703,0.007602990218013694
H5 turnover｜t+2..t+4｜平行 獨立帳號數,twoway_2cluster,OK,35079,232,242,True,,dense=2475;sparse=32604,att_zero_base_users_weekend,0.0002000370662094255,0.0014378240731767172,0.13912485535693195,0.8893522972939396,0.007602990218013694
H5 turnover｜t+2..t+4｜平行 獨立帳號數,firm_fe_1cluster,OK,35079,232,242,True,,dense=2475;sparse=32604,abn_attention_users_weekend,0.0012020960398814958,0.0004622397294666965,2.6005900472216,0.009310289228845248,0.010758842533755697
H5 turnover｜t+2..t+4｜平行 獨立帳號數,firm_fe_1cluster,OK,35079,232,242,True,,dense=2475;sparse=32604,turnover,-0.0007188292876425698,0.001100480803322444,-0.653195662725205,0.5136344568081348,0.010758842533755697
H5 turnover｜t+2..t+4｜平行 獨立帳號數,firm_fe_1cluster,OK,35079,232,242,True,,dense=2475;sparse=32604,abn_attention_users_weekend__x__turnover,-0.0005720783797401558,0.00041854727067716207,-1.3668190424813853,0.17169085278483598,0.010758842533755697
H5 turnover｜t+2..t+4｜平行 獨立帳號數,firm_fe_1cluster,OK,35079,232,242,True,,dense=2475;sparse=32604,ret_lag1,-0.0008858568115471572,0.00048010515424834845,-1.845130808758037,0.06502699427799485,0.010758842533755697
H5 turnover｜t+2..t+4｜平行 獨立帳號數,firm_fe_1cluster,OK,35079,232,242,True,,dense=2475;sparse=32604,ret_lag4,-0.0005261908720056633,0.0009052906465335285,-0.5812397090597524,0.5610826688492301,0.010758842533755697
H5 turnover｜t+2..t+4｜平行 獨立帳號數,firm_fe_1cluster,OK,35079,232,242,True,,dense=2475;sparse=32604,ret_lag25,-0.0011167896615749448,0.0010924101308810252,-1.0223171957168298,0.30663789611282777,0.010758842533755697
H5 turnover｜t+2..t+4｜平行 獨立帳號數,firm_fe_1cluster,OK,35079,232,242,True,,dense=2475;sparse=32604,log_market_cap,-0.02565474050908263,0.004179217890845107,-6.138646315924633,8.412444074679115e-10,0.010758842533755697
H5 turnover｜t+2..t+4｜平行 獨立帳號數,firm_fe_1cluster,OK,35079,232,242,True,,dense=2475;sparse=32604,amihud,-0.0004994523461520182,0.00029197897378380324,-1.7105764147312859,0.0871682392610238,0.010758842533755697
H5 turnover｜t+2..t+4｜平行 獨立帳號數,firm_fe_1cluster,OK,35079,232,242,True,,dense=2475;sparse=32604,foreign_holding_pct,0.023244219630137408,0.004335651094381101,5.36118315891732,8.32038133946611e-08,0.010758842533755697
H5 turnover｜t+2..t+4｜平行 獨立帳號數,firm_fe_1cluster,OK,35079,232,242,True,,dense=2475;sparse=32604,att_zero_base_users_weekend,-0.00019998797783628205,0.0015489323125029866,-0.12911343912318082,0.8972686335017845,0.010758842533755697
H5 turnover｜t+2..t+8｜平行 獨立帳號數,twoway_2cluster,OK,32607,231,226,True,,dense=2276;sparse=30331,abn_attention_users_weekend,0.0015044137735156402,0.0007223525269102136,2.0826586984482645,0.03729023170312118,0.015567277637569599
H5 turnover｜t+2..t+8｜平行 獨立帳號數,twoway_2cluster,OK,32607,231,226,True,,dense=2276;sparse=30331,turnover,-0.004245868984516399,0.0018662343029808156,-2.275099636596941,0.02290650859307264,0.015567277637569599
H5 turnover｜t+2..t+8｜平行 獨立帳號數,twoway_2cluster,OK,32607,231,226,True,,dense=2276;sparse=30331,abn_attention_users_weekend__x__turnover,-0.0001330053937893007,0.0007118114126644003,-0.18685482056468394,0.8517756425407015,0.015567277637569599
H5 turnover｜t+2..t+8｜平行 獨立帳號數,twoway_2cluster,OK,32607,231,226,True,,dense=2276;sparse=30331,ret_lag1,-0.0007759589826994631,0.0011742815950068941,-0.6607946390362249,0.5087487573602969,0.015567277637569599
H5 turnover｜t+2..t+8｜平行 獨立帳號數,twoway_2cluster,OK,32607,231,226,True,,dense=2276;sparse=30331,ret_lag4,0.004526821342899947,0.0020910555644596046,2.164849858530575,0.030406520744426402,0.015567277637569599
H5 turnover｜t+2..t+8｜平行 獨立帳號數,twoway_2cluster,OK,32607,231,226,True,,dense=2276;sparse=30331,ret_lag25,-0.004440197651004907,0.0028549361249107885,-1.5552704007147113,0.11989152959113025,0.015567277637569599
H5 turnover｜t+2..t+8｜平行 獨立帳號數,twoway_2cluster,OK,32607,231,226,True,,dense=2276;sparse=30331,log_market_cap,-0.025517608119437277,0.009472255928637993,-2.6939314469205256,0.0070651347388666075,0.015567277637569599
H5 turnover｜t+2..t+8｜平行 獨立帳號數,twoway_2cluster,OK,32607,231,226,True,,dense=2276;sparse=30331,amihud,-0.0006673508708703363,0.0006359353944746722,-1.0494004212827555,0.294001754874738,0.015567277637569599
H5 turnover｜t+2..t+8｜平行 獨立帳號數,twoway_2cluster,OK,32607,231,226,True,,dense=2276;sparse=30331,foreign_holding_pct,0.02144327166515907,0.009293950530228844,2.307228943753704,0.021048383512490165,0.015567277637569599
H5 turnover｜t+2..t+8｜平行 獨立帳號數,twoway_2cluster,OK,32607,231,226,True,,dense=2276;sparse=30331,att_zero_base_users_weekend,0.0029743399185605634,0.002758887999372731,1.0780937534386383,0.28100000994603613,0.015567277637569599
H5 turnover｜t+2..t+8｜平行 獨立帳號數,firm_fe_1cluster,OK,32607,231,226,True,,dense=2276;sparse=30331,abn_attention_users_weekend,0.0017537396768402807,0.0006977777508629863,2.5133212898681836,0.011964852038167662,0.02196902545142987
H5 turnover｜t+2..t+8｜平行 獨立帳號數,firm_fe_1cluster,OK,32607,231,226,True,,dense=2276;sparse=30331,turnover,-0.001479764132867891,0.0017265324067187832,-0.8570728977396566,0.3914109441818665,0.02196902545142987
H5 turnover｜t+2..t+8｜平行 獨立帳號數,firm_fe_1cluster,OK,32607,231,226,True,,dense=2276;sparse=30331,abn_attention_users_weekend__x__turnover,-0.00043948362395751603,0.0008020077210316789,-0.5479792930075253,0.5837099002613444,0.02196902545142987
H5 turnover｜t+2..t+8｜平行 獨立帳號數,firm_fe_1cluster,OK,32607,231,226,True,,dense=2276;sparse=30331,ret_lag1,-0.001983603976794355,0.0005214975958187374,-3.803668497608602,0.00014283077938781474,0.02196902545142987
H5 turnover｜t+2..t+8｜平行 獨立帳號數,firm_fe_1cluster,OK,32607,231,226,True,,dense=2276;sparse=30331,ret_lag4,0.001158767445402471,0.001521928487000225,0.7613810079121672,0.44643507521499926,0.02196902545142987
H5 turnover｜t+2..t+8｜平行 獨立帳號數,firm_fe_1cluster,OK,32607,231,226,True,,dense=2276;sparse=30331,ret_lag25,-0.003684157680806166,0.0024293866441762826,-1.516497050660016,0.12940348172885607,0.02196902545142987
H5 turnover｜t+2..t+8｜平行 獨立帳號數,firm_fe_1cluster,OK,32607,231,226,True,,dense=2276;sparse=30331,log_market_cap,-0.05324659028465654,0.009183748605102088,-5.797914617901786,6.776758931792415e-09,0.02196902545142987
H5 turnover｜t+2..t+8｜平行 獨立帳號數,firm_fe_1cluster,OK,32607,231,226,True,,dense=2276;sparse=30331,amihud,-0.0004532377780920418,0.0006322450922725671,-0.7168703776930965,0.4734592542757827,0.02196902545142987
H5 turnover｜t+2..t+8｜平行 獨立帳號數,firm_fe_1cluster,OK,32607,231,226,True,,dense=2276;sparse=30331,foreign_holding_pct,0.05113331084042581,0.009869053187220082,5.181176944779345,2.218108658968987e-07,0.02196902545142987
H5 turnover｜t+2..t+8｜平行 獨立帳號數,firm_fe_1cluster,OK,32607,231,226,True,,dense=2276;sparse=30331,att_zero_base_users_weekend,0.0003216861597232761,0.0027955221330244096,0.11507194163233164,0.9083888133079698,0.02196902545142987
H6 amihud｜平行 獨立帳號數,twoway_2cluster,OK,36490,234,251,True,,dense=2582;sparse=33908,abn_attention_users_weekend,0.00018813443558263413,0.00035185436129816323,0.5346940560535159,0.5928647349380467,0.00415564719453243
H6 amihud｜平行 獨立帳號數,twoway_2cluster,OK,36490,234,251,True,,dense=2582;sparse=33908,amihud,0.00010308041768293248,0.00010789606925630754,0.9553676829325871,0.3393982066855654,0.00415564719453243
H6 amihud｜平行 獨立帳號數,twoway_2cluster,OK,36490,234,251,True,,dense=2582;sparse=33908,abn_attention_users_weekend__x__amihud,-0.0006929041119886427,0.0003987368953641416,-1.7377476728253514,0.08226383679252369,0.00415564719453243
H6 amihud｜平行 獨立帳號數,twoway_2cluster,OK,36490,234,251,True,,dense=2582;sparse=33908,ret_lag1,-0.0004821012090845892,0.0006884314044775143,-0.7002893911419982,0.48375112171589785,0.00415564719453243
H6 amihud｜平行 獨立帳號數,twoway_2cluster,OK,36490,234,251,True,,dense=2582;sparse=33908,ret_lag4,-0.00013198769853451292,0.0006482634134240945,-0.20360195531837988,0.838665715946419,0.00415564719453243
H6 amihud｜平行 獨立帳號數,twoway_2cluster,OK,36490,234,251,True,,dense=2582;sparse=33908,ret_lag25,-0.0003005126912896955,0.0006529648707114549,-0.4602279613637776,0.6453553827942762,0.00415564719453243
H6 amihud｜平行 獨立帳號數,twoway_2cluster,OK,36490,234,251,True,,dense=2582;sparse=33908,log_market_cap,-0.00471744284662651,0.001717026870607752,-2.747448468850544,0.0060090825070073794,0.00415564719453243
H6 amihud｜平行 獨立帳號數,twoway_2cluster,OK,36490,234,251,True,,dense=2582;sparse=33908,turnover,-0.0010323350890527583,0.0005706352058397705,-1.8090981392105507,0.07044409720895595,0.00415564719453243
H6 amihud｜平行 獨立帳號數,twoway_2cluster,OK,36490,234,251,True,,dense=2582;sparse=33908,foreign_holding_pct,0.003864766584904443,0.001504154703489887,2.5693943421760723,0.01019163417745128,0.00415564719453243
H6 amihud｜平行 獨立帳號數,twoway_2cluster,OK,36490,234,251,True,,dense=2582;sparse=33908,att_zero_base_users_weekend,0.00018997031702501803,0.0005916564304202781,0.32108214710025923,0.7481500032502284,0.00415564719453243
H6 amihud｜平行 獨立帳號數,firm_fe_1cluster,OK,36490,234,251,True,,dense=2582;sparse=33908,abn_attention_users_weekend,0.0005675523341075828,0.0003200535116318305,1.7733045052805403,0.07618665838798333,0.005705053573853647
H6 amihud｜平行 獨立帳號數,firm_fe_1cluster,OK,36490,234,251,True,,dense=2582;sparse=33908,amihud,0.00020299818728027584,0.00010586986192905687,1.9174313027469936,0.05519101149849792,0.005705053573853647
H6 amihud｜平行 獨立帳號數,firm_fe_1cluster,OK,36490,234,251,True,,dense=2582;sparse=33908,abn_attention_users_weekend__x__amihud,-0.00047855530505757504,0.0002385510435324112,-2.006091853429915,0.04485386493127663,0.005705053573853647
H6 amihud｜平行 獨立帳號數,firm_fe_1cluster,OK,36490,234,251,True,,dense=2582;sparse=33908,ret_lag1,-0.0012860843203540435,0.0003570207449181377,-3.602267763597136,0.0003158748830562885,0.005705053573853647
H6 amihud｜平行 獨立帳號數,firm_fe_1cluster,OK,36490,234,251,True,,dense=2582;sparse=33908,ret_lag4,-0.00042869704079327606,0.0003696527151019874,-1.1597291816861086,0.24616672445155308,0.005705053573853647
H6 amihud｜平行 獨立帳號數,firm_fe_1cluster,OK,36490,234,251,True,,dense=2582;sparse=33908,ret_lag25,-0.0009388747468601257,0.00039500997720401057,-2.376838057371968,0.017466912807320822,0.005705053573853647
H6 amihud｜平行 獨立帳號數,firm_fe_1cluster,OK,36490,234,251,True,,dense=2582;sparse=33908,log_market_cap,-0.008935714124369429,0.0015560712917700135,-5.742483761271089,9.404202305773879e-09,0.005705053573853647
H6 amihud｜平行 獨立帳號數,firm_fe_1cluster,OK,36490,234,251,True,,dense=2582;sparse=33908,turnover,-0.00013880770433533264,0.0004144091495164817,-0.33495328106845296,0.7376622670398867,0.005705053573853647
H6 amihud｜平行 獨立帳號數,firm_fe_1cluster,OK,36490,234,251,True,,dense=2582;sparse=33908,foreign_holding_pct,0.008778615223747396,0.0014944309112903792,5.874219515552864,4.2854273463177606e-09,0.005705053573853647
H6 amihud｜平行 獨立帳號數,firm_fe_1cluster,OK,36490,234,251,True,,dense=2582;sparse=33908,att_zero_base_users_weekend,-0.0002920330069252819,0.0006517423108653128,-0.44808047913530746,0.6540977938944215,0.005705053573853647
H5 amihud｜t+2..t+4｜平行 獨立帳號數,twoway_2cluster,OK,35079,232,242,True,,dense=2475;sparse=32604,abn_attention_users_weekend,0.0006641643557127297,0.000572092867097725,1.1609380118337975,0.24567511944902432,0.007526206798448065
H5 amihud｜t+2..t+4｜平行 獨立帳號數,twoway_2cluster,OK,35079,232,242,True,,dense=2475;sparse=32604,amihud,-0.0005767586158048759,0.00019357738119292852,-2.979473181476975,0.0028894496879796616,0.007526206798448065
H5 amihud｜t+2..t+4｜平行 獨立帳號數,twoway_2cluster,OK,35079,232,242,True,,dense=2475;sparse=32604,abn_attention_users_weekend__x__amihud,0.0012478607101356696,0.0009029408340705709,1.3819960988032367,0.1669818218516972,0.007526206798448065
H5 amihud｜t+2..t+4｜平行 獨立帳號數,twoway_2cluster,OK,35079,232,242,True,,dense=2475;sparse=32604,ret_lag1,-0.001056578784969119,0.0009027191989767597,-1.1704401392667405,0.24183195278483027,0.007526206798448065
H5 amihud｜t+2..t+4｜平行 獨立帳號數,twoway_2cluster,OK,35079,232,242,True,,dense=2475;sparse=32604,ret_lag4,0.0018029019025398683,0.0012577754911701758,1.4334051785844009,0.15175111624358273,0.007526206798448065
H5 amihud｜t+2..t+4｜平行 獨立帳號數,twoway_2cluster,OK,35079,232,242,True,,dense=2475;sparse=32604,ret_lag25,-0.0012503722610401019,0.0014817100608418793,-0.8438710744325136,0.39874728825134875,0.007526206798448065
H5 amihud｜t+2..t+4｜平行 獨立帳號數,twoway_2cluster,OK,35079,232,242,True,,dense=2475;sparse=32604,log_market_cap,-0.012674796552521874,0.004434515018314288,-2.858214821728127,0.004262861889224201,0.007526206798448065
H5 amihud｜t+2..t+4｜平行 獨立帳號數,twoway_2cluster,OK,35079,232,242,True,,dense=2475;sparse=32604,turnover,-0.002495891292517439,0.0012508252395399533,-1.9953956904766443,0.046007568830137346,0.007526206798448065
H5 amihud｜t+2..t+4｜平行 獨立帳號數,twoway_2cluster,OK,35079,232,242,True,,dense=2475;sparse=32604,foreign_holding_pct,0.009865416732064465,0.004259894647211176,2.3158827973652008,0.020570485105202208,0.007526206798448065
H5 amihud｜t+2..t+4｜平行 獨立帳號數,twoway_2cluster,OK,35079,232,242,True,,dense=2475;sparse=32604,att_zero_base_users_weekend,0.00020698200820456534,0.001433686456395138,0.1443704844119132,0.8852087635793484,0.007526206798448065
H5 amihud｜t+2..t+4｜平行 獨立帳號數,firm_fe_1cluster,OK,35079,232,242,True,,dense=2475;sparse=32604,abn_attention_users_weekend,0.0010426316374376734,0.000542455835353014,1.9220581095955211,0.054606592828882805,0.010655301095240932
H5 amihud｜t+2..t+4｜平行 獨立帳號數,firm_fe_1cluster,OK,35079,232,242,True,,dense=2475;sparse=32604,amihud,-9.726426584273779e-05,0.0003258436015010488,-0.2984998489909728,0.7653234716889064,0.010655301095240932
H5 amihud｜t+2..t+4｜平行 獨立帳號數,firm_fe_1cluster,OK,35079,232,242,True,,dense=2475;sparse=32604,abn_attention_users_weekend__x__amihud,0.002239190704468721,0.0017229055064217973,1.2996596134393734,0.19372625791643028,0.010655301095240932
H5 amihud｜t+2..t+4｜平行 獨立帳號數,firm_fe_1cluster,OK,35079,232,242,True,,dense=2475;sparse=32604,ret_lag1,-0.0008660275757778216,0.00048072279408009475,-1.801511362561955,0.07163096094606769,0.010655301095240932
H5 amihud｜t+2..t+4｜平行 獨立帳號數,firm_fe_1cluster,OK,35079,232,242,True,,dense=2475;sparse=32604,ret_lag4,-0.0005205712977877348,0.0009097635736224964,-0.5722050353312391,0.5671867689042749,0.010655301095240932
H5 amihud｜t+2..t+4｜平行 獨立帳號數,firm_fe_1cluster,OK,35079,232,242,True,,dense=2475;sparse=32604,ret_lag25,-0.00103887569239888,0.0011041396965351012,-0.9408915336156956,0.3467669707687997,0.010655301095240932
H5 amihud｜t+2..t+4｜平行 獨立帳號數,firm_fe_1cluster,OK,35079,232,242,True,,dense=2475;sparse=32604,log_market_cap,-0.025639248267757434,0.004179227452043807,-6.134925309035006,8.611509283440455e-10,0.010655301095240932
H5 amihud｜t+2..t+4｜平行 獨立帳號數,firm_fe_1cluster,OK,35079,232,242,True,,dense=2475;sparse=32604,turnover,-0.001111071644188506,0.0010711127080024055,-1.0373060051361194,0.29960046780769245,0.010655301095240932
H5 amihud｜t+2..t+4｜平行 獨立帳號數,firm_fe_1cluster,OK,35079,232,242,True,,dense=2475;sparse=32604,foreign_holding_pct,0.023236892985690833,0.004329802967681479,5.3667321952374465,8.068729706600664e-08,0.010655301095240932
H5 amihud｜t+2..t+4｜平行 獨立帳號數,firm_fe_1cluster,OK,35079,232,242,True,,dense=2475;sparse=32604,att_zero_base_users_weekend,-0.00018745226754763358,0.0015445075855917445,-0.12136700997542549,0.9034010458969499,0.010655301095240932
H5 amihud｜t+2..t+8｜平行 獨立帳號數,twoway_2cluster,OK,32607,231,226,True,,dense=2276;sparse=30331,abn_attention_users_weekend,0.0016000641701075051,0.000869038898392276,1.8411882058071596,0.06560319310836804,0.015693989240081918
H5 amihud｜t+2..t+8｜平行 獨立帳號數,twoway_2cluster,OK,32607,231,226,True,,dense=2276;sparse=30331,amihud,-4.4626575080302026e-05,0.0005115671517321727,-0.08723502853769224,0.9304852401660717,0.015693989240081918
H5 amihud｜t+2..t+8｜平行 獨立帳號數,twoway_2cluster,OK,32607,231,226,True,,dense=2276;sparse=30331,abn_attention_users_weekend__x__amihud,0.003418963515084189,0.0010436025316064054,3.276116540098286,0.0010535657671941756,0.015693989240081918
H5 amihud｜t+2..t+8｜平行 獨立帳號數,twoway_2cluster,OK,32607,231,226,True,,dense=2276;sparse=30331,ret_lag1,-0.0007623543156985274,0.001173642419569405,-0.6495626802397154,0.5159793880559411,0.015693989240081918
H5 amihud｜t+2..t+8｜平行 獨立帳號數,twoway_2cluster,OK,32607,231,226,True,,dense=2276;sparse=30331,ret_lag4,0.004534889243880366,0.002092312393933193,2.1674054300063395,0.030211271527932793,0.015693989240081918
H5 amihud｜t+2..t+8｜平行 獨立帳號數,twoway_2cluster,OK,32607,231,226,True,,dense=2276;sparse=30331,ret_lag25,-0.004436408952689713,0.002867409976327846,-1.5471833429174326,0.12182888699638261,0.015693989240081918
H5 amihud｜t+2..t+8｜平行 獨立帳號數,twoway_2cluster,OK,32607,231,226,True,,dense=2276;sparse=30331,log_market_cap,-0.02550042332126009,0.009470615938536783,-2.692583406058796,0.007093754216644044,0.015693989240081918
H5 amihud｜t+2..t+8｜平行 獨立帳號數,twoway_2cluster,OK,32607,231,226,True,,dense=2276;sparse=30331,turnover,-0.004328574049971544,0.0016664730918067759,-2.5974461101430335,0.009396266129442665,0.015693989240081918
H5 amihud｜t+2..t+8｜平行 獨立帳號數,twoway_2cluster,OK,32607,231,226,True,,dense=2276;sparse=30331,foreign_holding_pct,0.02147124769909838,0.009293274984494736,2.3104070131274335,0.02087193136523946,0.015693989240081918
H5 amihud｜t+2..t+8｜平行 獨立帳號數,twoway_2cluster,OK,32607,231,226,True,,dense=2276;sparse=30331,att_zero_base_users_weekend,0.0029024505004521077,0.002770472953226301,1.047637190275442,0.2948136738429068,0.015693989240081918
H5 amihud｜t+2..t+8｜平行 獨立帳號數,firm_fe_1cluster,OK,32607,231,226,True,,dense=2276;sparse=30331,abn_attention_users_weekend,0.0017539486838777038,0.0008662633941226608,2.024729078681754,0.04290338497127233,0.022065058146065186
H5 amihud｜t+2..t+8｜平行 獨立帳號數,firm_fe_1cluster,OK,32607,231,226,True,,dense=2276;sparse=30331,amihud,0.00034170235626543587,0.0005362576836730121,0.6371980610608684,0.5240003475094785,0.022065058146065186
H5 amihud｜t+2..t+8｜平行 獨立帳號數,firm_fe_1cluster,OK,32607,231,226,True,,dense=2276;sparse=30331,abn_attention_users_weekend__x__amihud,0.004371228275088102,0.0014833633263466018,2.94683588130365,0.0032127242235817643,0.022065058146065186
H5 amihud｜t+2..t+8｜平行 獨立帳號數,firm_fe_1cluster,OK,32607,231,226,True,,dense=2276;sparse=30331,ret_lag1,-0.001968880046281003,0.000516288711287918,-3.813525268390035,0.00013725258562491405,0.022065058146065186
H5 amihud｜t+2..t+8｜平行 獨立帳號數,firm_fe_1cluster,OK,32607,231,226,True,,dense=2276;sparse=30331,ret_lag4,0.001175673479727749,0.0015238851679099706,0.7714974228276014,0.44041778177812896,0.022065058146065186
H5 amihud｜t+2..t+8｜平行 獨立帳號數,firm_fe_1cluster,OK,32607,231,226,True,,dense=2276;sparse=30331,ret_lag25,-0.003639377966713108,0.0024287754247811753,-1.4984415313083153,0.13402832543303345,0.022065058146065186
H5 amihud｜t+2..t+8｜平行 獨立帳號數,firm_fe_1cluster,OK,32607,231,226,True,,dense=2276;sparse=30331,log_market_cap,-0.053194594181263447,0.00918858289714228,-5.789205449493999,7.137245461308339e-09,0.022065058146065186
H5 amihud｜t+2..t+8｜平行 獨立帳號數,firm_fe_1cluster,OK,32607,231,226,True,,dense=2276;sparse=30331,turnover,-0.0017768013027135382,0.00148501310979437,-1.1964886309721348,0.23151469695041382,0.022065058146065186
H5 amihud｜t+2..t+8｜平行 獨立帳號數,firm_fe_1cluster,OK,32607,231,226,True,,dense=2276;sparse=30331,foreign_holding_pct,0.05113268702619421,0.00986127041683782,5.185202804994243,2.1707627229083926e-07,0.022065058146065186
H5 amihud｜t+2..t+8｜平行 獨立帳號數,firm_fe_1cluster,OK,32607,231,226,True,,dense=2276;sparse=30331,att_zero_base_users_weekend,0.0002627020713647329,0.0027957666388564056,0.0939642342510353,0.9251381495633886,0.022065058146065186
H6 foreign_holding_pct｜平行 獨立帳號數,twoway_2cluster,OK,36490,234,251,True,,dense=2582;sparse=33908,abn_attention_users_weekend,0.0001641830900947918,0.00036793850255507546,0.44622427105251317,0.65543793657389,0.00420989551092954
H6 foreign_holding_pct｜平行 獨立帳號數,twoway_2cluster,OK,36490,234,251,True,,dense=2582;sparse=33908,foreign_holding_pct,0.0038559080019183725,0.0014983743023405062,2.573394375420966,0.01007460296322904,0.00420989551092954
H6 foreign_holding_pct｜平行 獨立帳號數,twoway_2cluster,OK,36490,234,251,True,,dense=2582;sparse=33908,abn_attention_users_weekend__x__foreign_holding_pct,0.000315897857682929,0.00021845490614520488,1.4460552214513083,0.14817042042142137,0.00420989551092954
H6 foreign_holding_pct｜平行 獨立帳號數,twoway_2cluster,OK,36490,234,251,True,,dense=2582;sparse=33908,ret_lag1,-0.00048293108431319453,0.0006880187441177484,-0.7019155923323872,0.4827363426890088,0.00420989551092954
H6 foreign_holding_pct｜平行 獨立帳號數,twoway_2cluster,OK,36490,234,251,True,,dense=2582;sparse=33908,ret_lag4,-0.00012527955184811192,0.000648901999067915,-0.19306390183427372,0.84691001215969,0.00420989551092954
H6 foreign_holding_pct｜平行 獨立帳號數,twoway_2cluster,OK,36490,234,251,True,,dense=2582;sparse=33908,ret_lag25,-0.000309311144012865,0.0006533329118094626,-0.47343572996529554,0.635905214774874,0.00420989551092954
H6 foreign_holding_pct｜平行 獨立帳號數,twoway_2cluster,OK,36490,234,251,True,,dense=2582;sparse=33908,log_market_cap,-0.004715842457073849,0.001718486451628596,-2.7441836696499307,0.006069163601553962,0.00420989551092954
H6 foreign_holding_pct｜平行 獨立帳號數,twoway_2cluster,OK,36490,234,251,True,,dense=2582;sparse=33908,turnover,-0.0010165416327372612,0.0005708580842978135,-1.7807256491561518,0.07496571210287772,0.00420989551092954
H6 foreign_holding_pct｜平行 獨立帳號數,twoway_2cluster,OK,36490,234,251,True,,dense=2582;sparse=33908,amihud,0.0002250915157251392,6.822879331770256e-05,3.2990692752987214,0.0009710009299337408,0.00420989551092954
H6 foreign_holding_pct｜平行 獨立帳號數,twoway_2cluster,OK,36490,234,251,True,,dense=2582;sparse=33908,att_zero_base_users_weekend,0.0001943656587627328,0.0005908781619203933,0.3289437168079313,0.7422001437787067,0.00420989551092954
H6 foreign_holding_pct｜平行 獨立帳號數,firm_fe_1cluster,OK,36490,234,251,True,,dense=2582;sparse=33908,abn_attention_users_weekend,0.0005273701915759576,0.00033766128606520083,1.5618319699052643,0.11833630862748357,0.005756831398620599
H6 foreign_holding_pct｜平行 獨立帳號數,firm_fe_1cluster,OK,36490,234,251,True,,dense=2582;sparse=33908,foreign_holding_pct,0.008763561442789934,0.0014888173264598359,5.886257022295845,3.9851038025062735e-09,0.005756831398620599
H6 foreign_holding_pct｜平行 獨立帳號數,firm_fe_1cluster,OK,36490,234,251,True,,dense=2582;sparse=33908,abn_attention_users_weekend__x__foreign_holding_pct,0.00035984265835503106,0.00025010141094614,1.4387869984169108,0.15021951594286875,0.005756831398620599
H6 foreign_holding_pct｜平行 獨立帳號數,firm_fe_1cluster,OK,36490,234,251,True,,dense=2582;sparse=33908,ret_lag1,-0.0012884996202947824,0.0003567517640227281,-3.6117540268495887,0.0003045435601931601,0.005756831398620599
H6 foreign_holding_pct｜平行 獨立帳號數,firm_fe_1cluster,OK,36490,234,251,True,,dense=2582;sparse=33908,ret_lag4,-0.0004219275221395599,0.0003705728323987723,-1.1385819068504324,0.2548851036663424,0.005756831398620599
H6 foreign_holding_pct｜平行 獨立帳號數,firm_fe_1cluster,OK,36490,234,251,True,,dense=2582;sparse=33908,ret_lag25,-0.0009471788200062974,0.00039620077967645934,-2.3906535993689135,0.016823484468862393,0.005756831398620599
H6 foreign_holding_pct｜平行 獨立帳號數,firm_fe_1cluster,OK,36490,234,251,True,,dense=2582;sparse=33908,log_market_cap,-0.008934318209472977,0.0015562862490094633,-5.740793645872952,9.498466235768888e-09,0.005756831398620599
H6 foreign_holding_pct｜平行 獨立帳號數,firm_fe_1cluster,OK,36490,234,251,True,,dense=2582;sparse=33908,turnover,-0.0001225070880642711,0.00041494642749164985,-0.29523591468138705,0.7678153591803625,0.005756831398620599
H6 foreign_holding_pct｜平行 獨立帳號數,firm_fe_1cluster,OK,36490,234,251,True,,dense=2582;sparse=33908,amihud,0.00028647750390774955,8.334095744352542e-05,3.437415560072923,0.0005879529426267016,0.005756831398620599
H6 foreign_holding_pct｜平行 獨立帳號數,firm_fe_1cluster,OK,36490,234,251,True,,dense=2582;sparse=33908,att_zero_base_users_weekend,-0.0002802883867733599,0.0006509966884828546,-0.4305527074593435,0.6667961945845822,0.005756831398620599
H5 foreign_holding_pct｜t+2..t+4｜平行 獨立帳號數,twoway_2cluster,OK,35079,232,242,True,,dense=2475;sparse=32604,abn_attention_users_weekend,0.0006713801002930293,0.0005702327629292775,1.1773790352630027,0.23905235340240738,0.007474022602310226
H5 foreign_holding_pct｜t+2..t+4｜平行 獨立帳號數,twoway_2cluster,OK,35079,232,242,True,,dense=2475;sparse=32604,foreign_holding_pct,0.00986880137073117,0.004263434042071957,2.3147540863409484,0.02063221779776847,0.007474022602310226
H5 foreign_holding_pct｜t+2..t+4｜平行 獨立帳號數,twoway_2cluster,OK,35079,232,242,True,,dense=2475;sparse=32604,abn_attention_users_weekend__x__foreign_holding_pct,-0.0003693340872974458,0.000558213786012124,-0.6616355535322163,0.5082092227956458,0.007474022602310226
H5 foreign_holding_pct｜t+2..t+4｜平行 獨立帳號數,twoway_2cluster,OK,35079,232,242,True,,dense=2475;sparse=32604,ret_lag1,-0.001058730136906783,0.0009007278639261352,-1.1754162153837897,0.23983632835159208,0.007474022602310226
H5 foreign_holding_pct｜t+2..t+4｜平行 獨立帳號數,twoway_2cluster,OK,35079,232,242,True,,dense=2475;sparse=32604,ret_lag4,0.0017941544856661267,0.0012575856952598936,1.4266657870144948,0.15368527594969672,0.007474022602310226
H5 foreign_holding_pct｜t+2..t+4｜平行 獨立帳號數,twoway_2cluster,OK,35079,232,242,True,,dense=2475;sparse=32604,ret_lag25,-0.001237586950023621,0.001482668619702928,-0.8347023290150888,0.40389109372624277,0.007474022602310226
H5 foreign_holding_pct｜t+2..t+4｜平行 獨立帳號數,twoway_2cluster,OK,35079,232,242,True,,dense=2475;sparse=32604,log_market_cap,-0.012675052586999483,0.004433711920961937,-2.8587902897059463,0.004255138672221381,0.007474022602310226
H5 foreign_holding_pct｜t+2..t+4｜平行 獨立帳號數,twoway_2cluster,OK,35079,232,242,True,,dense=2475;sparse=32604,turnover,-0.002515514445854606,0.0012538819278158336,-2.0061812759646673,0.04484468008702702,0.007474022602310226
H5 foreign_holding_pct｜t+2..t+4｜平行 獨立帳號數,twoway_2cluster,OK,35079,232,242,True,,dense=2475;sparse=32604,amihud,-0.0008016400846696159,0.000281446371141933,-2.8482871582854763,0.00439811552075664,0.007474022602310226
H5 foreign_holding_pct｜t+2..t+4｜平行 獨立帳號數,twoway_2cluster,OK,35079,232,242,True,,dense=2475;sparse=32604,att_zero_base_users_weekend,0.00021250966118565554,0.0014347978023378297,0.1481112257346622,0.8822558534834648,0.007474022602310226
H5 foreign_holding_pct｜t+2..t+4｜平行 獨立帳號數,firm_fe_1cluster,OK,35079,232,242,True,,dense=2475;sparse=32604,abn_attention_users_weekend,0.0010023639386226623,0.0005475530727182851,1.8306242601224092,0.0671651827769626,0.010591231997758022
H5 foreign_holding_pct｜t+2..t+4｜平行 獨立帳號數,firm_fe_1cluster,OK,35079,232,242,True,,dense=2475;sparse=32604,foreign_holding_pct,0.023253540818906297,0.004334439922472568,5.364831727934387,8.154075437083463e-08,0.010591231997758022
H5 foreign_holding_pct｜t+2..t+4｜平行 獨立帳號數,firm_fe_1cluster,OK,35079,232,242,True,,dense=2475;sparse=32604,abn_attention_users_weekend__x__foreign_holding_pct,-0.00035860442886596265,0.0004971118665606817,-0.7213757163895591,0.4706832243223025,0.010591231997758022
H5 foreign_holding_pct｜t+2..t+4｜平行 獨立帳號數,firm_fe_1cluster,OK,35079,232,242,True,,dense=2475;sparse=32604,ret_lag1,-0.0008652377257673455,0.0004806094391736765,-1.80029282665561,0.07182306010785888,0.010591231997758022
H5 foreign_holding_pct｜t+2..t+4｜平行 獨立帳號數,firm_fe_1cluster,OK,35079,232,242,True,,dense=2475;sparse=32604,ret_lag4,-0.000536225086880474,0.0009080481891295967,-0.5905249229057644,0.5548426125001256,0.010591231997758022
H5 foreign_holding_pct｜t+2..t+4｜平行 獨立帳號數,firm_fe_1cluster,OK,35079,232,242,True,,dense=2475;sparse=32604,ret_lag25,-0.001020673427864669,0.0011056717882030095,-0.9231251432430198,0.35594838649563654,0.010591231997758022
H5 foreign_holding_pct｜t+2..t+4｜平行 獨立帳號數,firm_fe_1cluster,OK,35079,232,242,True,,dense=2475;sparse=32604,log_market_cap,-0.025667884557571484,0.004178689311324322,-6.142568313947405,8.207485802103065e-10,0.010591231997758022
H5 foreign_holding_pct｜t+2..t+4｜平行 獨立帳號數,firm_fe_1cluster,OK,35079,232,242,True,,dense=2475;sparse=32604,turnover,-0.0011315439025736049,0.0010732078296738301,-1.0543567343498643,0.29172693514055337,0.010591231997758022
H5 foreign_holding_pct｜t+2..t+4｜平行 獨立帳號數,firm_fe_1cluster,OK,35079,232,242,True,,dense=2475;sparse=32604,amihud,-0.0005020000450028688,0.0002900179500515304,-1.7309274991898722,0.08347355064540829,0.010591231997758022
H5 foreign_holding_pct｜t+2..t+4｜平行 獨立帳號數,firm_fe_1cluster,OK,35079,232,242,True,,dense=2475;sparse=32604,att_zero_base_users_weekend,-0.00015843528311763072,0.0015476107761783619,-0.10237411470400042,0.9184603184016271,0.010591231997758022
H5 foreign_holding_pct｜t+2..t+8｜平行 獨立帳號數,twoway_2cluster,OK,32607,231,226,True,,dense=2276;sparse=30331,abn_attention_users_weekend,0.0014965521547462821,0.0008728619543040587,1.7145347524506298,0.0864402005047249,0.01555859192687925
H5 foreign_holding_pct｜t+2..t+8｜平行 獨立帳號數,twoway_2cluster,OK,32607,231,226,True,,dense=2276;sparse=30331,foreign_holding_pct,0.021451421501766776,0.009292212680593558,2.308537507602175,0.020975572880233884,0.01555859192687925
H5 foreign_holding_pct｜t+2..t+8｜平行 獨立帳號數,twoway_2cluster,OK,32607,231,226,True,,dense=2276;sparse=30331,abn_attention_users_weekend__x__foreign_holding_pct,-0.0002990897290166621,0.0006808757958163986,-0.4392720828885406,0.6604673531620513,0.01555859192687925
H5 foreign_holding_pct｜t+2..t+8｜平行 獨立帳號數,twoway_2cluster,OK,32607,231,226,True,,dense=2276;sparse=30331,ret_lag1,-0.0007673929249489653,0.0011721915776427795,-0.6546651072959894,0.5126880799327245,0.01555859192687925
H5 foreign_holding_pct｜t+2..t+8｜平行 獨立帳號數,twoway_2cluster,OK,32607,231,226,True,,dense=2276;sparse=30331,ret_lag4,0.0045194858774850275,0.0020923264501288698,2.160029032375261,0.030777790970759167,0.01555859192687925
H5 foreign_holding_pct｜t+2..t+8｜平行 獨立帳號數,twoway_2cluster,OK,32607,231,226,True,,dense=2276;sparse=30331,ret_lag25,-0.004412652547746833,0.0028668754847746966,-1.5391852806937014,0.12376891420017366,0.01555859192687925
H5 foreign_holding_pct｜t+2..t+8｜平行 獨立帳號數,twoway_2cluster,OK,32607,231,226,True,,dense=2276;sparse=30331,log_market_cap,-0.025512129941455883,0.009473132074194392,-2.693104006324695,0.007082689338321346,0.01555859192687925
H5 foreign_holding_pct｜t+2..t+8｜平行 獨立帳號數,twoway_2cluster,OK,32607,231,226,True,,dense=2276;sparse=30331,turnover,-0.004353953197075066,0.0016795223805356493,-2.5923758132276045,0.009535872678219093,0.01555859192687925
H5 foreign_holding_pct｜t+2..t+8｜平行 獨立帳號數,twoway_2cluster,OK,32607,231,226,True,,dense=2276;sparse=30331,amihud,-0.0006673278736237793,0.0006364392249675634,-1.048533540115775,0.2944007420260728,0.01555859192687925
H5 foreign_holding_pct｜t+2..t+8｜平行 獨立帳號數,twoway_2cluster,OK,32607,231,226,True,,dense=2276;sparse=30331,att_zero_base_users_weekend,0.0029694204255272198,0.002760556343130553,1.0756601410858395,0.282087353991636,0.01555859192687925
H5 foreign_holding_pct｜t+2..t+8｜平行 獨立帳號數,firm_fe_1cluster,OK,32607,231,226,True,,dense=2276;sparse=30331,abn_attention_users_weekend,0.00165695058348523,0.0008617472920999751,1.9227801452644424,0.05451643140186113,0.021942803549662826
H5 foreign_holding_pct｜t+2..t+8｜平行 獨立帳號數,firm_fe_1cluster,OK,32607,231,226,True,,dense=2276;sparse=30331,foreign_holding_pct,0.051158149158538536,0.00986786631774148,5.184317208124423,2.1810932082644285e-07,0.021942803549662826
H5 foreign_holding_pct｜t+2..t+8｜平行 獨立帳號數,firm_fe_1cluster,OK,32607,231,226,True,,dense=2276;sparse=30331,abn_attention_users_weekend__x__foreign_holding_pct,-0.000580859373883577,0.0007218651320001947,-0.8046646778382147,0.42101911842226025,0.021942803549662826
H5 foreign_holding_pct｜t+2..t+8｜平行 獨立帳號數,firm_fe_1cluster,OK,32607,231,226,True,,dense=2276;sparse=30331,ret_lag1,-0.0019661234252591536,0.0005159405547195765,-3.8107557300429296,0.00013879884685752408,0.021942803549662826
H5 foreign_holding_pct｜t+2..t+8｜平行 獨立帳號數,firm_fe_1cluster,OK,32607,231,226,True,,dense=2276;sparse=30331,ret_lag4,0.001144667862088446,0.0015207456904277046,0.7527016971302494,0.4516346642186724,0.021942803549662826
H5 foreign_holding_pct｜t+2..t+8｜平行 獨立帳號數,firm_fe_1cluster,OK,32607,231,226,True,,dense=2276;sparse=30331,ret_lag25,-0.003605755485217766,0.0024295199930522504,-1.4841431622416037,0.13778068268692678,0.021942803549662826
H5 foreign_holding_pct｜t+2..t+8｜平行 獨立帳號數,firm_fe_1cluster,OK,32607,231,226,True,,dense=2276;sparse=30331,log_market_cap,-0.053249188807547955,0.009186731924527354,-5.796314646493569,6.841628819032053e-09,0.021942803549662826
H5 foreign_holding_pct｜t+2..t+8｜平行 獨立帳號數,firm_fe_1cluster,OK,32607,231,226,True,,dense=2276;sparse=30331,turnover,-0.0018123184097674514,0.0014925650655174035,-1.21423075726297,0.22466847776429355,0.021942803549662826
H5 foreign_holding_pct｜t+2..t+8｜平行 獨立帳號數,firm_fe_1cluster,OK,32607,231,226,True,,dense=2276;sparse=30331,amihud,-0.00045384184781689863,0.0006311188115571759,-0.7191068298172302,0.47208029118846717,0.021942803549662826
H5 foreign_holding_pct｜t+2..t+8｜平行 獨立帳號數,firm_fe_1cluster,OK,32607,231,226,True,,dense=2276;sparse=30331,att_zero_base_users_weekend,0.000330789289631669,0.0027922655534032993,0.11846627167265407,0.9056989533481663,0.021942803549662826
