week,n_names,q1,n_q1,q2,n_q2,q3,n_q3,q4,n_q4,q5,n_q5,long_short,turnover_long,turnover_short,turnover_avg,spec,signal
2016-05-01,109,-0.025255075288986628,22,-0.029038509387859,22,-0.024802096502908662,21,-0.030669974970241983,22,-0.005362596009415693,22,0.019892479279570933,1.0,1.0,1.0,主測度 發文數｜等權・未篩選,abn_attention_weekend
2016-05-08,104,-0.03867599087252004,21,-0.012262334944203415,21,-0.018496485050141682,20,-0.013322134329822105,21,-0.021468786184808682,21,0.01720720468771136,0.3333333333333333,0.19047619047619047,0.26190476190476186,主測度 發文數｜等權・未篩選,abn_attention_weekend
2016-05-15,103,0.005501770966536178,21,0.004752032163735681,20,0.000657048917327805,21,0.003217332527565492,20,0.01684149515588661,21,0.011339724189350434,0.23809523809523808,0.23809523809523808,0.23809523809523808,主測度 發文數｜等權・未篩選,abn_attention_weekend
2016-05-22,102,0.02987086625455836,21,0.03522136195372032,20,0.025430696440717236,20,0.042511692046621495,20,0.022378769879412605,21,-0.007492096375145755,0.38095238095238093,0.23809523809523808,0.30952380952380953,主測度 發文數｜等權・未篩選,abn_attention_weekend
2016-05-29,99,0.018140306996842,20,0.0020861706227881414,20,-0.006076463920348791,19,-0.001064309486406123,20,0.009751817351351421,20,-0.008388489645490578,0.15,0.15,0.15,主測度 發文數｜等權・未篩選,abn_attention_weekend
2016-06-05,99,-0.0021017550909136263,20,0.006151091127733088,20,-0.0020975334178501633,19,-0.001844929358207409,20,0.005146986722331282,20,0.007248741813244908,0.1,0.05,0.07500000000000001,主測度 發文數｜等權・未篩選,abn_attention_weekend
2016-06-12,99,0.0025475143789580323,20,0.005194679185106877,20,-0.008275779362031107,19,-0.008528173503892905,20,-0.0036948737914783538,20,-0.006242388170436386,0.15,0.15,0.15,主測度 發文數｜等權・未篩選,abn_attention_weekend
2016-06-19,94,-0.005616087241817391,19,0.0014850816898585788,19,-0.004768455318706825,18,-0.00036219362223833293,19,-0.012752103635203089,19,-0.0071360163933856975,0.10526315789473684,0.15789473684210525,0.13157894736842105,主測度 發文數｜等權・未篩選,abn_attention_weekend
2016-06-26,92,0.04533438094626307,19,0.031903133713469464,18,0.024074894129053392,18,0.02617438945335585,18,0.04635222890373808,19,0.0010178479574750113,0.21052631578947367,0.15789473684210525,0.18421052631578946,主測度 發文數｜等權・未篩選,abn_attention_weekend
2016-07-03,94,-0.005528821880271256,19,-0.002750683630323597,19,0.006418115519878765,18,0.00544894803215844,19,-0.005976147859399092,19,-0.00044732597912783625,0.3684210526315789,0.21052631578947367,0.2894736842105263,主測度 發文數｜等權・未篩選,abn_attention_weekend
2016-07-10,94,0.02053281074112926,19,0.025906118249324733,19,0.009807641533365972,18,0.015174205801460713,19,0.011706179059706577,19,-0.008826631681422684,0.3684210526315789,0.2631578947368421,0.3157894736842105,主測度 發文數｜等權・未篩選,abn_attention_weekend
2016-07-17,93,0.006762686472156422,19,0.023491608623742517,18,0.008472201282104429,19,0.025520162884777917,18,0.01942385774615185,19,0.01266117127399543,0.3157894736842105,0.2631578947368421,0.2894736842105263,主測度 發文數｜等權・未篩選,abn_attention_weekend
2016-07-24,91,-0.0021366276215264027,19,-0.005130330985894456,18,-0.008846831944357295,18,0.011973878880461074,18,0.00243158191680273,18,0.004568209538329133,0.1111111111111111,0.05263157894736842,0.08187134502923976,主測度 發文數｜等權・未篩選,abn_attention_weekend
2016-07-31,92,0.011134950793398423,19,0.014729808893950948,18,0.01780389543243703,18,-0.004816615673640162,18,0.014620779589507214,19,0.0034858287961087916,0.5263157894736842,0.3684210526315789,0.4473684210526315,主測度 發文數｜等權・未篩選,abn_attention_weekend
2016-08-07,90,-0.013917057493190697,18,-0.003426597880978963,18,-0.003291515998928438,18,-0.01800423311057143,18,0.018518901815177607,18,0.0324359593083683,0.4444444444444444,0.4444444444444444,0.4444444444444444,主測度 發文數｜等權・未篩選,abn_attention_weekend
2016-08-14,90,-0.004576886087128535,18,0.003996554333415361,18,0.0018057849509594672,18,-0.012316983057135399,18,-0.003628509785459163,18,0.0009483763016693721,0.2777777777777778,0.16666666666666666,0.2222222222222222,主測度 發文數｜等權・未篩選,abn_attention_weekend
2016-08-21,89,0.013929669992330078,18,0.004025373897757996,18,0.00013715367905637091,17,0.00953569723084465,18,0.009718345598595104,18,-0.004211324393734974,0.3333333333333333,0.2222222222222222,0.2777777777777778,主測度 發文數｜等權・未篩選,abn_attention_weekend
2016-08-28,85,-0.02445525919939392,17,-0.006565604525503131,17,-0.0023913637496580276,17,0.012900757430301123,17,-0.019528172493637284,17,0.004927086705756638,0.35294117647058826,0.29411764705882354,0.3235294117647059,主測度 發文數｜等權・未篩選,abn_attention_weekend
2016-09-04,84,-0.010483153546162615,17,0.010124538349903638,17,0.00439782233033259,16,0.0034794498895187403,17,0.002102060726886254,17,0.012585214273048869,0.29411764705882354,0.17647058823529413,0.23529411764705882,主測度 發文數｜等權・未篩選,abn_attention_weekend
2016-09-11,86,-0.022266482117711817,18,-0.0151813709360571,17,-0.015620546576940831,17,-0.01920625936553617,17,-0.0069072619398326445,17,0.015359220177879173,0.35294117647058826,0.2222222222222222,0.2875816993464052,主測度 發文數｜等權・未篩選,abn_attention_weekend
2016-09-18,83,0.028484213866067233,17,0.01723621158986828,16,0.02977069320701439,17,0.01353317198722305,16,0.018951649843853603,17,-0.00953256402221363,0.29411764705882354,0.11764705882352941,0.20588235294117646,主測度 發文數｜等權・未篩選,abn_attention_weekend
2016-09-25,84,-0.008548977792408282,17,0.003934075728676767,17,-0.010640560171214071,16,-0.012795113737580426,17,-0.007542230578489344,17,0.0010067472139189387,0.23529411764705882,0.17647058823529413,0.20588235294117646,主測度 發文數｜等權・未篩選,abn_attention_weekend
2016-10-02,83,0.0014119154399854423,17,0.011081184706940014,16,-0.00536703850827808,17,-0.009434441927092946,16,0.009021081223073598,17,0.007609165783088156,0.29411764705882354,0.17647058823529413,0.23529411764705882,主測度 發文數｜等權・未篩選,abn_attention_weekend
2016-10-09,83,-0.044837031037658404,17,-0.014736017441972893,16,-0.024940798916535452,17,-0.04090196070505921,16,-0.03382861703476986,17,0.011008414002888545,0.29411764705882354,0.29411764705882354,0.29411764705882354,主測度 發文數｜等權・未篩選,abn_attention_weekend
2016-10-16,82,0.022531794898908514,17,0.027209543704821003,16,0.026726485829408286,16,0.021086840446436377,16,0.016513531983350795,17,-0.00601826291555772,0.17647058823529413,0.29411764705882354,0.23529411764705882,主測度 發文數｜等權・未篩選,abn_attention_weekend
2016-10-23,79,-0.005174551248363211,16,-0.01351418943053375,16,-0.010508060810692783,15,-0.01595638380809917,16,-0.0017128535946463325,16,0.003461697653716879,0.3125,0.3125,0.3125,主測度 發文數｜等權・未篩選,abn_attention_weekend
2016-10-30,81,-0.02680489600162635,17,-0.020602969657580385,16,-0.023461219299227558,16,-0.03381111287272869,16,-0.01296403497409434,16,0.01384086102753201,0.1875,0.23529411764705882,0.2113970588235294,主測度 發文數｜等權・未篩選,abn_attention_weekend
2016-11-06,80,0.013094110358184252,16,-0.007225888010334164,16,-0.008425766727436633,16,-0.026363267444235963,16,-0.0034292020952543315,16,-0.016523312453438584,0.375,0.0625,0.21875,主測度 發文數｜等權・未篩選,abn_attention_weekend
2016-11-13,81,0.025943589440534393,17,0.020850339615291175,16,-0.0016682598402118845,16,0.013330292309786496,16,0.009443345489694402,16,-0.01650024395083999,0.3125,0.29411764705882354,0.3033088235294118,主測度 發文數｜等權・未篩選,abn_attention_weekend
2016-11-20,81,0.0002824631239119044,17,0.004042525532152556,16,0.00348312088535032,16,0.005607285653662156,16,0.020437504962361894,16,0.02015504183844999,0.4375,0.23529411764705882,0.33639705882352944,主測度 發文數｜等權・未篩選,abn_attention_weekend
2016-11-27,81,0.0010166983187901435,17,0.02247070331029541,16,0.015111719099816838,16,0.007600281996764567,16,0.00667684932957361,16,0.0056601510107834666,0.1875,0.17647058823529413,0.18198529411764708,主測度 發文數｜等權・未篩選,abn_attention_weekend
2016-12-04,81,0.014956692729066145,17,0.007346690975143261,16,0.01643736714606993,16,0.015351885946470696,16,-0.0008085649778474466,16,-0.01576525770691359,0.125,0.11764705882352941,0.1213235294117647,主測度 發文數｜等權・未篩選,abn_attention_weekend
2016-12-11,80,-0.008314496589376635,16,-0.010308599078823373,16,0.003349533468935295,16,-0.00941889711634223,16,-0.019522823327577377,16,-0.011208326738200741,0.25,0.1875,0.21875,主測度 發文數｜等權・未篩選,abn_attention_weekend
2016-12-18,81,-0.025952806889207477,17,-0.037335382951942664,16,-0.0211940627433663,16,-0.01589823523053896,16,-0.015917443635324498,16,0.01003536325388298,0.25,0.23529411764705882,0.2426470588235294,主測度 發文數｜等權・未篩選,abn_attention_weekend
2016-12-25,79,0.016140040453472886,16,0.015734498899758156,16,-0.0040283984485284694,15,0.012958765654579568,16,0.02313290203308757,16,0.006992861579614686,0.1875,0.125,0.15625,主測度 發文數｜等權・未篩選,abn_attention_weekend
2017-01-01,78,0.030962258046102017,16,0.0023322134156510484,15,0.009432380488672447,16,0.0071923084441793145,15,0.007267873603775746,16,-0.02369438444232627,0.1875,0.125,0.15625,主測度 發文數｜等權・未篩選,abn_attention_weekend
2017-01-08,79,0.015560530249859983,16,-0.007245916953522884,16,7.912955996488927e-05,15,0.003889869826497347,16,0.008534392933380958,16,-0.007026137316479025,0.3125,0.1875,0.25,主測度 發文數｜等權・未篩選,abn_attention_weekend
2017-01-15,80,0.020981752037696325,16,-0.008431066083613915,16,0.007729855921791144,16,0.004164965934988461,16,0.0018875196115645879,16,-0.019094232426131737,0.4375,0.3125,0.375,主測度 發文數｜等權・未篩選,abn_attention_weekend
2017-01-22,81,0.013459093095396103,17,0.008606197027556335,16,0.006054190515869688,16,0.011007022518785638,16,0.005049526833106152,16,-0.00840956626228995,0.375,0.29411764705882354,0.3345588235294118,主測度 發文數｜等權・未篩選,abn_attention_weekend
2017-01-29,81,0.010923719809963801,17,0.016945207315486092,16,0.020928431053970124,16,0.011931164858911013,16,0.00998506495957252,16,-0.0009386548503912805,0.3125,0.29411764705882354,0.3033088235294118,主測度 發文數｜等權・未篩選,abn_attention_weekend
2017-02-05,80,0.011321335076439523,16,0.001767906437394183,16,0.023127426838364648,16,0.00919360558389791,16,0.0026540393819649358,16,-0.008667295694474587,0.375,0.125,0.25,主測度 發文數｜等權・未篩選,abn_attention_weekend
2017-02-12,80,0.004326801548652483,16,0.003127628759930043,16,0.025787425873416224,16,0.027225184213422217,16,0.019804329862730993,16,0.01547752831407851,0.3125,0.25,0.28125,主測度 發文數｜等權・未篩選,abn_attention_weekend
2017-02-19,87,0.00347739796638309,18,-0.012876095392693312,17,-0.0006529334044485622,17,0.02062326524955737,17,-0.0032979560571546112,18,-0.006775354023537701,0.3888888888888889,0.2777777777777778,0.33333333333333337,主測度 發文數｜等權・未篩選,abn_attention_weekend
2017-02-26,86,0.009798548258794578,18,-0.010884793442081087,17,0.007286696457495872,17,-0.00775647507191487,17,-0.005757048831591971,17,-0.01555559709038655,0.47058823529411764,0.3333333333333333,0.4019607843137255,主測度 發文數｜等權・未篩選,abn_attention_weekend
2017-03-05,86,-0.0063742289463351275,18,-0.011332634807127429,17,-0.018710929819043137,17,-0.024158978540342938,17,-0.013480396701723884,17,-0.007106167755388757,0.35294117647058826,0.2777777777777778,0.315359477124183,主測度 發文數｜等權・未篩選,abn_attention_weekend
2017-03-12,86,0.011623026564221404,18,0.02196804802567014,17,0.01924199840419742,17,0.03565436387078389,17,0.010739032022184547,17,-0.0008839945420368572,0.4117647058823529,0.2222222222222222,0.31699346405228757,主測度 發文數｜等權・未篩選,abn_attention_weekend
2017-03-19,85,-0.012677470788963889,17,-0.007326138909404426,17,-0.009564098851738001,17,-0.010201388779838397,17,0.008357285348920218,17,0.02103475613788411,0.47058823529411764,0.29411764705882354,0.38235294117647056,主測度 發文數｜等權・未篩選,abn_attention_weekend
2017-03-26,85,-0.00910189331517004,17,0.007898360610028621,17,-0.024009332493430107,17,-0.009691864332062783,17,0.008962546419369314,17,0.018064439734539355,0.4117647058823529,0.23529411764705882,0.32352941176470584,主測度 發文數｜等權・未篩選,abn_attention_weekend
2017-04-02,81,0.00551006087321931,17,0.004220270316810007,16,-0.002912265899986999,16,-0.0097115720320484,16,-0.000877749585403674,16,-0.006387810458622984,0.375,0.35294117647058826,0.36397058823529416,主測度 發文數｜等權・未篩選,abn_attention_weekend
2017-04-09,81,-0.031468976759763685,17,-0.02998376419878865,16,-0.03910455550959031,16,-0.03564861986488424,16,-0.020727695142553897,16,0.010741281617209789,0.25,0.17647058823529413,0.21323529411764708,主測度 發文數｜等權・未篩選,abn_attention_weekend
2017-04-16,82,-0.006768472929240445,17,0.011105748733325031,16,-0.00400229533681918,16,-0.014409561064619374,16,-0.013281737948272162,17,-0.006513265019031717,0.4117647058823529,0.23529411764705882,0.32352941176470584,主測度 發文數｜等權・未篩選,abn_attention_weekend
2017-04-23,83,0.00918956124550248,17,0.025392630331967994,16,0.0018441604826975517,17,0.012778388399235945,16,0.002878025122156481,17,-0.006311536123346,0.47058823529411764,0.47058823529411764,0.47058823529411764,主測度 發文數｜等權・未篩選,abn_attention_weekend
2017-04-30,85,-0.012089681656387815,17,-0.00554904060190988,17,-0.009135941550232993,17,-0.002109993216840127,17,-0.00470115268678837,17,0.007388528969599445,0.47058823529411764,0.5294117647058824,0.5,主測度 發文數｜等權・未篩選,abn_attention_weekend
2017-05-07,86,-0.00938813458270912,18,-0.00805418361570402,17,-0.013393443520432506,17,-0.017719887296372958,17,-0.01290399673929227,17,-0.0035158621565831508,0.35294117647058826,0.3333333333333333,0.3431372549019608,主測度 發文數｜等權・未篩選,abn_attention_weekend
2017-05-14,89,0.009583953362363859,18,-0.0008343068829461305,18,-0.0029093416755457367,17,-0.004303189638334513,18,-0.0023758719624058016,18,-0.01195982532476966,0.3888888888888889,0.2222222222222222,0.3055555555555556,主測度 發文數｜等權・未篩選,abn_attention_weekend
2017-05-21,88,0.02007391036665418,18,0.01300165399687866,17,0.03299018204260234,18,0.008161147741681347,17,0.01997032625128453,18,-0.00010358411536964818,0.2222222222222222,0.2222222222222222,0.2222222222222222,主測度 發文數｜等權・未篩選,abn_attention_weekend
2017-05-28,89,0.00980305421123951,18,-0.003041024711132329,18,0.004409218935145983,17,0.01801307927477374,18,-0.001705345513057245,18,-0.011508399724296755,0.6111111111111112,0.3888888888888889,0.5,主測度 發文數｜等權・未篩選,abn_attention_weekend
2017-06-04,89,-0.0009005330985558421,18,0.001030363978465682,18,0.014809826398228235,17,-0.006533114470875296,18,-0.004621355004670671,18,-0.0037208219061148286,0.3888888888888889,0.2777777777777778,0.33333333333333337,主測度 發文數｜等權・未篩選,abn_attention_weekend
2017-06-11,90,-0.0006033614827094586,18,-0.007803335994879528,18,-0.004129734966838377,18,0.011097623775056365,18,-0.008688061883717568,18,-0.008084700401008109,0.3888888888888889,0.3888888888888889,0.3888888888888889,主測度 發文數｜等權・未篩選,abn_attention_weekend
2017-06-18,89,0.012194227385610316,18,0.016505674326229132,18,0.006257383184708208,17,0.004997220005659281,18,0.01712110140017798,18,0.004926874014567664,0.2777777777777778,0.16666666666666666,0.2222222222222222,主測度 發文數｜等權・未篩選,abn_attention_weekend
2017-06-25,91,0.008075468965195743,19,0.001980493553724119,18,0.014057368417152315,18,0.02584713747763144,18,0.009537807269728908,18,0.0014623383045331648,0.3333333333333333,0.2631578947368421,0.2982456140350877,主測度 發文數｜等權・未篩選,abn_attention_weekend
2017-07-02,91,0.01036704207909516,19,0.0027437654095085907,18,-0.006610469694236682,18,-0.012753741604744887,18,-0.0038127821388479356,18,-0.014179824217943095,0.16666666666666666,0.15789473684210525,0.16228070175438597,主測度 發文數｜等權・未篩選,abn_attention_weekend
2017-07-09,90,0.027760755865730694,18,0.01397149272533391,18,0.01612041709858671,18,0.011283274644701382,18,0.009950427769053546,18,-0.017810328096677146,0.2222222222222222,0.05555555555555555,0.1388888888888889,主測度 發文數｜等權・未篩選,abn_attention_weekend
2017-07-16,93,0.0036099385166080047,19,0.0009653543375928781,18,0.014408628415632717,19,-0.0006944960927771329,18,-0.0014443860395016352,19,-0.00505432455610964,0.3684210526315789,0.21052631578947367,0.2894736842105263,主測度 發文數｜等權・未篩選,abn_attention_weekend
2017-07-23,91,-0.00899058812940339,19,-0.008061418565790611,18,0.000596311080043235,18,-0.0005249629228059297,18,0.006233837792263146,18,0.015224425921666535,0.5,0.2631578947368421,0.381578947368421,主測度 發文數｜等權・未篩選,abn_attention_weekend
2017-07-30,91,0.007610703749287915,19,0.027089826572968014,18,0.02473768323975562,18,0.008448402190066416,18,0.009537097721873191,18,0.0019263939725852764,0.5,0.3684210526315789,0.4342105263157895,主測度 發文數｜等權・未篩選,abn_attention_weekend
2017-08-06,92,-0.01899810639392019,19,-0.022635454191646674,18,-0.016106439857622872,18,-0.030438103455123447,18,-0.008832177187427558,19,0.010165929206492631,0.3684210526315789,0.3684210526315789,0.3684210526315789,主測度 發文數｜等權・未篩選,abn_attention_weekend
2017-08-13,92,0.005482523947130873,19,0.028450490158490424,18,0.006840151957301175,18,0.008362017610784304,18,0.0030985214614043417,19,-0.0023840024857265316,0.42105263157894735,0.3684210526315789,0.39473684210526316,主測度 發文數｜等權・未篩選,abn_attention_weekend
2017-08-20,91,0.022325158291516975,19,0.029040845541200844,18,0.025531582254484524,18,0.009068347937999703,18,0.014983423417293066,18,-0.007341734874223909,0.3888888888888889,0.3157894736842105,0.35233918128654973,主測度 發文數｜等權・未篩選,abn_attention_weekend
2017-08-27,91,0.009041657192198592,19,0.008671589492198904,18,0.008456686340870588,18,0.018795868561686746,18,0.01509327970979755,18,0.006051622517598958,0.3888888888888889,0.21052631578947367,0.29970760233918126,主測度 發文數｜等權・未篩選,abn_attention_weekend
2017-09-03,94,0.009542571889899312,19,0.003460638440566304,19,0.008689690212129378,18,0.019217537128457796,19,0.003475430695342075,19,-0.0060671411945572365,0.3157894736842105,0.2631578947368421,0.2894736842105263,主測度 發文數｜等權・未篩選,abn_attention_weekend
2017-09-10,95,0.007497620582361294,19,-0.00797785935735437,19,0.013727543411793455,19,0.016927021047231545,19,-0.009792770289413144,19,-0.017290390871774437,0.3157894736842105,0.10526315789473684,0.21052631578947367,主測度 發文數｜等權・未篩選,abn_attention_weekend
2017-09-17,91,-0.028518435957122935,19,-0.012353674707829825,18,-0.030938330340985826,18,-0.008220961333389114,18,-0.0036093200218705384,18,0.024909115935252395,0.3888888888888889,0.21052631578947367,0.29970760233918126,主測度 發文數｜等權・未篩選,abn_attention_weekend
2017-09-24,93,-0.02020872759037182,19,-0.009166232839771329,18,-0.015237888306048728,19,-0.031251786208431165,18,-0.006086566709783674,19,0.014122160880588146,0.5263157894736842,0.3684210526315789,0.4473684210526315,主測度 發文數｜等權・未篩選,abn_attention_weekend
2017-10-01,96,0.007121010122783411,20,0.01210778051588665,19,0.004481318053212765,19,0.014485093427970167,19,0.003898998373626517,19,-0.0032220117491568935,0.3684210526315789,0.3,0.33421052631578946,主測度 發文數｜等權・未篩選,abn_attention_weekend
2017-10-08,101,0.006519496271292309,21,0.0035946606413635174,20,-0.0030388823921064624,20,0.00043104060285928945,20,0.006089469486308907,20,-0.0004300267849834021,0.45,0.3333333333333333,0.39166666666666666,主測度 發文數｜等權・未篩選,abn_attention_weekend
2017-10-15,102,-0.008081143260851837,21,-0.002480303813613682,20,-0.02239488733159724,20,-0.0026455443599748716,20,-0.008267734358489275,21,-0.0001865910976374379,0.5714285714285714,0.38095238095238093,0.47619047619047616,主測度 發文數｜等權・未篩選,abn_attention_weekend
2017-10-22,101,-0.015193766437805747,21,0.0108804023273329,20,0.002101473406234916,20,0.000390591415154401,20,-0.00798072440014429,20,0.007213042037661457,0.55,0.5238095238095238,0.536904761904762,主測度 發文數｜等權・未篩選,abn_attention_weekend
2017-10-29,99,-0.0027912484789299865,20,0.008217435078232232,20,-0.0019291971410954419,19,0.016898206669282906,20,-0.004286586627391809,20,-0.0014953381484618224,0.25,0.2,0.225,主測度 發文數｜等權・未篩選,abn_attention_weekend
2017-11-05,98,0.0016380567992617056,20,-0.0010750817719684142,19,0.006804698596527342,20,0.0030483671498490184,19,-0.005907757657922114,20,-0.00754581445718382,0.15,0.1,0.125,主測度 發文數｜等權・未篩選,abn_attention_weekend
2017-11-12,99,-0.0018436656313853383,20,0.005440433385702792,20,-0.015000256582594775,19,-0.015781809935870316,20,-0.004923824546481987,20,-0.003080158915096648,0.3,0.15,0.22499999999999998,主測度 發文數｜等權・未篩選,abn_attention_weekend
2017-11-19,100,0.007986358313279379,20,0.003805247901065639,20,0.012375661553302886,20,0.021613021446695725,20,0.008890802406935372,20,0.0009044440936559935,0.4,0.4,0.4,主測度 發文數｜等權・未篩選,abn_attention_weekend
2017-11-26,101,-0.01694585615040682,21,0.003243797583733138,20,-0.017592261328958747,20,-0.007625945506187531,20,-0.016446586902185055,20,0.0004992692482217662,0.6,0.47619047619047616,0.5380952380952381,主測度 發文數｜等權・未篩選,abn_attention_weekend
2017-12-03,100,-0.010465959104211525,20,-0.010082006676387218,20,-0.011054129358109111,20,-0.022180336062212303,20,-0.021835304717387278,20,-0.011369345613175753,0.6,0.35,0.475,主測度 發文數｜等權・未篩選,abn_attention_weekend
2017-12-10,100,0.00492172864406667,20,0.006871406434430838,20,0.0020939429946274625,20,0.004422800464432381,20,0.01572806423279951,20,0.010806335588732839,0.45,0.25,0.35,主測度 發文數｜等權・未篩選,abn_attention_weekend
2017-12-17,100,0.001467271483438054,20,0.005204889105386456,20,0.012956164324585212,20,-0.002318098858451184,20,0.003610393008024354,20,0.0021431215245863,0.6,0.45,0.525,主測度 發文數｜等權・未篩選,abn_attention_weekend
2017-12-24,104,0.004756207624232794,21,0.013015281298372091,21,0.027323208285825212,20,0.02935901161247535,21,0.009263255705372776,21,0.0045070480811399815,0.5714285714285714,0.5238095238095238,0.5476190476190477,主測度 發文數｜等權・未篩選,abn_attention_weekend
2017-12-31,104,0.014535719072197492,21,0.02425004078588968,21,0.0067152791331640095,20,0.01050009081169481,21,0.010807498011585077,21,-0.0037282210606124147,0.3333333333333333,0.19047619047619047,0.26190476190476186,主測度 發文數｜等權・未篩選,abn_attention_weekend
2018-01-07,105,-0.01156676499636042,21,-0.011587120845699921,21,0.00926365898384305,21,0.01482933572590752,21,-0.0001591055495635752,21,0.011407659446796845,0.3333333333333333,0.2857142857142857,0.30952380952380953,主測度 發文數｜等權・未篩選,abn_attention_weekend
2018-01-14,107,0.002100653132097376,22,-0.0011938363163970763,21,-0.01038513669368944,21,-0.020936007357128833,21,0.020315050594755933,22,0.018214397462658558,0.36363636363636365,0.22727272727272727,0.29545454545454547,主測度 發文數｜等權・未篩選,abn_attention_weekend
2018-01-21,103,-0.010430240136127387,21,-0.01981450883704622,20,-0.005542950016973363,21,0.00833296560694069,20,0.005319815362164188,21,0.015750055498291574,0.23809523809523808,0.2857142857142857,0.26190476190476186,主測度 發文數｜等權・未篩選,abn_attention_weekend
2018-01-28,106,-0.012409583676741786,22,-0.011495215883361285,21,-0.014762041539177114,21,-0.011855837309249651,21,-0.0077972011633943615,21,0.004612382513347424,0.19047619047619047,0.2727272727272727,0.2316017316017316,主測度 發文數｜等權・未篩選,abn_attention_weekend
2018-02-04,107,-0.042390318361486795,22,-0.05262178233045792,21,-0.03550621238358768,21,-0.05952372628509396,21,-0.04320527136681537,22,-0.0008149530053285781,0.22727272727272727,0.13636363636363635,0.18181818181818182,主測度 發文數｜等權・未篩選,abn_attention_weekend
2018-02-11,106,-0.012032184975819447,22,-0.003830252323066171,21,-0.002731194993682261,21,-0.003158710996372364,21,-0.0032753335610207638,21,0.008756851414798685,0.6190476190476191,0.45454545454545453,0.5367965367965368,主測度 發文數｜等權・未篩選,abn_attention_weekend
2018-02-18,103,0.01280321274743271,21,0.012635271494777977,20,0.029188660806662887,21,0.025508682947247768,20,0.026754217596350344,21,0.013951004848917634,0.6666666666666666,0.5238095238095238,0.5952380952380952,主測度 發文數｜等權・未篩選,abn_attention_weekend
2018-02-25,104,0.004865948755501715,21,0.003025158457216922,21,-0.01615009374128288,20,-0.017758071620159986,21,-0.012797830200493701,21,-0.017663778955995416,0.8095238095238095,0.47619047619047616,0.6428571428571428,主測度 發文數｜等權・未篩選,abn_attention_weekend
2018-03-04,103,-0.007861295355214383,21,-0.00756640652845757,20,-0.016349145264908695,21,0.007233951264072081,20,0.009148090203655998,21,0.017009385558870382,0.6190476190476191,0.5238095238095238,0.5714285714285714,主測度 發文數｜等權・未篩選,abn_attention_weekend
2018-03-11,104,0.0010222567619538405,21,0.005636477179305129,21,0.00036120465528406974,20,0.004793964905215188,21,0.006073570950391093,21,0.005051314188437252,0.42857142857142855,0.38095238095238093,0.40476190476190477,主測度 發文數｜等權・未篩選,abn_attention_weekend
2018-03-18,104,-0.021777019321667073,21,-0.01721896240988873,21,-0.028989253504710804,20,-0.017197027199248566,21,-0.020658607036588266,21,0.001118412285078807,0.47619047619047616,0.3333333333333333,0.40476190476190477,主測度 發文數｜等權・未篩選,abn_attention_weekend
2018-03-25,104,0.026621912338878912,21,0.0368196018872889,21,0.04919436273986909,20,-0.0021092419854226324,21,0.010907487721634867,21,-0.015714424617244045,0.47619047619047616,0.42857142857142855,0.45238095238095233,主測度 發文數｜等權・未篩選,abn_attention_weekend
2018-04-01,107,-0.0019018611427081076,22,0.0036751033694709507,21,0.0005554633110737059,21,-0.0037846561799714847,21,-0.001413532025345756,22,0.0004883291173623516,0.7272727272727273,0.36363636363636365,0.5454545454545454,主測度 發文數｜等權・未篩選,abn_attention_weekend
2018-04-08,108,0.013206410925058936,22,0.015381524085633551,21,-0.00310363162542931,22,0.025844755437685423,21,-0.002917394497429933,22,-0.01612380542248887,0.7727272727272727,0.36363636363636365,0.5681818181818181,主測度 發文數｜等權・未篩選,abn_attention_weekend
2018-04-15,107,-0.0014984736482611923,22,-0.007187678294896595,21,-0.0008799225250050116,21,-0.009379257769861387,21,0.004472844469272001,22,0.005971318117533193,0.5909090909090909,0.36363636363636365,0.4772727272727273,主測度 發文數｜等權・未篩選,abn_attention_weekend
2018-04-22,109,-0.032161454539171526,22,-0.04468136481623576,22,-0.034414782457680135,21,-0.029219591111196333,22,-0.008906453046181373,22,0.023255001492990153,0.5,0.36363636363636365,0.4318181818181818,主測度 發文數｜等權・未篩選,abn_attention_weekend
2018-04-29,109,-0.013596018618535438,22,-0.0174841189168839,22,-0.0023810257490976513,21,0.005822734210727785,22,-0.006791587015577986,22,0.006804431602957452,0.36363636363636365,0.3181818181818182,0.34090909090909094,主測度 發文數｜等權・未篩選,abn_attention_weekend
2018-05-06,109,0.006539497340553177,22,0.011229100984031142,22,0.0039218721100806805,21,0.013775395254680826,22,0.015089351997028407,22,0.008549854656475231,0.3181818181818182,0.36363636363636365,0.34090909090909094,主測度 發文數｜等權・未篩選,abn_attention_weekend
2018-05-13,108,0.0077859716204695265,22,0.0008242653162701542,21,-0.008051218375604368,22,-0.010237122487066949,21,-0.010101661119398843,22,-0.01788763273986837,0.45454545454545453,0.3181818181818182,0.38636363636363635,主測度 發文數｜等權・未篩選,abn_attention_weekend
2018-05-20,108,-0.016680180206431295,22,-0.0061631028416391604,21,-0.007935749681960102,22,0.01686477241044719,21,0.0030592970659938028,22,0.019739477272425098,0.5,0.36363636363636365,0.4318181818181818,主測度 發文數｜等權・未篩選,abn_attention_weekend
2018-05-27,108,0.004427348791674047,22,0.01572120177493393,21,0.0025753840753866704,22,0.04484245456460624,21,0.011121671712300663,22,0.006694322920626616,0.3181818181818182,0.2727272727272727,0.2954545454545454,主測度 發文數｜等權・未篩選,abn_attention_weekend
2018-06-03,110,0.023894424514453328,22,0.0029106795034238146,22,-0.005780064257479078,22,0.010714602093431195,22,0.008540142275940537,22,-0.015354282238512791,0.36363636363636365,0.3181818181818182,0.34090909090909094,主測度 發文數｜等權・未篩選,abn_attention_weekend
2018-06-10,111,0.00656616495194948,23,-0.0012138292260819154,22,-0.015026957547695058,22,0.0036381804766155005,22,-0.018303387015288098,22,-0.02486955196723758,0.4090909090909091,0.21739130434782608,0.3132411067193676,主測度 發文數｜等權・未篩選,abn_attention_weekend
2018-06-17,111,-0.019498789569254125,23,-0.022137847959324438,22,-0.015404674467219543,22,-0.020530037100307177,22,-0.003608497888330327,22,0.015890291680923797,0.5454545454545454,0.30434782608695654,0.424901185770751,主測度 發文數｜等權・未篩選,abn_attention_weekend
2018-06-24,111,0.003529733796654285,23,-0.005464636521228406,22,-0.005677539139872451,22,-0.026865990393647232,22,-0.02246393320254316,22,-0.025993666999197446,0.5,0.2608695652173913,0.3804347826086957,主測度 發文數｜等權・未篩選,abn_attention_weekend
2018-07-01,111,-0.032841539902777286,23,-0.0416313156843764,22,-0.03802367740007105,22,-0.043290320520886716,22,-0.02062146849533869,22,0.012220071407438596,0.36363636363636365,0.34782608695652173,0.3557312252964427,主測度 發文數｜等權・未篩選,abn_attention_weekend
2018-07-08,112,0.02752125032630559,23,0.03925564780804865,22,0.022461004724858378,22,0.029906290470548148,22,0.0281985977712668,23,0.0006773474449612085,0.43478260869565216,0.34782608695652173,0.3913043478260869,主測度 發文數｜等權・未篩選,abn_attention_weekend
2018-07-15,111,-0.02700185335257256,23,-0.010957953729316107,22,-0.009017449616929886,22,-0.00792776662915784,22,-0.002905695697534284,22,0.024096157655038277,0.5909090909090909,0.30434782608695654,0.44762845849802374,主測度 發文數｜等權・未篩選,abn_attention_weekend
2018-07-22,108,0.027413912844535846,22,0.026155508872026768,21,0.0071983834512199755,22,0.01874948620492328,21,0.009361762489661933,22,-0.01805215035487391,0.45454545454545453,0.2727272727272727,0.36363636363636365,主測度 發文數｜等權・未篩選,abn_attention_weekend
2018-07-29,108,-0.006237014633587511,22,0.00754795044476207,21,-0.0013172365465892026,22,0.009780421190002483,21,-0.002178978224511983,22,0.004058036409075528,0.45454545454545453,0.36363636363636365,0.40909090909090906,主測度 發文數｜等權・未篩選,abn_attention_weekend
2018-08-05,109,-0.016505732138785704,22,-0.004144774856403592,22,-0.003717071127304477,21,-0.008394846110838098,22,-0.00420910006124876,22,0.012296632077536944,0.5454545454545454,0.5454545454545454,0.5454545454545454,主測度 發文數｜等權・未篩選,abn_attention_weekend
2018-08-12,108,-0.009927376636916901,22,-0.032825976930735336,21,-0.015563272674557644,22,-0.04293969087597027,21,-0.012007813806117585,22,-0.002080437169200684,0.4090909090909091,0.2727272727272727,0.34090909090909094,主測度 發文數｜等權・未篩選,abn_attention_weekend
2018-08-19,109,0.0016126572729112866,22,0.006048082811825264,22,0.01776080137844969,21,0.010450115920434534,22,0.01106216562287206,22,0.009449508349960773,0.3181818181818182,0.22727272727272727,0.2727272727272727,主測度 發文數｜等權・未篩選,abn_attention_weekend
2018-08-26,108,-0.00030800555187466725,22,0.009540061111984962,21,0.013116441525658913,22,0.03347792475486852,21,0.009131735236876685,22,0.009439740788751353,0.4090909090909091,0.45454545454545453,0.4318181818181818,主測度 發文數｜等權・未篩選,abn_attention_weekend
2018-09-02,109,-0.05757242299317517,22,-0.027209246133208975,22,-0.03534022844246731,21,-0.05362788208192091,22,-0.025371805133601356,22,0.032200617859573816,0.4090909090909091,0.3181818181818182,0.36363636363636365,主測度 發文數｜等權・未篩選,abn_attention_weekend
2018-09-09,105,-0.005562196150175217,21,0.008421010542355773,21,0.002600390323219454,21,0.005611220222894102,21,0.01554853284622405,21,0.021110728996399267,0.3333333333333333,0.2857142857142857,0.30952380952380953,主測度 發文數｜等權・未篩選,abn_attention_weekend
2018-09-16,105,0.008819389422612137,21,0.028760944138031447,21,0.01609765040126952,21,0.006769171881194472,21,0.01677207895241402,21,0.007952689529801882,0.3333333333333333,0.23809523809523808,0.2857142857142857,主測度 發文數｜等權・未篩選,abn_attention_weekend
2018-09-23,105,0.01051619026502342,21,-0.006348342545465357,21,-0.002048053160000039,21,0.011207921629537035,21,0.0073768436102876435,21,-0.0031393466547357763,0.47619047619047616,0.3333333333333333,0.40476190476190477,主測度 發文數｜等權・未篩選,abn_attention_weekend
2018-09-30,107,-0.05584768889882142,22,-0.05159313466929033,21,-0.03596313210738274,21,-0.05372994322848951,21,-0.03695308924082777,22,0.01889459965799365,0.5909090909090909,0.4090909090909091,0.5,主測度 發文數｜等權・未篩選,abn_attention_weekend
2018-10-07,111,-0.0369876351918461,23,-0.056574320071207745,22,-0.07075398474076441,22,-0.07280985424382685,22,-0.0439123716333416,22,-0.006924736441495501,0.3181818181818182,0.30434782608695654,0.31126482213438733,主測度 發文數｜等權・未篩選,abn_attention_weekend
2018-10-14,111,-0.01576060450217319,23,-0.031614487730572204,22,-0.02107937126045151,22,0.0014029755458988497,22,0.007637251832770788,22,0.023397856334943977,0.4090909090909091,0.30434782608695654,0.35671936758893286,主測度 發文數｜等權・未篩選,abn_attention_weekend
2018-10-21,110,-0.06442533382236393,22,-0.054765959604233805,22,-0.051855989151686765,22,-0.06339579808247989,22,-0.032634173536290105,22,0.03179116028607382,0.4090909090909091,0.22727272727272727,0.3181818181818182,主測度 發文數｜等權・未篩選,abn_attention_weekend
2018-10-28,114,0.03820809787940299,23,0.044747570437652734,23,0.0352427094748211,22,0.07460377928169047,23,0.02898456365050408,23,-0.009223534228898912,0.30434782608695654,0.30434782608695654,0.30434782608695654,主測度 發文數｜等權・未篩選,abn_attention_weekend
2018-11-04,113,0.0007666941535469482,23,0.016600368618001137,22,0.004710615527666785,23,-0.0030549294798704607,22,-0.004029869827880513,23,-0.00479656398142746,0.30434782608695654,0.17391304347826086,0.2391304347826087,主測度 發文數｜等權・未篩選,abn_attention_weekend
2018-11-11,112,0.00722832644290974,23,0.030945981432664207,22,-0.004149994198278758,22,0.0024663682837236674,22,0.015926927730073048,23,0.008698601287163307,0.34782608695652173,0.2608695652173913,0.30434782608695654,主測度 發文數｜等權・未篩選,abn_attention_weekend
2018-11-18,112,-0.020454995637303512,23,-0.004913131636082999,22,-0.015927636907891438,22,-0.011244997214447631,22,-0.01152618567641106,23,0.008928809960892452,0.391304347826087,0.34782608695652173,0.3695652173913043,主測度 發文數｜等權・未篩選,abn_attention_weekend
2018-11-25,112,0.011155724602587746,23,0.01464775593758557,22,0.027451285741715258,22,0.06089557025870296,22,0.029833820587366094,23,0.018678095984778348,0.30434782608695654,0.2608695652173913,0.28260869565217395,主測度 發文數｜等權・未篩選,abn_attention_weekend
2018-12-02,110,-0.01709853275402091,22,-0.007394410221798658,22,-0.017077266168139017,22,-0.026241397405794453,22,-0.022048962324795918,22,-0.004950429570775006,0.22727272727272727,0.13636363636363635,0.18181818181818182,主測度 發文數｜等權・未篩選,abn_attention_weekend
2018-12-09,114,0.01733639441307956,23,0.014766936383074499,23,0.013678586633520335,22,0.008926818517863627,23,0.006342655153664703,23,-0.010993739259414858,0.4782608695652174,0.43478260869565216,0.4565217391304348,主測度 發文數｜等權・未篩選,abn_attention_weekend
2018-12-16,116,-0.008918367750975839,24,-0.0027034085025803,23,-0.01057330492192015,23,-0.031425062017647436,23,-0.01891834705445401,23,-0.00999997930347817,0.6521739130434783,0.5,0.5760869565217391,主測度 發文數｜等權・未篩選,abn_attention_weekend
2018-12-23,116,-0.014511851239401708,24,-0.00893285030769366,23,0.0019778130814325514,23,-0.010361849827369467,23,-0.01019598019113055,23,0.0043158710482711585,0.7391304347826086,0.3333333333333333,0.536231884057971,主測度 發文數｜等權・未篩選,abn_attention_weekend
2018-12-30,116,-0.027037710490714198,24,-0.017576739575927695,23,-0.013541952637680847,23,-0.00975429620458114,23,-0.025917275198331674,23,0.001120435292382524,0.8260869565217391,0.4166666666666667,0.6213768115942029,主測度 發文數｜等權・未篩選,abn_attention_weekend
2019-01-06,115,0.015543209845449787,23,0.017032352193346978,23,0.012649735046613148,23,0.006597075429759553,23,0.011316322535449076,23,-0.004226887310000711,0.2608695652173913,0.2608695652173913,0.2608695652173913,主測度 發文數｜等權・未篩選,abn_attention_weekend
2019-01-13,115,0.015454266751476388,23,0.0024027206807279507,23,0.005304093607229267,23,0.016900066683281416,23,0.0066946951243698925,23,-0.008759571627106496,0.5217391304347826,0.34782608695652173,0.43478260869565216,主測度 發文數｜等權・未篩選,abn_attention_weekend
2019-01-20,114,0.009978669987889944,23,-0.002576729910525474,23,-0.0027120971303652482,22,0.008895342422454943,23,0.017246419363438858,23,0.007267749375548914,0.6521739130434783,0.391304347826087,0.5217391304347826,主測度 發文數｜等權・未篩選,abn_attention_weekend
2019-01-27,113,-0.009453285179160964,23,0.0004170942584788713,22,-0.003771468670764717,23,-0.007511229195886911,22,0.007670465308916613,23,0.01712375048807758,0.21739130434782608,0.17391304347826086,0.19565217391304346,主測度 發文數｜等權・未篩選,abn_attention_weekend
2019-02-10,114,0.002622716715947995,23,0.021357122769151856,23,-0.001960893456961725,22,0.04318527634453928,23,-0.000372266503615273,23,-0.0029949832195632683,0.21739130434782608,0.30434782608695654,0.2608695652173913,主測度 發文數｜等權・未篩選,abn_attention_weekend
2019-02-17,112,0.013699640517398809,23,0.0164253614739745,22,0.00030750107730240987,22,0.010369630064886136,22,0.010341935120381425,23,-0.0033577053970173833,0.391304347826087,0.21739130434782608,0.30434782608695654,主測度 發文數｜等權・未篩選,abn_attention_weekend
2019-02-24,113,-0.005642489295672884,23,0.0018016531817376643,22,-0.004745986546211047,23,0.006125103724421998,22,0.0027029257472233445,23,0.008345415042896228,0.391304347826087,0.30434782608695654,0.34782608695652173,主測度 發文數｜等權・未篩選,abn_attention_weekend
2019-03-03,109,-0.01818148098843608,22,-0.016559484808063928,22,-0.0024967342358061077,21,-0.0011873522249656017,22,-0.006551122839799372,22,0.011630358148636707,0.45454545454545453,0.2727272727272727,0.36363636363636365,主測度 發文數｜等權・未篩選,abn_attention_weekend
2019-03-10,110,0.005948521719749134,22,0.013136349733046409,22,0.006961820085125772,22,0.01984146675317473,22,0.012112184293659062,22,0.006163662573909929,0.36363636363636365,0.18181818181818182,0.2727272727272727,主測度 發文數｜等權・未篩選,abn_attention_weekend
2019-03-17,112,0.00222778339679718,23,0.0065207684633761705,22,0.006068850283177511,22,-0.01127090290389529,22,0.009092424255675352,23,0.0068646408588781726,0.391304347826087,0.391304347826087,0.391304347826087,主測度 發文數｜等權・未篩選,abn_attention_weekend
2019-03-24,111,0.009202789967921687,23,0.0064883446922476724,22,0.011013108483251115,22,-9.411592915624756e-05,22,0.009871371314876547,22,0.0006685813469548604,0.4090909090909091,0.2608695652173913,0.3349802371541502,主測度 發文數｜等權・未篩選,abn_attention_weekend
2019-03-31,109,0.0010503743278871573,22,0.003057696374728641,22,-0.0008570890663796174,21,-0.002291547711701218,22,-0.0014517517631618833,22,-0.0025021260910490406,0.45454545454545453,0.36363636363636365,0.40909090909090906,主測度 發文數｜等權・未篩選,abn_attention_weekend
2019-04-07,107,-0.015653611160064987,22,-0.00839819786997199,21,0.003937711385279726,21,-0.009067918434485315,21,-0.005495410573850385,22,0.010158200586214602,0.4090909090909091,0.3181818181818182,0.36363636363636365,主測度 發文數｜等權・未篩選,abn_attention_weekend
2019-04-14,109,0.021969220194851046,22,0.0015222964664344453,22,-0.00500129542377749,21,-0.0022375260111828625,22,0.001123206764581714,22,-0.02084601343026933,0.4090909090909091,0.4090909090909091,0.4090909090909091,主測度 發文數｜等權・未篩選,abn_attention_weekend
2019-04-21,110,0.0026270183042041225,22,-0.0004345344485992805,22,-0.0073477074224518124,22,-0.011735909643914738,22,-0.006280679213775665,22,-0.008907697517979787,0.5,0.36363636363636365,0.4318181818181818,主測度 發文數｜等權・未篩選,abn_attention_weekend
2019-04-28,110,0.010146793147952587,22,0.013368138415956677,22,0.005148758001190432,22,0.006815809604515827,22,0.00643010818547669,22,-0.003716684962475897,0.45454545454545453,0.18181818181818182,0.3181818181818182,主測度 發文數｜等權・未篩選,abn_attention_weekend
2019-05-05,111,-0.033448613531421346,23,-0.022171250923408704,22,-0.013550694308703603,22,-0.040713254935765004,22,-0.02280827005221934,22,0.010640343479202008,0.36363636363636365,0.30434782608695654,0.3339920948616601,主測度 發文數｜等權・未篩選,abn_attention_weekend
2019-05-12,112,-0.01845073418126184,23,-0.010744760503067689,22,0.005173188043003419,22,-0.007039459228499598,22,-0.027346793267284796,23,-0.008896059086022957,0.30434782608695654,0.34782608695652173,0.32608695652173914,主測度 發文數｜等權・未篩選,abn_attention_weekend
2019-05-19,115,-0.01048695210771421,23,0.009499500640302453,23,0.008370604344609851,23,-0.0015161417424869414,23,0.0026616447671476973,23,0.013148596874861907,0.782608695652174,0.4782608695652174,0.6304347826086957,主測度 發文數｜等權・未篩選,abn_attention_weekend
2019-05-26,116,0.016818244939129933,24,0.012436169385261318,23,0.008350304031488195,23,0.012493176788744162,23,0.007051208305315094,23,-0.009767036633814839,0.7391304347826086,0.5833333333333334,0.661231884057971,主測度 發文數｜等權・未篩選,abn_attention_weekend
2019-06-02,119,0.004416857225844968,24,-0.005222926011620758,24,0.0012662291932071222,23,-0.00029299266525414924,24,0.0012373741218168154,24,-0.0031794831040281527,0.5,0.375,0.4375,主測度 發文數｜等權・未篩選,abn_attention_weekend
2019-06-09,117,0.0006293724423743069,24,0.009500028047604568,23,-0.004496410355098435,23,0.006297828096211927,23,0.010567599120931429,24,0.009938226678557122,0.5416666666666666,0.375,0.4583333333333333,主測度 發文數｜等權・未篩選,abn_attention_weekend
2019-06-16,118,0.029884566855690298,24,0.00876091086157626,23,0.007503313281122197,24,0.017360774174930562,23,0.01604785696353068,24,-0.013836709892159616,0.375,0.2916666666666667,0.33333333333333337,主測度 發文數｜等權・未篩選,abn_attention_weekend
2019-06-23,118,0.0036192536319875207,24,0.004070146363099161,23,0.0033931059774135325,24,-0.002665574565235191,23,0.00270966665037913,24,-0.0009095869816083909,0.16666666666666666,0.3333333333333333,0.25,主測度 發文數｜等權・未篩選,abn_attention_weekend
2019-06-30,116,-0.0014846204298201715,24,0.009558410560776505,23,0.006831064668010417,23,0.01906280137442821,23,0.005567109722103531,23,0.007051730151923703,0.4782608695652174,0.2916666666666667,0.384963768115942,主測度 發文數｜等權・未篩選,abn_attention_weekend
2019-07-07,115,0.008177583936670244,23,0.014203901849930294,23,0.005684162758303418,23,0.005617937618147565,23,0.0015088269740342922,23,-0.0066687569626359515,0.4782608695652174,0.43478260869565216,0.4565217391304348,主測度 發文數｜等權・未篩選,abn_attention_weekend
2019-07-14,116,0.008021390985751007,24,-0.0005502225681313813,23,0.004315900850616665,23,0.0017993645172479607,23,-9.148650735459606e-05,23,-0.008112877493105602,0.43478260869565216,0.3333333333333333,0.38405797101449274,主測度 發文數｜等權・未篩選,abn_attention_weekend
2019-07-21,116,-0.0021885836334972534,24,0.009219152709567312,23,3.1870244263760455e-05,23,0.008047010336187198,23,-0.003974872743851095,23,-0.0017862891103538419,0.391304347826087,0.2916666666666667,0.34148550724637683,主測度 發文數｜等權・未篩選,abn_attention_weekend
2019-07-28,116,-0.024977045973295822,24,-0.023013601828623963,23,-0.0278470754136029,23,-0.039444153964672136,23,-0.013284954537362104,23,0.011692091435933718,0.5217391304347826,0.4166666666666667,0.4692028985507246,主測度 發文數｜等權・未篩選,abn_attention_weekend
2019-08-04,117,-0.0059748189836260025,24,-0.013540427422593773,23,-0.009133942068499571,23,0.0029039607470140835,23,0.004476171957888404,24,0.010450990941514407,0.4166666666666667,0.4583333333333333,0.4375,主測度 發文數｜等權・未篩選,abn_attention_weekend
2019-08-11,117,-0.0023943568149973012,24,-0.010365510562726905,23,-0.007434903236651988,23,0.00090137269711131,23,-0.003982636379582789,24,-0.001588279564585488,0.4583333333333333,0.3333333333333333,0.3958333333333333,主測度 發文數｜等權・未篩選,abn_attention_weekend
2019-08-18,118,0.005677449349440265,24,0.0038204137630600482,23,0.005138528341920435,24,0.01308055400212346,23,0.01134002598524135,24,0.005662576635801085,0.2916666666666667,0.2916666666666667,0.2916666666666667,主測度 發文數｜等權・未篩選,abn_attention_weekend
2019-08-25,118,0.03327405239540621,24,0.012101491534514076,23,0.014208332424366449,24,0.021582223790585605,23,0.015979958007468698,24,-0.017294094387937515,0.20833333333333334,0.16666666666666666,0.1875,主測度 發文數｜等權・未篩選,abn_attention_weekend
2019-09-01,116,0.023785183211666533,24,0.023018179126238575,23,0.008059594128003679,23,0.021086333189949392,23,0.022258620636186843,23,-0.0015265625754796903,0.30434782608695654,0.25,0.27717391304347827,主測度 發文數｜等權・未篩選,abn_attention_weekend
2019-09-08,116,0.002264661738054438,24,-0.004688811520240863,23,-0.005197355220808698,23,0.0002939508706837394,23,0.00413864077973964,23,0.0018739790416852017,0.34782608695652173,0.3333333333333333,0.3405797101449275,主測度 發文數｜等權・未篩選,abn_attention_weekend
2019-09-15,116,0.0025384409717582137,24,0.005400237334230278,23,0.0020845554528404705,23,0.0020418859004480996,23,0.010398042381823895,23,0.007859601410065682,0.43478260869565216,0.3333333333333333,0.38405797101449274,主測度 發文數｜等權・未篩選,abn_attention_weekend
2019-09-22,114,-0.016852308157742028,23,-0.023398932989324495,23,-0.023430517418309614,22,-0.028401123481416102,23,-0.022034525076028016,23,-0.005182216918285989,0.5652173913043478,0.391304347826087,0.4782608695652174,主測度 發文數｜等權・未篩選,abn_attention_weekend
2019-09-29,116,0.00259289828456484,24,-0.007211365977711461,23,0.003348241450165077,23,-0.007078044533982583,23,-0.011071322254486279,23,-0.01366422053905112,0.34782608695652173,0.3333333333333333,0.3405797101449275,主測度 發文數｜等權・未篩選,abn_attention_weekend
2019-10-06,115,-0.010756923078131624,23,-0.011635572051185261,23,-0.00660039525589573,23,-0.016752534675322932,23,-0.0010644255122308779,23,0.009692497565900746,0.5217391304347826,0.43478260869565216,0.4782608695652174,主測度 發文數｜等權・未篩選,abn_attention_weekend
2019-10-13,115,0.01849965139728793,23,0.014640749883219988,23,0.0022998352964956987,23,0.010244499828136959,23,0.010166235008088881,23,-0.00833341638919905,0.34782608695652173,0.30434782608695654,0.32608695652173914,主測度 發文數｜等權・未篩選,abn_attention_weekend
2019-10-20,113,0.006882812812490359,23,0.0055003805558292325,22,0.009621603961103096,23,0.007935013050434552,22,0.0011246802028615861,23,-0.005758132609628773,0.34782608695652173,0.21739130434782608,0.2826086956521739,主測度 發文數｜等權・未篩選,abn_attention_weekend
2019-10-27,115,-0.0041188473225498515,23,-0.0012230221180253755,23,-0.0015590396813201198,23,-0.017296053875324315,23,-0.0036933271372830397,23,0.00042552018526681185,0.391304347826087,0.30434782608695654,0.34782608695652173,主測度 發文數｜等權・未篩選,abn_attention_weekend
2019-11-03,115,-0.004602377138603583,23,0.00631220218840676,23,0.006124462868092675,23,-0.008828354904956438,23,0.003916570155217789,23,0.008518947293821372,0.391304347826087,0.21739130434782608,0.30434782608695654,主測度 發文數｜等權・未篩選,abn_attention_weekend
2019-11-10,116,-0.008259654167050767,24,-0.0027790025507749487,23,-0.019209594437988038,23,-0.01682808075506185,23,0.002030257200848885,23,0.010289911367899652,0.43478260869565216,0.20833333333333334,0.32155797101449274,主測度 發文數｜等權・未篩選,abn_attention_weekend
2019-11-17,117,0.0014097601091819557,24,0.006083127711937506,23,0.005811916884478024,23,0.004052811604189494,23,0.0030487695259104053,24,0.0016390094167284496,0.3333333333333333,0.25,0.29166666666666663,主測度 發文數｜等權・未篩選,abn_attention_weekend
2019-11-24,117,-0.0029022781910294413,24,0.00109053845956808,23,-0.0023370875565324493,23,-0.0028119251859802267,23,0.00021570528839953232,24,0.0031179834794289735,0.2916666666666667,0.16666666666666666,0.22916666666666669,主測度 發文數｜等權・未篩選,abn_attention_weekend
2019-12-01,118,0.007349224667427559,24,0.00868209426089819,23,-0.003248505175471201,24,0.0014916508792474853,23,-0.005277254938653904,24,-0.012626479606081462,0.4583333333333333,0.4166666666666667,0.4375,主測度 發文數｜等權・未篩選,abn_attention_weekend
2019-12-08,120,0.002455552139061401,24,0.0021463498536777223,24,-0.0075669096344054,24,-0.0012271124338319311,24,0.0009937266907861602,24,-0.0014618254482752409,0.4583333333333333,0.375,0.41666666666666663,主測度 發文數｜等權・未篩選,abn_attention_weekend
2019-12-15,119,0.009092067407681731,24,0.013174528787035317,24,0.004652581737560388,23,0.006253435060167026,24,0.010427000871907779,24,0.0013349334642260482,0.5,0.2916666666666667,0.39583333333333337,主測度 發文數｜等權・未篩選,abn_attention_weekend
2019-12-22,120,0.0077562278274498535,24,0.004590699221310626,24,-0.0013401901264145366,24,0.005306134611429735,24,0.00023107149895734702,24,-0.0075251563284925065,0.3333333333333333,0.25,0.29166666666666663,主測度 發文數｜等權・未篩選,abn_attention_weekend
2019-12-29,119,0.011906884847314248,24,-0.002057041433868099,24,0.003476467042219624,23,0.002716689276195718,24,0.007755471808755951,24,-0.004151413038558297,0.5833333333333334,0.375,0.4791666666666667,主測度 發文數｜等權・未篩選,abn_attention_weekend
2020-01-05,118,-0.010285528719363965,24,-0.006077721335166061,23,-0.009990890210328349,24,-0.007012189662328247,23,-0.004638885217721253,24,0.0056466435016427115,0.5,0.375,0.4375,主測度 發文數｜等權・未篩選,abn_attention_weekend
2020-01-12,119,0.010747217941183801,24,0.005563510952938722,24,0.007814398328701025,23,0.006462241776840447,24,0.0025998554832607165,24,-0.008147362457923085,0.5416666666666666,0.375,0.4583333333333333,主測度 發文數｜等權・未篩選,abn_attention_weekend
2020-01-19,121,0.0007027890858349472,25,0.002113973941977987,24,-0.0024215648377262458,24,-0.00042080996948621235,24,0.0026282461754117414,24,0.0019254570895767941,0.4583333333333333,0.32,0.38916666666666666,主測度 發文數｜等權・未篩選,abn_attention_weekend
2020-01-26,122,-0.017355033470676188,25,-0.008754560380187302,24,-0.01121542812779607,24,-0.016159108553848184,24,-0.012755852065611157,25,0.004599181405065031,0.4,0.28,0.34,主測度 發文數｜等權・未篩選,abn_attention_weekend
2020-02-02,122,0.036627759814252314,25,0.012674397152308772,24,0.00929983418225451,24,0.02701484761887117,24,0.029267575881360454,25,-0.00736018393289186,0.28,0.24,0.26,主測度 發文數｜等權・未篩選,abn_attention_weekend
2020-02-09,122,0.023430190355745218,25,0.018406286739967487,24,0.008572351429058392,24,0.02357198016559855,24,0.018864172613771393,25,-0.004566017741973825,0.32,0.24,0.28,主測度 發文數｜等權・未篩選,abn_attention_weekend
2020-02-16,124,0.008514717155128318,25,0.01316722124731672,25,0.01129987121457629,24,0.007407630740848932,25,0.007241889630208367,25,-0.001272827524919951,0.4,0.32,0.36,主測度 發文數｜等權・未篩選,abn_attention_weekend
2020-02-23,123,-0.019147518992574684,25,-0.015530210867680356,24,-0.02459785154705715,25,-0.02020083526947275,24,-0.019770978323183416,25,-0.0006234593306087312,0.24,0.16,0.2,主測度 發文數｜等權・未篩選,abn_attention_weekend
2020-03-01,122,0.02737456391026908,25,0.025292946232887553,24,0.02449584001551633,24,0.017798490130216078,24,0.016818295065887705,25,-0.010556268844381374,0.48,0.36,0.42,主測度 發文數｜等權・未篩選,abn_attention_weekend
2020-03-08,121,-0.13225888681891496,25,-0.12181277786829688,24,-0.12909225654332826,24,-0.12676316738369597,24,-0.11535201371596755,24,0.016906873102947403,0.5,0.36,0.43,主測度 發文數｜等權・未篩選,abn_attention_weekend
2020-03-15,121,-0.10963768982236712,25,-0.09523652269245227,24,-0.08988170359941401,24,-0.10132077104284147,24,-0.08901313693365996,24,0.020624552888707154,0.25,0.2,0.225,主測度 發文數｜等權・未篩選,abn_attention_weekend
2020-03-22,120,0.10607169145806689,24,0.09538944151980257,24,0.07523022354294125,24,0.10525923798614108,24,0.08880046384411744,24,-0.017271227613949447,0.7083333333333334,0.375,0.5416666666666667,主測度 發文數｜等權・未篩選,abn_attention_weekend
2020-03-29,121,0.036494967202441636,25,0.03632151073553592,24,0.019869510152616426,24,0.028543277213415357,24,0.024722605627661782,24,-0.011772361574779854,0.7083333333333334,0.48,0.5941666666666667,主測度 發文數｜等權・未篩選,abn_attention_weekend
2020-04-05,122,0.05697332697890344,25,0.06136250423210237,24,0.054512054921873866,24,0.056987789483726646,24,0.051243286348304426,25,-0.005730040630599016,0.52,0.28,0.4,主測度 發文數｜等權・未篩選,abn_attention_weekend
2020-04-12,122,0.022628415229589156,25,0.04282236354746024,24,0.034011741862013355,24,0.0163979230864333,24,0.024560478035898316,25,0.00193206280630916,0.4,0.24,0.32,主測度 發文數｜等權・未篩選,abn_attention_weekend
2020-04-19,123,-0.0045723089267931715,25,-0.01739631171189117,24,-0.009087098410809381,25,-0.01121783654606423,24,-0.01663500060814239,25,-0.01206269168134922,0.28,0.2,0.24000000000000002,主測度 發文數｜等權・未篩選,abn_attention_weekend
2020-04-26,123,0.04810545068402538,25,0.06338336074703867,24,0.05817916002766734,25,0.046371381390570066,24,0.06363901120140751,25,0.015533560517382132,0.2,0.2,0.2,主測度 發文數｜等權・未篩選,abn_attention_weekend
2020-05-03,118,0.03713717199215597,24,0.04271193832596681,23,0.01890076996574845,24,0.013398012071980277,23,0.019199660819343368,24,-0.017937511172812604,0.4166666666666667,0.2916666666666667,0.3541666666666667,主測度 發文數｜等權・未篩選,abn_attention_weekend
2020-05-10,117,-0.02203679825202846,24,-0.026401437933987082,23,-0.026350171156162415,23,-0.007108783617606874,23,-0.013432520738376303,24,0.008604277513652158,0.4583333333333333,0.2916666666666667,0.375,主測度 發文數｜等權・未篩選,abn_attention_weekend
2020-05-17,118,0.010911829718149177,24,0.011781331818443869,23,0.022589302363830558,24,-0.0014175729596546019,23,0.001859861952264651,24,-0.009051967765884525,0.4166666666666667,0.375,0.39583333333333337,主測度 發文數｜等權・未篩選,abn_attention_weekend
2020-05-24,124,-0.005274699180654508,25,0.0036210014825973193,25,0.02226145625524878,24,0.010525660166865363,25,0.004684793421192866,25,0.009959492601847374,0.4,0.36,0.38,主測度 發文數｜等權・未篩選,abn_attention_weekend
2020-05-31,121,0.029071771377258332,25,0.03669802649354186,24,0.03796891860247625,24,0.03766470827613878,24,0.02366131765437425,24,-0.0054104537228840816,0.5833333333333334,0.32,0.45166666666666666,主測度 發文數｜等權・未篩選,abn_attention_weekend
2020-06-07,122,-0.019017126489602854,25,-0.024580071169672837,24,-0.03463977550154268,24,-0.030165896454742547,24,-0.03074694195618391,25,-0.011729815466581056,0.64,0.36,0.5,主測度 發文數｜等權・未篩選,abn_attention_weekend
2020-06-14,120,0.019711272882731362,24,0.024705804565865335,24,0.01748635643731997,24,0.022910508370758975,24,0.010113668481307287,24,-0.009597604401424075,0.20833333333333334,0.20833333333333334,0.20833333333333334,主測度 發文數｜等權・未篩選,abn_attention_weekend
2020-06-21,121,-0.0009440809546563012,25,-0.009594336704670215,24,-0.005961789078248778,24,-0.012108362425317579,24,0.007613498777090634,24,0.008557579731746935,0.2916666666666667,0.2,0.24583333333333335,主測度 發文數｜等權・未篩選,abn_attention_weekend
2020-06-28,123,0.02250117812891602,25,0.020871270822809502,24,0.025525005771638413,25,0.02681601870077667,24,0.017071297270832043,25,-0.005429880858083977,0.4,0.24,0.32,主測度 發文數｜等權・未篩選,abn_attention_weekend
2020-07-05,124,-0.014830993908545632,25,-0.0021109952443084177,25,-0.00047547389844040017,24,0.0026403434441932116,25,0.00282211100603051,25,0.01765310491457614,0.36,0.2,0.28,主測度 發文數｜等權・未篩選,abn_attention_weekend
2020-07-12,124,0.01641752326487704,25,-0.007942024519123389,25,0.0005989010354274701,24,-0.012902390154791972,25,-0.0020884334339482803,25,-0.01850595669882532,0.4,0.44,0.42000000000000004,主測度 發文數｜等權・未篩選,abn_attention_weekend
2020-07-19,126,-0.0026631123880502647,26,-0.012878708474112467,25,0.00029716433797054797,25,-0.0009293897453268407,25,0.01180466519409677,25,0.014467777582147035,0.32,0.2692307692307692,0.2946153846153846,主測度 發文數｜等權・未篩選,abn_attention_weekend
2020-07-26,126,-0.01028926947475133,26,-0.010543625573371154,25,-0.018340206516475277,25,-0.004268569146524119,25,0.0037759439351623893,25,0.01406521340991372,0.32,0.23076923076923078,0.2753846153846154,主測度 發文數｜等權・未篩選,abn_attention_weekend
2020-08-02,125,0.016218744235304863,25,0.018196381704163572,25,0.01712681369336796,25,0.005570901325856767,25,0.035576586772499696,25,0.019357842537194834,0.36,0.36,0.36,主測度 發文數｜等權・未篩選,abn_attention_weekend
2020-08-09,127,0.00475653165088187,26,0.031353342143500045,25,0.01677361245631849,25,0.018972674079506688,25,0.005947465955162139,26,0.0011909343042802696,0.38461538461538464,0.34615384615384615,0.3653846153846154,主測度 發文數｜等權・未篩選,abn_attention_weekend
2020-08-16,127,-0.026275923127033755,26,0.0017712973141860155,25,0.005292244607820207,25,-0.008103230609473084,25,-0.0029390896818395863,26,0.023336833445194168,0.23076923076923078,0.23076923076923078,0.23076923076923078,主測度 發文數｜等權・未篩選,abn_attention_weekend
2020-08-23,127,0.018293152588432147,26,0.010860044525276122,25,0.02543086270965939,25,0.0212152852182423,25,0.03138339191721884,26,0.013090239328786692,0.5384615384615384,0.38461538461538464,0.46153846153846156,主測度 發文數｜等權・未篩選,abn_attention_weekend
2020-08-30,127,0.0033400884660301647,26,0.009750185287521695,25,0.026464788764514465,25,2.218317790250168e-06,25,-0.012227997293290925,26,-0.015568085759321091,0.5384615384615384,0.5,0.5192307692307692,主測度 發文數｜等權・未篩選,abn_attention_weekend
2020-09-06,130,0.0004224313969960737,26,0.0005716754111171426,26,-0.013217735997236678,26,-0.0035621254504237467,26,0.0010634151338274654,26,0.0006409837368313918,0.34615384615384615,0.3076923076923077,0.3269230769230769,主測度 發文數｜等權・未篩選,abn_attention_weekend
2020-09-13,130,0.010556477698421239,26,0.004220081079693166,26,0.021183444044366326,26,0.004731823223621854,26,0.010432433141493943,26,-0.00012404455692729618,0.3076923076923077,0.23076923076923078,0.2692307692307693,主測度 發文數｜等權・未篩選,abn_attention_weekend
2020-09-20,131,-0.07452679669140261,27,-0.06732551802666428,26,-0.0747515110663468,26,-0.06221174070067174,26,-0.04427493131683898,26,0.030251865374563626,0.23076923076923078,0.18518518518518517,0.20797720797720798,主測度 發文數｜等權・未篩選,abn_attention_weekend
2020-09-27,131,0.008967996918963127,27,0.006561698235814257,26,0.00921435363766802,26,0.018340516453362214,26,0.01698487622426161,26,0.008016879305298482,0.34615384615384615,0.18518518518518517,0.2656695156695157,主測度 發文數｜等權・未篩選,abn_attention_weekend
2020-10-04,132,0.021732629947944084,27,0.019849994740173762,26,0.021646293218569087,26,0.02983254328284672,26,0.0167506721991034,27,-0.004981957748840683,0.4444444444444444,0.37037037037037035,0.4074074074074074,主測度 發文數｜等權・未篩選,abn_attention_weekend
2020-10-11,133,-0.012571850571755472,27,-0.007986660833787991,26,-0.004067738274612154,27,0.012184395810490143,26,-0.016101344169514295,27,-0.003529493597758823,0.25925925925925924,0.2962962962962963,0.2777777777777778,主測度 發文數｜等權・未篩選,abn_attention_weekend
2020-10-18,134,0.0176093125422035,27,0.011527515004533964,27,0.015361584987352786,26,0.01766395678107001,27,0.0030189766951329946,27,-0.014590335847070505,0.25925925925925924,0.18518518518518517,0.2222222222222222,主測度 發文數｜等權・未篩選,abn_attention_weekend
2020-10-25,133,-0.025553121338171433,27,-0.01531040752269307,26,-0.0138449205541017,27,-0.013862453341238128,26,-0.016390966841119334,27,0.0091621544970521,0.37037037037037035,0.25925925925925924,0.31481481481481477,主測度 發文數｜等權・未篩選,abn_attention_weekend
2020-11-01,132,0.019927057348959505,27,0.0165861157377691,26,0.025629385049576008,26,0.015466604489867654,26,0.014916238470157385,27,-0.00501081887880212,0.25925925925925924,0.3333333333333333,0.2962962962962963,主測度 發文數｜等權・未篩選,abn_attention_weekend
2020-11-08,132,-0.008551039195901281,27,0.01894470231433143,26,0.0018597520890589192,26,0.015104234462622823,26,0.006349080477894081,27,0.014900119673795363,0.3333333333333333,0.18518518518518517,0.25925925925925924,主測度 發文數｜等權・未篩選,abn_attention_weekend
2020-11-15,133,0.02155264904507949,27,0.014120916493815992,26,-0.002383354981443264,27,0.022482154981378018,26,0.017377070950339673,27,-0.004175578094739816,0.3333333333333333,0.2222222222222222,0.2777777777777778,主測度 發文數｜等權・未篩選,abn_attention_weekend
2020-11-22,132,0.032183315365377406,27,0.008598730601204555,26,0.020572389063113466,26,0.02344240944174999,26,0.011652535001194312,27,-0.020530780364183092,0.3333333333333333,0.25925925925925924,0.2962962962962963,主測度 發文數｜等權・未篩選,abn_attention_weekend
2020-11-29,134,0.020405735356807245,27,-0.004998342949930545,27,-0.009197031382004523,26,0.01353768528474751,27,0.014840181822059722,27,-0.005565553534747523,0.3333333333333333,0.3333333333333333,0.3333333333333333,主測度 發文數｜等權・未篩選,abn_attention_weekend
2020-12-06,134,-0.012891255498759394,27,-0.013603915831246781,27,-0.020746978740234494,26,-0.009114206979409492,27,-0.016558419754941704,27,-0.0036671642561823103,0.48148148148148145,0.25925925925925924,0.37037037037037035,主測度 發文數｜等權・未篩選,abn_attention_weekend
2020-12-13,134,0.004407241031447501,27,0.009241012865690094,27,0.01821544493628182,26,0.00483288723894994,27,0.010551659106003888,27,0.006144418074556387,0.25925925925925924,0.18518518518518517,0.2222222222222222,主測度 發文數｜等權・未篩選,abn_attention_weekend
2020-12-20,134,0.026251129919565977,27,0.024750027874487854,27,0.008103716700640029,26,-0.00368782670194173,27,0.017353013131681864,27,-0.008898116787884113,0.4074074074074074,0.3333333333333333,0.37037037037037035,主測度 發文數｜等權・未篩選,abn_attention_weekend
2020-12-27,136,0.017021458545721537,28,0.0116419451504866,27,0.012519745707715631,27,0.005959443684937648,27,0.032649797935288424,27,0.015628339389566887,0.3333333333333333,0.25,0.29166666666666663,主測度 發文數｜等權・未篩選,abn_attention_weekend
2021-01-03,139,-0.018924281582282983,28,-0.011734586135031613,28,-0.029976040532880693,27,0.0034553522892745952,28,0.011657019126387102,28,0.030581300708670087,0.35714285714285715,0.2857142857142857,0.3214285714285714,主測度 發文數｜等權・未篩選,abn_attention_weekend
2021-01-10,137,-0.03856514162858206,28,-0.024569638393391584,27,-0.047952713382818014,27,-0.0003167793269822433,27,-0.024439375131642172,28,0.014125766496939886,0.35714285714285715,0.32142857142857145,0.3392857142857143,主測度 發文數｜等權・未篩選,abn_attention_weekend
2021-01-17,138,-0.023411991415427155,28,-0.018976997303904845,27,-0.02647633301580287,28,-0.01941463749903005,27,-0.0020178089847515163,28,0.02139418243067564,0.35714285714285715,0.25,0.3035714285714286,主測度 發文數｜等權・未篩選,abn_attention_weekend
2021-01-24,139,-0.029910378148007875,28,-0.027159258795143193,28,-0.02720510950649985,27,-0.026339593256284825,28,-0.03734172683394451,28,-0.007431348685936635,0.35714285714285715,0.2857142857142857,0.3214285714285714,主測度 發文數｜等權・未篩選,abn_attention_weekend
2021-01-31,140,0.02519497040420595,28,0.023539166981864323,28,0.026825272325636054,28,0.010408956811593036,28,0.024304431683620592,28,-0.0008905387205853585,0.5357142857142857,0.42857142857142855,0.4821428571428571,主測度 發文數｜等權・未篩選,abn_attention_weekend
2021-02-14,140,0.030627381910365854,28,0.029793829209825918,28,0.03618408648571936,28,0.04273175925877909,28,0.03201027328504012,28,0.001382891374674268,0.7142857142857143,0.5,0.6071428571428572,主測度 發文數｜等權・未篩選,abn_attention_weekend
2021-02-21,140,0.00823670433601307,28,0.006455720954947457,28,0.013441496601160187,28,0.042343792172823046,28,0.020160279481428095,28,0.011923575145415024,0.2857142857142857,0.32142857142857145,0.3035714285714286,主測度 發文數｜等權・未篩選,abn_attention_weekend
2021-02-28,140,-0.03780944044931657,28,-0.013597350607216499,28,-0.014458537009066772,28,-0.0034852720944063037,28,-0.01243027739651976,28,0.025379163052796812,0.25,0.21428571428571427,0.23214285714285715,主測度 發文數｜等權・未篩選,abn_attention_weekend
2021-03-07,139,0.017770732677753625,28,0.01607499564617922,28,0.015193381961305317,27,0.00612225166894518,28,0.02465967415223202,28,0.006888941474478397,0.35714285714285715,0.17857142857142858,0.26785714285714285,主測度 發文數｜等權・未篩選,abn_attention_weekend
2021-03-14,140,0.0005024090751677106,28,-0.005226664251984818,28,0.003381741060354037,28,0.0007930515335093686,28,-0.0030648005598612393,28,-0.00356720963502895,0.2857142857142857,0.2857142857142857,0.2857142857142857,主測度 發文數｜等權・未篩選,abn_attention_weekend
2021-03-21,140,0.011396815838503974,28,0.021928376966672602,28,0.027865980326325698,28,0.012817836623174313,28,0.0074724876503502536,28,-0.00392432818815372,0.6785714285714286,0.4642857142857143,0.5714285714285714,主測度 發文數｜等權・未篩選,abn_attention_weekend
2021-03-28,140,0.009876081663047546,28,0.009445577360092253,28,0.007097183625084959,28,0.012686927308674763,28,0.020808514459289586,28,0.01093243279624204,0.6428571428571429,0.4642857142857143,0.5535714285714286,主測度 發文數｜等權・未篩選,abn_attention_weekend
2021-04-04,141,0.044728249301467946,29,0.01659536385750065,28,0.019944226419512656,28,0.0269087234212954,28,0.024381046007129585,28,-0.02034720329433836,0.5357142857142857,0.41379310344827586,0.4747536945812808,主測度 發文數｜等權・未篩選,abn_attention_weekend
2021-04-11,142,0.033339330591941364,29,0.0326583077331377,28,0.03946468166121233,28,0.005699878241372184,28,0.06887939036809511,29,0.035540059776153744,0.6206896551724138,0.3448275862068966,0.4827586206896552,主測度 發文數｜等權・未篩選,abn_attention_weekend
2021-04-18,146,0.020456617399066176,30,0.017111732139281716,29,0.01848930321855881,29,0.021058824351282316,29,0.027017552853637435,29,0.0065609354545712595,0.4827586206896552,0.3,0.3913793103448276,主測度 發文數｜等權・未篩選,abn_attention_weekend
2021-04-25,147,0.03684865973748673,30,0.013752441102285167,29,0.026574712822896536,29,-0.004410280958500693,29,0.03550670162300793,30,-0.0013419581144787987,0.4,0.3333333333333333,0.3666666666666667,主測度 發文數｜等權・未篩選,abn_attention_weekend
2021-05-02,150,-0.04067585964574302,30,-0.029395948516688464,30,-0.04407966709787247,30,-0.045116715552483005,30,-0.024380136888745976,30,0.016295722756997047,0.26666666666666666,0.23333333333333334,0.25,主測度 發文數｜等權・未篩選,abn_attention_weekend
2021-05-09,149,-0.12004479734023832,30,-0.09116719350654877,30,-0.11420269710471469,29,-0.11139354338093836,30,-0.10559859575373302,30,0.014446201586505295,0.23333333333333334,0.16666666666666666,0.2,主測度 發文數｜等權・未篩選,abn_attention_weekend
2021-05-16,150,0.09788982465047358,30,0.08974089883616689,30,0.09430736110923048,30,0.07938582321416397,30,0.10290925468340303,30,0.005019430032929456,0.7,0.23333333333333334,0.4666666666666667,主測度 發文數｜等權・未篩選,abn_attention_weekend
2021-05-23,152,0.04763447024109566,31,0.03408898890875334,30,0.04642577189823847,30,0.07137538845461178,30,0.04692879351610003,31,-0.0007056767249956353,0.7741935483870968,0.5806451612903226,0.6774193548387097,主測度 發文數｜等權・未篩選,abn_attention_weekend
2021-05-30,154,0.02705827479995141,31,0.014661523472590152,31,0.021044927418484464,30,0.019433294497027517,31,0.03302207317537978,31,0.005963798375428368,0.6451612903225806,0.5161290322580645,0.5806451612903225,主測度 發文數｜等權・未篩選,abn_attention_weekend
2021-06-06,155,-0.01788209155366829,31,-0.023058027756709547,31,-0.007745812716595662,31,-0.013626127674893365,31,-0.01765637242346834,31,0.00022571913019995074,0.5483870967741935,0.3548387096774194,0.45161290322580644,主測度 發文數｜等權・未篩選,abn_attention_weekend
2021-06-13,154,0.008800879838158044,31,-2.1724391656113303e-05,31,-0.01509757415314224,30,0.015596996483224868,31,0.008452918717006886,31,-0.0003479611211511576,0.5161290322580645,0.45161290322580644,0.4838709677419355,主測度 發文數｜等權・未篩選,abn_attention_weekend
2021-06-20,152,0.028411984291607247,31,0.04011359143731342,30,0.043539907039942045,30,0.022226689095754763,30,0.05350709199074687,31,0.025095107699139627,0.5161290322580645,0.2903225806451613,0.4032258064516129,主測度 發文數｜等權・未篩選,abn_attention_weekend
2021-06-27,156,0.017448727670967026,32,0.020583263324461917,31,0.022947458801384393,31,-0.000945973976423576,31,0.02785947899697799,31,0.010410751326010964,0.3548387096774194,0.21875,0.2867943548387097,主測度 發文數｜等權・未篩選,abn_attention_weekend
2021-07-04,159,-0.011170923655903674,32,-0.008310144382418505,32,-0.012608072231157206,31,0.016010722299025643,32,-0.01621909321593252,32,-0.005048169560028844,0.5,0.3125,0.40625,主測度 發文數｜等權・未篩選,abn_attention_weekend
2021-07-11,162,-0.014938880230666828,33,-0.01796847677612229,32,-0.022926139778781496,32,0.004651483664740243,32,-0.019534129220999872,33,-0.004595248990333044,0.48484848484848486,0.30303030303030304,0.3939393939393939,主測度 發文數｜等權・未篩選,abn_attention_weekend
2021-07-18,161,-0.015702741620532364,33,0.0039889582469926355,32,-0.010359573845896076,32,-0.0015560262168424106,32,-0.026703913183016577,32,-0.011001171562484213,0.53125,0.48484848484848486,0.5080492424242424,主測度 發文數｜等權・未篩選,abn_attention_weekend
2021-07-25,163,-0.031760474553058464,33,-0.029668522570079934,32,-0.023260832488599278,33,-0.011415219740398354,32,-0.029326464562230547,33,0.002434009990827917,0.48484848484848486,0.36363636363636365,0.42424242424242425,主測度 發文數｜等權・未篩選,abn_attention_weekend
2021-08-01,163,0.006600229265433022,33,0.0018920712854428486,32,0.009115944038447349,33,0.008139010175775504,32,0.008063923401674578,33,0.001463694136241556,0.48484848484848486,0.30303030303030304,0.3939393939393939,主測度 發文數｜等權・未篩選,abn_attention_weekend
2021-08-08,162,-0.03716262276742201,33,-0.03369719626734198,32,-0.04848587170771032,32,-0.042067072907106595,32,-0.02775567124450402,33,0.009406951522917987,0.48484848484848486,0.30303030303030304,0.3939393939393939,主測度 發文數｜等權・未篩選,abn_attention_weekend
2021-08-15,162,-0.0326942600184007,33,-0.04371662507613333,32,-0.03820091304806303,32,-0.03665810169902546,32,-0.02680064328093624,33,0.005893616737464462,0.36363636363636365,0.24242424242424243,0.30303030303030304,主測度 發文數｜等權・未篩選,abn_attention_weekend
2021-08-22,162,0.047494813575143194,33,0.0417754586060924,32,0.036928529486547505,32,0.041066600677644186,32,0.030893859181324448,33,-0.016600954393818746,0.3333333333333333,0.3939393939393939,0.36363636363636365,主測度 發文數｜等權・未篩選,abn_attention_weekend
2021-08-29,162,-0.02048002581262228,33,0.004151622661979458,32,0.0013100441824286865,32,0.0016703047941406535,32,0.0059677995134043045,33,0.026447825326026585,0.5151515151515151,0.42424242424242425,0.4696969696969697,主測度 發文數｜等權・未篩選,abn_attention_weekend
2021-09-05,160,-0.005690009664684775,32,-0.01539498908612092,32,-0.010872470834044499,32,-0.013828422137526244,32,-0.004972396132383813,32,0.0007176135323009626,0.40625,0.34375,0.375,主測度 發文數｜等權・未篩選,abn_attention_weekend
2021-09-12,159,-0.0060063152595103905,32,0.006257336624066755,32,0.005064217841438576,31,-0.009167463786105109,32,-0.002746550827863469,32,0.0032597644316469214,0.3125,0.34375,0.328125,主測度 發文數｜等權・未篩選,abn_attention_weekend
2021-09-19,158,0.027118476982564983,32,0.011609644565887634,31,0.016353910795979396,32,0.018143107866800075,31,0.015323606544908459,32,-0.011794870437656525,0.375,0.40625,0.390625,主測度 發文數｜等權・未篩選,abn_attention_weekend
2021-09-26,157,-0.037202946993737385,32,-0.036880983696837406,31,-0.01169867772954117,31,-0.02483681563969038,31,-0.019484917373559604,32,0.01771802962017778,0.15625,0.15625,0.15625,主測度 發文數｜等權・未篩選,abn_attention_weekend
2021-10-03,162,-0.01219819357923177,33,-0.001917941245094,32,-0.015695657686934993,32,0.0048857476248973936,32,-0.010987999184499263,33,0.0012101943947325066,0.45454545454545453,0.2727272727272727,0.36363636363636365,主測度 發文數｜等權・未篩選,abn_attention_weekend
2021-10-10,163,-0.01206882753127476,33,0.000564237512543312,32,0.0035721748432759174,33,-0.007648625106624871,32,-0.005815402619727885,33,0.006253424911546874,0.3939393939393939,0.36363636363636365,0.3787878787878788,主測度 發文數｜等權・未篩選,abn_attention_weekend
2021-10-17,165,-0.01899258144495247,33,-0.007512809052580772,33,0.003783749488677455,33,0.0033888815995470013,33,0.00867748492538557,33,0.027670066370338038,0.3333333333333333,0.30303030303030304,0.3181818181818182,主測度 發文數｜等權・未篩選,abn_attention_weekend
2021-10-24,164,0.022882471233319854,33,6.853094033689519e-05,33,0.007384954651344564,32,0.026581522620698298,33,0.007405136580380337,33,-0.015477334652939517,0.18181818181818182,0.15151515151515152,0.16666666666666669,主測度 發文數｜等權・未篩選,abn_attention_weekend
2021-10-31,165,0.010235547925587599,33,0.001778175051994378,33,0.012762071218265326,33,0.0036589166510903387,33,0.002872865814056133,33,-0.007362682111531466,0.24242424242424243,0.24242424242424243,0.24242424242424243,主測度 發文數｜等權・未篩選,abn_attention_weekend
2021-11-07,165,0.007258872736626126,33,0.0122745725123127,33,0.01851101790829064,33,-0.0024951931660750124,33,0.006967534455199961,33,-0.00029133828142616485,0.3333333333333333,0.18181818181818182,0.25757575757575757,主測度 發文數｜等權・未篩選,abn_attention_weekend
2021-11-14,166,-0.006273787719875647,34,0.0004700660587275931,33,-0.024003883668807374,33,0.005678132431132974,33,-0.002578129053745343,33,0.0036956586661303042,0.45454545454545453,0.4117647058823529,0.4331550802139037,主測度 發文數｜等權・未篩選,abn_attention_weekend
2021-11-21,166,-0.014356724855701301,34,-0.010778802261921594,33,-0.0038963368668655713,33,-0.024172180153565027,33,-0.013497291635615674,33,0.0008594332200856265,0.15151515151515152,0.11764705882352941,0.13458110516934046,主測度 發文數｜等權・未篩選,abn_attention_weekend
2021-11-28,165,0.02655173908866185,33,0.0072765207628260435,33,0.012767607199145862,33,0.03443287232011116,33,0.018360271999757986,33,-0.008191467088903864,0.18181818181818182,0.12121212121212122,0.15151515151515152,主測度 發文數｜等權・未篩選,abn_attention_weekend
2021-12-05,167,0.008315079486673519,34,0.0013237935788467273,33,0.0015988575379907131,33,0.01272791048513172,33,0.0032173579932888293,34,-0.005097721493384689,0.29411764705882354,0.3235294117647059,0.3088235294117647,主測度 發文數｜等權・未篩選,abn_attention_weekend
2021-12-12,169,-0.009511590422775358,34,-0.005474739633913317,34,0.004160967859871173,33,-0.012759172163466666,34,-0.006104240202549993,34,0.0034073502202253657,0.38235294117647056,0.35294117647058826,0.36764705882352944,主測度 發文數｜等權・未篩選,abn_attention_weekend
2021-12-19,169,0.01601118562977988,34,0.002311066458189681,34,0.009637537929361872,33,0.029711563872359043,34,0.001672856877247027,34,-0.014338328752532855,0.29411764705882354,0.29411764705882354,0.29411764705882354,主測度 發文數｜等權・未篩選,abn_attention_weekend
2021-12-26,170,0.008355560723666082,34,0.007726556413035905,34,0.005693698205840912,34,0.013924628309231978,34,0.014293509981385821,34,0.005937949257719739,0.14705882352941177,0.23529411764705882,0.19117647058823528,主測度 發文數｜等權・未篩選,abn_attention_weekend
2022-01-02,171,-0.012760024482405189,35,-0.012364281112927644,34,-0.022868387879414368,34,-0.03291364302715512,34,-0.01634514496739444,34,-0.0035851204849892526,0.20588235294117646,0.17142857142857143,0.18865546218487395,主測度 發文數｜等權・未篩選,abn_attention_weekend
2022-01-09,171,-0.008163149427155167,35,-0.0055490016562599,34,-0.011131309341901633,34,-0.021862073749539093,34,0.010562184219031412,34,0.01872533364618658,0.23529411764705882,0.34285714285714286,0.2890756302521008,主測度 發文數｜等權・未篩選,abn_attention_weekend
2022-01-16,171,-0.01708679722073242,35,-0.014478822466343733,34,-0.020222587403724374,34,-0.003950169122540762,34,-0.020115304535273475,34,-0.003028507314541056,0.35294117647058826,0.3142857142857143,0.3336134453781513,主測度 發文數｜等權・未篩選,abn_attention_weekend
2022-01-23,169,-0.01575189422185441,34,-0.017475563937596597,34,-0.016802200640659196,33,-0.02030292747416361,34,-0.007383514494425121,34,0.008368379727429287,0.35294117647058826,0.20588235294117646,0.27941176470588236,主測度 發文數｜等權・未篩選,abn_attention_weekend
2022-02-06,167,0.04788818398329012,34,0.03022736442204747,33,0.04247531667390518,33,0.04084891422996364,33,0.03100624435752646,34,-0.016881939625763658,0.38235294117647056,0.35294117647058826,0.36764705882352944,主測度 發文數｜等權・未篩選,abn_attention_weekend
2022-02-13,168,0.018373654617278114,34,0.015723928123966262,33,-0.0016710679738119755,34,0.018649685880494704,33,0.010974421064873048,34,-0.007399233552405066,0.38235294117647056,0.2647058823529412,0.32352941176470584,主測度 發文數｜等權・未篩選,abn_attention_weekend
2022-02-20,168,-0.01412805010749705,34,-0.01092364330701731,33,-0.02092049279846475,34,-0.022671946677931036,33,-0.015302045846050693,34,-0.0011739957385536424,0.4117647058823529,0.4117647058823529,0.4117647058823529,主測度 發文數｜等權・未篩選,abn_attention_weekend
2022-02-27,169,0.012254529362548658,34,0.01670687718833756,34,0.0094949758955707,33,0.011860171248717962,34,0.004718717270268399,34,-0.007535812092280259,0.17647058823529413,0.17647058823529413,0.17647058823529413,主測度 發文數｜等權・未篩選,abn_attention_weekend
2022-03-06,169,-0.009128115248544885,34,-0.025720305007021986,34,-0.014423588129787942,33,-0.016308948634340327,34,-0.006923327598677691,34,0.0022047876498671945,0.23529411764705882,0.14705882352941177,0.19117647058823528,主測度 發文數｜等權・未篩選,abn_attention_weekend
2022-03-13,170,0.013110570938028624,34,0.014221441577975858,34,0.00638731225078075,34,0.009754613718723422,34,0.0034284202104195222,34,-0.009682150727609102,0.2647058823529412,0.3235294117647059,0.29411764705882354,主測度 發文數｜等權・未篩選,abn_attention_weekend
2022-03-20,170,-0.008464338282307934,34,0.014528612647834512,34,0.011562841107306644,34,0.0017104970434603925,34,0.005522342096726581,34,0.013986680379034515,0.17647058823529413,0.17647058823529413,0.17647058823529413,主測度 發文數｜等權・未篩選,abn_attention_weekend
2022-03-27,172,0.012443737774088245,35,0.007994797100054678,34,0.0013906302011766477,34,0.0007014222636752293,34,-1.7216301067587584e-05,35,-0.012460954075155833,0.6,0.4857142857142857,0.5428571428571428,主測度 發文數｜等權・未篩選,abn_attention_weekend
2022-04-03,172,-0.011555902261381238,35,-0.005663896293159896,34,0.00036173566623164203,34,-0.019593266928024253,34,-0.0017759085162308745,35,0.009779993745150362,0.6,0.45714285714285713,0.5285714285714286,主測度 發文數｜等權・未篩選,abn_attention_weekend
2022-04-10,172,-0.00954952957323628,35,0.008131583015487854,34,0.006365301653664703,34,-0.019818367462448815,34,-0.012399366408510746,35,-0.0028498368352744656,0.17142857142857143,0.17142857142857143,0.17142857142857143,主測度 發文數｜等權・未篩選,abn_attention_weekend
2022-04-17,171,0.0033358755928074167,35,0.01760497503198788,34,0.019529755782830994,34,0.016168839701532333,34,0.0019382770698275307,34,-0.001397598522979886,0.17647058823529413,0.17142857142857143,0.17394957983193277,主測度 發文數｜等權・未篩選,abn_attention_weekend
2022-04-24,170,-0.02911037852679022,34,-0.023348771368345785,34,-0.04640095545548402,34,-0.019772151649952354,34,-0.02645609988991259,34,0.00265427863687763,0.4117647058823529,0.20588235294117646,0.3088235294117647,主測度 發文數｜等權・未篩選,abn_attention_weekend
2022-05-01,169,-0.01830991583076854,34,-0.011641779762516846,34,-0.013642524417354807,33,0.006597036223598585,34,-0.004144392351775076,34,0.014165523478993464,0.3235294117647059,0.23529411764705882,0.27941176470588236,主測度 發文數｜等權・未篩選,abn_attention_weekend
2022-05-08,168,-0.03925542114425279,34,-0.05646337176128525,33,-0.04612190408738341,34,-0.027626779874666163,33,-0.038377415496212396,34,0.0008780056480403933,0.38235294117647056,0.3235294117647059,0.3529411764705882,主測度 發文數｜等權・未篩選,abn_attention_weekend
2022-05-15,168,0.012713489931430299,34,0.016592241660419595,33,0.018355956303867885,34,0.013264198693797429,33,0.0029431851636798102,34,-0.009770304767750489,0.4411764705882353,0.35294117647058826,0.3970588235294118,主測度 發文數｜等權・未篩選,abn_attention_weekend
2022-05-22,167,0.007483698620525068,34,0.0024944840776676773,33,0.004556643675409984,33,0.005121431548150411,33,0.007662894208761771,34,0.00017919558823670245,0.3235294117647059,0.2647058823529412,0.29411764705882354,主測度 發文數｜等權・未篩選,abn_attention_weekend
2022-05-29,167,-0.0017097321366209366,34,0.006143649080039298,33,-0.00037744426217887746,33,0.02263280609971219,33,0.0018510663988522478,34,0.0035607985354731845,0.23529411764705882,0.2647058823529412,0.25,主測度 發文數｜等權・未篩選,abn_attention_weekend
2022-06-05,169,-0.016412493644358817,34,0.00423524652605693,34,-0.005946879065988046,33,-0.003994139758636113,34,0.007086741058670396,34,0.023499234703029212,0.2647058823529412,0.23529411764705882,0.25,主測度 發文數｜等權・未篩選,abn_attention_weekend
2022-06-12,168,-0.03544878597790907,34,-0.021727943789514967,33,-0.027848343115724993,34,-0.029485967368943156,33,-0.02912534904992352,34,0.006323436927985551,0.2647058823529412,0.23529411764705882,0.25,主測度 發文數｜等權・未篩選,abn_attention_weekend
2022-06-19,168,-0.03361658242447461,34,0.0022915575297221967,33,-0.018005360797555464,34,-0.015996899496446157,33,0.0005364768886008152,34,0.03415305931307542,0.20588235294117646,0.17647058823529413,0.19117647058823528,主測度 發文數｜等權・未篩選,abn_attention_weekend
2022-06-26,164,-0.05767156598779044,33,-0.04212488785504013,33,-0.062247345982436114,32,-0.07580203379689941,33,-0.06492545508624903,33,-0.007253889098458588,0.2727272727272727,0.24242424242424243,0.25757575757575757,主測度 發文數｜等權・未篩選,abn_attention_weekend
2022-07-03,163,0.024240617467384807,33,0.0026084402893594948,32,0.014243973876183463,33,0.013463509407064825,32,0.02617385954626073,33,0.0019332420788759214,0.21212121212121213,0.18181818181818182,0.19696969696969696,主測度 發文數｜等權・未篩選,abn_attention_weekend
2022-07-10,162,-0.011470778106878654,33,-0.005772674499492977,32,-0.01609421068808521,32,-0.012841551729338395,32,0.002602394606447861,33,0.014073172713326516,0.30303030303030304,0.2727272727272727,0.28787878787878785,主測度 發文數｜等權・未篩選,abn_attention_weekend
2022-07-17,163,0.034196618668756625,33,0.010757456735004833,32,0.03584200797428782,33,0.030784457787792575,32,0.030872018239343258,33,-0.0033246004294133664,0.36363636363636365,0.3333333333333333,0.3484848484848485,主測度 發文數｜等權・未篩選,abn_attention_weekend
2022-07-24,161,0.027000195337796268,33,0.010120230342096751,32,0.009468617949211083,32,0.0067693296585272025,32,-0.0001411576867230216,32,-0.02714135302451929,0.21875,0.18181818181818182,0.2002840909090909,主測度 發文數｜等權・未篩選,abn_attention_weekend
2022-07-31,161,-0.003519915704630875,33,-0.023012096504644204,32,-0.014075072194193915,32,-0.008375512325887551,32,-0.003726723170109452,32,-0.00020680746547857695,0.25,0.2727272727272727,0.26136363636363635,主測度 發文數｜等權・未篩選,abn_attention_weekend
2022-08-07,156,0.02149137562763403,32,0.02447584080327918,31,0.02834740238946926,31,0.024872277705893592,31,0.017632244565180977,31,-0.003859131062453055,0.1935483870967742,0.15625,0.1748991935483871,主測度 發文數｜等權・未篩選,abn_attention_weekend
2022-08-14,157,0.006452621050809449,32,0.012453605420924942,31,0.032171608866663114,31,0.01607647233146951,31,0.002222931794581679,32,-0.00422968925622777,0.3125,0.3125,0.3125,主測度 發文數｜等權・未篩選,abn_attention_weekend
2022-08-21,156,0.016844668273021942,32,0.026142127503420053,31,0.018813817524703024,31,0.009510516771252435,31,0.005443762979928528,31,-0.011400905293093413,0.41935483870967744,0.25,0.33467741935483875,主測度 發文數｜等權・未篩選,abn_attention_weekend
2022-08-28,155,-0.010382709282327533,31,0.002518446658866168,31,0.0026691914442797267,31,-0.00041359695489773967,31,-0.00753822737675621,31,0.002844481905571323,0.4838709677419355,0.3870967741935484,0.43548387096774194,主測度 發文數｜等權・未篩選,abn_attention_weekend
2022-09-04,155,-0.005217646863458932,31,-0.00666330711714633,31,-0.02070967463526947,31,-0.016485203446061625,31,-0.006555621069424422,31,-0.00133797420596549,0.41935483870967744,0.3548387096774194,0.3870967741935484,主測度 發文數｜等權・未篩選,abn_attention_weekend
2022-09-11,154,-0.004217312725742898,31,-0.009906507060965448,31,-0.007665464455009755,30,0.013598074027735382,31,-0.005096861094196141,31,-0.0008795483684532427,0.3548387096774194,0.2903225806451613,0.32258064516129037,主測度 發文數｜等權・未篩選,abn_attention_weekend
2022-09-18,156,-0.022289404136313452,32,-0.02205218911130297,31,-0.03262943009828589,31,-0.03703780784526654,31,-0.026537966406911664,31,-0.004248562270598211,0.25806451612903225,0.21875,0.23840725806451613,主測度 發文數｜等權・未篩選,abn_attention_weekend
2022-09-25,154,-0.03129190729269255,31,-0.03142709707714767,31,-0.040248379087296664,30,-0.04131611671167156,31,-0.03234744573745134,31,-0.001055538444758787,0.1935483870967742,0.16129032258064516,0.1774193548387097,主測度 發文數｜等權・未篩選,abn_attention_weekend
2022-10-02,152,0.02480130703627027,31,0.010787608243105588,30,0.03373878763333606,30,0.0324939519955639,30,0.0156355507921369,31,-0.00916575624413337,0.16129032258064516,0.12903225806451613,0.14516129032258063,主測度 發文數｜等權・未篩選,abn_attention_weekend
2022-10-09,152,-0.027410829165730333,31,-0.012711283941018232,30,-0.027048996991837004,30,-0.02266833324124183,30,-0.018069368702219358,31,0.009341460463510975,0.22580645161290322,0.22580645161290322,0.22580645161290322,主測度 發文數｜等權・未篩選,abn_attention_weekend
2022-10-16,148,-0.005571773689714965,30,-0.004766131691009961,29,-0.01258836559828695,30,-0.006184230257407246,29,-0.016048535490109535,30,-0.010476761800394571,0.23333333333333334,0.13333333333333333,0.18333333333333335,主測度 發文數｜等權・未篩選,abn_attention_weekend
2022-10-23,146,-0.010967939732153435,30,-0.01066962411993522,29,-0.004308023088440946,29,-0.025228608638353203,29,-0.011793241395030948,29,-0.0008253016628775138,0.3448275862068966,0.43333333333333335,0.38908045977011496,主測度 發文數｜等權・未篩選,abn_attention_weekend
2022-10-30,149,0.015365126457164329,30,0.01478382253848277,30,0.025411585407296697,29,0.03442831578870937,30,0.008274041732037758,30,-0.007091084725126571,0.43333333333333335,0.43333333333333335,0.43333333333333335,主測度 發文數｜等權・未篩選,abn_attention_weekend
2022-11-06,148,0.03574356183888971,30,0.014647665413461963,29,0.012575451781925677,30,0.023661544992203267,29,0.02886667319094929,30,-0.006876888647940418,0.26666666666666666,0.26666666666666666,0.26666666666666666,主測度 發文數｜等權・未篩選,abn_attention_weekend
2022-11-13,145,0.0026792937074487932,29,0.003257694702256606,29,0.014899095022917292,29,0.021765220140839453,29,0.02045999439895889,29,0.017780700691510096,0.20689655172413793,0.13793103448275862,0.1724137931034483,主測度 發文數｜等權・未篩選,abn_attention_weekend
2022-11-20,143,0.032513704922334935,29,0.01737076921883145,28,0.01212532753247217,29,0.0058546179058382875,28,0.009710076059902588,29,-0.022803628862432347,0.20689655172413793,0.20689655172413793,0.20689655172413793,主測度 發文數｜等權・未篩選,abn_attention_weekend
2022-11-27,141,0.03331894724093393,29,0.04082448435325181,28,0.06267970582049527,28,0.04791819804363541,28,0.03103148016013449,28,-0.002287467080799438,0.14285714285714285,0.13793103448275862,0.14039408866995073,主測度 發文數｜等權・未篩選,abn_attention_weekend
2022-12-04,140,0.001941872347373744,28,-0.010519292787297907,28,-0.022413694567880515,28,-0.016130578656554654,28,-0.0155916426466331,28,-0.017533514994006846,0.2857142857142857,0.21428571428571427,0.25,主測度 發文數｜等權・未篩選,abn_attention_weekend
2022-12-11,141,0.0025432321566622547,29,-0.0069518091597180675,28,0.009414517815955595,28,-0.004062822385707999,28,-0.0026847465418299537,28,-0.005227978698492208,0.25,0.27586206896551724,0.2629310344827586,主測度 發文數｜等權・未篩選,abn_attention_weekend
2022-12-18,141,-0.008416404183705877,29,-0.004591764564118921,28,-0.007666436538126978,28,-0.013318773679393865,28,-0.005137489548306835,28,0.0032789146353990424,0.21428571428571427,0.20689655172413793,0.2105911330049261,主測度 發文數｜等權・未篩選,abn_attention_weekend
2022-12-25,142,-0.012232817520563618,29,-0.0013483014950736569,28,-0.008555691110807923,28,-0.007142619134706009,28,-0.008968649798948599,29,0.0032641677216150196,0.3103448275862069,0.3448275862068966,0.3275862068965517,主測度 發文數｜等權・未篩選,abn_attention_weekend
2023-01-01,143,-2.379829050474877e-05,29,0.011648517270745356,28,0.006572033953401273,29,0.016021505138542995,28,0.004885339694467526,29,0.004909137984972275,0.3103448275862069,0.3448275862068966,0.3275862068965517,主測度 發文數｜等權・未篩選,abn_attention_weekend
2023-01-08,142,-0.003276990288669874,29,-0.0038266605259745312,28,-0.0007190115329248625,28,-0.013185463660453953,28,0.0075223140207219446,29,0.010799304309391819,0.2413793103448276,0.20689655172413793,0.22413793103448276,主測度 發文數｜等權・未篩選,abn_attention_weekend
2023-01-15,140,0.0016821690629153904,28,0.004659708632467884,28,0.0033522876680977015,28,-0.0015971849453079168,28,0.0008045529171895803,28,-0.0008776161457258101,0.25,0.25,0.25,主測度 發文數｜等權・未篩選,abn_attention_weekend
2023-01-29,138,0.010129806889451639,28,0.014298684500445358,27,0.034004717314065284,28,0.029392089780155065,27,0.010631884281372973,28,0.000502077391921334,0.2857142857142857,0.25,0.26785714285714285,主測度 發文數｜等權・未篩選,abn_attention_weekend
2023-02-05,137,-0.010188842924564944,28,0.0028327001841932744,27,-0.01397882397152393,27,-0.0062223957219933995,27,0.008122719498155502,28,0.018311562422720445,0.32142857142857145,0.32142857142857145,0.32142857142857145,主測度 發文數｜等權・未篩選,abn_attention_weekend
2023-02-12,137,0.01878989500320407,28,0.023721777152522536,27,0.012698426986968202,27,0.027088681839572314,27,0.01687378004589854,28,-0.00191611495730553,0.17857142857142858,0.10714285714285714,0.14285714285714285,主測度 發文數｜等權・未篩選,abn_attention_weekend
2023-02-19,138,0.011304850562831707,28,0.021643183452607954,27,0.016296696993582754,28,0.012328353874259505,27,0.02171060182236934,28,0.010405751259537632,0.39285714285714285,0.25,0.3214285714285714,主測度 發文數｜等權・未篩選,abn_attention_weekend
2023-02-26,140,0.01151841049876173,28,0.012607216843615297,28,0.00631628963819837,28,0.00683850997823951,28,0.008910876940487736,28,-0.0026075335582739934,0.39285714285714285,0.42857142857142855,0.4107142857142857,主測度 發文數｜等權・未篩選,abn_attention_weekend
2023-03-05,139,-0.015285708104719575,28,-0.019386328446015736,28,-0.00268303776011894,27,-0.007655294432576597,28,-0.016411373015280027,28,-0.0011256649105604519,0.17857142857142858,0.10714285714285714,0.14285714285714285,主測度 發文數｜等權・未篩選,abn_attention_weekend
2023-03-12,140,-0.0008546040338514067,28,-0.004542195856069571,28,-0.02003598134104586,28,-0.015315788780831016,28,-0.014791844882533461,28,-0.013937240848682055,0.25,0.14285714285714285,0.19642857142857142,主測度 發文數｜等權・未篩選,abn_attention_weekend
2023-03-19,143,0.01670068480872476,29,0.017601838697654113,28,0.02564811843687865,29,0.018178947319457097,28,0.02929875336361688,29,0.012598068554892119,0.2413793103448276,0.27586206896551724,0.25862068965517243,主測度 發文數｜等權・未篩選,abn_attention_weekend
2023-03-26,144,-0.00757474362947429,29,0.003970677161033344,29,-0.003892883607159396,28,-0.0033316843724747938,29,-0.0031221876494373184,29,0.004452555980036971,0.27586206896551724,0.2413793103448276,0.25862068965517243,主測度 發文數｜等權・未篩選,abn_attention_weekend
2023-04-02,144,0.0017277341945082121,29,0.002702808669852898,29,0.01616661378157838,28,0.003782026601157884,29,0.003776828754307037,29,0.002049094559798825,0.3103448275862069,0.3103448275862069,0.3103448275862069,主測度 發文數｜等權・未篩選,abn_attention_weekend
2023-04-09,143,0.019189381824989263,29,0.00614742200461575,28,0.04281554215108235,29,0.01173093348708451,28,0.014801820039966858,29,-0.004387561785022405,0.2413793103448276,0.13793103448275862,0.1896551724137931,主測度 發文數｜等權・未篩選,abn_attention_weekend
2023-04-16,143,-0.024011933858686225,29,-0.028735817059087225,28,-0.024590169648436154,29,-0.031518427581597404,28,-0.018653081125698162,29,0.005358852732988063,0.3793103448275862,0.2413793103448276,0.3103448275862069,主測度 發文數｜等權・未篩選,abn_attention_weekend
2023-04-23,143,0.0028098784952676156,29,0.009111710671437453,28,0.017456934988893627,29,0.0036609275211390607,28,0.00959158072619097,29,0.006781702230923356,0.3793103448275862,0.3103448275862069,0.3448275862068966,主測度 發文數｜等權・未篩選,abn_attention_weekend
2023-04-30,140,0.004659444987326404,28,0.002371539263360173,28,-0.0013195395687940839,28,0.004093354494732225,28,0.007204574104120275,28,0.0025451291167938707,0.39285714285714285,0.32142857142857145,0.35714285714285715,主測度 發文數｜等權・未篩選,abn_attention_weekend
2023-05-07,141,-0.024704193631666115,29,-0.02512582180326515,28,-0.04601896380470668,28,-0.013582261157529604,28,-0.021821605929458317,28,0.002882587702207798,0.32142857142857145,0.2413793103448276,0.2814039408866995,主測度 發文數｜等權・未篩選,abn_attention_weekend
2023-05-14,138,0.0284802134732915,28,0.020644157582213083,27,0.01652666027805446,28,0.04384853198349429,27,0.025999974663532082,28,-0.0024802388097594184,0.25,0.21428571428571427,0.23214285714285715,主測度 發文數｜等權・未篩選,abn_attention_weekend
2023-05-21,135,0.007337699600958051,27,-0.0009076730617273062,27,-0.0041941421586954636,27,0.009923222102728816,27,0.003204948927721755,27,-0.004132750673236296,0.2962962962962963,0.2962962962962963,0.2962962962962963,主測度 發文數｜等權・未篩選,abn_attention_weekend
2023-05-28,137,0.007322465238195903,28,0.018173649361027694,27,0.01877807882120539,27,0.027826500840655678,27,0.01355186395134764,28,0.006229398713151737,0.2857142857142857,0.25,0.26785714285714285,主測度 發文數｜等權・未篩選,abn_attention_weekend
2023-06-04,138,0.017087528785876903,28,0.008452377305676717,27,0.013920162985005915,28,0.013706557333328397,27,-0.0004424124628821128,28,-0.017529941248759017,0.14285714285714285,0.14285714285714285,0.14285714285714285,主測度 發文數｜等權・未篩選,abn_attention_weekend
2023-06-11,139,0.01927297981181101,28,0.01373482512723352,28,0.006742836934468459,27,0.003503256070973154,28,0.0036996130612955147,28,-0.015573366750515495,0.25,0.21428571428571427,0.23214285714285715,主測度 發文數｜等權・未篩選,abn_attention_weekend
2023-06-18,139,0.013277492076883378,28,-0.0011694625809506548,28,0.00468661633685175,27,0.010619124174080138,28,-0.0013684991264399013,28,-0.014645991203323279,0.5357142857142857,0.39285714285714285,0.4642857142857143,主測度 發文數｜等權・未篩選,abn_attention_weekend
2023-06-25,137,-0.011307481782088081,28,0.000528399330204942,27,0.003337909872520271,27,-0.021411368978797966,27,-0.005389459576706525,28,0.005918022205381557,0.42857142857142855,0.4642857142857143,0.4464285714285714,主測度 發文數｜等權・未篩選,abn_attention_weekend
2023-07-02,136,-0.020911255626467232,28,-0.0276416681475221,27,-0.021607320789744575,27,-0.006223650954900636,27,-0.008383335491906943,27,0.01252792013456029,0.18518518518518517,0.21428571428571427,0.1997354497354497,主測度 發文數｜等權・未篩選,abn_attention_weekend
2023-07-09,135,0.020101015657511295,27,-0.008420607743650076,27,-0.01059838048752126,27,0.0022925541575359474,27,-0.008588236613702548,27,-0.02868925227121384,0.14814814814814814,0.14814814814814814,0.14814814814814814,主測度 發文數｜等權・未篩選,abn_attention_weekend
2023-07-16,136,-0.01258481655192016,28,0.007665931649168421,27,0.008954158957575441,27,-0.02891948101802986,27,-0.009245557603585499,27,0.0033392589483346603,0.2222222222222222,0.25,0.2361111111111111,主測度 發文數｜等權・未篩選,abn_attention_weekend
2023-07-23,137,0.029959320646560376,28,0.011503102607881536,27,0.00643304818351305,27,0.015948996695351124,27,0.013872187856981013,28,-0.016087132789579364,0.2857142857142857,0.25,0.26785714285714285,主測度 發文數｜等權・未篩選,abn_attention_weekend
2023-07-30,134,-0.02589170137105424,27,-0.003104076627686044,27,-0.014575729316934068,26,-0.02712879119278348,27,-0.0027173589116585603,27,0.02317434245939568,0.2962962962962963,0.2962962962962963,0.2962962962962963,主測度 發文數｜等權・未篩選,abn_attention_weekend
2023-08-06,135,-0.03165529966113801,27,-0.03041745629098021,27,-0.04223576618251435,27,-0.034177723419791785,27,-0.01405353235512742,27,0.01760176730601059,0.37037037037037035,0.25925925925925924,0.31481481481481477,主測度 發文數｜等權・未篩選,abn_attention_weekend
2023-08-13,138,-0.005090541807581728,28,-0.0260061053072916,27,-0.014913538200137957,28,-0.014364872849694217,27,-0.02565776278827725,28,-0.020567220980695522,0.35714285714285715,0.2857142857142857,0.3214285714285714,主測度 發文數｜等權・未篩選,abn_attention_weekend
2023-08-20,143,-0.006734955562399512,29,-0.011290511362805868,28,-0.010153741156917508,29,0.003336898012682804,28,0.002149178004439639,29,0.008884133566839151,0.27586206896551724,0.1724137931034483,0.22413793103448276,主測度 發文數｜等權・未篩選,abn_attention_weekend
2023-08-27,142,0.002965612854049531,29,0.018831817256963784,28,0.03364667764660077,28,-0.0004221249993775727,28,0.007940227537701535,29,0.004974614683652004,0.20689655172413793,0.2413793103448276,0.22413793103448276,主測度 發文數｜等權・未篩選,abn_attention_weekend
2023-09-03,141,-0.002161557278573199,29,0.008055371219802182,28,-0.016611250873864003,28,0.0013615664016277276,28,-0.00890362621778591,28,-0.0067420689392127114,0.21428571428571427,0.2413793103448276,0.22783251231527094,主測度 發文數｜等權・未篩選,abn_attention_weekend
2023-09-10,141,0.016541170788439197,29,0.010587433784375457,28,0.004330559248562095,28,0.007669053058603306,28,0.005303130991382834,28,-0.011238039797056364,0.2857142857142857,0.2413793103448276,0.26354679802955666,主測度 發文數｜等權・未篩選,abn_attention_weekend
2023-09-17,144,-0.014176778435345616,29,-0.012921483426718835,29,-0.015723253924613063,28,-0.013338569282381618,29,-0.015904111271696428,29,-0.0017273328363508113,0.3103448275862069,0.27586206896551724,0.2931034482758621,主測度 發文數｜等權・未篩選,abn_attention_weekend
2023-09-24,144,-0.008716601705567888,29,0.009546071484442772,29,0.009942677635785527,28,-0.006243577136347075,29,-0.003518963570846567,29,0.005197638134721321,0.20689655172413793,0.2413793103448276,0.22413793103448276,主測度 發文數｜等權・未篩選,abn_attention_weekend
2023-10-01,140,-0.001926713954082044,28,-0.0022807407603613844,28,-0.00609309644097195,28,-0.001557646723889147,28,0.0005542354188544255,28,0.0024809493729364696,0.17857142857142858,0.14285714285714285,0.1607142857142857,主測度 發文數｜等權・未篩選,abn_attention_weekend
2023-10-08,141,-0.007908644273036017,29,-0.006587735685348138,28,-0.014115192557915327,28,-0.00833633180758039,28,-0.003424006658290572,28,0.004484637614745445,0.17857142857142858,0.1724137931034483,0.17549261083743845,主測度 發文數｜等權・未篩選,abn_attention_weekend
2023-10-15,142,-0.020688408826077757,29,-0.03352043258258431,28,-0.03348173140319115,28,-0.04402520522948659,28,-0.020547226597539582,29,0.0001411822285381746,0.20689655172413793,0.20689655172413793,0.20689655172413793,主測度 發文數｜等權・未篩選,abn_attention_weekend
2023-10-22,143,-0.00023084660100201356,29,0.00567250340540555,28,0.014514335385902211,29,0.004536904786866925,28,-0.0010434202624148923,29,-0.0008125736614128787,0.2413793103448276,0.10344827586206896,0.1724137931034483,主測度 發文數｜等權・未篩選,abn_attention_weekend
2023-10-29,141,0.019985006663382245,29,0.003229141030948255,28,-0.005931910085920604,28,0.01828905736511121,28,0.01027777293187617,28,-0.009707233731506075,0.2857142857142857,0.3103448275862069,0.29802955665024633,主測度 發文數｜等權・未篩選,abn_attention_weekend
2023-11-05,139,-0.008212804554335873,28,-0.004380039123451763,28,0.001457171866650496,27,-0.008938672240905129,28,0.006704064736705936,28,0.014916869291041808,0.10714285714285714,0.21428571428571427,0.1607142857142857,主測度 發文數｜等權・未篩選,abn_attention_weekend
2023-11-12,140,0.023648436679857658,28,0.03132799772511149,28,0.021742908268313706,28,0.034381572502875116,28,0.011679092888022765,28,-0.011969343791834893,0.21428571428571427,0.2857142857142857,0.25,主測度 發文數｜等權・未篩選,abn_attention_weekend
2023-11-19,139,0.007244154504867476,28,0.019872261873357885,28,0.01465695233337119,27,0.004427742480710694,28,0.0025293792020193756,28,-0.0047147753028481,0.17857142857142858,0.21428571428571427,0.19642857142857142,主測度 發文數｜等權・未篩選,abn_attention_weekend
2023-11-26,139,0.020142721485386986,28,0.005843011614886373,28,0.00918942569212031,27,0.005553791000614614,28,0.012523013644272999,28,-0.007619707841113987,0.21428571428571427,0.10714285714285714,0.1607142857142857,主測度 發文數｜等權・未篩選,abn_attention_weekend
2023-12-03,139,0.010296438251776233,28,0.026270583527391974,28,-0.009960450982892147,27,0.0008909528032106095,28,0.002506949083507384,28,-0.0077894891682688495,0.39285714285714285,0.17857142857142858,0.2857142857142857,主測度 發文數｜等權・未篩選,abn_attention_weekend
2023-12-10,141,-0.0024440325057189572,29,-0.00089398226949627,28,0.007438020450326583,28,0.001477898464085775,28,0.008728742917737009,28,0.011172775423455966,0.4642857142857143,0.4482758620689655,0.4562807881773399,主測度 發文數｜等權・未篩選,abn_attention_weekend
2023-12-17,141,-0.008660664574188027,29,-0.00932992284196042,28,-0.01949078168312889,28,-0.006669603591970326,28,-0.013674747305641083,28,-0.005014082731453056,0.10714285714285714,0.06896551724137931,0.08805418719211822,主測度 發文數｜等權・未篩選,abn_attention_weekend
2023-12-24,138,0.0003646949115853694,28,0.0006315416107916137,27,-0.000719301906184843,28,0.0137758895688826,27,0.00932413774434401,28,0.00895944283275864,0.2857142857142857,0.25,0.26785714285714285,主測度 發文數｜等權・未篩選,abn_attention_weekend
2023-12-31,139,-0.0029169061850239414,28,-0.008298721472913578,28,-0.006789623698267789,27,-0.015465830940296426,28,0.0021831038473326164,28,0.005100010032356558,0.14285714285714285,0.14285714285714285,0.14285714285714285,主測度 發文數｜等權・未篩選,abn_attention_weekend
2024-01-07,137,-0.018821238633738798,28,-0.018862762280870967,27,-0.03712773563579831,27,-0.008604153881820297,27,-0.021877189105164847,28,-0.0030559504714260492,0.21428571428571427,0.14285714285714285,0.17857142857142855,主測度 發文數｜等權・未篩選,abn_attention_weekend
2024-01-14,140,-0.01819199884296847,28,-0.01314122347199798,28,-0.02768119407140428,28,-0.01653213353841179,28,-0.01134868349339965,28,0.006843315349568821,0.2857142857142857,0.21428571428571427,0.25,主測度 發文數｜等權・未篩選,abn_attention_weekend
2024-01-21,140,0.008803522591179776,28,0.016520974219307445,28,0.005844570887931273,28,0.0022738929199945445,28,0.008108761342187057,28,-0.0006947612489927191,0.25,0.14285714285714285,0.19642857142857142,主測度 發文數｜等權・未篩選,abn_attention_weekend
2024-01-28,145,0.008696349760577189,29,-0.00456819981973773,29,-0.0035313590876951003,29,-0.001951641277524513,29,0.008803485139106141,29,0.0001071353785289525,0.2413793103448276,0.1724137931034483,0.20689655172413796,主測度 發文數｜等權・未篩選,abn_attention_weekend
2024-02-04,145,-0.00361758059777116,29,0.0008848203192384104,29,-0.002426282344710647,29,-0.003057222210909083,29,-0.005340622574956791,29,-0.0017230419771856313,0.13793103448275862,0.41379310344827586,0.27586206896551724,主測度 發文數｜等權・未篩選,abn_attention_weekend
2024-02-11,146,0.01420651945553026,30,0.019836104966370293,29,0.024463408251596222,29,0.01740488220621623,29,0.01854819871955065,29,0.00434167926402039,0.20689655172413793,0.2,0.20344827586206898,主測度 發文數｜等權・未篩選,abn_attention_weekend
2024-02-18,145,0.02503830089372355,29,0.0007680238076527596,29,0.0015556309536141602,29,0.0027798900772378096,29,0.007372895926942389,29,-0.01766540496678116,0.06896551724137931,0.1724137931034483,0.1206896551724138,主測度 發文數｜等權・未篩選,abn_attention_weekend
2024-02-25,145,0.00806173339980233,29,0.02340671168264887,29,-0.007488340295939669,29,0.008938016339308031,29,0.0025354476668634027,29,-0.005526285732938927,0.20689655172413793,0.1724137931034483,0.1896551724137931,主測度 發文數｜等權・未篩選,abn_attention_weekend
2024-03-03,143,-0.0010462486038117656,29,-0.03471819714701629,28,-0.014124995919230244,29,0.010000493528709369,28,-0.010734135576729064,29,-0.009687886972917299,0.3103448275862069,0.2413793103448276,0.27586206896551724,主測度 發文數｜等權・未篩選,abn_attention_weekend
2024-03-10,144,0.014202647773130682,29,0.03039526698896347,29,0.0038986574897828252,28,0.006159134226660953,29,0.018296328613056998,29,0.004093680839926317,0.3103448275862069,0.3103448275862069,0.3103448275862069,主測度 發文數｜等權・未篩選,abn_attention_weekend
2024-03-17,144,0.011851928016418828,29,0.01859417856111847,29,0.03324392912799506,28,0.011224713834827187,29,0.0363072641910869,29,0.024455336174668073,0.6206896551724138,0.3448275862068966,0.4827586206896552,主測度 發文數｜等權・未篩選,abn_attention_weekend
2024-03-24,141,-0.002121436140958032,29,0.015613784020786734,28,0.00811748254493684,28,0.00035810213221206574,28,-0.00038990458455712536,28,0.0017315315564009068,0.5714285714285714,0.5862068965517241,0.5788177339901477,主測度 發文數｜等權・未篩選,abn_attention_weekend
2024-03-31,140,0.005282008833189363,28,-0.008112538175021769,28,0.003981802214750585,28,0.0055484127543134,28,0.003014724200960221,28,-0.0022672846322291424,0.35714285714285715,0.32142857142857145,0.3392857142857143,主測度 發文數｜等權・未篩選,abn_attention_weekend
2024-04-07,141,0.036291444067791716,29,0.012201366833367169,28,0.04268112876016511,28,0.024918918516263728,28,0.020845891805385784,28,-0.015445552262405932,0.2857142857142857,0.2413793103448276,0.26354679802955666,主測度 發文數｜等權・未篩選,abn_attention_weekend
2024-04-14,141,-0.019439161913104453,29,-0.018718612274700074,28,-0.026144155163690785,28,-0.01704138014277615,28,-0.010303720189195389,28,0.009135441723909064,0.6428571428571429,0.3793103448275862,0.5110837438423645,主測度 發文數｜等權・未篩選,abn_attention_weekend
2024-04-21,142,0.008470769299022393,29,-0.006956479850205267,28,0.006220492717157792,28,0.011790331564338384,28,0.020474550550351217,29,0.012003781251328824,0.6551724137931034,0.5172413793103449,0.5862068965517242,主測度 發文數｜等權・未篩選,abn_attention_weekend
2024-04-28,143,-0.007747270059532099,29,0.015665970131093377,28,0.004075484563224933,29,0.001525920667431957,28,0.012423788024167453,29,0.020171058083699553,0.27586206896551724,0.27586206896551724,0.27586206896551724,主測度 發文數｜等權・未篩選,abn_attention_weekend
2024-05-05,147,-0.002563682937036834,30,0.007364626696033963,29,-0.0051651938492327555,29,0.0018097147897910262,29,0.005305403976891476,30,0.007869086913928309,0.26666666666666666,0.2,0.23333333333333334,主測度 發文數｜等權・未篩選,abn_attention_weekend
2024-05-12,147,0.005941860290165494,30,0.004889204997425626,29,0.0072819704133886545,29,0.025414813192638972,29,0.019252103601789586,30,0.013310243311624092,0.3,0.2,0.25,主測度 發文數｜等權・未篩選,abn_attention_weekend
2024-05-19,148,-0.012851118917538207,30,-0.023784330804244403,29,-0.022979338937924084,30,0.003735550988782605,29,-0.023720423441612366,30,-0.010869304524074159,0.36666666666666664,0.3,0.3333333333333333,主測度 發文數｜等權・未篩選,abn_attention_weekend
2024-05-26,147,-0.0035369344902202783,30,0.01963436944355782,29,0.0010793274860053583,29,0.022652817403814043,29,-0.00929633034210168,30,-0.005759395851881403,0.5,0.4,0.45,主測度 發文數｜等權・未篩選,abn_attention_weekend
2024-06-02,148,0.01058277564949586,30,0.008988564187457967,29,-0.001204123035865897,30,-0.0012407663429592247,29,0.011280856570491427,30,0.0006980809209955665,0.36666666666666664,0.3333333333333333,0.35,主測度 發文數｜等權・未篩選,abn_attention_weekend
2024-06-09,149,0.013158801562252713,30,-0.011220088660314058,30,-0.005592526424537137,29,-0.01484336319345834,30,0.0034265326396525427,30,-0.00973226892260017,0.3333333333333333,0.26666666666666666,0.3,主測度 發文數｜等權・未篩選,abn_attention_weekend
2024-06-16,152,0.035444216377065435,31,0.013872986304771224,30,0.001317501413583677,30,0.01707250223074645,30,0.02003938365544251,31,-0.015404832721622925,0.3225806451612903,0.3225806451612903,0.3225806451612903,主測度 發文數｜等權・未篩選,abn_attention_weekend
2024-06-23,151,-0.002287425803377847,31,-0.009549388409708544,30,-0.00459919866583991,30,0.001665703014496156,30,-0.0030133645106943346,30,-0.0007259387073164877,0.3,0.22580645161290322,0.2629032258064516,主測度 發文數｜等權・未篩選,abn_attention_weekend
2024-06-30,154,0.01436723035186804,31,0.02228576181388162,31,0.03231342259523651,30,0.034672384507296435,31,0.013947382993455344,31,-0.0004198473584126963,0.3548387096774194,0.22580645161290322,0.2903225806451613,主測度 發文數｜等權・未篩選,abn_attention_weekend
2024-07-07,154,0.006646472048281483,31,0.005734290402081195,31,-0.016095838141487188,30,-0.021768602735321062,31,0.009725237248665726,31,0.0030787652003842437,0.3870967741935484,0.2903225806451613,0.33870967741935487,主測度 發文數｜等權・未篩選,abn_attention_weekend
2024-07-14,152,-0.01740859479554955,31,-0.016609747264085307,30,-0.03466184145489855,30,-0.038276762165926154,30,-0.017739242192717303,31,-0.00033064739716775343,0.1935483870967742,0.22580645161290322,0.2096774193548387,主測度 發文數｜等權・未篩選,abn_attention_weekend
2024-07-21,153,-0.014468144307681927,31,-0.01387800436528667,30,-0.01076646000080266,31,-0.027909674284635262,30,-0.017592532153734686,31,-0.0031243878460527584,0.22580645161290322,0.22580645161290322,0.22580645161290322,主測度 發文數｜等權・未篩選,abn_attention_weekend
2024-07-28,153,-0.025295810788474125,31,-0.02823485671673291,30,-0.01587867176623312,31,-0.01076964223537477,30,-0.028432822951093912,31,-0.003137012162619787,0.2903225806451613,0.25806451612903225,0.27419354838709675,主測度 發文數｜等權・未篩選,abn_attention_weekend
2024-08-04,153,0.017661038320525586,31,-0.026630685970989047,30,-0.008180121054253368,31,-0.012356470610812647,30,0.0027882632165752725,31,-0.014872775103950313,0.3225806451612903,0.3548387096774194,0.33870967741935487,主測度 發文數｜等權・未篩選,abn_attention_weekend
2024-08-11,155,0.018469968162308233,31,0.007445416876471815,31,0.02805152098929844,31,0.03111638176564394,31,0.026263823103983265,31,0.0077938549416750325,0.3225806451612903,0.25806451612903225,0.29032258064516125,主測度 發文數｜等權・未篩選,abn_attention_weekend
2024-08-18,153,0.0031388924105392358,31,-0.005072602366843241,30,0.006265211519813787,31,0.002007323874694711,30,0.012907062506612827,31,0.009768170096073591,0.3870967741935484,0.3548387096774194,0.3709677419354839,主測度 發文數｜等權・未篩選,abn_attention_weekend
2024-08-25,154,0.008785682246321924,31,-0.000536435414132404,31,0.008927200807757767,30,0.0018815510440997624,31,0.007121722778545836,31,-0.0016639594677760883,0.1935483870967742,0.22580645161290322,0.2096774193548387,主測度 發文數｜等權・未篩選,abn_attention_weekend
2024-09-01,154,-0.06951625151969815,31,-0.04282434871307823,31,-0.051783059883253796,30,-0.049653320292551956,31,-0.0341053855894868,31,0.035410865930211345,0.1935483870967742,0.25806451612903225,0.22580645161290322,主測度 發文數｜等權・未篩選,abn_attention_weekend
2024-09-08,154,0.02756404033148854,31,0.037039219630547196,31,0.02341381014055149,30,0.034892734789541385,31,0.019692567140939293,31,-0.007871473190549247,0.16129032258064516,0.1935483870967742,0.1774193548387097,主測度 發文數｜等權・未篩選,abn_attention_weekend
2024-09-15,155,0.01171071744241825,31,0.017229143997577672,31,0.020647558036821737,31,0.006385687194127834,31,0.016697977940867643,31,0.004987260498449393,0.3548387096774194,0.22580645161290322,0.2903225806451613,主測度 發文數｜等權・未篩選,abn_attention_weekend
2024-09-22,157,0.027540760406827975,32,0.017742192626547776,31,0.03306199871711348,31,0.009915448518623431,31,0.014511990248729779,32,-0.013028770158098196,0.34375,0.21875,0.28125,主測度 發文數｜等權・未篩選,abn_attention_weekend
2024-09-29,157,-0.02549088003610784,32,-0.0176155128029373,31,-0.004147452037546034,31,-0.018999468072648556,31,-0.0233060598261752,32,0.0021848202099326378,0.1875,0.25,0.21875,主測度 發文數｜等權・未篩選,abn_attention_weekend
2024-10-06,157,-0.02009058041096955,32,-0.0331281583229747,31,-0.05038738920995627,31,-0.017827219066811863,31,-0.014643443641965754,32,0.005447136769003796,0.21875,0.1875,0.203125,主測度 發文數｜等權・未篩選,abn_attention_weekend
2024-10-13,153,0.012224893588404664,31,0.0029402745089574965,30,0.007910622630170916,31,0.0179306472864873,30,0.011332336284560676,31,-0.0008925573038439886,0.2903225806451613,0.25806451612903225,0.27419354838709675,主測度 發文數｜等權・未篩選,abn_attention_weekend
2024-10-20,156,-0.015510517064360938,32,-0.0035730322874549265,31,-0.0013728428317351714,31,-0.001145977179686467,31,-0.002516565415798574,31,0.012993951648562364,0.1935483870967742,0.1875,0.1905241935483871,主測度 發文數｜等權・未篩選,abn_attention_weekend
2024-10-27,159,-0.01140155726193555,32,-0.0061032943670937395,32,-0.01631189335399598,31,-0.00538461529562485,32,-0.018303115869604928,32,-0.006901558607669379,0.1875,0.15625,0.171875,主測度 發文數｜等權・未篩選,abn_attention_weekend
2024-11-03,158,0.005517105264771508,32,0.0019111685718888668,31,0.0014829218294116903,32,0.0012923184427239562,31,-0.0035762109336940316,32,-0.00909331619846554,0.15625,0.09375,0.125,主測度 發文數｜等權・未篩選,abn_attention_weekend
2024-11-10,158,-0.023204377145800894,32,-0.011376437859527978,31,-0.023100631835886582,32,-0.019143014365768082,31,-0.022270561943305196,32,0.0009338152024956983,0.21875,0.1875,0.203125,主測度 發文數｜等權・未篩選,abn_attention_weekend
2024-11-17,157,0.00600521567020788,32,-0.0016894862976212985,31,0.01502424697601463,31,0.00012070660504938067,31,0.008597909411789104,32,0.0025926937415812236,0.28125,0.28125,0.28125,主測度 發文數｜等權・未篩選,abn_attention_weekend
2024-11-24,158,-0.02381892713950971,32,-0.02103788097000368,31,-0.02821625870322527,32,-0.013761232786717578,31,-0.024294512972509088,32,-0.0004755858329993784,0.1875,0.21875,0.203125,主測度 發文數｜等權・未篩選,abn_attention_weekend
2024-12-01,159,0.009666257043579183,32,-0.011209533252576575,32,0.001364369932861569,31,0.023048330461866343,32,0.02021583955203805,32,0.010549582508458867,0.21875,0.21875,0.21875,主測度 發文數｜等權・未篩選,abn_attention_weekend
2024-12-08,162,-0.028062853646300304,33,-0.033614401442025446,32,-0.037891759213402806,32,-0.01945135967445349,32,-0.03550180075044246,33,-0.0074389471041421545,0.21212121212121213,0.24242424242424243,0.2272727272727273,主測度 發文數｜等權・未篩選,abn_attention_weekend
2024-12-15,161,-0.021932578317386722,33,-0.030928204764984108,32,-0.022938168028165496,32,-0.009988796594979223,32,-0.022642277643558997,32,-0.0007096993261722744,0.15625,0.18181818181818182,0.1690340909090909,主測度 發文數｜等權・未篩選,abn_attention_weekend
2024-12-22,159,0.0025305082509183875,32,0.008415686813172674,32,0.00829249406840586,31,0.0024746671321327317,32,0.0063852899979444724,32,0.003854781747026085,0.28125,0.125,0.203125,主測度 發文數｜等權・未篩選,abn_attention_weekend
2024-12-29,157,-0.021813732687945397,32,-0.013993402975087147,31,-0.02342132542693779,31,-0.009383663652081643,31,-0.011624222482747276,32,0.010189510205198121,0.34375,0.34375,0.34375,主測度 發文數｜等權・未篩選,abn_attention_weekend
2016-05-01,95,-0.02443991337197066,19,-0.033749469113225725,19,-0.026485189522679854,19,-0.031627824690341706,19,-0.007542527411485796,19,0.016897385960484863,1.0,1.0,1.0,主測度 發文數｜等權・可交易性篩選後,abn_attention_weekend
2016-05-08,81,-0.034617869715660526,17,-0.024554830543463906,16,-0.017001670086037757,16,-0.007379851735066521,16,-0.02452276132253573,16,0.010095108393124795,0.3125,0.23529411764705882,0.27389705882352944,主測度 發文數｜等權・可交易性篩選後,abn_attention_weekend
2016-05-15,80,-0.0019361349777999859,16,0.013240022431174503,16,0.005856454307670567,16,0.004100436677055591,16,0.02010762325969507,16,0.022043758237495055,0.3125,0.25,0.28125,主測度 發文數｜等權・可交易性篩選後,abn_attention_weekend
2016-05-22,82,0.025034706580918612,17,0.04400572920382223,16,0.027820210638333884,16,0.049788071653391844,16,0.024322448940262847,17,-0.0007122576406557654,0.5882352941176471,0.35294117647058826,0.47058823529411764,主測度 發文數｜等權・可交易性篩選後,abn_attention_weekend
2016-05-29,83,0.021154933240519203,17,0.006163981650261101,16,-0.007491692033349997,17,-0.0018046387692933555,16,0.008602853758167535,17,-0.012552079482351668,0.23529411764705882,0.23529411764705882,0.23529411764705882,主測度 發文數｜等權・可交易性篩選後,abn_attention_weekend
2016-06-05,89,-0.0018710759600119278,18,0.005554064656178205,18,-0.0038695872248804913,17,-0.001652954926787489,18,0.005522564752335109,18,0.007393640712347037,0.3333333333333333,0.05555555555555555,0.19444444444444442,主測度 發文數｜等權・可交易性篩選後,abn_attention_weekend
2016-06-12,72,0.006973251757442226,15,0.0020451569180043394,14,-0.00182777053456681,14,-0.01762900235593649,14,-0.0027163035502937452,15,-0.009689555307735971,0.3333333333333333,0.2,0.26666666666666666,主測度 發文數｜等權・可交易性篩選後,abn_attention_weekend
2016-06-19,76,-0.001938854644334534,16,-0.006606599235186413,15,-0.0002362903826568452,15,0.0044904659725737575,15,-0.015186167402211126,15,-0.013247312757876592,0.2,0.25,0.225,主測度 發文數｜等權・可交易性篩選後,abn_attention_weekend
2016-06-26,81,0.04543711745283921,17,0.03339767452250974,16,0.029414048991786346,16,0.027752910824100967,16,0.05098675291744144,16,0.005549635464602229,0.375,0.29411764705882354,0.3345588235294118,主測度 發文數｜等權・可交易性篩選後,abn_attention_weekend
2016-07-03,78,-0.0043108345349643085,16,-0.007514848906661624,15,0.0008012569143687198,16,0.006730211845415594,15,-0.010250712908094532,16,-0.005939878373130224,0.375,0.25,0.3125,主測度 發文數｜等權・可交易性篩選後,abn_attention_weekend
2016-07-10,80,0.021479765746604,16,0.026091719974800608,16,0.008412177354056555,16,0.010930798065698355,16,0.017190761775715088,16,-0.0042890039708889105,0.5,0.25,0.375,主測度 發文數｜等權・可交易性篩選後,abn_attention_weekend
2016-07-17,83,0.0056836347863996935,17,0.028314998814437387,16,0.010287018957382384,17,0.027590319032899047,16,0.021547969172141496,17,0.0158643343857418,0.4117647058823529,0.23529411764705882,0.32352941176470584,主測度 發文數｜等權・可交易性篩選後,abn_attention_weekend
2016-07-24,80,-0.0006998476706927131,16,-0.004488491664124912,16,-0.015356560738698122,16,0.017137870824151365,16,-0.002417234892370515,16,-0.0017173872216778019,0.1875,0.0625,0.125,主測度 發文數｜等權・可交易性篩選後,abn_attention_weekend
2016-07-31,80,0.012224605322059323,16,0.013456144999720906,16,0.00984216747640794,16,-0.001788021245486153,16,0.01682112815793095,16,0.004596522835871628,0.5625,0.4375,0.5,主測度 發文數｜等權・可交易性篩選後,abn_attention_weekend
2016-08-07,78,-0.013283689835191403,16,-0.004841505510643484,15,-0.007179089250551482,16,-0.019502838150530066,15,0.020619264760653053,16,0.033902954595844456,0.4375,0.4375,0.4375,主測度 發文數｜等權・可交易性篩選後,abn_attention_weekend
2016-08-14,80,-0.0026498202999299947,16,-0.007017384737727776,16,0.00536920460155612,16,-0.012115119871165862,16,-0.003059864865848437,16,-0.00041004456591844235,0.3125,0.1875,0.25,主測度 發文數｜等權・可交易性篩選後,abn_attention_weekend
2016-08-21,80,0.017420298413148502,16,0.006134391991779745,16,0.0016029262794312604,16,0.011236014900819727,16,0.009121310069812219,16,-0.008298988343336283,0.375,0.25,0.3125,主測度 發文數｜等權・可交易性篩選後,abn_attention_weekend
2016-08-28,74,-0.026435962421689004,15,-0.0019601604035629347,15,-0.010339544937225784,14,0.01595991887774954,15,-0.021043159463852365,15,0.0053928029578366385,0.4,0.26666666666666666,0.33333333333333337,主測度 發文數｜等權・可交易性篩選後,abn_attention_weekend
2016-09-04,76,-0.011943763013931796,16,0.004786192323877485,15,0.01299196876374144,15,-0.0055897986769176235,15,0.008737651788455003,15,0.020681414802386798,0.3333333333333333,0.1875,0.26041666666666663,主測度 發文數｜等權・可交易性篩選後,abn_attention_weekend
2016-09-11,79,-0.019998250692953072,16,-0.018424663887333166,16,-0.016634731112322765,15,-0.020312303471836782,16,-0.0073389658110721845,16,0.012659284881880888,0.375,0.1875,0.28125,主測度 發文數｜等權・可交易性篩選後,abn_attention_weekend
2016-09-18,68,0.028949379788976708,14,0.02051131433851494,13,0.029714561004326314,14,0.012840457654331429,13,0.018686226915217423,14,-0.010263152873759285,0.35714285714285715,0.14285714285714285,0.25,主測度 發文數｜等權・可交易性篩選後,abn_attention_weekend
2016-09-25,75,-0.009171715015322494,15,0.006942752771039943,15,-0.010030575442574048,15,-0.012737554088410522,15,-0.005766673589072939,15,0.003405041426249555,0.2,0.2,0.2,主測度 發文數｜等權・可交易性篩選後,abn_attention_weekend
2016-10-02,69,0.0005413402198601472,14,0.012694666593904906,14,-0.005909407377923542,13,-0.0071116123464687,14,0.01180796072771296,14,0.011266620507852813,0.35714285714285715,0.21428571428571427,0.2857142857142857,主測度 發文數｜等權・可交易性篩選後,abn_attention_weekend
2016-10-09,72,-0.049869425484167985,15,-0.008362833911918824,14,-0.025243458536553305,14,-0.03601706904434099,14,-0.038658565378781914,15,0.011210860105386071,0.4,0.4,0.4,主測度 發文數｜等權・可交易性篩選後,abn_attention_weekend
2016-10-16,68,0.016177893746871824,14,0.029674443309087972,13,0.031080027274617245,14,0.02219381512706875,13,0.02528594726621597,14,0.009108053519344145,0.14285714285714285,0.2857142857142857,0.21428571428571427,主測度 發文數｜等權・可交易性篩選後,abn_attention_weekend
2016-10-23,71,-0.005443417830826395,15,-0.0114875968431539,14,-0.014899082058396462,14,-0.015012452146517665,14,-0.001230020013462769,14,0.004213397817363626,0.42857142857142855,0.3333333333333333,0.38095238095238093,主測度 發文數｜等權・可交易性篩選後,abn_attention_weekend
2016-10-30,70,-0.03004202742692894,14,-0.018582965568635892,14,-0.02262526149638916,14,-0.03667498010361116,14,-0.014862920696764648,14,0.015179106730164291,0.2857142857142857,0.21428571428571427,0.25,主測度 發文數｜等權・可交易性篩選後,abn_attention_weekend
2016-11-06,67,0.011682605347230646,14,-0.0049812518587654805,13,-0.02989067140409272,13,-0.029592953432320764,13,-0.00541471800639073,14,-0.017097323353621376,0.42857142857142855,0.14285714285714285,0.2857142857142857,主測度 發文數｜等權・可交易性篩選後,abn_attention_weekend
2016-11-13,74,0.029061993958531575,15,0.021369492895353986,15,-0.003425255212036016,14,0.018471852026990657,15,0.005524371116729417,15,-0.023537622841802157,0.4,0.3333333333333333,0.3666666666666667,主測度 發文數｜等權・可交易性篩選後,abn_attention_weekend
2016-11-20,71,0.00546888320133662,15,-0.0024893679902246923,14,0.005135827432284397,14,0.00602518615087463,14,0.02011584718428692,14,0.014646963982950302,0.5,0.26666666666666666,0.3833333333333333,主測度 發文數｜等權・可交易性篩選後,abn_attention_weekend
2016-11-27,72,-0.005632654343628926,15,0.0316387436526223,14,0.0148832278311652,14,0.009932224698155507,14,0.0038128445982719213,15,0.009445498941900847,0.3333333333333333,0.13333333333333333,0.23333333333333334,主測度 發文數｜等權・可交易性篩選後,abn_attention_weekend
2016-12-04,71,0.014208430021354605,15,0.0057147902427502895,14,0.012848567921707204,14,0.01650425161527967,14,0.0014785192464080801,14,-0.012729910774946524,0.14285714285714285,0.13333333333333333,0.1380952380952381,主測度 發文數｜等權・可交易性篩選後,abn_attention_weekend
2016-12-11,72,-0.006718258727593152,15,-0.013930273936106312,14,0.0017037650463390594,14,-0.009240164556787825,14,-0.022050008870874892,15,-0.01533175014328174,0.26666666666666666,0.26666666666666666,0.26666666666666666,主測度 發文數｜等權・可交易性篩選後,abn_attention_weekend
2016-12-18,72,-0.026793093804857268,15,-0.03378225597357371,14,-0.034829205627605865,14,-0.015233807280554734,14,-0.018978356995199726,15,0.007814736809657542,0.26666666666666666,0.26666666666666666,0.26666666666666666,主測度 發文數｜等權・可交易性篩選後,abn_attention_weekend
2016-12-25,71,0.017746723084036086,15,0.015011261430786032,14,-0.00438042929630611,14,0.01153179462472961,14,0.01631712915034094,14,-0.0014295939336951453,0.21428571428571427,0.13333333333333333,0.1738095238095238,主測度 發文數｜等權・可交易性篩選後,abn_attention_weekend
2017-01-01,66,0.027838853916042065,14,0.012731446848909657,13,0.006690299809961864,13,0.00892309050492222,13,0.007367667539943377,13,-0.02047118637609869,0.23076923076923078,0.14285714285714285,0.18681318681318682,主測度 發文數｜等權・可交易性篩選後,abn_attention_weekend
2017-01-08,68,0.0014838740001094006,14,0.014968790914826014,13,-0.007984802574181897,14,0.002962552705068613,13,0.0106053654187655,14,0.0091214914186561,0.35714285714285715,0.21428571428571427,0.2857142857142857,主測度 發文數｜等權・可交易性篩選後,abn_attention_weekend
2017-01-15,73,0.025145512465401428,15,-0.008742372649431935,14,0.003940239804310093,15,0.0010402903917026854,14,0.006063910833217667,15,-0.01908160163218376,0.5333333333333333,0.3333333333333333,0.43333333333333335,主測度 發文數｜等權・可交易性篩選後,abn_attention_weekend
2017-01-22,70,0.01482695501007268,14,0.004585961943390211,14,0.011286379405020894,14,0.009104000617988066,14,0.004097923983008155,14,-0.010729031027064524,0.42857142857142855,0.21428571428571427,0.3214285714285714,主測度 發文數｜等權・可交易性篩選後,abn_attention_weekend
2017-01-29,66,0.016750235933654926,14,-0.002985960949026743,13,0.025344232061477394,13,0.011244921288372725,13,0.017240396733819847,13,0.0004901608001649203,0.3076923076923077,0.35714285714285715,0.33241758241758246,主測度 發文數｜等權・可交易性篩選後,abn_attention_weekend
2017-02-05,72,0.010547915007992022,15,0.00314191542643179,14,0.027065360444323585,14,0.015458375315914374,14,-0.00038372334430691136,15,-0.010931638352298934,0.4,0.26666666666666666,0.33333333333333337,主測度 發文數｜等權・可交易性篩選後,abn_attention_weekend
2017-02-12,77,0.004326801548652483,16,0.0018209858287738653,15,0.025977535610543057,15,0.017020965725086268,15,0.030944284938393032,16,0.02661748338974055,0.375,0.3125,0.34375,主測度 發文數｜等權・可交易性篩選後,abn_attention_weekend
2017-02-19,85,0.004226613097303231,17,-0.010672945774522328,17,-0.0020993398140283486,17,0.02062326524955737,17,-0.003612246988460848,17,-0.00783886008576408,0.4117647058823529,0.23529411764705882,0.32352941176470584,主測度 發文數｜等權・可交易性篩選後,abn_attention_weekend
2017-02-26,83,0.011684769125649131,17,-0.012824634075635478,16,0.005822498878079683,17,-0.005050408099361324,16,-0.007003930243167393,17,-0.018688699368816522,0.5294117647058824,0.29411764705882354,0.4117647058823529,主測度 發文數｜等權・可交易性篩選後,abn_attention_weekend
2017-03-05,75,-0.0020107034450569383,15,-0.023230388037028673,15,-0.01250629937073695,15,-0.02638130261418513,15,-0.0166239417029049,15,-0.014613238257847962,0.4666666666666667,0.3333333333333333,0.4,主測度 發文數｜等權・可交易性篩選後,abn_attention_weekend
2017-03-12,81,0.011224092363560296,17,0.023822983824032563,16,0.01968984244998566,16,0.03702069264719064,16,0.011398073862691475,16,0.00017398149913117923,0.5,0.4117647058823529,0.45588235294117646,主測度 發文數｜等權・可交易性篩選後,abn_attention_weekend
2017-03-19,80,-0.011869662110864494,16,-0.010464070964726083,16,-0.008677589584124894,16,-0.010736010174953917,16,0.008369411601595086,16,0.02023907371245958,0.5625,0.3125,0.4375,主測度 發文數｜等權・可交易性篩選後,abn_attention_weekend
2017-03-26,80,-0.008424914471288424,16,0.0066757783496022155,16,-0.02463191447160791,16,-0.008593060398271249,16,0.008763596258839004,16,0.017188510730127428,0.4375,0.25,0.34375,主測度 發文數｜等權・可交易性篩選後,abn_attention_weekend
2017-04-02,78,0.004715116761128846,16,0.005342284300017819,15,-0.0028413332560729906,16,-0.008799614391760528,15,-0.0030784538107557838,16,-0.00779357057188463,0.4375,0.375,0.40625,主測度 發文數｜等權・可交易性篩選後,abn_attention_weekend
2017-04-09,71,-0.02886268191267054,15,-0.03754009365331026,14,-0.028659492299736855,14,-0.04907093288211086,14,-0.021665944654729912,14,0.007196737257940629,0.2857142857142857,0.2,0.24285714285714285,主測度 發文數｜等權・可交易性篩選後,abn_attention_weekend
2017-04-16,78,-0.007671217399598675,16,0.011121494301053943,15,-0.0036109659439119493,16,-0.016161964106298672,15,-0.014111846570039173,16,-0.006440629170440498,0.5625,0.3125,0.4375,主測度 發文數｜等權・可交易性篩選後,abn_attention_weekend
2017-04-23,77,0.009967934938689145,16,0.026473851558992165,15,0.002559532115132357,15,0.013053912083104321,15,0.003267247724228213,16,-0.006700687214460932,0.5,0.5,0.5,主測度 發文數｜等權・可交易性篩選後,abn_attention_weekend
2017-04-30,75,-0.008705196591803318,15,-0.007779937805334266,15,-0.008852218378416942,15,-0.0027028732802331016,15,-0.00566924550060243,15,0.0030359510912008883,0.5333333333333333,0.5333333333333333,0.5333333333333333,主測度 發文數｜等權・可交易性篩選後,abn_attention_weekend
2017-05-07,75,-0.01528387365529412,15,-0.00723108736893896,15,-0.01084035332057085,15,-0.017840048235164763,15,-0.011844943090311559,15,0.0034389305649825605,0.3333333333333333,0.4,0.3666666666666667,主測度 發文數｜等權・可交易性篩選後,abn_attention_weekend
2017-05-14,81,0.009683330801805043,17,0.0001544190573179796,16,-0.0020026931734409073,16,-0.010002710075812118,16,-0.0014282024496230367,16,-0.01111153325142808,0.3125,0.23529411764705882,0.27389705882352944,主測度 發文數｜等權・可交易性篩選後,abn_attention_weekend
2017-05-21,80,0.020322301351210187,16,0.013195445490495457,16,0.030576139723638956,16,0.00881237156871887,16,0.022228114097274362,16,0.0019058127460641755,0.1875,0.1875,0.1875,主測度 發文數｜等權・可交易性篩選後,abn_attention_weekend
2017-05-28,79,0.009983609007502954,16,-0.004021747508686377,16,0.006295388402475425,15,0.01940007665588909,16,-0.0014655467093550242,16,-0.011449155716857978,0.6875,0.4375,0.5625,主測度 發文數｜等權・可交易性篩選後,abn_attention_weekend
2017-06-04,75,-0.00028264253472764324,15,0.0014934476401878246,15,0.01311830835362171,15,-0.005299837684247807,15,-0.007392167503863371,15,-0.007109524969135728,0.5333333333333333,0.4,0.4666666666666667,主測度 發文數｜等權・可交易性篩選後,abn_attention_weekend
2017-06-11,83,-0.0006388533346335444,17,-0.004982821954718691,16,-0.004431336670147312,17,0.0017862012392415166,16,-0.008510763896902458,17,-0.007871910562268913,0.5294117647058824,0.47058823529411764,0.5,主測度 發文數｜等權・可交易性篩選後,abn_attention_weekend
2017-06-18,81,0.011853389119170436,17,0.0174397114214377,16,0.0074770757367586815,16,0.00822664885201256,16,0.015893712615647114,16,0.004040323496476678,0.3125,0.23529411764705882,0.27389705882352944,主測度 發文數｜等權・可交易性篩選後,abn_attention_weekend
2017-06-25,82,0.008319898375816637,17,0.001070647840532235,16,0.01653974338334986,16,0.016845222339830088,16,0.009504076905710698,17,0.0011841785298940602,0.35294117647058826,0.29411764705882354,0.3235294117647059,主測度 發文數｜等權・可交易性篩選後,abn_attention_weekend
2017-07-02,84,0.011314362933716382,17,0.0030205036285223465,17,-0.005141111773573896,16,-0.016734054260490867,17,-0.0037615433970498943,17,-0.015075906330766276,0.23529411764705882,0.17647058823529413,0.20588235294117646,主測度 發文數｜等權・可交易性篩選後,abn_attention_weekend
2017-07-09,83,0.03099593880404444,17,0.009352718339944582,16,0.019590221201825984,17,0.010090987758462414,16,0.011347869125299732,17,-0.019648069678744707,0.17647058823529413,0.11764705882352941,0.14705882352941177,主測度 發文數｜等權・可交易性篩選後,abn_attention_weekend
2017-07-16,86,0.004450531619041169,18,0.0019180859023740324,17,0.01172972938852193,17,0.0015938314716879402,17,-0.004054721599538314,17,-0.008505253218579482,0.47058823529411764,0.2222222222222222,0.3464052287581699,主測度 發文數｜等權・可交易性篩選後,abn_attention_weekend
2017-07-23,86,-0.01156732372835537,18,-0.009799872333657578,17,0.00599614483886566,17,-0.0029547554555239145,17,0.006778248723352374,17,0.018345572451707745,0.5294117647058824,0.2777777777777778,0.4035947712418301,主測度 發文數｜等權・可交易性篩選後,abn_attention_weekend
2017-07-30,85,0.01082724001826982,17,0.027573198377703903,17,0.032391429352896885,17,0.005661112962541035,17,0.010098103470218674,17,-0.0007291365480511462,0.5294117647058824,0.4117647058823529,0.47058823529411764,主測度 發文數｜等權・可交易性篩選後,abn_attention_weekend
2017-08-06,85,-0.02023445033353369,17,-0.02479474322999228,17,-0.016465642202188928,17,-0.03127999081148172,17,-0.00668714576605964,17,0.013547304567474052,0.4117647058823529,0.29411764705882354,0.3529411764705882,主測度 發文數｜等權・可交易性篩選後,abn_attention_weekend
2017-08-13,85,0.002362006715590399,17,0.03383603368671627,17,0.005811371152665534,17,0.007959376761187305,17,0.0031873181039225023,17,0.0008253113883321035,0.47058823529411764,0.4117647058823529,0.4411764705882353,主測度 發文數｜等權・可交易性篩選後,abn_attention_weekend
2017-08-20,85,0.025254390796266027,17,0.023566740719875707,17,0.02848747686086916,17,0.00974738296522042,17,0.015549900144321123,17,-0.009704490651944904,0.47058823529411764,0.35294117647058826,0.4117647058823529,主測度 發文數｜等權・可交易性篩選後,abn_attention_weekend
2017-08-27,81,0.009181955179707128,17,0.007212951002387384,16,0.0058064434645058935,16,0.020741543029603175,16,0.0053186881632838745,16,-0.0038632670164232535,0.375,0.17647058823529413,0.2757352941176471,主測度 發文數｜等權・可交易性篩選後,abn_attention_weekend
2017-09-03,87,0.010411468160205372,18,0.004885847639952851,17,0.010459271941047095,17,0.017651081599147626,17,0.0026929549579972315,18,-0.007718513202208141,0.3888888888888889,0.2777777777777778,0.33333333333333337,主測度 發文數｜等權・可交易性篩選後,abn_attention_weekend
2017-09-10,88,0.007072404217408302,18,-0.011126493074715131,17,0.009443614285181985,18,0.024728225927125164,17,-0.009272558959794126,18,-0.01634496317720243,0.3333333333333333,0.05555555555555555,0.19444444444444442,主測度 發文數｜等權・可交易性篩選後,abn_attention_weekend
2017-09-17,85,-0.03033957188266513,17,-0.006775905588767558,17,-0.03666188780182515,17,-0.012561728137834098,17,-0.004173168000658798,17,0.026166403882006334,0.4117647058823529,0.17647058823529413,0.29411764705882354,主測度 發文數｜等權・可交易性篩選後,abn_attention_weekend
2017-09-24,86,-0.023040836388127515,18,-0.008756656403401135,17,-0.007867012561876177,17,-0.03446924202279392,17,-0.007329182397420923,17,0.015711653990706592,0.5294117647058824,0.3888888888888889,0.45915032679738566,主測度 發文數｜等權・可交易性篩選後,abn_attention_weekend
2017-10-01,86,0.0041183056058848,18,0.01814292761619954,17,0.005168668419882446,17,0.018854852356146236,17,0.002932370752295864,17,-0.0011859348535889357,0.4117647058823529,0.2777777777777778,0.34477124183006536,主測度 發文數｜等權・可交易性篩選後,abn_attention_weekend
2017-10-08,89,0.011317693220358785,18,0.0007286717496550064,18,0.0016783209248811108,17,-0.005324770461136725,18,0.00793222794099212,18,-0.003385465279366666,0.5555555555555556,0.3333333333333333,0.4444444444444444,主測度 發文數｜等權・可交易性篩選後,abn_attention_weekend
2017-10-15,88,-0.011487380065548293,18,0.0004249393761772952,17,-0.020446059300828275,18,-0.00631909961934151,17,-0.009588957374394623,18,0.0018984226911536693,0.6111111111111112,0.3888888888888889,0.5,主測度 發文數｜等權・可交易性篩選後,abn_attention_weekend
2017-10-22,92,-0.016941909082973782,19,0.015780616705482968,18,-0.00033156817022266124,18,0.0013641940185318774,18,-0.008400762526467674,19,0.008541146556506108,0.631578947368421,0.5263157894736842,0.5789473684210527,主測度 發文數｜等權・可交易性篩選後,abn_attention_weekend
2017-10-29,89,-0.0023160055585869275,18,0.0078103534336618945,18,-0.0021561615106360822,17,0.013146961105417417,18,0.0016469019786818546,18,0.003962907537268782,0.2777777777777778,0.2222222222222222,0.25,主測度 發文數｜等權・可交易性篩選後,abn_attention_weekend
2017-11-05,88,0.0036225350718380547,18,-0.004682353182600391,17,0.009637024752405386,18,0.004691932828625306,17,-0.006477963884377763,18,-0.010100498956215818,0.2777777777777778,0.1111111111111111,0.19444444444444445,主測度 發文數｜等權・可交易性篩選後,abn_attention_weekend
2017-11-12,92,-0.002345558964211286,19,0.004687743979758025,18,-0.013820663240436539,18,-0.016313651343669983,18,-0.0062527207464038,19,-0.003907161782192513,0.3684210526315789,0.15789473684210525,0.2631578947368421,主測度 發文數｜等權・可交易性篩選後,abn_attention_weekend
2017-11-19,94,0.007804041294010432,19,0.0028919383602824416,19,0.01286055987034751,18,0.02325638675604317,19,0.008687560898177968,19,0.0008835196041675365,0.42105263157894735,0.42105263157894735,0.42105263157894735,主測度 發文數｜等權・可交易性篩選後,abn_attention_weekend
2017-11-26,93,-0.019401078126734816,19,-0.00613631839842803,18,-0.011598226082365423,19,-0.008240117567892422,18,-0.017312196739142166,19,0.0020888813875926497,0.5789473684210527,0.47368421052631576,0.5263157894736842,主測度 發文數｜等權・可交易性篩選後,abn_attention_weekend
2017-12-03,95,-0.011216161098532074,19,-0.006934769234497645,19,-0.01307882032624486,19,-0.02437646680120465,19,-0.023180917770069878,19,-0.011964756671537805,0.5789473684210527,0.3684210526315789,0.4736842105263158,主測度 發文數｜等權・可交易性篩選後,abn_attention_weekend
2017-12-10,91,0.005174003423855071,19,0.008192359819458336,18,0.0012330293772774897,18,0.0030173752628341443,18,0.017282671019925026,18,0.012108667596069956,0.5,0.2631578947368421,0.381578947368421,主測度 發文數｜等權・可交易性篩選後,abn_attention_weekend
2017-12-17,89,0.0010424121714861327,18,0.01498165079263143,18,0.005080704480851452,17,-0.006963435346132585,18,0.0058638322047228015,18,0.0048214200332366685,0.6666666666666666,0.5,0.5833333333333333,主測度 發文數｜等權・可交易性篩選後,abn_attention_weekend
2017-12-24,91,0.009335050040024299,19,0.015996467409599518,18,0.025746157171963942,18,0.03012108245090835,18,0.009084710310190987,18,-0.0002503397298333123,0.6111111111111112,0.47368421052631576,0.5423976608187134,主測度 發文數｜等權・可交易性篩選後,abn_attention_weekend
2017-12-31,96,0.022268909755453863,20,0.015775383299631286,19,0.006436268192770848,19,0.012384449401291494,19,0.010873212183019036,19,-0.011395697572434827,0.3684210526315789,0.25,0.3092105263157895,主測度 發文數｜等權・可交易性篩選後,abn_attention_weekend
2018-01-07,98,-0.012852174623557472,20,-0.009594739353364185,19,0.007359417690610959,20,0.005841197597524433,19,0.00047396481398389033,20,0.013326139437541363,0.4,0.3,0.35,主測度 發文數｜等權・可交易性篩選後,abn_attention_weekend
2018-01-14,103,0.0010728646847536442,21,0.0011703518155864623,20,-0.012284152636877502,21,-0.023650789232583895,20,0.02104824312726486,21,0.019975378442511217,0.42857142857142855,0.19047619047619047,0.30952380952380953,主測度 發文數｜等權・可交易性篩選後,abn_attention_weekend
2018-01-21,99,-0.010701334780663313,20,-0.01934028851815724,20,-0.004922492618162466,19,0.0070852859724229,20,0.005399238966093301,20,0.016100573746756615,0.25,0.25,0.25,主測度 發文數｜等權・可交易性篩選後,abn_attention_weekend
2018-01-28,103,-0.009923094788008726,21,-0.013861059586960623,20,-0.014572672308711985,21,-0.012628000527996541,20,-0.00836848406906212,21,0.0015546107189466068,0.19047619047619047,0.23809523809523808,0.21428571428571427,主測度 發文數｜等權・可交易性篩選後,abn_attention_weekend
2018-02-04,97,-0.044163043702921866,20,-0.05370439777585493,19,-0.03563805725797646,19,-0.06062739771451676,19,-0.0443147453930137,20,-0.00015170169009183498,0.2,0.15,0.175,主測度 發文數｜等權・可交易性篩選後,abn_attention_weekend
2018-02-11,103,-0.012788296348294365,21,-0.002343900251675629,20,-0.0039237564961734014,21,-0.003064577070607566,20,-0.0032753335610207638,21,0.0095129627872736,0.6190476190476191,0.5238095238095238,0.5714285714285714,主測度 發文數｜等權・可交易性篩選後,abn_attention_weekend
2018-02-18,72,0.016041905912021672,15,0.010549569908568155,14,0.012076467675333722,14,0.039666008152770896,14,0.035970371931256545,15,0.019928466019234873,0.6,0.5333333333333333,0.5666666666666667,主測度 發文數｜等權・可交易性篩選後,abn_attention_weekend
2018-02-25,91,0.004508507306999237,19,0.0035862503932352105,18,-0.015246057557810468,18,-0.02171210333109047,18,-0.012121939257797198,18,-0.016630446564796435,0.8888888888888888,0.6842105263157895,0.7865497076023391,主測度 發文數｜等權・可交易性篩選後,abn_attention_weekend
2018-03-04,94,-0.004063227115994138,19,-0.012358862302305202,19,-0.01812374183621177,18,0.0038380946528129116,19,0.009874268564671627,19,0.013937495680665764,0.6842105263157895,0.5263157894736842,0.6052631578947368,主測度 發文數｜等權・可交易性篩選後,abn_attention_weekend
2018-03-11,95,0.0024106075016952235,19,0.0030809684400261088,19,0.0014135378661236024,19,0.004122700368732144,19,0.005788040746648906,19,0.0033774332449536828,0.47368421052631576,0.42105263157894735,0.4473684210526315,主測度 發文數｜等權・可交易性篩選後,abn_attention_weekend
2018-03-18,97,-0.019010148894715605,20,-0.019642571253305256,19,-0.0304137177464008,19,-0.01689191916279438,19,-0.02095353000834388,20,-0.0019433811136282744,0.5,0.35,0.425,主測度 發文數｜等權・可交易性篩選後,abn_attention_weekend
2018-03-25,96,0.026311216911046736,20,0.03978186828843135,19,0.03180012247859415,19,-0.0007602750059754369,19,0.00896118016290032,19,-0.017350036748146416,0.47368421052631576,0.45,0.4618421052631579,主測度 發文數｜等權・可交易性篩選後,abn_attention_weekend
2018-04-01,99,-0.010157143925016765,20,0.012453127174501111,20,-0.00017604821255773632,19,-0.005444573606257308,20,-0.0010376438485700024,20,0.009119500076446763,0.85,0.35,0.6,主測度 發文數｜等權・可交易性篩選後,abn_attention_weekend
2018-04-08,88,0.01610130307469699,18,0.013926542403772328,17,0.002515434174330077,18,0.02060069507321657,17,-0.005528598322589772,18,-0.02162990139728676,0.8888888888888888,0.4444444444444444,0.6666666666666666,主測度 發文數｜等權・可交易性篩選後,abn_attention_weekend
2018-04-15,100,-0.002209001125980542,20,-0.006915355562307035,20,0.002922186862583165,20,-0.010745717420400407,20,0.002687330279381528,20,0.00489633140536207,0.65,0.5,0.575,主測度 發文數｜等權・可交易性篩選後,abn_attention_weekend
2018-04-22,100,-0.03343089111417678,20,-0.05381608153785431,20,-0.02523834041423755,20,-0.039097683191047984,20,-0.007213752023174485,20,0.026217139091002296,0.55,0.4,0.47500000000000003,主測度 發文數｜等權・可交易性篩選後,abn_attention_weekend
2018-04-29,104,-0.011146274247679788,21,-0.0221239923101159,21,-0.003242092923090506,20,0.00764603800939931,21,-0.007172389577535288,21,0.003973884670144499,0.42857142857142855,0.38095238095238093,0.40476190476190477,主測度 發文數｜等權・可交易性篩選後,abn_attention_weekend
2018-05-06,95,0.00828848574916899,19,0.005934741701929191,19,0.02272543595972399,19,0.014528972290007346,19,0.017530061555697467,19,0.009241575806528476,0.3684210526315789,0.3684210526315789,0.3684210526315789,主測度 發文數｜等權・可交易性篩選後,abn_attention_weekend
2018-05-13,100,0.008632689762180073,20,-0.007615264917302611,20,0.0046270460516731286,20,-0.011729180284236867,20,-0.01100498962450112,20,-0.019637679386681192,0.5,0.35,0.425,主測度 發文數｜等權・可交易性篩選後,abn_attention_weekend
2018-05-20,102,-0.01712561701026101,21,-0.006292367107155822,20,-0.009743117222201114,20,0.01898578880874733,20,0.0030010419145528916,21,0.0201266589248139,0.5238095238095238,0.42857142857142855,0.47619047619047616,主測度 發文數｜等權・可交易性篩選後,abn_attention_weekend
2018-05-27,101,0.005029296465629789,21,0.01665213980116636,20,0.0030351338303560515,20,0.047212611790281175,20,0.01287781459462054,20,0.007848518128990751,0.3,0.2857142857142857,0.2928571428571428,主測度 發文數｜等權・可交易性篩選後,abn_attention_weekend
2018-06-03,105,0.024518841340902077,21,0.0030276507227701777,21,-0.004108058112189982,21,0.0069057941882533485,21,0.008411835586979449,21,-0.016107005753922626,0.42857142857142855,0.3333333333333333,0.38095238095238093,主測度 發文數｜等權・可交易性篩選後,abn_attention_weekend
2018-06-10,106,0.008108646133975893,22,-0.0021813429150722152,21,-0.01504523274430435,21,0.004972524895422194,21,-0.019124745810269666,21,-0.02723339194424556,0.42857142857142855,0.22727272727272727,0.3279220779220779,主測度 發文數｜等權・可交易性篩選後,abn_attention_weekend
2018-06-17,103,-0.019521118977501622,21,-0.02329778122681316,20,-0.020766668429675044,21,-0.011563441296067229,20,-0.008798125589739702,21,0.01072299338776192,0.5714285714285714,0.2857142857142857,0.42857142857142855,主測度 發文數｜等權・可交易性篩選後,abn_attention_weekend
2018-06-24,102,0.006025207624348608,21,-0.01126980523706469,20,-0.0035923814088870965,20,-0.02538170148136541,20,-0.02711448753466707,21,-0.03313969515901568,0.47619047619047616,0.23809523809523808,0.3571428571428571,主測度 發文數｜等權・可交易性篩選後,abn_attention_weekend
2018-07-01,100,-0.033964446561656585,20,-0.04270626714274824,20,-0.03334803455392556,20,-0.053003170674238195,20,-0.020224304353204308,20,0.013740142208452277,0.4,0.35,0.375,主測度 發文數｜等權・可交易性篩選後,abn_attention_weekend
2018-07-08,100,0.029540211277311,20,0.03935199425703089,20,0.022371429092872725,20,0.033688758227668265,20,0.027994346214527743,20,-0.0015458650627832582,0.5,0.4,0.45,主測度 發文數｜等權・可交易性篩選後,abn_attention_weekend
2018-07-15,101,-0.027814498694053086,21,-0.011252963043573667,20,-0.010563704448940258,20,-0.01389930717505446,20,-0.005940527264929019,20,0.02187397142912407,0.65,0.3333333333333333,0.4916666666666667,主測度 發文數｜等權・可交易性篩選後,abn_attention_weekend
2018-07-22,99,0.028428695897048523,20,0.026192715676762228,20,0.01116049234979346,19,0.01994360190324303,20,0.009604918218226937,20,-0.018823777678821586,0.45,0.25,0.35,主測度 發文數｜等權・可交易性篩選後,abn_attention_weekend
2018-07-29,93,-0.007351868022704489,19,0.010262613030506122,18,0.0024521393919904396,19,0.005043890257207966,18,-0.00017587555137866864,19,0.00717599247132582,0.47368421052631576,0.3684210526315789,0.42105263157894735,主測度 發文數｜等權・可交易性篩選後,abn_attention_weekend
2018-08-05,95,-0.015423699971126031,19,-0.010827042912716406,19,-0.001818918618647329,19,-0.011173775933240643,19,-0.00573419046634847,19,0.00968950950477756,0.5789473684210527,0.5789473684210527,0.5789473684210527,主測度 發文數｜等權・可交易性篩選後,abn_attention_weekend
2018-08-12,96,-0.010483904169276508,20,-0.034889444618751334,19,-0.018853960557466815,19,-0.03954405871713825,19,-0.00860486129757925,19,0.0018790428716972587,0.42105263157894735,0.35,0.38552631578947366,主測度 發文數｜等權・可交易性篩選後,abn_attention_weekend
2018-08-19,99,0.0030867063507896476,20,0.008124415730943668,20,0.010432651426851037,19,0.018658300241341446,20,0.009501000561388329,20,0.006414294210598682,0.4,0.25,0.325,主測度 發文數｜等權・可交易性篩選後,abn_attention_weekend
2018-08-26,97,0.0012781483670352034,20,0.004980567441856534,19,0.014272063965701832,19,0.03637646729247016,19,0.007007187748920807,20,0.005729039381885604,0.5,0.5,0.5,主測度 發文數｜等權・可交易性篩選後,abn_attention_weekend
2018-09-02,97,-0.059629401099158465,20,-0.028009026904565977,19,-0.046992636220777775,19,-0.0561618187541807,19,-0.02650221997039383,20,0.03312718112876463,0.45,0.35,0.4,主測度 發文數｜等權・可交易性篩選後,abn_attention_weekend
2018-09-09,95,-0.007454994309056273,19,0.007300094723305529,19,0.0021349058201973106,19,0.006002008227702407,19,0.01518193925799524,19,0.022636933567051515,0.42105263157894735,0.3157894736842105,0.3684210526315789,主測度 發文數｜等權・可交易性篩選後,abn_attention_weekend
2018-09-16,94,0.006153172082067893,19,0.02671241119114918,19,0.021293823216016465,18,0.004490060947910654,19,0.019828311275517874,19,0.013675139193449981,0.42105263157894735,0.2631578947368421,0.3421052631578947,主測度 發文數｜等權・可交易性篩選後,abn_attention_weekend
2018-09-23,93,0.015007480427137532,19,-0.011492111890290733,18,-0.0020062656767160293,19,0.01332627219609893,18,0.009922747659138394,19,-0.005084732767999138,0.5263157894736842,0.3157894736842105,0.42105263157894735,主測度 發文數｜等權・可交易性篩選後,abn_attention_weekend
2018-09-30,93,-0.05342542870675407,19,-0.06309285392240896,18,-0.039706145462295624,19,-0.058886871208307524,18,-0.04251820345970423,19,0.010907225247049838,0.631578947368421,0.3684210526315789,0.5,主測度 發文數｜等權・可交易性篩選後,abn_attention_weekend
2018-10-07,96,-0.032208543989004176,20,-0.05730104349559551,19,-0.07628004318176283,19,-0.0839260226859736,19,-0.041120878430422406,19,-0.00891233444141823,0.3684210526315789,0.35,0.3592105263157894,主測度 發文數｜等權・可交易性篩選後,abn_attention_weekend
2018-10-14,101,-0.01537053583915142,21,-0.016530721329032178,20,-0.04247189706774809,20,-7.020972256717161e-05,20,0.007144739504819408,20,0.02251527534397083,0.45,0.38095238095238093,0.41547619047619044,主測度 發文數｜等權・可交易性篩選後,abn_attention_weekend
2018-10-21,96,-0.0639388121107253,20,-0.06116372912266618,19,-0.05447770432228317,19,-0.06899828509257433,19,-0.034458633834579276,19,0.029480178276146025,0.47368421052631576,0.25,0.36184210526315785,主測度 發文數｜等權・可交易性篩選後,abn_attention_weekend
2018-10-28,99,0.03794570254457558,20,0.04792866214168985,20,0.03254851785046114,19,0.08186582367179876,20,0.03395825160419659,20,-0.0039874509403789865,0.3,0.3,0.3,主測度 發文數｜等權・可交易性篩選後,abn_attention_weekend
2018-11-04,95,-0.002350905745124643,19,0.015474225187097138,19,0.009611968362690433,19,-0.002479330183377584,19,-0.007405619802767005,19,-0.005054714057642362,0.3157894736842105,0.15789473684210525,0.23684210526315788,主測度 發文數｜等權・可交易性篩選後,abn_attention_weekend
2018-11-11,93,0.006844897095445183,19,0.03223458838142328,18,-0.002241562126141321,19,0.0019261822070489013,18,0.016611088593864648,19,0.009766191498419466,0.47368421052631576,0.3157894736842105,0.39473684210526316,主測度 發文數｜等權・可交易性篩選後,abn_attention_weekend
2018-11-18,93,-0.02329475349077092,19,-0.008573975430526078,18,-0.013839791930871101,19,-0.013683460187583442,18,-0.010640046124510118,19,0.0126547073662608,0.47368421052631576,0.3157894736842105,0.39473684210526316,主測度 發文數｜等權・可交易性篩選後,abn_attention_weekend
2018-11-25,89,0.014291453139104052,18,0.011022898684483577,18,0.027967507923458746,17,0.06713816084811702,18,0.03912206207056362,18,0.024830608931459566,0.3333333333333333,0.2777777777777778,0.3055555555555556,主測度 發文數｜等權・可交易性篩選後,abn_attention_weekend
2018-12-02,93,-0.017436508576083448,19,-0.014060175264087045,18,-0.015412204733333379,19,-0.026199844921131712,18,-0.023434847708443018,19,-0.00599833913235957,0.3157894736842105,0.2631578947368421,0.2894736842105263,主測度 發文數｜等權・可交易性篩選後,abn_attention_weekend
2018-12-09,96,0.01529869856173488,20,0.01727759779235966,19,0.012802903276322327,19,0.008299789997686663,19,0.0035963529682341523,19,-0.011702345593500727,0.5263157894736842,0.45,0.4881578947368421,主測度 發文數｜等權・可交易性篩選後,abn_attention_weekend
2018-12-16,100,-0.006628985058420966,20,-0.004805999437375447,20,-0.020038641113227985,20,-0.034078339602523836,20,-0.01823799476505388,20,-0.011609009706632912,0.8,0.5,0.65,主測度 發文數｜等權・可交易性篩選後,abn_attention_weekend
2018-12-23,103,-0.014877891282174649,21,-0.01252084925538045,20,-0.00033371780057573063,21,-0.010896622362098096,20,-0.011663459397841145,21,0.0032144318843335042,0.7142857142857143,0.42857142857142855,0.5714285714285714,主測度 發文數｜等權・可交易性篩選後,abn_attention_weekend
2018-12-30,96,-0.03115755811150738,20,-0.02246250817743585,19,-0.018674134963884696,19,-0.011439049087304386,19,-0.029135361402576495,19,0.0020221967089308866,0.7894736842105263,0.4,0.5947368421052632,主測度 發文數｜等權・可交易性篩選後,abn_attention_weekend
2019-01-06,88,0.015513897905131333,18,0.022172867664706365,17,0.01714599834724502,18,0.00352041075952604,17,0.013482934553045191,18,-0.0020309633520861417,0.3888888888888889,0.3333333333333333,0.3611111111111111,主測度 發文數｜等權・可交易性篩選後,abn_attention_weekend
2019-01-13,94,0.014128670941976318,19,0.009381190953702058,19,0.008463521909325243,18,0.015362410526546013,19,0.007841036454840444,19,-0.006287634487135874,0.631578947368421,0.3684210526315789,0.5,主測度 發文數｜等權・可交易性篩選後,abn_attention_weekend
2019-01-20,95,0.011312295819861274,19,0.0022729357174091926,19,-0.008796864005089389,19,0.012523146822203778,19,0.017388920182648312,19,0.0060766243627870375,0.7368421052631579,0.42105263157894735,0.5789473684210527,主測度 發文數｜等權・可交易性篩選後,abn_attention_weekend
2019-01-27,95,-0.011204835525293699,19,0.003600751844570684,19,-0.005733668356548205,19,-0.007679714390304045,19,0.006086392484434672,19,0.01729122800972837,0.2631578947368421,0.21052631578947367,0.23684210526315788,主測度 發文數｜等權・可交易性篩選後,abn_attention_weekend
2019-02-17,98,0.012454267464992213,20,0.022290645136851903,19,0.00451182126382067,20,0.011180902913294386,19,0.010320103087839655,20,-0.0021341643771525583,0.5,0.5,0.5,主測度 發文數｜等權・可交易性篩選後,abn_attention_weekend
2019-02-24,100,-0.00545129203384293,20,0.0019140000727604245,20,-0.006084182091229401,20,0.005890941135746031,20,0.0041954628383504,20,0.00964675487219333,0.45,0.35,0.4,主測度 發文數｜等權・可交易性篩選後,abn_attention_weekend
2019-03-03,87,-0.01724415369998518,18,-0.020882583913017144,17,-0.00487243536957069,17,-0.000678124604410243,17,-0.005719606405086421,18,0.011524547294898758,0.5,0.2777777777777778,0.3888888888888889,主測度 發文數｜等權・可交易性篩選後,abn_attention_weekend
2019-03-10,93,0.002199626696071941,19,0.018215510188583653,18,0.010091729972005943,19,0.02024037084283146,18,0.01373029974664951,19,0.011530673050577568,0.47368421052631576,0.21052631578947367,0.3421052631578947,主測度 發文數｜等權・可交易性篩選後,abn_attention_weekend
2019-03-17,99,0.006186824809915387,20,0.0020139410890144425,20,0.0025223690887892867,19,-0.010279831091150288,20,0.009116827839494052,20,0.0029300030295786646,0.45,0.35,0.4,主測度 發文數｜等權・可交易性篩選後,abn_attention_weekend
2019-03-24,98,0.009697446924119224,20,0.008345199431027206,19,0.011421718292690458,20,-0.0021754284246944546,19,0.017022824874967406,20,0.007325377950848182,0.4,0.25,0.325,主測度 發文數｜等權・可交易性篩選後,abn_attention_weekend
2019-03-31,96,0.0026671211507929673,20,0.005687474420364786,19,2.5637328599532958e-06,19,-0.0019964193724882075,19,-0.002230389478751941,19,-0.004897510629544908,0.3684210526315789,0.35,0.3592105263157894,主測度 發文數｜等權・可交易性篩選後,abn_attention_weekend
2019-04-07,88,-0.020702350293652614,18,-0.013099048867259504,17,0.0043722099544224275,18,-0.014089412568083015,17,-0.0019120255617950943,18,0.01879032473185752,0.6111111111111112,0.3333333333333333,0.4722222222222222,主測度 發文數｜等權・可交易性篩選後,abn_attention_weekend
2019-04-14,95,0.017162738506375147,19,0.006059060993020904,19,-0.0005848315691545588,19,-0.011272132842321174,19,0.012065201601560648,19,-0.005097536904814499,0.5263157894736842,0.42105263157894735,0.47368421052631576,主測度 發文數｜等權・可交易性篩選後,abn_attention_weekend
2019-04-21,97,0.004102304797067175,20,-0.002344521522058563,19,-0.00816778146493422,19,-0.012476815471225611,19,-0.009111508917313549,20,-0.013213813714380723,0.5,0.35,0.425,主測度 發文數｜等權・可交易性篩選後,abn_attention_weekend
2019-04-28,94,0.010963033166028624,19,0.008921176566662645,19,0.01086321177257186,18,0.003697158101593814,19,0.007364987424553984,19,-0.0035980457414746397,0.47368421052631576,0.21052631578947367,0.3421052631578947,主測度 發文數｜等權・可交易性篩選後,abn_attention_weekend
2019-05-05,89,-0.03275500171337777,18,-0.03107549979414041,18,-0.00872093333378923,17,-0.04850875507915722,18,-0.02838318460141072,18,0.004371817111967054,0.3888888888888889,0.3333333333333333,0.3611111111111111,主測度 發文數｜等權・可交易性篩選後,abn_attention_weekend
2019-05-12,97,-0.020152115782748687,20,-0.01360623338069438,19,0.002947611140650826,19,-0.005581902011128275,19,-0.03121786295012961,20,-0.011065747167380922,0.4,0.45,0.42500000000000004,主測度 發文數｜等權・可交易性篩選後,abn_attention_weekend
2019-05-19,106,-0.00934683583317762,22,0.008924304287925117,21,0.009403366367984936,21,-0.005731222227832643,21,0.005381459920459802,21,0.014728295753637422,0.8571428571428571,0.5454545454545454,0.7012987012987013,主測度 發文數｜等權・可交易性篩選後,abn_attention_weekend
2019-05-26,100,0.02116847392771116,20,0.009081259570041389,20,0.007369631629992518,20,0.011817775716916095,20,0.006872978204934194,20,-0.014295495722776969,0.8,0.55,0.675,主測度 發文數｜等權・可交易性篩選後,abn_attention_weekend
2019-06-02,103,0.005965266511104998,21,-0.007599373179635926,20,0.0031614633322380116,21,-0.0007986752965584432,20,0.0010729321853299842,21,-0.004892334325775014,0.5714285714285714,0.42857142857142855,0.5,主測度 發文數｜等權・可交易性篩選後,abn_attention_weekend
2019-06-09,98,0.00022002857722553393,20,0.008709380794543987,19,0.0044885017169637555,20,1.1847553077189812e-07,19,0.009884343365970605,20,0.009664314788745071,0.6,0.35,0.475,主測度 發文數｜等權・可交易性篩選後,abn_attention_weekend
2019-06-16,98,0.030041031363819325,20,0.007846086602893548,19,0.006571065560130107,20,0.029120160369713613,19,0.012694335959348347,20,-0.01734669540447098,0.35,0.25,0.3,主測度 發文數｜等權・可交易性篩選後,abn_attention_weekend
2019-06-23,104,0.0012224659534976572,21,0.005931665503517414,21,0.004113957063775242,20,-0.0015610418046560941,21,0.0007595310002290587,21,-0.0004629349532685985,0.23809523809523808,0.38095238095238093,0.30952380952380953,主測度 發文數｜等權・可交易性篩選後,abn_attention_weekend
2019-06-30,102,-0.0010688673845115652,21,0.009791027305089944,20,0.009066617183894694,20,0.018230801345329516,20,0.008005668408490183,21,0.00907453579300175,0.5238095238095238,0.3333333333333333,0.4285714285714286,主測度 發文數｜等權・可交易性篩選後,abn_attention_weekend
2019-07-07,105,0.010678462373984551,21,0.003243526987915809,21,0.012377679620701274,21,0.012322453535974064,21,-0.0017256394567382303,21,-0.012404101830722781,0.5238095238095238,0.42857142857142855,0.47619047619047616,主測度 發文數｜等權・可交易性篩選後,abn_attention_weekend
2019-07-14,108,0.00859694564791919,22,-0.0007544116718844236,21,0.006695433185959171,22,0.0035429228252623624,21,-0.001922822937687918,22,-0.010519768585607108,0.5454545454545454,0.36363636363636365,0.45454545454545453,主測度 發文數｜等權・可交易性篩選後,abn_attention_weekend
2019-07-21,110,-0.0039230460842582075,22,0.012807303875797255,22,0.0010033933749786833,22,0.009822186348088992,22,-0.007613430939277365,22,-0.0036903848550191576,0.4090909090909091,0.3181818181818182,0.36363636363636365,主測度 發文數｜等權・可交易性篩選後,abn_attention_weekend
2019-07-28,107,-0.02685016744742742,22,-0.022915648392805205,21,-0.027745425124222612,21,-0.044070817739873855,21,-0.014311646829758646,22,0.012538520617668773,0.6363636363636364,0.4090909090909091,0.5227272727272727,主測度 發文數｜等權・可交易性篩選後,abn_attention_weekend
2019-08-04,107,-0.009106677321948168,22,-0.01180201506118879,21,-0.005471875384406855,21,0.0025327951446812514,21,0.005102360459538768,22,0.014209037781486937,0.4090909090909091,0.45454545454545453,0.4318181818181818,主測度 發文數｜等權・可交易性篩選後,abn_attention_weekend
2019-08-11,105,-0.005740874662966974,21,-0.010959283671725283,21,-0.006757908078568179,21,-0.0002031593005033924,21,-0.006472233136637003,21,-0.0007313584736700291,0.47619047619047616,0.38095238095238093,0.42857142857142855,主測度 發文數｜等權・可交易性篩選後,abn_attention_weekend
2019-08-18,105,0.00181822370082632,21,0.006627533961549607,21,0.006709717262177516,21,0.014895186117439563,21,0.012159381653836756,21,0.010341157953010436,0.3333333333333333,0.2857142857142857,0.30952380952380953,主測度 發文數｜等權・可交易性篩選後,abn_attention_weekend
2019-08-25,103,0.03716342859199717,21,0.014791686826911548,20,0.014371744126827355,21,0.02155677331877487,20,0.021215895376206977,21,-0.015947533215790195,0.23809523809523808,0.19047619047619047,0.21428571428571427,主測度 發文數｜等權・可交易性篩選後,abn_attention_weekend
2019-09-01,101,0.024688967284846847,21,0.02497197170762106,20,0.00968385292418018,20,0.022183492639419593,20,0.023182757987384738,20,-0.0015062092974621084,0.4,0.23809523809523808,0.319047619047619,主測度 發文數｜等權・可交易性篩選後,abn_attention_weekend
2019-09-08,107,-6.804592706648561e-05,22,-0.0034133155293933955,21,-0.006859702358103472,21,4.4891095738839424e-05,21,0.004326760815182351,22,0.004394806742248836,0.45454545454545453,0.4090909090909091,0.4318181818181818,主測度 發文數｜等權・可交易性篩選後,abn_attention_weekend
2019-09-15,102,0.006604779099998797,21,0.0031391141113721764,20,-0.00036493635312011,20,0.00439337377115484,20,0.010304044758987808,21,0.003699265658989011,0.47619047619047616,0.3333333333333333,0.40476190476190477,主測度 發文數｜等權・可交易性篩選後,abn_attention_weekend
2019-09-22,102,-0.01838945648588406,21,-0.013958385313079863,20,-0.028626754212829352,20,-0.031309288648711,20,-0.021373998135782214,21,-0.002984541649898153,0.6190476190476191,0.38095238095238093,0.5,主測度 發文數｜等權・可交易性篩選後,abn_attention_weekend
2019-09-29,103,0.002182349816143847,21,-0.0004063872223550258,20,-0.0008444027427423181,21,-0.0062844048712513536,20,-0.008551014429669017,21,-0.010733364245812864,0.38095238095238093,0.3333333333333333,0.3571428571428571,主測度 發文數｜等權・可交易性篩選後,abn_attention_weekend
2019-10-06,97,-0.008485232607529753,20,-0.012249538726931311,19,-0.011897328810964806,19,-0.01828807244460929,19,-0.0012240893390655094,20,0.007261143268464243,0.55,0.45,0.5,主測度 發文數｜等權・可交易性篩選後,abn_attention_weekend
2019-10-13,90,0.01796860371995272,18,0.014365476778411946,18,-0.003545284399395579,18,0.008745207690332416,18,0.01080512009538166,18,-0.007163483624571058,0.3333333333333333,0.4444444444444444,0.38888888888888884,主測度 發文數｜等權・可交易性篩選後,abn_attention_weekend
2019-10-20,102,0.005543812405901183,21,0.004914804938913586,20,0.003400661807242028,20,0.007256306085070313,20,0.0003030277103699884,21,-0.005240784695531194,0.47619047619047616,0.23809523809523808,0.3571428571428571,主測度 發文數｜等權・可交易性篩選後,abn_attention_weekend
2019-10-27,103,-0.006655488040677065,21,-0.001701022660656143,20,9.828777759030809e-05,21,-0.017734458817521715,20,-0.004609667315347795,21,0.00204582072532927,0.42857142857142855,0.3333333333333333,0.38095238095238093,主測度 發文數｜等權・可交易性篩選後,abn_attention_weekend
2019-11-03,102,-0.008372703953489371,21,0.009904002149755143,20,0.005783861553072417,20,-0.009877594242219661,20,0.003197853762656403,21,0.011570557716145773,0.47619047619047616,0.23809523809523808,0.3571428571428571,主測度 發文數｜等權・可交易性篩選後,abn_attention_weekend
2019-11-10,103,-0.006207523410460454,21,-0.002168578000418786,20,-0.019959851013682948,21,-0.019982915313590022,20,-0.002584802418517366,21,0.0036227209919430883,0.47619047619047616,0.19047619047619047,0.3333333333333333,主測度 發文數｜等權・可交易性篩選後,abn_attention_weekend
2019-11-17,107,0.001982648432688361,22,0.006767360978398516,21,0.006550307412855682,21,0.0017249675198317761,21,0.0029847130730211876,22,0.0010020646403328267,0.36363636363636365,0.3181818181818182,0.34090909090909094,主測度 發文數｜等權・可交易性篩選後,abn_attention_weekend
2019-11-24,105,0.0034492165653231704,21,0.0020207563973848493,21,-0.004058714971733697,21,-0.0034088295201625,21,0.001980594423370275,21,-0.0014686221419528953,0.2857142857142857,0.14285714285714285,0.21428571428571427,主測度 發文數｜等權・可交易性篩選後,abn_attention_weekend
2019-12-01,104,0.007931683734446252,21,-0.0012429921581872342,21,-0.0012549688126430036,20,0.0010167873302375627,21,-0.005087310656522438,21,-0.01301899439096869,0.5238095238095238,0.42857142857142855,0.47619047619047616,主測度 發文數｜等權・可交易性篩選後,abn_attention_weekend
2019-12-08,106,0.0025085143289693235,22,0.0027778948983268577,21,-0.0068425273824406375,21,-0.0027532265264819744,21,0.0012824128940696119,21,-0.0012261014348997116,0.42857142857142855,0.4090909090909091,0.41883116883116883,主測度 發文數｜等權・可交易性篩選後,abn_attention_weekend
2019-12-15,106,0.009426538680391955,22,0.012408629787593214,21,0.0031321720823867818,21,0.005358540487938564,21,0.005601267787046822,21,-0.0038252708933451327,0.5238095238095238,0.2727272727272727,0.39826839826839827,主測度 發文數｜等權・可交易性篩選後,abn_attention_weekend
2019-12-22,110,0.00920705895871645,22,0.0018344176737955166,22,-0.0019661340952882704,22,0.0031588518766831534,22,-0.0006220478752633207,22,-0.009829106833979771,0.36363636363636365,0.3181818181818182,0.34090909090909094,主測度 發文數｜等權・可交易性篩選後,abn_attention_weekend
2019-12-29,107,0.01415525464176657,22,0.0010159542385345375,21,0.006374670538909388,21,0.0011348584487129827,21,0.007842716845596369,22,-0.006312537796170201,0.5454545454545454,0.36363636363636365,0.45454545454545453,主測度 發文數｜等權・可交易性篩選後,abn_attention_weekend
2020-01-05,105,-0.00968276363266607,21,-0.010646292195494575,21,-0.010130844711050545,21,-0.007275284552360827,21,-0.004130075168129375,21,0.005552688464536694,0.42857142857142855,0.38095238095238093,0.40476190476190477,主測度 發文數｜等權・可交易性篩選後,abn_attention_weekend
2020-01-12,107,0.011558143190847399,22,0.00793004539469904,21,0.005475143504118749,21,0.008328859153499266,21,0.0028362059817389636,22,-0.008721937209108434,0.5454545454545454,0.45454545454545453,0.5,主測度 發文數｜等權・可交易性篩選後,abn_attention_weekend
2020-01-19,111,0.0009023669792030325,23,-0.0002698701743908859,22,-0.002116179557082361,22,-0.0005971743640573381,22,0.0030092231004491747,22,0.0021068561212461423,0.5,0.30434782608695654,0.40217391304347827,主測度 發文數｜等權・可交易性篩選後,abn_attention_weekend
2020-01-26,73,-0.017956743373303035,15,-0.015599589325641492,14,-0.013558987409114105,15,-0.010797386886316025,14,-0.006842025381936752,15,0.011114717991366284,0.5333333333333333,0.4,0.4666666666666667,主測度 發文數｜等權・可交易性篩選後,abn_attention_weekend
2020-02-02,109,0.04108143608846844,22,0.009783855454013985,22,0.013268927191179109,21,0.026480411747637364,22,0.03414140173964992,22,-0.00694003434881852,0.5909090909090909,0.45454545454545453,0.5227272727272727,主測度 發文數｜等權・可交易性篩選後,abn_attention_weekend
2020-02-09,112,0.025019711494856933,23,0.017403303101256384,22,0.011460929677234015,22,0.026372609193956783,22,0.017887734404194545,23,-0.0071319770906623885,0.34782608695652173,0.30434782608695654,0.32608695652173914,主測度 發文數｜等權・可交易性篩選後,abn_attention_weekend
2020-02-16,111,0.008700627895501276,23,0.014537972971401757,22,0.010937102908193214,22,0.005607824616079307,22,0.00923290052937696,22,0.0005322726338756831,0.4090909090909091,0.391304347826087,0.40019762845849804,主測度 發文數｜等權・可交易性篩選後,abn_attention_weekend
2020-02-23,110,-0.02217353382357069,22,-0.015902577267363535,22,-0.025550509636234797,22,-0.02152810751564346,22,-0.019010696514145196,22,0.003162837309425494,0.2727272727272727,0.2727272727272727,0.2727272727272727,主測度 發文數｜等權・可交易性篩選後,abn_attention_weekend
2020-03-01,108,0.028874459430018883,22,0.026600679230430406,21,0.021318568400771384,22,0.019466236643051388,21,0.01928701532885307,22,-0.009587444101165812,0.5,0.5,0.5,主測度 發文數｜等權・可交易性篩選後,abn_attention_weekend
2020-03-08,106,-0.1357882445248895,22,-0.12078804740173624,21,-0.14181621386298582,21,-0.1269746612904012,21,-0.12122457815065876,21,0.014563666374230733,0.5238095238095238,0.4090909090909091,0.46645021645021645,主測度 發文數｜等權・可交易性篩選後,abn_attention_weekend
2020-03-15,115,-0.11274976566900093,23,-0.09637873338085268,23,-0.10106082661894636,23,-0.10234324774782053,23,-0.0851940100213506,23,0.027555755647650323,0.34782608695652173,0.2608695652173913,0.30434782608695654,主測度 發文數｜等權・可交易性篩選後,abn_attention_weekend
2020-03-22,113,0.10813843520120661,23,0.09352853105191246,22,0.08047942330265316,23,0.10150344886748007,22,0.08553524857917648,23,-0.022603186622030133,0.7391304347826086,0.43478260869565216,0.5869565217391304,主測度 發文數｜等權・可交易性篩選後,abn_attention_weekend
2020-03-29,113,0.03786516709017077,23,0.03405184733908117,22,0.02299511998050108,23,0.02848316528164846,22,0.025485349908017197,23,-0.012379817182153575,0.6956521739130435,0.5217391304347826,0.6086956521739131,主測度 發文數｜等權・可交易性篩選後,abn_attention_weekend
2020-04-05,97,0.06274914580734661,20,0.05520309392411443,19,0.05405717591654429,19,0.05938226575016585,19,0.05667010601440099,20,-0.00607903979294562,0.6,0.35,0.475,主測度 發文數｜等權・可交易性篩選後,abn_attention_weekend
2020-04-12,108,0.02196949059409665,22,0.04185355750608287,21,0.03378936248297195,22,0.018550201763814278,21,0.019963873115182676,22,-0.0020056174789139757,0.5909090909090909,0.2727272727272727,0.4318181818181818,主測度 發文數｜等權・可交易性篩選後,abn_attention_weekend
2020-04-19,111,-0.00524087965466111,23,-0.01749694536726445,22,-0.01053023199723529,22,-0.005390113234361746,22,-0.012218082899268649,22,-0.006977203244607539,0.2727272727272727,0.17391304347826086,0.22332015810276679,主測度 發文數｜等權・可交易性篩選後,abn_attention_weekend
2020-04-26,106,0.04868112898550187,22,0.06495054678571377,21,0.06393948326309346,21,0.04985372481475247,21,0.05856228896890164,21,0.009881159983399765,0.2857142857142857,0.22727272727272727,0.2564935064935065,主測度 發文數｜等權・可交易性篩選後,abn_attention_weekend
2020-05-03,106,0.03045722222158627,22,0.043442254093494136,21,0.019819894108776694,21,0.014551913099592563,21,0.020743112781541718,21,-0.009714109440044551,0.42857142857142855,0.36363636363636365,0.39610389610389607,主測度 發文數｜等權・可交易性篩選後,abn_attention_weekend
2020-05-10,108,-0.021371627547793093,22,-0.02348779739700829,21,-0.029134639048296693,22,-0.006720664013032327,21,-0.014795837944920863,22,0.00657578960287223,0.5,0.36363636363636365,0.4318181818181818,主測度 發文數｜等權・可交易性篩選後,abn_attention_weekend
2020-05-17,106,0.011547360550159303,22,0.0086442119004743,21,0.027552683494465015,21,-0.0021830141296805402,21,0.0025280557867948727,21,-0.00901930476336443,0.47619047619047616,0.4090909090909091,0.4426406926406926,主測度 發文數｜等權・可交易性篩選後,abn_attention_weekend
2020-05-24,114,-0.0036099146042628586,23,0.005057056412273546,23,0.01369780530451583,22,0.014827765287760067,23,0.00437948801126304,23,0.007989402615525899,0.4782608695652174,0.34782608695652173,0.41304347826086957,主測度 發文數｜等權・可交易性篩選後,abn_attention_weekend
2020-05-31,110,0.033726247027936744,22,0.037763758955949925,22,0.03930111297927976,22,0.041207880172906185,22,0.023297330989023524,22,-0.01042891603891322,0.5909090909090909,0.3181818181818182,0.4545454545454546,主測度 發文數｜等權・可交易性篩選後,abn_attention_weekend
2020-06-07,114,-0.02439472579635684,23,-0.024364848118689834,23,-0.037335655034950704,22,-0.030253826927068093,23,-0.03158257093569759,23,-0.0071878451393407525,0.6956521739130435,0.391304347826087,0.5434782608695652,主測度 發文數｜等權・可交易性篩選後,abn_attention_weekend
2020-06-14,111,0.02070899109305414,23,0.022495340917828233,22,0.01709671810860537,22,0.02089084195640015,22,0.010418709434782524,22,-0.010290281658271616,0.22727272727272727,0.21739130434782608,0.22233201581027667,主測度 發文數｜等權・可交易性篩選後,abn_attention_weekend
2020-06-21,111,-0.0016980244564240952,23,-0.007153894736464706,22,-0.007133602543376164,22,-0.013196032493925036,22,0.009028673361118495,22,0.010726697817542591,0.3181818181818182,0.21739130434782608,0.26778656126482214,主測度 發文數｜等權・可交易性篩選後,abn_attention_weekend
2020-06-28,106,0.022140784634848462,22,0.020943705861137134,21,0.02581536791639159,21,0.03162479967705517,21,0.01863526379995161,21,-0.003505520834896851,0.42857142857142855,0.2727272727272727,0.35064935064935066,主測度 發文數｜等權・可交易性篩選後,abn_attention_weekend
2020-07-05,115,-0.016785868970485555,23,-0.0038716565078446346,23,-0.0007653476527742702,23,-0.001592881010534747,23,0.005158893523299694,23,0.02194476249378525,0.43478260869565216,0.21739130434782608,0.32608695652173914,主測度 發文數｜等權・可交易性篩選後,abn_attention_weekend
2020-07-12,119,-0.007695161233232754,24,-0.0077083532281970735,24,0.00022438046598521647,23,-0.013245223258440908,24,-0.0037724317492129713,24,0.003922729484019782,0.4583333333333333,0.4583333333333333,0.4583333333333333,主測度 發文數｜等權・可交易性篩選後,abn_attention_weekend
2020-07-19,120,-0.010814154061219106,24,-0.007010636340664858,24,-0.0008674481166083131,24,-0.0003258371424261312,24,0.011508711117800385,24,0.02232286517901949,0.2916666666666667,0.25,0.27083333333333337,主測度 發文數｜等權・可交易性篩選後,abn_attention_weekend
2020-07-26,119,-0.0020682526538662546,24,-0.012108411477865053,24,-0.02003536976905691,23,-0.0047113731145890835,24,0.003729026566447751,24,0.0057972792203140056,0.375,0.25,0.3125,主測度 發文數｜等權・可交易性篩選後,abn_attention_weekend
2020-08-02,116,0.013935111490881493,24,0.015398433605930918,23,0.01998056899924489,23,0.010110798778156002,23,0.037851124468597834,23,0.02391601297771634,0.391304347826087,0.375,0.38315217391304346,主測度 發文數｜等權・可交易性篩選後,abn_attention_weekend
2020-08-09,117,0.004054873706542815,24,0.03094121222056005,23,0.018253701451749548,23,0.021675222118214387,23,0.0038929730639993138,24,-0.00016190064254350146,0.4166666666666667,0.3333333333333333,0.375,主測度 發文數｜等權・可交易性篩選後,abn_attention_weekend
2020-08-16,120,-0.0289385763269117,24,-0.0005266726662409987,24,0.005488386721481317,24,-0.0061305301951773234,24,-0.0028301255604959255,24,0.026108450766415773,0.25,0.20833333333333334,0.22916666666666669,主測度 發文數｜等權・可交易性篩選後,abn_attention_weekend
2020-08-23,120,0.02229906345228297,24,0.00189070236961085,24,0.0336793871770186,24,0.019471114626856786,24,0.033935243573549524,24,0.011636180121266555,0.5416666666666666,0.375,0.4583333333333333,主測度 發文數｜等權・可交易性篩選後,abn_attention_weekend
2020-08-30,120,0.003180530390260408,24,0.010812526945316403,24,0.024248904610777968,24,0.001760293929292463,24,-0.012995488986583722,24,-0.016176019376844132,0.5416666666666666,0.5416666666666666,0.5416666666666666,主測度 發文數｜等權・可交易性篩選後,abn_attention_weekend
2020-09-06,123,0.000304648518195787,25,-0.004083470472268036,24,-0.00484199333864419,25,-0.006648292663027804,24,0.0010646352474158371,25,0.0007599867292200502,0.4,0.32,0.36,主測度 發文數｜等權・可交易性篩選後,abn_attention_weekend
2020-09-13,125,0.012409998576602908,25,0.0043871222277497915,25,0.02054527180506389,25,0.006347445858534733,25,0.006920485216345211,25,-0.005489513360257697,0.32,0.24,0.28,主測度 發文數｜等權・可交易性篩選後,abn_attention_weekend
2020-09-20,124,-0.07118041805537978,25,-0.07389127507508,25,-0.07239230456557455,24,-0.07508894428626349,25,-0.04253829805715079,25,0.028642119998228986,0.28,0.16,0.22000000000000003,主測度 發文數｜等權・可交易性篩選後,abn_attention_weekend
2020-09-27,123,0.00794801944048603,25,0.009493242951691854,24,0.004766310250787713,25,0.017240918100846266,24,0.02076078566142436,25,0.01281276622093833,0.36,0.2,0.28,主測度 發文數｜等權・可交易性篩選後,abn_attention_weekend
2020-10-04,104,0.02455771054896862,21,0.019632790159089815,21,0.01938930283360233,20,0.03471298711819435,21,0.01794202058616627,21,-0.006615689962802349,0.47619047619047616,0.47619047619047616,0.47619047619047616,主測度 發文數｜等權・可交易性篩選後,abn_attention_weekend
2020-10-11,116,-0.011982052679300364,24,-0.01246593884835098,23,-0.0011806237100635262,23,0.008109200015030049,23,-0.017318626145598492,23,-0.0053365734662981276,0.4782608695652174,0.4583333333333333,0.4682971014492754,主測度 發文數｜等權・可交易性篩選後,abn_attention_weekend
2020-10-18,119,0.019012960146478866,24,0.015013317457702036,24,0.016070925986723487,23,0.017756178561153153,24,0.0027478110255863782,24,-0.016265149120892487,0.2916666666666667,0.25,0.27083333333333337,主測度 發文數｜等權・可交易性篩選後,abn_attention_weekend
2020-10-25,121,-0.02703348850218174,25,-0.019039267359633197,24,-0.014217727746139766,24,-0.010813930484316453,24,-0.017022049439270177,24,0.010011439062911562,0.4166666666666667,0.2,0.30833333333333335,主測度 發文數｜等權・可交易性篩選後,abn_attention_weekend
2020-11-01,122,0.016453635783417533,25,0.02106565507674975,24,0.023351894511525317,24,0.014945272882777083,24,0.020068627008109487,25,0.003614991224691954,0.32,0.4,0.36,主測度 發文數｜等權・可交易性篩選後,abn_attention_weekend
2020-11-08,120,-0.006897328743434715,24,0.013362261985087992,24,0.0016516957523079884,24,0.013892631289336233,24,0.0057524201504890364,24,0.012649748893923752,0.3333333333333333,0.20833333333333334,0.2708333333333333,主測度 發文數｜等權・可交易性篩選後,abn_attention_weekend
2020-11-15,124,0.0213028068553303,25,0.011040849601034464,25,-0.002262023663094049,24,0.02266568808636802,25,0.018349769114957292,25,-0.002953037740373008,0.36,0.24,0.3,主測度 發文數｜等權・可交易性篩選後,abn_attention_weekend
2020-11-22,124,0.03151636386631486,25,0.015179071343641737,25,0.016541850256001665,24,0.026364546157638485,25,0.00917294945439516,25,-0.0223434144119197,0.36,0.28,0.32,主測度 發文數｜等權・可交易性篩選後,abn_attention_weekend
2020-11-29,125,0.020377324620134432,25,-0.0009513155441031529,25,-0.0118207210314976,25,0.012625640011687755,25,0.016622191906857958,25,-0.003755132713276474,0.4,0.36,0.38,主測度 發文數｜等權・可交易性篩選後,abn_attention_weekend
2020-12-06,126,-0.012985236048941298,26,-0.012024184328472253,25,-0.019775056088042076,25,-0.009664099881064066,25,-0.016616258208241502,25,-0.0036310221593002043,0.52,0.2692307692307692,0.3946153846153846,主測度 發文數｜等權・可交易性篩選後,abn_attention_weekend
2020-12-13,125,0.005254172473431735,25,0.008841107147079343,25,0.018803480879279726,25,0.005566277524394083,25,0.010878680318618899,25,0.005624507845187163,0.32,0.2,0.26,主測度 發文數｜等權・可交易性篩選後,abn_attention_weekend
2020-12-20,121,0.024194088064770664,25,0.02507547749124546,24,0.007079914000866512,24,-0.004406794435154714,24,0.019506533868965878,24,-0.004687554195804786,0.4166666666666667,0.36,0.3883333333333333,主測度 發文數｜等權・可交易性篩選後,abn_attention_weekend
2020-12-27,129,0.019345302100281292,26,0.010822614418979479,26,0.012696917368610148,25,0.0060942797425663905,26,0.0341544640780866,26,0.01480916197780531,0.34615384615384615,0.2692307692307692,0.3076923076923077,主測度 發文數｜等權・可交易性篩選後,abn_attention_weekend
2021-01-03,130,-0.0168137320924732,26,-0.0114795390694682,26,-0.02910988923664131,26,0.003945414149606769,26,0.01252857795813179,26,0.02934231005060499,0.38461538461538464,0.3076923076923077,0.34615384615384615,主測度 發文數｜等權・可交易性篩選後,abn_attention_weekend
2021-01-10,129,-0.03739806261164757,26,-0.029696650554597394,26,-0.05205364410541696,25,0.002838940308865159,26,-0.026543850154059634,26,0.010854212457587935,0.38461538461538464,0.3076923076923077,0.34615384615384615,主測度 發文數｜等權・可交易性篩選後,abn_attention_weekend
2021-01-17,133,-0.022717299441969076,27,-0.01692276634145508,26,-0.029286223532757068,27,-0.017456108501403937,26,0.0004327098743990986,27,0.023150009316368174,0.4074074074074074,0.25925925925925924,0.3333333333333333,主測度 發文數｜等權・可交易性篩選後,abn_attention_weekend
2021-01-24,130,-0.030091249150307694,26,-0.03132855988544808,26,-0.026668313340751724,26,-0.028464082920500327,26,-0.036126262462011054,26,-0.00603501331170336,0.38461538461538464,0.2692307692307692,0.3269230769230769,主測度 發文數｜等權・可交易性篩選後,abn_attention_weekend
2021-01-31,127,0.028472719544720245,26,0.022294596595679256,25,0.030505577971135255,25,0.01032950743703744,25,0.02517945413423051,26,-0.003293265410489736,0.5769230769230769,0.5,0.5384615384615384,主測度 發文數｜等權・可交易性篩選後,abn_attention_weekend
2021-02-21,122,0.007805975071507389,25,0.0056675075355339345,24,0.012226886354670327,24,0.043765246145629925,24,0.022956874023246907,25,0.015150898951739517,0.64,0.6,0.62,主測度 發文數｜等權・可交易性篩選後,abn_attention_weekend
2021-02-28,136,-0.03780944044931657,28,-0.012341696926002297,27,-0.01587817196342631,27,-0.0027144446098680687,27,-0.013056743408714388,27,0.024752697040602182,0.4074074074074074,0.2857142857142857,0.3465608465608465,主測度 發文數｜等權・可交易性篩選後,abn_attention_weekend
2021-03-07,124,0.017075708361146136,25,0.015355448429006695,25,0.02076316949108398,24,0.00406433587918698,25,0.02417100366660066,25,0.007095295305454524,0.48,0.2,0.33999999999999997,主測度 發文數｜等權・可交易性篩選後,abn_attention_weekend
2021-03-14,128,0.002170208574355886,26,-0.005278876075211669,25,-0.0028373575057584156,26,-0.002789828064424391,25,-0.0019330343577858055,26,-0.004103242932141692,0.34615384615384615,0.34615384615384615,0.34615384615384615,主測度 發文數｜等權・可交易性篩選後,abn_attention_weekend
2021-03-21,129,0.011912013355288836,26,0.025170720454695334,26,0.020107890090449082,25,0.02025604903199401,26,0.008666298372911488,26,-0.003245714982377348,0.7307692307692307,0.5,0.6153846153846154,主測度 發文數｜等權・可交易性篩選後,abn_attention_weekend
2021-03-28,128,0.009410544545006522,26,0.004457504655010589,25,0.007685921621695069,26,0.016762699576189345,25,0.02180615588102592,26,0.012395611336019397,0.6923076923076923,0.5,0.5961538461538461,主測度 發文數｜等權・可交易性篩選後,abn_attention_weekend
2021-04-04,128,0.040940266258307496,26,0.025681571856336842,25,0.01828088518774596,26,0.0261741505523614,25,0.03202503889379739,26,-0.008915227364510107,0.5769230769230769,0.46153846153846156,0.5192307692307692,主測度 發文數｜等權・可交易性篩選後,abn_attention_weekend
2021-04-11,130,0.03523123946654134,26,0.030503386957417403,26,0.03676542164170999,26,0.012019719516110297,26,0.07480196170624556,26,0.039570722239704224,0.6538461538461539,0.34615384615384615,0.5,主測度 發文數｜等權・可交易性篩選後,abn_attention_weekend
2021-04-18,140,0.013916145900552306,28,0.01964589968126485,28,0.010530441767134755,28,0.023899927488544675,28,0.028341988582339793,28,0.014425842681787487,0.5357142857142857,0.32142857142857145,0.4285714285714286,主測度 發文數｜等權・可交易性篩選後,abn_attention_weekend
2021-04-25,142,0.03736967798930411,29,0.01583019844530766,28,0.025117363268223968,28,-0.0015583975512362877,28,0.03718291208327663,29,-0.00018676590602748067,0.4482758620689655,0.3448275862068966,0.39655172413793105,主測度 發文數｜等權・可交易性篩選後,abn_attention_weekend
2021-05-02,143,-0.040897559104476726,29,-0.03240319375509242,28,-0.04717534137823185,29,-0.04438200144634923,28,-0.030504287448867982,29,0.010393271655608743,0.27586206896551724,0.2413793103448276,0.25862068965517243,主測度 發文數｜等權・可交易性篩選後,abn_attention_weekend
2021-05-09,143,-0.11911327919578409,29,-0.09652946449798068,28,-0.10619253650987129,29,-0.1237943750491569,28,-0.10891506374013539,29,0.010198215455648696,0.27586206896551724,0.1724137931034483,0.22413793103448276,主測度 發文數｜等權・可交易性篩選後,abn_attention_weekend
2021-05-16,148,0.09788982465047358,30,0.0869403647469274,29,0.09542146712899686,30,0.07719715701957848,29,0.10290925468340303,30,0.005019430032929456,0.7333333333333333,0.26666666666666666,0.5,主測度 發文數｜等權・可交易性篩選後,abn_attention_weekend
2021-05-23,146,0.04543023698613525,30,0.039404912427770264,29,0.04605644183197828,29,0.07288928021261466,29,0.048277456103839635,29,0.002847219117704386,0.7586206896551724,0.6,0.6793103448275861,主測度 發文數｜等權・可交易性篩選後,abn_attention_weekend
2021-05-30,148,0.026822005911169303,30,0.01651364228307698,29,0.02115753612920135,30,0.014802145744848099,29,0.03495804053483245,30,0.00813603462366315,0.6666666666666666,0.5333333333333333,0.6,主測度 發文數｜等權・可交易性篩選後,abn_attention_weekend
2021-06-06,149,-0.01733071434154444,30,-0.023874102600893465,30,-0.010812145461124033,29,-0.01209566797041642,30,-0.018244918170917286,30,-0.000914203829372847,0.5666666666666667,0.36666666666666664,0.4666666666666667,主測度 發文數｜等權・可交易性篩選後,abn_attention_weekend
2021-06-13,148,0.0034204836341817516,30,0.0071272989869050445,29,-0.01653764146577886,30,0.017575792695877855,29,0.008509457449015222,30,0.005088973814833471,0.5333333333333333,0.4666666666666667,0.5,主測度 發文數｜等權・可交易性篩選後,abn_attention_weekend
2021-06-20,144,0.027870730615054226,29,0.04039413684467439,29,0.045751946211837126,28,0.018390457891616127,29,0.05415762822582653,29,0.026286897610772304,0.5517241379310345,0.2413793103448276,0.39655172413793105,主測度 發文數｜等權・可交易性篩選後,abn_attention_weekend
2021-06-27,149,0.014920520999177397,30,0.02868094468996982,30,0.017809031045748665,29,-0.0004753062030973735,30,0.028935295331461507,30,0.01401477433228411,0.36666666666666664,0.23333333333333334,0.3,主測度 發文數｜等權・可交易性篩選後,abn_attention_weekend
2021-07-04,154,-0.011662406375462063,31,-0.008496477372494912,31,-0.014630395313368131,30,0.018577668288548226,31,-0.017669626328217017,31,-0.006007219952754954,0.5161290322580645,0.3225806451612903,0.4193548387096774,主測度 發文數｜等權・可交易性篩選後,abn_attention_weekend
2021-07-11,158,-0.015099347688855558,32,-0.018960941625180274,31,-0.022926139778781496,32,0.004558205607206831,31,-0.019281840697806422,32,-0.004182493008950863,0.5,0.3125,0.40625,主測度 發文數｜等權・可交易性篩選後,abn_attention_weekend
2021-07-18,155,-0.014495593655505153,31,0.00022975992111008388,31,-0.009766205466401636,31,-0.001668568457844072,31,-0.03009844811942619,31,-0.015602854463921038,0.5161290322580645,0.45161290322580644,0.4838709677419355,主測度 發文數｜等權・可交易性篩選後,abn_attention_weekend
2021-07-25,158,-0.033011253845651456,32,-0.028604128745414976,31,-0.02214311544831245,32,-0.01117337103683613,31,-0.03024291657980025,32,0.002768337265851205,0.46875,0.375,0.421875,主測度 發文數｜等權・可交易性篩選後,abn_attention_weekend
2021-08-01,157,0.005550576264493165,32,0.0032010728291578536,31,0.011737975757514634,31,0.004556807041643772,31,0.008222217859551115,32,0.0026716415950579497,0.5,0.28125,0.390625,主測度 發文數｜等權・可交易性篩選後,abn_attention_weekend
2021-08-08,150,-0.03841510106313884,30,-0.03260384268618211,30,-0.050386419238762366,30,-0.041905037257213534,30,-0.03247037959984528,30,0.005944721463293563,0.5333333333333333,0.3333333333333333,0.43333333333333335,主測度 發文數｜等權・可交易性篩選後,abn_attention_weekend
2021-08-15,150,-0.03431110544778191,30,-0.04269322862506481,30,-0.041933765325119075,30,-0.03733394013793775,30,-0.028673671638666385,30,0.005637433809115525,0.43333333333333335,0.2,0.31666666666666665,主測度 發文數｜等權・可交易性篩選後,abn_attention_weekend
2021-08-22,153,0.04782905356538965,31,0.04386911413542087,30,0.03960038233242547,31,0.03695288976047816,30,0.03230839139525049,31,-0.015520662170139157,0.3870967741935484,0.41935483870967744,0.4032258064516129,主測度 發文數｜等權・可交易性篩選後,abn_attention_weekend
2021-08-29,147,-0.023671320730291417,30,0.0011699706627266659,29,-0.0010785970566049344,29,-0.00045622255256610436,29,0.006609670953309613,30,0.03028099168360103,0.6666666666666666,0.4666666666666667,0.5666666666666667,主測度 發文數｜等權・可交易性篩選後,abn_attention_weekend
2021-09-05,147,-0.003938015689285675,30,-0.016193729175861794,29,-0.008098802929117323,29,-0.013643845576526077,29,-0.005362327056944061,30,-0.0014243113676583857,0.4666666666666667,0.4,0.43333333333333335,主測度 發文數｜等權・可交易性篩選後,abn_attention_weekend
2021-09-12,144,-0.006699483183086771,29,0.006370061595806025,29,-0.001134069164411924,28,-0.006688561421285982,29,-0.005160586166381085,29,0.0015388970167056855,0.3103448275862069,0.3103448275862069,0.3103448275862069,主測度 發文數｜等權・可交易性篩選後,abn_attention_weekend
2021-09-19,143,0.024851541086827737,29,0.017593557671112477,28,0.015740620729809033,29,0.017995431216090603,28,0.017119930447126896,29,-0.007731610639700841,0.41379310344827586,0.41379310344827586,0.41379310344827586,主測度 發文數｜等權・可交易性篩選後,abn_attention_weekend
2021-09-26,135,-0.03876838275551814,27,-0.04114587063949292,27,-0.01252680202184742,27,-0.021539913325322933,27,-0.022639007706098894,27,0.016129375049419244,0.18518518518518517,0.2222222222222222,0.2037037037037037,主測度 發文數｜等權・可交易性篩選後,abn_attention_weekend
2021-10-03,150,-0.012542130515378457,30,-0.0028006175338456396,30,-0.01652863164233897,30,0.0019991801840863834,30,-0.014650076666226756,30,-0.0021079461508482986,0.5666666666666667,0.36666666666666664,0.4666666666666667,主測度 發文數｜等權・可交易性篩選後,abn_attention_weekend
2021-10-10,148,-0.013391011239604667,30,-0.0019678295774581325,29,0.0063099910785871256,30,-0.0065532589094551745,29,-0.009115489013211261,30,0.004275522226393406,0.4666666666666667,0.3333333333333333,0.4,主測度 發文數｜等權・可交易性篩選後,abn_attention_weekend
2021-10-17,144,-0.021816350680473967,29,-0.009728558680909218,29,-0.005908416897995884,28,0.0047751405744050745,29,0.007222454931212863,29,0.02903880561168683,0.3793103448275862,0.3448275862068966,0.3620689655172414,主測度 發文數｜等權・可交易性篩選後,abn_attention_weekend
2021-10-24,151,0.024227094130532065,31,-0.0013822452362556748,30,0.008368184023761837,30,0.02620385333540189,30,0.007419847478768145,30,-0.01680724665176392,0.23333333333333334,0.22580645161290322,0.22956989247311826,主測度 發文數｜等權・可交易性篩選後,abn_attention_weekend
2021-10-31,147,0.009695447633623877,30,0.00561745637638918,29,0.010709990923317791,29,0.0031034126029791903,29,0.0027365478445011138,30,-0.006958899789122763,0.26666666666666666,0.23333333333333334,0.25,主測度 發文數｜等權・可交易性篩選後,abn_attention_weekend
2021-11-07,150,-0.002051966707119083,30,0.022387063485793068,30,0.014915834381210028,30,0.000851148759293104,30,0.005826151894290558,30,0.00787811860140964,0.3,0.26666666666666666,0.2833333333333333,主測度 發文數｜等權・可交易性篩選後,abn_attention_weekend
2021-11-14,155,-0.006613089440138841,31,0.0010928933324239197,31,-0.020956140827358333,31,0.003982044306842813,31,-0.008611299586678224,31,-0.0019982101465393833,0.45161290322580644,0.45161290322580644,0.45161290322580644,主測度 發文數｜等權・可交易性篩選後,abn_attention_weekend
2021-11-21,156,-0.013419063680872128,32,-0.012255210768207082,31,-0.005260815428979407,31,-0.024645337092333762,31,-0.013769741940759219,31,-0.0003506782598870911,0.22580645161290322,0.15625,0.19102822580645162,主測度 發文數｜等權・可交易性篩選後,abn_attention_weekend
2021-11-28,149,0.029293282768108334,30,0.0096330764361732,30,0.012393481171238825,29,0.038677031675620754,30,0.022485270937306265,30,-0.006808011830802069,0.3,0.1,0.2,主測度 發文數｜等權・可交易性篩選後,abn_attention_weekend
2021-12-05,151,0.008421391926900387,31,0.0006996196789428459,30,0.002329784748079078,30,0.013860588365350241,30,0.0008902151502696798,30,-0.0075311767766307065,0.43333333333333335,0.3225806451612903,0.3779569892473118,主測度 發文數｜等權・可交易性篩選後,abn_attention_weekend
2021-12-12,149,-0.00967794681251399,30,-0.008654316053114635,30,0.003009200971330651,29,-0.00696831778019454,30,-0.008962942721959999,30,0.0007150040905539914,0.5,0.3333333333333333,0.41666666666666663,主測度 發文數｜等權・可交易性篩選後,abn_attention_weekend
2021-12-19,150,0.015918582952960437,30,0.005624820153928789,30,0.006237150350792364,30,0.036081174624168905,30,-0.0008121717610365175,30,-0.016730754713996956,0.3,0.3,0.3,主測度 發文數｜等權・可交易性篩選後,abn_attention_weekend
2021-12-26,145,0.00804698579830604,29,0.006182534329284705,29,0.006851334603565481,29,0.01541690538245982,29,0.010761002747997041,29,0.002714016949691001,0.20689655172413793,0.20689655172413793,0.20689655172413793,主測度 發文數｜等權・可交易性篩選後,abn_attention_weekend
2022-01-02,147,-0.013101106510915764,30,-0.013196882580234154,29,-0.021193987131030257,29,-0.03342441791010679,29,-0.025583217797399548,30,-0.012482111286483783,0.3,0.2,0.25,主測度 發文數｜等權・可交易性篩選後,abn_attention_weekend
2022-01-09,151,-0.009911420592197968,31,-0.0022497491701060635,30,-0.00864049512855051,30,-0.025330896854752594,30,0.010784883186832961,30,0.02069630377903093,0.3,0.3548387096774194,0.32741935483870965,主測度 發文數｜等權・可交易性篩選後,abn_attention_weekend
2022-01-16,154,-0.01803265054012341,31,-0.015748113654860913,31,-0.02183612308241898,30,-0.0052740241829366185,31,-0.020054804462894645,31,-0.0020221539227712367,0.3870967741935484,0.3548387096774194,0.3709677419354839,主測度 發文數｜等權・可交易性篩選後,abn_attention_weekend
2022-01-23,148,-0.017978861025909048,30,-0.01635192194495889,29,-0.01824150616517356,30,-0.022249948755207315,29,-0.008468510206902802,30,0.009510350819006246,0.4,0.26666666666666666,0.33333333333333337,主測度 發文數｜等權・可交易性篩選後,abn_attention_weekend
2022-02-13,151,0.021176283057638995,31,0.014448008027766478,30,-0.0017232706398305727,30,0.01629232745061533,30,0.011682695656127128,30,-0.009493587401511867,0.4666666666666667,0.5161290322580645,0.4913978494623656,主測度 發文數｜等權・可交易性篩選後,abn_attention_weekend
2022-02-20,149,-0.014315608949467092,30,-0.012281537293169654,30,-0.021253001499393402,29,-0.0277714387462926,30,-0.013763084207541536,30,0.0005525247419255561,0.5,0.4666666666666667,0.48333333333333334,主測度 發文數｜等權・可交易性篩選後,abn_attention_weekend
2022-02-27,155,0.01356402148063182,31,0.015929695795918554,31,0.009547440049383127,31,0.014413307152473805,31,0.005593511667467151,31,-0.007970509813164668,0.25806451612903225,0.1935483870967742,0.22580645161290322,主測度 發文數｜等權・可交易性篩選後,abn_attention_weekend
2022-03-06,148,-0.009579804972282124,30,-0.025268097031693564,29,-0.012716595334335128,30,-0.017024511412700897,29,-0.0045740504833645486,30,0.005005754488917575,0.26666666666666666,0.13333333333333333,0.2,主測度 發文數｜等權・可交易性篩選後,abn_attention_weekend
2022-03-13,157,0.012786508531717537,32,0.01560860378364513,31,0.0044210101329712264,31,0.00979233238195082,31,0.0035085279291133357,32,-0.0092779806026042,0.40625,0.34375,0.375,主測度 發文數｜等權・可交易性篩選後,abn_attention_weekend
2022-03-20,153,-0.010470810996179912,31,0.012748517739051854,30,0.016468667968598125,31,-0.00204416978573491,30,0.00573134413694875,31,0.016202155133128664,0.22580645161290322,0.16129032258064516,0.1935483870967742,主測度 發文數｜等權・可交易性篩選後,abn_attention_weekend
2022-03-27,156,0.01204077868062602,32,0.008828899938788137,31,0.0011790033421833167,31,-0.00031187019887205766,31,0.00023834336650956572,31,-0.011802435314116453,0.6451612903225806,0.5,0.5725806451612903,主測度 發文數｜等權・可交易性篩選後,abn_attention_weekend
2022-04-03,157,-0.008829249657237193,32,-0.013249877894352209,31,0.004444523639385075,31,-0.022420359597362872,31,9.459903179186852e-05,32,0.008923848689029061,0.71875,0.46875,0.59375,主測度 發文數｜等權・可交易性篩選後,abn_attention_weekend
2022-04-10,150,-0.007132023527550324,30,-0.0009032246201946241,30,0.009438032996059383,30,-0.020891548175312767,30,-0.010547096136822802,30,-0.003415072609272478,0.2,0.13333333333333333,0.16666666666666669,主測度 發文數｜等權・可交易性篩選後,abn_attention_weekend
2022-04-17,158,0.004223168512822364,32,0.019992568656243014,31,0.013287705754052696,32,0.018312966101656242,31,0.0033274871427662472,32,-0.0008956813700561166,0.34375,0.25,0.296875,主測度 發文數｜等權・可交易性篩選後,abn_attention_weekend
2022-04-24,154,-0.03088800095936965,31,-0.01936816281176237,31,-0.050987980119569426,30,-0.02644707778858504,31,-0.020513563586757474,31,0.010374437372612174,0.45161290322580644,0.22580645161290322,0.3387096774193548,主測度 發文數｜等權・可交易性篩選後,abn_attention_weekend
2022-05-01,157,-0.017059112084765782,32,-0.01629125103801127,31,-0.011835906522687938,31,0.0054704530348316455,31,-0.0035881327517044356,32,0.013470979333061347,0.375,0.25,0.3125,主測度 發文數｜等權・可交易性篩選後,abn_attention_weekend
2022-05-08,145,-0.04612492497528249,29,-0.04942159135771947,29,-0.04889149723930694,29,-0.029353185792533022,29,-0.03916193770168937,29,0.006962987273593124,0.4482758620689655,0.3103448275862069,0.3793103448275862,主測度 發文數｜等權・可交易性篩選後,abn_attention_weekend
2022-05-15,157,0.011723052594749418,32,0.018231063006222584,31,0.017063397225123015,31,0.013954169142637567,31,0.0014904487169218432,32,-0.010232603877827574,0.53125,0.40625,0.46875,主測度 發文數｜等權・可交易性篩選後,abn_attention_weekend
2022-05-22,146,0.008261341217540411,30,0.0020991498947403597,29,2.920860568621087e-05,29,0.0046785759397078045,29,0.008448248365840847,29,0.0001869071483004362,0.3793103448275862,0.26666666666666666,0.32298850574712645,主測度 發文數｜等權・可交易性篩選後,abn_attention_weekend
2022-05-29,141,-0.0023191225262246436,29,0.006544343345563074,28,-0.0005790745974495669,28,0.017168629830502997,28,0.005723494930944896,28,0.00804261745716954,0.39285714285714285,0.3103448275862069,0.3516009852216749,主測度 發文數｜等權・可交易性篩選後,abn_attention_weekend
2022-06-05,141,-0.01705961611377696,29,0.006035044050131924,28,-0.011297293559084228,28,-0.0058976940460560645,28,0.005632478985289914,28,0.022692095099066875,0.39285714285714285,0.27586206896551724,0.33435960591133007,主測度 發文數｜等權・可交易性篩選後,abn_attention_weekend
2022-06-12,142,-0.03329611336001856,29,-0.02391789839914391,28,-0.03504327867000389,28,-0.034095353316269256,28,-0.03412755710984426,29,-0.0008314437498257027,0.41379310344827586,0.2413793103448276,0.3275862068965517,主測度 發文數｜等權・可交易性篩選後,abn_attention_weekend
2022-06-19,149,-0.03344878503528988,30,-0.009170228623700963,30,-0.011953893576890235,29,-0.018007684818139972,30,-0.0039720459566995325,30,0.029476739078590344,0.3,0.23333333333333334,0.26666666666666666,主測度 發文數｜等權・可交易性篩選後,abn_attention_weekend
2022-06-26,153,-0.05934232562885255,31,-0.04237834982602024,30,-0.06447141694226642,31,-0.07972496896668775,30,-0.06521040316543544,31,-0.0058680775365828955,0.3225806451612903,0.3225806451612903,0.3225806451612903,主測度 發文數｜等權・可交易性篩選後,abn_attention_weekend
2022-07-03,150,0.02654424989964437,30,0.0043270313377810395,30,0.01090890381394769,30,0.01457483606410684,30,0.025376140709923882,30,-0.0011681091897204864,0.23333333333333334,0.2,0.21666666666666667,主測度 發文數｜等權・可交易性篩選後,abn_attention_weekend
2022-07-10,147,-0.013949370618646428,30,-0.0004978950290105652,29,-0.01885195533949472,29,-0.010665504924520113,29,0.004414368293318812,30,0.01836373891196524,0.3333333333333333,0.26666666666666666,0.3,主測度 發文數｜等權・可交易性篩選後,abn_attention_weekend
2022-07-17,144,0.035357480526847014,29,0.009880575475495399,29,0.040741046787410924,28,0.02757821553388422,29,0.03736671050605048,29,0.0020092299792034626,0.4482758620689655,0.3448275862068966,0.39655172413793105,主測度 發文數｜等權・可交易性篩選後,abn_attention_weekend
2022-07-24,143,0.02797854884056778,29,0.009741321571474408,28,0.004581152959830575,29,0.010292425631210597,28,-0.001996159251232417,29,-0.0299747080918002,0.27586206896551724,0.20689655172413793,0.24137931034482757,主測度 發文數｜等權・可交易性篩選後,abn_attention_weekend
2022-07-31,139,-0.005687769453265914,28,-0.02695288847167376,28,-0.016501030554906045,27,-0.0056112736475775905,28,-0.007175446350361321,28,-0.001487676897095407,0.25,0.25,0.25,主測度 發文數｜等權・可交易性篩選後,abn_attention_weekend
2022-08-07,144,0.0216877885199496,29,0.026008659571505534,29,0.02691642191895757,28,0.025943136451348277,29,0.019919845872378713,29,-0.0017679426475708873,0.2413793103448276,0.27586206896551724,0.25862068965517243,主測度 發文數｜等權・可交易性篩選後,abn_attention_weekend
2022-08-14,137,0.009332345061478675,28,0.015676821925738358,27,0.03589213395577638,27,0.013930413840981086,27,0.0028522614630311477,28,-0.006480083598447527,0.32142857142857145,0.35714285714285715,0.3392857142857143,主測度 發文數｜等權・可交易性篩選後,abn_attention_weekend
2022-08-21,140,0.020850820261959797,28,0.025826723490100945,28,0.019337111699268553,28,0.009948886361405238,28,0.008425355745956962,28,-0.012425464516002835,0.4642857142857143,0.2857142857142857,0.375,主測度 發文數｜等權・可交易性篩選後,abn_attention_weekend
2022-08-28,137,-0.011460791318343247,28,-0.0007246096543267549,27,0.008980147731229361,27,-0.003871357633563051,27,-0.004451705636505642,28,0.0070090856818376054,0.5357142857142857,0.42857142857142855,0.4821428571428571,主測度 發文數｜等權・可交易性篩選後,abn_attention_weekend
2022-09-04,137,-0.004560450326688884,28,-0.006586970658109339,27,-0.026598798003414383,27,-0.01772436106618363,27,-0.005871601515208824,28,-0.00131115118851994,0.42857142857142855,0.39285714285714285,0.4107142857142857,主測度 發文數｜等權・可交易性篩選後,abn_attention_weekend
2022-09-11,136,-0.0031859001645636953,28,-0.012156666966706751,27,-0.01208514140433883,27,0.008908050392478575,27,0.004654543061821181,27,0.007840443226384875,0.2962962962962963,0.2857142857142857,0.291005291005291,主測度 發文數｜等權・可交易性篩選後,abn_attention_weekend
2022-09-18,134,-0.020658675819706946,27,-0.0221726173301835,27,-0.03219037107930004,26,-0.04823465998652603,27,-0.02031631337972985,27,0.00034236243997709526,0.25925925925925924,0.18518518518518517,0.2222222222222222,主測度 發文數｜等權・可交易性篩選後,abn_attention_weekend
2022-09-25,134,-0.027424077066053827,27,-0.02954987744438239,27,-0.042093640798994296,26,-0.04715338795908875,27,-0.0353315946453707,27,-0.007907517579316875,0.25925925925925924,0.14814814814814814,0.2037037037037037,主測度 發文數｜等權・可交易性篩選後,abn_attention_weekend
2022-10-02,138,0.021941034304184762,28,0.013571036938121069,27,0.03303594921252629,28,0.03644932616994798,27,0.02001965915263723,28,-0.001921375151547531,0.21428571428571427,0.17857142857142858,0.19642857142857142,主測度 發文數｜等權・可交易性篩選後,abn_attention_weekend
2022-10-09,133,-0.02936686161001488,27,-0.018150347199330785,26,-0.02780495084927616,27,-0.02283203177276464,26,-0.016733676704998104,27,0.012633184905016775,0.2222222222222222,0.18518518518518517,0.2037037037037037,主測度 發文數｜等權・可交易性篩選後,abn_attention_weekend
2022-10-16,133,-0.005913484853149218,27,-0.0002654897532146735,26,-0.014881273653346884,27,-0.0045411228363037865,26,-0.014980308138317099,27,-0.00906682328516788,0.25925925925925924,0.18518518518518517,0.2222222222222222,主測度 發文數｜等權・可交易性篩選後,abn_attention_weekend
2022-10-23,129,-0.01681503147529304,26,-0.011761527837736442,26,-0.0050995743745767055,25,-0.033016153942903886,26,-0.009112893233419893,26,0.0077021382418731455,0.4230769230769231,0.4230769230769231,0.4230769230769231,主測度 發文數｜等權・可交易性篩選後,abn_attention_weekend
2022-10-30,129,0.010380631110519845,26,0.020588488287252495,26,0.021124097413827387,25,0.0372091088040103,26,0.010276567993784475,26,-0.00010406311673536936,0.5,0.4230769230769231,0.46153846153846156,主測度 發文數｜等權・可交易性篩選後,abn_attention_weekend
2022-11-06,120,0.0330342829476865,24,0.019759846082198333,24,0.014415677463250398,24,0.02346875157652223,24,0.031289252990503176,24,-0.0017450299571833208,0.3333333333333333,0.3333333333333333,0.3333333333333333,主測度 發文數｜等權・可交易性篩選後,abn_attention_weekend
2022-11-13,131,0.0029067084953094957,27,0.006867937977744427,26,0.014780535284295463,26,0.024352408358999284,26,0.022364014519096257,26,0.01945730602378676,0.34615384615384615,0.2962962962962963,0.3212250712250712,主測度 發文數｜等權・可交易性篩選後,abn_attention_weekend
2022-11-20,132,0.03638265510308544,27,0.014500195004712314,26,0.014769448863726144,26,0.006789817398391573,26,0.007289341526008086,27,-0.029093313577077357,0.25925925925925924,0.2222222222222222,0.24074074074074073,主測度 發文數｜等權・可交易性篩選後,abn_attention_weekend
2022-11-27,126,0.03117018888218148,26,0.04652793459434973,25,0.061440759066956424,25,0.046702324478521885,25,0.03845404827359807,25,0.007283859391416594,0.16,0.15384615384615385,0.15692307692307694,主測度 發文數｜等權・可交易性篩選後,abn_attention_weekend
2022-12-04,125,0.0027659184109324643,25,-0.013699129200663886,25,-0.021801412090054584,25,-0.01611575069180872,25,-0.016203146980106515,25,-0.01896906539103898,0.36,0.2,0.28,主測度 發文數｜等權・可交易性篩選後,abn_attention_weekend
2022-12-11,126,0.004095265827171683,26,-0.007219251490539804,25,0.005298140433377494,25,-0.0023818053422757267,25,-0.001147595865804627,25,-0.005242861692976311,0.32,0.2692307692307692,0.2946153846153846,主測度 發文數｜等權・可交易性篩選後,abn_attention_weekend
2022-12-18,125,-0.00879142528760986,25,-0.004615539425583784,25,-0.010530985377966387,25,-0.015486095460254607,25,-0.006756424257370446,25,0.002035001030239414,0.24,0.16,0.2,主測度 發文數｜等權・可交易性篩選後,abn_attention_weekend
2022-12-25,124,-0.015010397530897404,25,-0.00044428128848846173,25,-0.009612329427392425,24,-0.00993408257961569,25,-0.011171204936596499,25,0.0038391925943009053,0.36,0.36,0.36,主測度 發文數｜等權・可交易性篩選後,abn_attention_weekend
2023-01-01,124,0.00179071661393984,25,0.004840408694552729,25,0.013949658072497451,24,0.017217007613223183,25,0.004122979621291578,25,0.0023322630073517375,0.4,0.36,0.38,主測度 發文數｜等權・可交易性篩選後,abn_attention_weekend
2023-01-08,117,-0.0042971462221614715,24,-0.0010190237237619373,23,-0.002389096571533527,23,-0.015993905900493828,23,0.006986991553909902,24,0.011284137776071373,0.4166666666666667,0.16666666666666666,0.2916666666666667,主測度 發文數｜等權・可交易性篩選後,abn_attention_weekend
2023-01-15,127,0.002019900246276313,26,0.004099388133152262,25,0.004602924096736372,25,-0.0018856994389869896,25,0.0004943330613132286,26,-0.0015255671849630844,0.4230769230769231,0.38461538461538464,0.40384615384615385,主測度 發文數｜等權・可交易性篩選後,abn_attention_weekend
2023-02-05,123,-0.011535598046673163,25,0.0035828492022927927,24,-0.01442869812062978,25,-0.005613802008386816,24,0.007583654848047549,25,0.01911925289472071,0.2,0.36,0.28,主測度 發文數｜等權・可交易性篩選後,abn_attention_weekend
2023-02-12,124,0.01914164095301888,25,0.024971352901481926,25,0.013405740397568653,24,0.02832846213123434,25,0.019927601937934813,25,0.0007859609849159323,0.24,0.12,0.18,主測度 發文數｜等權・可交易性篩選後,abn_attention_weekend
2023-02-19,123,0.01011247198708555,25,0.0253040846184549,24,0.015550887705788684,25,0.015047161317226887,24,0.018290333884117656,25,0.008177861897032106,0.4,0.28,0.34,主測度 發文數｜等權・可交易性篩選後,abn_attention_weekend
2023-02-26,126,0.010979101722098428,26,0.010309786073591827,25,0.0071935020913648185,25,0.006689167904929918,25,0.008818674876109616,25,-0.002160426845988812,0.44,0.4230769230769231,0.43153846153846154,主測度 發文數｜等權・可交易性篩選後,abn_attention_weekend
2023-03-05,121,-0.0175266990432544,25,-0.020988686519187203,24,-0.005654145966833095,24,-0.003953717145139239,24,-0.027811966526984453,24,-0.010285267483730053,0.25,0.16,0.20500000000000002,主測度 發文數｜等權・可交易性篩選後,abn_attention_weekend
2023-03-12,131,-0.0006308281934704238,27,-0.006223002213723563,26,-0.01988688886748769,26,-0.015334260013181973,26,-0.017062714947926418,26,-0.016431886754455994,0.3076923076923077,0.25925925925925924,0.2834757834757835,主測度 發文數｜等權・可交易性篩選後,abn_attention_weekend
2023-03-19,131,0.015746739220331988,27,0.020431403125624723,26,0.024784963677921594,26,0.018537847699753654,26,0.025550431978329718,26,0.00980369275799773,0.2692307692307692,0.2962962962962963,0.2827635327635327,主測度 發文數｜等權・可交易性篩選後,abn_attention_weekend
2023-03-26,130,-0.005219461329842925,26,0.0009959284463911895,26,-0.0001808768796549095,26,-0.005638397385104184,26,-0.004106278854391807,26,0.0011131824754511176,0.38461538461538464,0.3076923076923077,0.34615384615384615,主測度 發文數｜等權・可交易性篩選後,abn_attention_weekend
2023-04-02,128,0.0015872309945149654,26,0.0033704261940962566,25,0.015789448139626922,26,0.003703635976460493,25,0.00419053706015353,26,0.0026033060656385646,0.3076923076923077,0.3076923076923077,0.3076923076923077,主測度 發文數｜等權・可交易性篩選後,abn_attention_weekend
2023-04-09,110,0.025040811255923723,22,-0.0007581293294670055,22,0.04857907811535165,22,0.01074198309102427,22,0.01569059446453093,22,-0.009350216791392793,0.3181818181818182,0.13636363636363635,0.22727272727272727,主測度 發文數｜等權・可交易性篩選後,abn_attention_weekend
2023-04-16,135,-0.024993160942377822,27,-0.028596964818876885,27,-0.022994205542526895,27,-0.035862820568408525,27,-0.019789944760445207,27,0.005203216181932615,0.48148148148148145,0.37037037037037035,0.42592592592592593,主測度 發文數｜等權・可交易性篩選後,abn_attention_weekend
2023-04-23,132,0.002666272775342597,27,0.01000843351037566,26,0.018487729144730423,26,0.0036708768077644135,26,0.0103130365906813,27,0.007646763815338704,0.4074074074074074,0.3333333333333333,0.37037037037037035,主測度 發文數｜等權・可交易性篩選後,abn_attention_weekend
2023-04-30,128,0.005525271991628551,26,0.0018859396506793003,25,-0.0004962682822626625,26,0.002385650266757775,25,0.009406919204584372,26,0.0038816472129558207,0.38461538461538464,0.34615384615384615,0.3653846153846154,主測度 發文數｜等權・可交易性篩選後,abn_attention_weekend
2023-05-07,126,-0.027998633507998485,26,-0.027179599611035065,25,-0.04879918742069668,25,-0.011222366083091137,25,-0.023698499183064298,25,0.004300134324934188,0.28,0.23076923076923078,0.25538461538461543,主測度 發文數｜等權・可交易性篩選後,abn_attention_weekend
2023-05-14,128,0.02889609637596671,26,0.021042294169882517,25,0.020083319255777225,26,0.04232112042452678,25,0.026145162546479327,26,-0.002750933829487382,0.2692307692307692,0.23076923076923078,0.25,主測度 發文數｜等權・可交易性篩選後,abn_attention_weekend
2023-05-21,126,0.009203629223619336,26,-0.0034004330000407634,25,-0.006002222808891488,25,0.009013562465778713,25,0.0034676729545798945,25,-0.005735956269039442,0.32,0.3076923076923077,0.3138461538461539,主測度 發文數｜等權・可交易性篩選後,abn_attention_weekend
2023-05-28,125,0.006888238581359025,25,0.0113306584108805,25,0.03059924788345493,25,0.02651869005003361,25,0.014794077476975169,25,0.007905838895616144,0.32,0.24,0.28,主測度 發文數｜等權・可交易性篩選後,abn_attention_weekend
2023-06-04,127,0.018052516553706068,26,0.008357021434252947,25,0.0117800184317524,25,0.01640546680666296,25,-0.0015983945381284764,26,-0.019650911091834544,0.23076923076923078,0.19230769230769232,0.21153846153846156,主測度 發文數｜等權・可交易性篩選後,abn_attention_weekend
2023-06-11,130,0.02448599946404636,26,0.009421672162680502,26,0.008142946812613084,26,0.004455078321745465,26,0.002246899392108511,26,-0.02223910007193785,0.23076923076923078,0.2692307692307692,0.25,主測度 發文數｜等權・可交易性篩選後,abn_attention_weekend
2023-06-18,130,0.0149749866906028,26,-0.0020121140635614046,26,0.003405657010418792,26,0.010805462855818963,26,-0.0012540763067880707,26,-0.01622906299739087,0.5769230769230769,0.4230769230769231,0.5,主測度 發文數｜等權・可交易性篩選後,abn_attention_weekend
2023-06-25,119,-0.012103379493008387,24,0.003970974143192298,24,-0.0010045223522756705,23,-0.024705693332567284,24,-0.003806445781904713,24,0.008296933711103674,0.4583333333333333,0.4583333333333333,0.4583333333333333,主測度 發文數｜等權・可交易性篩選後,abn_attention_weekend
2023-07-02,124,-0.02846948296602449,25,-0.021547379360332634,25,-0.021962872405000444,24,-0.0073270427387114485,25,-0.007641776065601795,25,0.020827706900422696,0.28,0.24,0.26,主測度 發文數｜等權・可交易性篩選後,abn_attention_weekend
2023-07-09,124,0.023092635458111993,25,-0.007176048146478489,25,-0.017668732321938396,24,0.003581626530387716,25,-0.010575802009398082,25,-0.033668437467510075,0.16,0.2,0.18,主測度 發文數｜等權・可交易性篩選後,abn_attention_weekend
2023-07-16,127,-0.012222684535705566,26,0.00936879908875684,25,0.007559313090993434,25,-0.02985239653205683,25,-0.010862853978932675,26,0.001359830556772891,0.2692307692307692,0.2692307692307692,0.2692307692307692,主測度 發文數｜等權・可交易性篩選後,abn_attention_weekend
2023-07-23,128,0.028480337148093168,26,0.015879856733049005,25,0.004093676745430938,26,0.017832492546952575,25,0.014499041502221614,26,-0.013981295645871554,0.3076923076923077,0.2692307692307692,0.28846153846153844,主測度 發文數｜等權・可交易性篩選後,abn_attention_weekend
2023-07-30,126,-0.02619609265109911,26,-0.004869485472388235,25,-0.01730919178820702,25,-0.02975322973834384,25,-0.0019706390526771323,25,0.024225453598421976,0.32,0.3076923076923077,0.3138461538461539,主測度 發文數｜等權・可交易性篩選後,abn_attention_weekend
2023-08-06,123,-0.029456106892522017,25,-0.030456696313662365,24,-0.052630556608833035,25,-0.029122387106146525,24,-0.02151975952694851,25,0.007936347365573509,0.44,0.24,0.33999999999999997,主測度 發文數｜等權・可交易性篩選後,abn_attention_weekend
2023-08-13,129,-0.004301299293874858,26,-0.027790603967465057,26,-0.011982115483704758,25,-0.013233043371696186,26,-0.030608068809859636,26,-0.026306769515984776,0.4230769230769231,0.2692307692307692,0.34615384615384615,主測度 發文數｜等權・可交易性篩選後,abn_attention_weekend
2023-08-20,135,-0.006776479610511006,27,-0.01050953339982427,27,-0.01207690111409283,27,0.003764529374713429,27,0.0007668583526599155,27,0.007543337963170921,0.3333333333333333,0.2222222222222222,0.2777777777777778,主測度 發文數｜等權・可交易性篩選後,abn_attention_weekend
2023-08-27,125,0.0010321650356415147,25,0.017587263668258028,25,0.036715051268995894,25,-0.0012469319949170554,25,0.008503228927571405,25,0.00747106389192989,0.24,0.2,0.22,主測度 發文數｜等權・可交易性篩選後,abn_attention_weekend
2023-09-03,121,-0.0034532583665740236,25,0.00952352723429703,24,-0.021717996791538848,24,0.0020001160272219245,24,-0.006232077533334379,24,-0.0027788191667603556,0.2916666666666667,0.2,0.24583333333333335,主測度 發文數｜等權・可交易性篩選後,abn_attention_weekend
2023-09-10,123,0.018335024954793454,25,0.012525441915790215,24,0.0037269957705846845,25,0.007185092433799232,24,0.007419832703377791,25,-0.010915192251415663,0.32,0.24,0.28,主測度 發文數｜等權・可交易性篩選後,abn_attention_weekend
2023-09-17,126,-0.01686197003216964,26,-0.011160689784745723,25,-0.015414473166758355,25,-0.017349881816943854,25,-0.017817203083303413,25,-0.0009552330511337741,0.36,0.3076923076923077,0.33384615384615385,主測度 發文數｜等權・可交易性篩選後,abn_attention_weekend
2023-09-24,127,-0.008846259771572548,26,0.013560436403893332,25,0.011924301118369734,25,-0.007065983619778567,25,-0.002628244711536383,26,0.006218015060036165,0.2692307692307692,0.2692307692307692,0.2692307692307692,主測度 發文數｜等權・可交易性篩選後,abn_attention_weekend
2023-10-01,113,-0.0068484853016949595,23,0.00024397459718381788,22,-0.006550169998232238,23,0.0011728406815801997,22,1.637146907333385e-05,23,0.006864856770768294,0.17391304347826086,0.17391304347826086,0.17391304347826086,主測度 發文數｜等權・可交易性篩選後,abn_attention_weekend
2023-10-08,122,-0.008066571918411345,25,-0.006506209222610447,24,-0.01489865386476589,24,-0.010451286221106254,24,-0.002987661614803265,25,0.00507891030360808,0.28,0.28,0.28,主測度 發文數｜等權・可交易性篩選後,abn_attention_weekend
2023-10-15,114,-0.027878356115426665,23,-0.03672599631746364,23,-0.03921153605687541,22,-0.046273548125935114,23,-0.02385928850767829,23,0.004019067607748374,0.2608695652173913,0.21739130434782608,0.2391304347826087,主測度 發文數｜等權・可交易性篩選後,abn_attention_weekend
2023-10-22,126,-0.0005925330205878154,26,0.0058338416991304065,25,0.015352034401133917,25,0.004782698512659009,25,-9.41263837846762e-05,25,0.0004984066368031393,0.32,0.23076923076923078,0.2753846153846154,主測度 發文數｜等權・可交易性篩選後,abn_attention_weekend
2023-10-29,119,0.017637329165004188,24,0.007127430438754287,24,-0.00800717433502922,23,0.01778555081499578,24,0.013068052406090888,24,-0.004569276758913299,0.375,0.3333333333333333,0.35416666666666663,主測度 發文數｜等權・可交易性篩選後,abn_attention_weekend
2023-11-05,120,-0.008252548955165357,24,-0.003423690800764568,24,0.00033313831938983074,24,-0.010300955962136015,24,0.0035435139209047902,24,0.011796062876070147,0.16666666666666666,0.20833333333333334,0.1875,主測度 發文數｜等權・可交易性篩選後,abn_attention_weekend
2023-11-12,122,0.02679491820442353,25,0.026818606202355013,24,0.02236721738152678,24,0.03734754305406169,24,0.007611640418457664,25,-0.019183277785965867,0.24,0.32,0.28,主測度 發文數｜等權・可交易性篩選後,abn_attention_weekend
2023-11-19,128,0.008608595353870045,26,0.022534511279557187,25,0.013637764290565107,26,0.00588013346801342,25,0.00240960954878486,26,-0.006198985805085185,0.23076923076923078,0.23076923076923078,0.23076923076923078,主測度 發文數｜等權・可交易性篩選後,abn_attention_weekend
2023-11-26,129,0.022544326955381992,26,0.006459250223841763,26,0.008947806675821823,25,0.006240005951969842,26,0.012641372047914186,26,-0.009902954907467806,0.3076923076923077,0.11538461538461539,0.21153846153846156,主測度 發文數｜等權・可交易性篩選後,abn_attention_weekend
2023-12-03,128,0.00958885351392232,26,0.03135399164347943,25,-0.012052238000157162,26,0.003937582618011053,25,-0.0014355365999210467,26,-0.011024390113843366,0.38461538461538464,0.19230769230769232,0.2884615384615385,主測度 發文數｜等權・可交易性篩選後,abn_attention_weekend
2023-12-10,132,0.0003990408428119937,27,-0.00684262119810418,26,0.0023225110228147603,26,0.002734686378332373,26,0.005810327765025325,27,0.005411286922213331,0.5185185185185185,0.4444444444444444,0.48148148148148145,主測度 發文數｜等權・可交易性篩選後,abn_attention_weekend
2023-12-17,131,-0.009263982467396546,27,-0.015092453284531421,26,-0.01979834353455005,26,-0.0062806792159103095,26,-0.012419682737483962,26,-0.003155700270087417,0.07692307692307693,0.07407407407407407,0.0754985754985755,主測度 發文數｜等權・可交易性篩選後,abn_attention_weekend
2023-12-24,127,0.0027954738459712645,26,0.00033478952380748604,25,-0.00015770453654062155,25,0.011231705563527292,25,0.01372147618911057,26,0.010926002343139306,0.3076923076923077,0.2692307692307692,0.28846153846153844,主測度 發文數｜等權・可交易性篩選後,abn_attention_weekend
2023-12-31,124,-0.0032007566610485496,25,-0.009846293335915978,25,-0.006761706509464278,24,-0.016513923770748846,25,0.0026008136990294606,25,0.00580157036007801,0.16,0.16,0.16,主測度 發文數｜等權・可交易性篩選後,abn_attention_weekend
2024-01-07,117,-0.01929196628733873,24,-0.021900187597835914,23,-0.04120455106321256,23,-0.01276521669862721,23,-0.021394784992190347,24,-0.0021028187048516174,0.16666666666666666,0.16666666666666666,0.16666666666666666,主測度 發文數｜等權・可交易性篩選後,abn_attention_weekend
2024-01-14,129,-0.017499513659812307,26,-0.01703558440551372,26,-0.027959724997473165,25,-0.013511040693600361,26,-0.01436350428686224,26,0.003136009372950067,0.3076923076923077,0.23076923076923078,0.2692307692307693,主測度 發文數｜等權・可交易性篩選後,abn_attention_weekend
2024-01-21,128,0.009343932586921531,26,0.019725889620366876,25,0.005281616700930713,26,0.002854905156084757,25,0.01000257927170297,26,0.0006586466847814387,0.23076923076923078,0.19230769230769232,0.21153846153846156,主測度 發文數｜等權・可交易性篩選後,abn_attention_weekend
2024-01-28,123,0.009824134108971263,25,-0.0030650319003882875,24,-0.004615629388331057,25,-0.004097671949260524,24,0.0075560350869256655,25,-0.002268099022045597,0.32,0.16,0.24,主測度 發文數｜等權・可交易性篩選後,abn_attention_weekend
2024-02-04,126,-0.0029364045991190314,26,0.001158410489432864,25,-0.0031118677286371453,25,-0.0033833703966028093,25,-0.004803963510115011,25,-0.0018675589109959792,0.24,0.5,0.37,主測度 發文數｜等權・可交易性篩選後,abn_attention_weekend
2024-02-11,88,0.01469586187761571,18,0.016764561695146833,17,0.029195896282876166,18,0.018543356826846505,17,0.021037194568746104,18,0.006341332691130394,0.3333333333333333,0.2777777777777778,0.3055555555555556,主測度 發文數｜等權・可交易性篩選後,abn_attention_weekend
2024-02-18,124,0.033188793979981826,25,0.00010641396767635314,25,0.00022983650704897404,24,0.007385164614950486,25,0.007163139317693976,25,-0.026025654662287852,0.4,0.4,0.4,主測度 發文數｜等權・可交易性篩選後,abn_attention_weekend
2024-02-25,135,0.007838731349990568,27,0.025796279882577936,27,-0.007497846529020208,27,0.009350541631883187,27,0.0031578646994353736,27,-0.004680866650555194,0.2962962962962963,0.25925925925925924,0.2777777777777778,主測度 發文數｜等權・可交易性篩選後,abn_attention_weekend
2024-03-03,132,-0.0017597578204947232,27,-0.03343044918071471,26,-0.012504662199161024,26,0.007682752844576142,26,-0.011529256730560846,27,-0.009769498910066123,0.37037037037037035,0.2962962962962963,0.3333333333333333,主測度 發文數｜等權・可交易性篩選後,abn_attention_weekend
2024-03-10,135,0.015007717096062754,27,0.03084117702780008,27,0.0037551995921677956,27,0.0082844114983143,27,0.017842453989095345,27,0.0028347368930325915,0.37037037037037035,0.37037037037037035,0.37037037037037035,主測度 發文數｜等權・可交易性篩選後,abn_attention_weekend
2024-03-17,138,0.012037380178413172,28,0.019335869624434714,27,0.03324392912799506,28,0.011987507414053813,27,0.036457256365961956,28,0.024419876187548782,0.6428571428571429,0.35714285714285715,0.5,主測度 發文數｜等權・可交易性篩選後,abn_attention_weekend
2024-03-24,132,-0.002882781733394702,27,0.016852325237407192,26,0.006966352662798509,26,0.000919177669558039,26,-0.000794305440236764,27,0.0020884762931579377,0.5555555555555556,0.5925925925925926,0.5740740740740741,主測度 發文數｜等權・可交易性篩選後,abn_attention_weekend
2024-03-31,132,0.006342514654850017,27,-0.008418491563250235,26,0.004615492138495334,26,0.0069620202789380525,26,0.0026964602154972614,27,-0.0036460544393527553,0.4074074074074074,0.3333333333333333,0.37037037037037035,主測度 發文數｜等權・可交易性篩選後,abn_attention_weekend
2024-04-07,122,0.03809116621926881,25,0.018186966442500868,24,0.04967207624948291,24,0.026889744682153948,24,0.011680756836972362,25,-0.026410409382296447,0.32,0.28,0.30000000000000004,主測度 發文數｜等權・可交易性篩選後,abn_attention_weekend
2024-04-14,131,-0.02016352914275094,27,-0.013448103583482,26,-0.02776749075006757,26,-0.016628938692217463,26,-0.010932909232897444,26,0.009230619909853495,0.6923076923076923,0.48148148148148145,0.5868945868945868,主測度 發文數｜等權・可交易性篩選後,abn_attention_weekend
2024-04-21,136,0.006444700427510727,28,-0.004960228616587144,27,0.005455262061122617,27,0.01236418472241402,27,0.02136084957318672,27,0.014916149145675996,0.6666666666666666,0.5714285714285714,0.6190476190476191,主測度 發文數｜等權・可交易性篩選後,abn_attention_weekend
2024-04-28,132,-0.012185059581768727,27,0.01757415856278232,26,0.002316236970336838,26,0.001815311738989343,26,0.013212264216283196,27,0.025397323798051923,0.2962962962962963,0.2962962962962963,0.2962962962962963,主測度 發文數｜等權・可交易性篩選後,abn_attention_weekend
2024-05-05,136,-0.004443729926293989,28,0.009793705073086526,27,-0.0044981237721080465,27,0.0015101577304404896,27,0.00353169494426874,27,0.00797542487056273,0.25925925925925924,0.21428571428571427,0.23677248677248675,主測度 發文數｜等權・可交易性篩選後,abn_attention_weekend
2024-05-12,138,0.007177644647490826,28,0.0014536389516254739,27,0.009818696888049514,28,0.027728031745436574,27,0.020651153127059833,28,0.013473508479569008,0.32142857142857145,0.21428571428571427,0.26785714285714285,主測度 發文數｜等權・可交易性篩選後,abn_attention_weekend
2024-05-19,139,-0.013720553996463917,28,-0.026890107067713807,28,-0.023274329894324947,27,0.0051245438812391264,28,-0.024735744355609445,28,-0.011015190359145529,0.35714285714285715,0.2857142857142857,0.3214285714285714,主測度 發文數｜等權・可交易性篩選後,abn_attention_weekend
2024-05-26,139,-0.0018127737990443402,28,0.01929844669764367,28,-0.0015318514754042733,27,0.022686833211988878,28,-0.00967577795617895,28,-0.00786300415713461,0.5,0.42857142857142855,0.4642857142857143,主測度 發文數｜等權・可交易性篩選後,abn_attention_weekend
2024-06-02,142,0.011053963227016867,29,0.004661789421243353,28,0.00018851356737081826,28,-0.00117170074182908,28,0.011598275691001397,29,0.0005443124639845295,0.41379310344827586,0.3448275862068966,0.3793103448275862,主測度 發文數｜等權・可交易性篩選後,abn_attention_weekend
2024-06-09,137,0.014098715959556477,28,-0.011750787113393366,27,-0.0061948273099461095,27,-0.013577057802316952,27,-0.0003388775907452774,28,-0.014437593550301754,0.2857142857142857,0.25,0.26785714285714285,主測度 發文數｜等權・可交易性篩選後,abn_attention_weekend
2024-06-16,141,0.036750226936772455,29,0.012959017699615069,28,0.0031711416395231768,28,0.017121176426807317,28,0.0201443242877078,28,-0.016605902649064655,0.32142857142857145,0.3448275862068966,0.333128078817734,主測度 發文數｜等權・可交易性篩選後,abn_attention_weekend
2024-06-23,143,0.00023189546444118395,29,-0.01618529591318987,28,-0.003513108738787771,29,0.002933397413707715,28,-0.0013163852048352393,29,-0.0015482806692764233,0.3103448275862069,0.2413793103448276,0.27586206896551724,主測度 發文數｜等權・可交易性篩選後,abn_attention_weekend
2024-06-30,146,0.012381062875533321,30,0.020283830962329368,29,0.035174141902089555,29,0.03189297502576317,29,0.01825225474036882,29,0.0058711918648355,0.3448275862068966,0.3,0.3224137931034483,主測度 發文數｜等權・可交易性篩選後,abn_attention_weekend
2024-07-07,148,0.007967851911819797,30,-0.0014448231676288698,29,-0.015951807444257674,30,-0.02397371150002799,29,0.013177424243562592,30,0.0052095723317427955,0.4,0.3,0.35,主測度 發文數｜等權・可交易性篩選後,abn_attention_weekend
2024-07-14,145,-0.017342194422924707,29,-0.02381128517513161,29,-0.031488745837833815,29,-0.038523447359017915,29,-0.021509832595444065,29,-0.004167638172519358,0.20689655172413793,0.1724137931034483,0.1896551724137931,主測度 發文數｜等權・可交易性篩選後,abn_attention_weekend
2024-07-21,145,-0.015168313021091787,29,-0.013660678859416105,29,-0.010896281875926046,29,-0.027637157115956882,29,-0.019643469476190053,29,-0.004475156455098266,0.2413793103448276,0.2413793103448276,0.2413793103448276,主測度 發文數｜等權・可交易性篩選後,abn_attention_weekend
2024-07-28,140,-0.026298622118039294,28,-0.044323072838781695,28,-0.011887658093754108,28,-0.009642722513355758,28,-0.028522670276021487,28,-0.0022240481579821926,0.32142857142857145,0.21428571428571427,0.26785714285714285,主測度 發文數｜等權・可交易性篩選後,abn_attention_weekend
2024-08-04,147,0.018105439453576296,30,-0.02769276408172663,29,-0.008785055549406048,29,-0.012914956528174747,29,0.00020871900669833983,30,-0.017896720446877956,0.4,0.36666666666666664,0.3833333333333333,主測度 發文數｜等權・可交易性篩選後,abn_attention_weekend
2024-08-11,148,0.01961593679802154,30,0.00947999732259699,29,0.028603429926489614,30,0.03298009208875503,29,0.027509608632343883,30,0.007893671834322342,0.3333333333333333,0.26666666666666666,0.3,主測度 發文數｜等權・可交易性篩選後,abn_attention_weekend
2024-08-18,143,0.0027876251193904196,29,-0.0037898832720849795,28,0.00489502200817925,29,0.0022148399752796627,28,0.011118564505315894,29,0.008330939385925475,0.3793103448275862,0.3793103448275862,0.3793103448275862,主測度 發文數｜等權・可交易性篩選後,abn_attention_weekend
2024-08-25,142,0.008206802680290047,29,0.0019375207009770443,28,0.009004017455595727,28,0.0023675404931573257,28,0.007590860335603671,29,-0.0006159423446863762,0.20689655172413793,0.2413793103448276,0.22413793103448276,主測度 發文數｜等權・可交易性篩選後,abn_attention_weekend
2024-09-01,140,-0.06445080051938841,28,-0.05996386451640417,28,-0.05175636427309654,28,-0.0488380905858475,28,-0.035229661483407275,28,0.029221139035981135,0.17857142857142858,0.25,0.2142857142857143,主測度 發文數｜等權・可交易性篩選後,abn_attention_weekend
2024-09-08,142,0.02987723812185741,29,0.04133701923920148,28,0.02330981140305897,28,0.035264168434003276,28,0.021591133441470334,29,-0.008286104680387076,0.1724137931034483,0.2413793103448276,0.20689655172413796,主測度 發文數｜等權・可交易性篩選後,abn_attention_weekend
2024-09-15,142,0.010325921940866149,29,0.01973701123155615,28,0.022109849897776996,28,0.006226803120862212,28,0.017058034402504023,29,0.006732112461637874,0.3448275862068966,0.20689655172413793,0.27586206896551724,主測度 發文數｜等權・可交易性篩選後,abn_attention_weekend
2024-09-22,139,0.028550400409172248,28,0.01909159298547446,28,0.030085172952769242,27,0.00798468853784874,28,0.013439472952586006,28,-0.015110927456586242,0.2857142857142857,0.21428571428571427,0.25,主測度 發文數｜等權・可交易性篩選後,abn_attention_weekend
2024-09-29,143,-0.025213647583508907,29,-0.021962156857403384,28,-0.0021455759703277945,29,-0.02074235778579007,28,-0.02631097709204218,29,-0.001097329508533272,0.27586206896551724,0.27586206896551724,0.27586206896551724,主測度 發文數｜等權・可交易性篩選後,abn_attention_weekend
2024-10-06,134,-0.02339025350583143,27,-0.03621379159431781,27,-0.05232316611951534,26,-0.018759520491855277,27,-0.01855196772188981,27,0.004838285783941618,0.25925925925925924,0.18518518518518517,0.2222222222222222,主測度 發文數｜等權・可交易性篩選後,abn_attention_weekend
2024-10-13,135,0.006666855656954689,27,0.006647217355095987,27,0.002999853914936537,27,0.02223260301852261,27,0.014039546807913174,27,0.007372691150958485,0.3333333333333333,0.2962962962962963,0.31481481481481477,主測度 發文數｜等權・可交易性篩選後,abn_attention_weekend
2024-10-20,139,-0.014646116501780613,28,-0.003687699218515833,28,-0.0036445268038514562,27,0.004077490551540061,28,0.0007060145345846433,28,0.015352131036365256,0.25,0.21428571428571427,0.23214285714285715,主測度 發文數｜等權・可交易性篩選後,abn_attention_weekend
2024-10-27,139,-0.011608175692076542,28,-0.008066774967214366,28,-0.018630208284330683,27,-0.003055345743638519,28,-0.022774791988647503,28,-0.011166616296570961,0.21428571428571427,0.17857142857142858,0.19642857142857142,主測度 發文數｜等權・可交易性篩選後,abn_attention_weekend
2024-11-03,139,0.002776820192591365,28,0.002020074350540524,28,0.0032920072749889804,27,0.0015955772805953037,28,-0.00655416215646342,28,-0.009330982349054785,0.17857142857142858,0.07142857142857142,0.125,主測度 發文數｜等權・可交易性篩選後,abn_attention_weekend
2024-11-10,137,-0.02416825316938132,28,-0.01001885029368533,27,-0.0256377517124279,27,-0.01788418413477409,27,-0.024005942408975762,28,0.0001623107604055568,0.2857142857142857,0.21428571428571427,0.25,主測度 發文數｜等權・可交易性篩選後,abn_attention_weekend
2024-11-17,143,0.006489683005058956,29,-0.00545230375088391,28,0.015534325524736709,29,0.00048293240566019136,28,0.005538720803523651,29,-0.0009509622015353054,0.3448275862068966,0.3103448275862069,0.3275862068965517,主測度 發文數｜等權・可交易性篩選後,abn_attention_weekend
2024-11-24,135,-0.02770942280231982,27,-0.01866208528195679,27,-0.03170212329881012,27,-0.01595804457440908,27,-0.02546758855065683,27,0.0022418342516629906,0.18518518518518517,0.18518518518518517,0.18518518518518517,主測度 發文數｜等權・可交易性篩選後,abn_attention_weekend
2024-12-01,141,0.010675462649826373,29,-0.01242144815851046,28,0.0023139752639640804,28,0.026563712447039166,28,0.025944629216141213,28,0.01526916656631484,0.25,0.2413793103448276,0.2456896551724138,主測度 發文數｜等權・可交易性篩選後,abn_attention_weekend
2024-12-08,142,-0.03138249060957459,29,-0.04100395701056819,28,-0.0376381581506644,28,-0.017449720907551095,28,-0.035666942532345584,29,-0.004284451922770993,0.2413793103448276,0.27586206896551724,0.25862068965517243,主測度 發文數｜等權・可交易性篩選後,abn_attention_weekend
2024-12-15,145,-0.02633653517701065,29,-0.026968025495344897,29,-0.022252918642792083,29,-0.010855761086725728,29,-0.021400434457329445,29,0.004936100719681206,0.20689655172413793,0.20689655172413793,0.20689655172413793,主測度 發文數｜等權・可交易性篩選後,abn_attention_weekend
2024-12-22,147,0.001951079125169138,30,0.004423993330896457,29,0.008976391912979846,29,0.0013285435677851886,29,0.0045038882345272094,30,0.0025528091093580717,0.26666666666666666,0.16666666666666666,0.21666666666666667,主測度 發文數｜等權・可交易性篩選後,abn_attention_weekend
2024-12-29,136,-0.02206916276220514,28,-0.015361768949079257,27,-0.023523592851828798,27,-0.010420379107551744,27,-0.011304732374745467,27,0.010764430387459672,0.2962962962962963,0.32142857142857145,0.30886243386243384,主測度 發文數｜等權・可交易性篩選後,abn_attention_weekend
2016-05-01,109,-0.04759623703352812,22,-0.03871044498921675,22,-0.03204890093709823,21,-0.03525620995781847,22,-0.009255930912016673,22,0.038340306121511444,1.0,1.0,1.0,主測度 發文數｜市值加權・未篩選,abn_attention_weekend
2016-05-08,104,-0.022266650563321302,21,-0.019193252243491533,21,0.00855744135338613,20,0.0005494173481538423,21,-0.009009152403460638,21,0.013257498159860664,0.3333333333333333,0.19047619047619047,0.26190476190476186,主測度 發文數｜市值加權・未篩選,abn_attention_weekend
2016-05-15,103,0.026430937926652645,21,0.004798472438685211,20,0.0052051499211536265,21,0.013416198635547091,20,0.005043165982584743,21,-0.0213877719440679,0.23809523809523808,0.23809523809523808,0.23809523809523808,主測度 發文數｜市值加權・未篩選,abn_attention_weekend
2016-05-22,102,0.04097901519779522,21,0.0345062520104401,20,0.021253511002528598,20,0.03341706643618278,20,0.015171111895464908,21,-0.02580790330233031,0.38095238095238093,0.23809523809523808,0.30952380952380953,主測度 發文數｜市值加權・未篩選,abn_attention_weekend
2016-05-29,99,0.020839009569811617,20,0.011196442979845582,20,-7.21150282290725e-05,19,0.0012517875552471138,20,0.01773518983863843,20,-0.003103819731173185,0.15,0.15,0.15,主測度 發文數｜市值加權・未篩選,abn_attention_weekend
2016-06-05,99,0.013583921209052986,20,-0.001579874050528806,20,0.008123288429007221,19,0.0008571639745776131,20,0.0227665220812114,20,0.009182600872158414,0.1,0.05,0.07500000000000001,主測度 發文數｜市值加權・未篩選,abn_attention_weekend
2016-06-12,99,0.0015666999309057285,20,0.0027616505644445107,20,-0.003332130399088542,19,-0.010952094221040242,20,-0.017114614226938205,20,-0.018681314157843933,0.15,0.15,0.15,主測度 發文數｜市值加權・未篩選,abn_attention_weekend
2016-06-19,94,-0.021345251044784387,19,-0.013548805954400167,19,-0.009245072078909542,18,-0.002242713869437459,19,-0.006807423656559799,19,0.014537827388224588,0.10526315789473684,0.15789473684210525,0.13157894736842105,主測度 發文數｜市值加權・未篩選,abn_attention_weekend
2016-06-26,92,0.03210611764023505,19,0.03335587749171051,18,0.029827584218732286,18,0.020913856226216186,18,0.06513412814632832,19,0.033028010506093275,0.21052631578947367,0.15789473684210525,0.18421052631578946,主測度 發文數｜市值加權・未篩選,abn_attention_weekend
2016-07-03,94,-0.005511394347597114,19,-0.007750537819097057,19,0.011227931922013835,18,-0.0062219506816663765,19,-0.008833019063562401,19,-0.0033216247159652875,0.3684210526315789,0.21052631578947367,0.2894736842105263,主測度 發文數｜市值加權・未篩選,abn_attention_weekend
2016-07-10,94,0.009094578117486096,19,0.036887672696698875,19,0.0069037965249588,18,0.022163425528082464,19,0.021530228826512232,19,0.012435650709026136,0.3684210526315789,0.2631578947368421,0.3157894736842105,主測度 發文數｜市值加權・未篩選,abn_attention_weekend
2016-07-17,93,0.014885819089861111,19,0.01686446664439599,18,0.020013687574980833,19,0.006735723458732001,18,0.017233429839103375,19,0.0023476107492422637,0.3157894736842105,0.2631578947368421,0.2894736842105263,主測度 發文數｜市值加權・未篩選,abn_attention_weekend
2016-07-24,91,9.413293325295205e-05,19,-0.015243194139499603,18,-0.007300992724328682,18,-0.004464484462637514,18,0.0025680317588107206,18,0.0024738988255577684,0.1111111111111111,0.05263157894736842,0.08187134502923976,主測度 發文數｜市值加權・未篩選,abn_attention_weekend
2016-07-31,92,0.010723126232571153,19,0.010354426749144711,18,0.02571700133730794,18,-0.003269630705892686,18,0.010500496776371599,19,-0.00022262945619955406,0.5263157894736842,0.3684210526315789,0.4473684210526315,主測度 發文數｜市值加權・未篩選,abn_attention_weekend
2016-08-07,90,-0.00804761407679055,18,0.0033674004838639745,18,-0.006516666303046208,18,-0.006459342583422805,18,0.04308116054742894,18,0.05112877462421949,0.4444444444444444,0.4444444444444444,0.4444444444444444,主測度 發文數｜市值加權・未篩選,abn_attention_weekend
2016-08-14,90,-0.018787332406864615,18,-0.022867875071038865,18,0.002667958971191115,18,-5.556414217188231e-05,18,-0.023470846893313257,18,-0.0046835144864486415,0.2777777777777778,0.16666666666666666,0.2222222222222222,主測度 發文數｜市值加權・未篩選,abn_attention_weekend
2016-08-21,89,0.023222260825006603,18,0.020878108673022238,18,0.009796243445842472,17,0.017387654952156526,18,0.012582640360688464,18,-0.010639620464318138,0.3333333333333333,0.2222222222222222,0.2777777777777778,主測度 發文數｜市值加權・未篩選,abn_attention_weekend
2016-08-28,85,-0.009035083548070057,17,-0.008215815782229314,17,0.0045883895922559275,17,0.006318863388956134,17,-0.017241214919352727,17,-0.00820613137128267,0.35294117647058826,0.29411764705882354,0.3235294117647059,主測度 發文數｜市值加權・未篩選,abn_attention_weekend
2016-09-04,84,-0.009662472981934749,17,0.012240023420933414,17,0.0070748553148395265,16,0.0019396277222166983,17,0.008389505481566317,17,0.018051978463501067,0.29411764705882354,0.17647058823529413,0.23529411764705882,主測度 發文數｜市值加權・未篩選,abn_attention_weekend
2016-09-11,86,-0.02329950217605273,18,-0.010650542767323707,17,-0.015654670317661133,17,-0.02037662968294281,17,-0.01935739070479637,17,0.003942111471256362,0.35294117647058826,0.2222222222222222,0.2875816993464052,主測度 發文數｜市值加權・未篩選,abn_attention_weekend
2016-09-18,83,0.04206223968783601,17,0.017214777214464193,16,0.027211499412755125,17,0.018551398155948078,16,0.022513265095553472,17,-0.01954897459228254,0.29411764705882354,0.11764705882352941,0.20588235294117646,主測度 發文數｜市值加權・未篩選,abn_attention_weekend
2016-09-25,84,-0.0026009969823731043,17,-0.0037538410499183155,17,-0.005408580700544592,16,-0.004152673633456841,17,-0.004042943904978286,17,-0.0014419469226051819,0.23529411764705882,0.17647058823529413,0.20588235294117646,主測度 發文數｜市值加權・未篩選,abn_attention_weekend
2016-10-02,83,0.011269148091152944,17,0.0030479170490121587,16,-0.0017446823303598757,17,-0.008967245656601891,16,0.013387452242068255,17,0.002118304150915311,0.29411764705882354,0.17647058823529413,0.23529411764705882,主測度 發文數｜市值加權・未篩選,abn_attention_weekend
2016-10-09,83,-0.017605904868640332,17,-0.003888771096779982,16,-0.02127593184113784,17,-0.03573093345218162,16,-0.009868094678423518,17,0.007737810190216814,0.29411764705882354,0.29411764705882354,0.29411764705882354,主測度 發文數｜市值加權・未篩選,abn_attention_weekend
2016-10-16,82,0.02349047935940881,17,0.02713385365972613,16,0.018996897637057288,16,0.02945751377015812,16,0.023575785718848843,17,8.530635944003356e-05,0.17647058823529413,0.29411764705882354,0.23529411764705882,主測度 發文數｜市值加權・未篩選,abn_attention_weekend
2016-10-23,79,-0.005029275998901454,16,-0.002443975091843167,16,-0.0041472917003221605,15,-0.02064578444018485,16,-0.001886968266888824,16,0.0031423077320126306,0.3125,0.3125,0.3125,主測度 發文數｜市值加權・未篩選,abn_attention_weekend
2016-10-30,81,-0.023976726083094188,17,-0.004179018163669216,16,-0.014765628271117028,16,-0.02231229855479335,16,-0.014108817596796578,16,0.00986790848629761,0.1875,0.23529411764705882,0.2113970588235294,主測度 發文數｜市值加權・未篩選,abn_attention_weekend
2016-11-06,80,0.01463543956274467,16,-0.025770681294519447,16,-0.0389778014786001,16,-0.02285994563927579,16,-0.024163916482350084,16,-0.038799356045094754,0.375,0.0625,0.21875,主測度 發文數｜市值加權・未篩選,abn_attention_weekend
2016-11-13,81,0.0034204937687760833,17,0.005552750969028654,16,-0.019089610895993127,16,0.0032966296703942385,16,-0.0004462683120792731,16,-0.0038667620808553564,0.3125,0.29411764705882354,0.3033088235294118,主測度 發文數｜市值加權・未篩選,abn_attention_weekend
2016-11-20,81,0.00600495171888495,17,0.016367932882989378,16,0.0017047662251217172,16,0.00680931584451754,16,0.03895200947300088,16,0.032947057754115924,0.4375,0.23529411764705882,0.33639705882352944,主測度 發文數｜市值加權・未篩選,abn_attention_weekend
2016-11-27,81,-0.008834223398632452,17,0.034734978763310546,16,0.0072900212836991595,16,0.0012154055441563124,16,-0.009242944555792191,16,-0.0004087211571597391,0.1875,0.17647058823529413,0.18198529411764708,主測度 發文數｜市值加權・未篩選,abn_attention_weekend
2016-12-04,81,0.017116878082159448,17,0.043131211622717415,16,0.019193550091794055,16,0.024617239442778646,16,0.0290917097080784,16,0.01197483162591895,0.125,0.11764705882352941,0.1213235294117647,主測度 發文數｜市值加權・未篩選,abn_attention_weekend
2016-12-11,80,-0.008766258491088983,16,-0.030150410488214686,16,0.003091187524665402,16,-0.025823049160004472,16,-0.021996950606769438,16,-0.013230692115680455,0.25,0.1875,0.21875,主測度 發文數｜市值加權・未篩選,abn_attention_weekend
2016-12-18,81,-0.025396074064318794,17,-0.03535345652410959,16,-0.026596424942936993,16,-0.014022723333893383,16,-0.009898675625765537,16,0.015497398438553257,0.25,0.23529411764705882,0.2426470588235294,主測度 發文數｜市值加權・未篩選,abn_attention_weekend
2016-12-25,79,0.014954078726283813,16,0.03657571872385164,16,-0.007740595506609956,15,0.02197775776359735,16,0.01272427710831372,16,-0.0022298016179700935,0.1875,0.125,0.15625,主測度 發文數｜市值加權・未篩選,abn_attention_weekend
2017-01-01,78,0.01196549418730039,16,-0.010025068831347376,15,0.002988505140850088,16,0.013723833224824507,15,0.009268496491482274,16,-0.0026969976958181163,0.1875,0.125,0.15625,主測度 發文數｜市值加權・未篩選,abn_attention_weekend
2017-01-08,79,-0.00544484711619566,16,-0.011416267535899432,16,0.004420837396564214,15,0.023583023148735578,16,0.018022437023240957,16,0.023467284139436616,0.3125,0.1875,0.25,主測度 發文數｜市值加權・未篩選,abn_attention_weekend
2017-01-15,80,-0.018802124760431138,16,-0.009869278588337542,16,0.011180398289709471,16,-0.003967631853089806,16,0.0030260047197112816,16,0.02182812948014242,0.4375,0.3125,0.375,主測度 發文數｜市值加權・未篩選,abn_attention_weekend
2017-01-22,81,0.009119204312100195,17,0.004818395856480753,16,-0.005117178832500086,16,0.01242640376831774,16,0.0125973503862127,16,0.003478146074112504,0.375,0.29411764705882354,0.3345588235294118,主測度 發文數｜市值加權・未篩選,abn_attention_weekend
2017-01-29,81,-0.018505660956431882,17,0.004686199376268054,16,0.02552571829176466,16,-0.001106829356104037,16,-0.01008724422386946,16,0.008418416732562422,0.3125,0.29411764705882354,0.3033088235294118,主測度 發文數｜市值加權・未篩選,abn_attention_weekend
2017-02-05,80,0.01743545783492706,16,0.023506040668429456,16,0.027756138483044063,16,0.008242994733214458,16,0.020741182502293086,16,0.0033057246673660265,0.375,0.125,0.25,主測度 發文數｜市值加權・未篩選,abn_attention_weekend
2017-02-12,80,0.01040635625766542,16,-0.0020056851580267745,16,0.030952601326081287,16,0.012109672009446727,16,0.011824162830965958,16,0.0014178065733005379,0.3125,0.25,0.28125,主測度 發文數｜市值加權・未篩選,abn_attention_weekend
2017-02-19,87,-0.011766030844347887,18,-0.0019663032049132795,17,0.013882747666496454,17,0.03536331670842394,17,-0.006000984438377871,18,0.005765046405970016,0.3888888888888889,0.2777777777777778,0.33333333333333337,主測度 發文數｜市值加權・未篩選,abn_attention_weekend
2017-02-26,86,-0.015133447900036165,18,-0.020402078031131088,17,-0.006982453425719782,17,-0.0008894965365641702,17,-0.01709373508933235,17,-0.0019602871892961844,0.47058823529411764,0.3333333333333333,0.4019607843137255,主測度 發文數｜市值加權・未篩選,abn_attention_weekend
2017-03-05,86,0.0025305632792106143,18,-0.021003409119706096,17,-0.011684493039713015,17,-0.02480333351509418,17,-0.00845133949371022,17,-0.010981902772920835,0.35294117647058826,0.2777777777777778,0.315359477124183,主測度 發文數｜市值加權・未篩選,abn_attention_weekend
2017-03-12,86,0.027533994807841668,18,0.043216372751080416,17,0.024371768019744854,17,0.034140191763234025,17,0.016008106971966606,17,-0.011525887835875062,0.4117647058823529,0.2222222222222222,0.31699346405228757,主測度 發文數｜市值加權・未篩選,abn_attention_weekend
2017-03-19,85,0.0015563342813045226,17,-0.006818286254929671,17,-0.02323355220351434,17,-0.006639890275660192,17,0.0005331077350012128,17,-0.0010232265463033098,0.47058823529411764,0.29411764705882354,0.38235294117647056,主測度 發文數｜市值加權・未篩選,abn_attention_weekend
2017-03-26,85,-0.00864722290953987,17,0.006389898949830178,17,-0.02069152145202493,17,-0.011024555626707941,17,-0.02295032633023678,17,-0.014303103420696909,0.4117647058823529,0.23529411764705882,0.32352941176470584,主測度 發文數｜市值加權・未篩選,abn_attention_weekend
2017-04-02,81,0.0076532889356698205,17,0.0004253065053027263,16,-0.008911919533496937,16,0.011536205320320887,16,0.002700916637787297,16,-0.004952372297882523,0.375,0.35294117647058826,0.36397058823529416,主測度 發文數｜市值加權・未篩選,abn_attention_weekend
2017-04-09,81,-0.01128915032359535,17,-0.005013098967588504,16,-0.009464666647913076,16,-0.010433291153215377,16,-0.0019533972723647904,16,0.00933575305123056,0.25,0.17647058823529413,0.21323529411764708,主測度 發文數｜市值加權・未篩選,abn_attention_weekend
2017-04-16,82,-0.007584388753710193,17,0.004895424037203176,16,-0.004958033337828736,16,0.00191571728532961,16,-0.0027750167750948333,17,0.00480937197861536,0.4117647058823529,0.23529411764705882,0.32352941176470584,主測度 發文數｜市值加權・未篩選,abn_attention_weekend
2017-04-23,83,0.002818015878952575,17,0.017322524054694047,16,0.008467644266510638,17,0.009673217182586345,16,0.014613914411945839,17,0.011795898532993263,0.47058823529411764,0.47058823529411764,0.47058823529411764,主測度 發文數｜市值加權・未篩選,abn_attention_weekend
2017-04-30,85,-0.005605441630591721,17,3.7962027513808973e-05,17,-0.02106280300804242,17,-0.00443584823355351,17,-0.009916293561085289,17,-0.004310851930493568,0.47058823529411764,0.5294117647058824,0.5,主測度 發文數｜市值加權・未篩選,abn_attention_weekend
2017-05-07,86,0.00024375248333558368,18,-0.002360415846533304,17,-0.012325778404003515,17,-0.02054644215889693,17,0.028110006832194365,17,0.027866254348858782,0.35294117647058826,0.3333333333333333,0.3431372549019608,主測度 發文數｜市值加權・未篩選,abn_attention_weekend
2017-05-14,89,-0.0046262898641073295,18,-0.0013746739516679438,18,-0.00022391035192900977,17,-0.014762684921199939,18,-0.009687805625123084,18,-0.005061515761015755,0.3888888888888889,0.2222222222222222,0.3055555555555556,主測度 發文數｜市值加權・未篩選,abn_attention_weekend
2017-05-21,88,0.015908374100707404,18,0.010706787526571645,17,0.02848732510757775,18,0.008329662077706648,17,0.010773387062107634,18,-0.00513498703859977,0.2222222222222222,0.2222222222222222,0.2222222222222222,主測度 發文數｜市值加權・未篩選,abn_attention_weekend
2017-05-28,89,-0.0017834335232366106,18,-0.006763790740499528,18,0.00951320081871872,17,0.020490164941404876,18,0.008499686803680427,18,0.010283120326917038,0.6111111111111112,0.3888888888888889,0.5,主測度 發文數｜市值加權・未篩選,abn_attention_weekend
2017-06-04,89,0.01055215740945449,18,-0.0016799707711750342,18,0.0086335796569969,17,-0.00803612948687434,18,0.009234864272000048,18,-0.0013172931374544426,0.3888888888888889,0.2777777777777778,0.33333333333333337,主測度 發文數｜市值加權・未篩選,abn_attention_weekend
2017-06-11,90,0.0036762202938378525,18,-0.011799658160204202,18,-0.005674758954729771,18,0.0012787898174583515,18,0.01938023322038663,18,0.01570401292654878,0.3888888888888889,0.3888888888888889,0.3888888888888889,主測度 發文數｜市值加權・未篩選,abn_attention_weekend
2017-06-18,89,0.03731819530300042,18,0.026256721619823994,18,0.01917179427566656,17,0.025938009046621708,18,0.030266662252529948,18,-0.007051533050470474,0.2777777777777778,0.16666666666666666,0.2222222222222222,主測度 發文數｜市值加權・未篩選,abn_attention_weekend
2017-06-25,91,0.014096951119496492,19,0.01622974317697997,18,0.020334152651458305,18,0.026816036197787264,18,-0.0033475460641405118,18,-0.017444497183637005,0.3333333333333333,0.2631578947368421,0.2982456140350877,主測度 發文數｜市值加權・未篩選,abn_attention_weekend
2017-07-02,91,-0.0033781596206875664,19,-0.010313075305223662,18,-0.007542599203563883,18,-0.014061769526242057,18,-0.012325933699227869,18,-0.008947774078540303,0.16666666666666666,0.15789473684210525,0.16228070175438597,主測度 發文數｜市值加權・未篩選,abn_attention_weekend
2017-07-09,90,0.03243598537972434,18,0.007950224544310396,18,0.02057815348488073,18,0.01885136671746785,18,0.008853872960743447,18,-0.023582112418980894,0.2222222222222222,0.05555555555555555,0.1388888888888889,主測度 發文數｜市值加權・未篩選,abn_attention_weekend
2017-07-16,93,-0.0019860790176190394,19,-0.004210529366880001,18,0.022091941057173745,19,-0.0017709750531955282,18,-0.004468522261336962,19,-0.002482443243717923,0.3684210526315789,0.21052631578947367,0.2894736842105263,主測度 發文數｜市值加權・未篩選,abn_attention_weekend
2017-07-23,91,0.003831178806595979,19,-0.019648808207083267,18,-0.0014657440098560202,18,-0.00041145789991889564,18,0.004894695368552886,18,0.0010635165619569073,0.5,0.2631578947368421,0.381578947368421,主測度 發文數｜市值加權・未篩選,abn_attention_weekend
2017-07-30,91,0.013578127433905386,19,0.011646937105920503,18,0.01510116750763644,18,0.007294226055122315,18,0.011834423207718563,18,-0.0017437042261868232,0.5,0.3684210526315789,0.4342105263157895,主測度 發文數｜市值加權・未篩選,abn_attention_weekend
2017-08-06,92,-0.010242429870166643,19,-0.010922004341269418,18,-0.01002775915787868,18,-0.027549658060628368,18,-0.020601473092028456,19,-0.010359043221861814,0.3684210526315789,0.3684210526315789,0.3684210526315789,主測度 發文數｜市值加權・未篩選,abn_attention_weekend
2017-08-13,92,0.004704150294501787,19,0.011568589612369657,18,-0.00592170355216751,18,0.02220482678683676,18,-0.005932096933496336,19,-0.010636247227998124,0.42105263157894735,0.3684210526315789,0.39473684210526316,主測度 發文數｜市值加權・未篩選,abn_attention_weekend
2017-08-20,91,0.021955989215269634,19,0.02377022360781961,18,0.011858431730477115,18,-0.0001001945385167112,18,0.023574401184698876,18,0.001618411969429242,0.3888888888888889,0.3157894736842105,0.35233918128654973,主測度 發文數｜市值加權・未篩選,abn_attention_weekend
2017-08-27,91,0.009382000455846471,19,0.006767038240655271,18,-0.0022313135600517038,18,0.020078510217996004,18,0.007007324932390011,18,-0.00237467552345646,0.3888888888888889,0.21052631578947367,0.29970760233918126,主測度 發文數｜市值加權・未篩選,abn_attention_weekend
2017-09-03,94,0.0074103030055459335,19,0.0028511676336273285,19,0.004610179848338189,18,0.03454623230730324,19,0.006621142106616643,19,-0.0007891608989292909,0.3157894736842105,0.2631578947368421,0.2894736842105263,主測度 發文數｜市值加權・未篩選,abn_attention_weekend
2017-09-10,95,-0.003579828483700634,19,-0.006720512217390318,19,0.010574726757520053,19,-0.00405718030596508,19,-0.016696066642458186,19,-0.013116238158757553,0.3157894736842105,0.10526315789473684,0.21052631578947367,主測度 發文數｜市值加權・未篩選,abn_attention_weekend
2017-09-17,91,-0.009049593270038478,19,-0.0027927780064516358,18,-0.021897896882311755,18,0.001884010951567739,18,-0.03161911136797936,18,-0.02256951809794088,0.3888888888888889,0.21052631578947367,0.29970760233918126,主測度 發文數｜市值加權・未篩選,abn_attention_weekend
2017-09-24,93,-0.013836523049396055,19,-0.004255624161978082,18,-0.018788743072874776,19,-0.031367908450030395,18,-0.001547385722107111,19,0.012289137327288945,0.5263157894736842,0.3684210526315789,0.4473684210526315,主測度 發文數｜市值加權・未篩選,abn_attention_weekend
2017-10-01,96,-0.001378567375150029,20,-0.0012022777420834512,19,0.005436479390126096,19,0.019315666221324284,19,0.013122784998270711,19,0.01450135237342074,0.3684210526315789,0.3,0.33421052631578946,主測度 發文數｜市值加權・未篩選,abn_attention_weekend
2017-10-08,101,0.03181148015314016,21,0.003283591110698179,20,-0.00170171752809359,20,0.0012347432415362699,20,-0.010137950918047497,20,-0.04194943107118766,0.45,0.3333333333333333,0.39166666666666666,主測度 發文數｜市值加權・未篩選,abn_attention_weekend
2017-10-15,102,-0.015621860908930705,21,0.005752495033229892,20,-0.023837627019251188,20,-0.004722324871879033,20,0.00316290048869937,21,0.018784761397630075,0.5714285714285714,0.38095238095238093,0.47619047619047616,主測度 發文數｜市值加權・未篩選,abn_attention_weekend
2017-10-22,101,-0.01790744254219151,21,0.003790771287013433,20,-0.002307020548442171,20,0.002984104539772029,20,-0.0046014659229460355,20,0.013305976619245475,0.55,0.5238095238095238,0.536904761904762,主測度 發文數｜市值加權・未篩選,abn_attention_weekend
2017-10-29,99,-0.008523774113596326,20,0.009152071609628378,20,0.0038699989795503743,19,0.011890333136986432,20,0.010374359053987378,20,0.018898133167583705,0.25,0.2,0.225,主測度 發文數｜市值加權・未篩選,abn_attention_weekend
2017-11-05,98,-0.0040029461097271625,20,-0.022317354407465906,19,0.0036588741290893585,20,0.012514467285943196,19,0.004564812299985443,20,0.008567758409712606,0.15,0.1,0.125,主測度 發文數｜市值加權・未篩選,abn_attention_weekend
2017-11-12,99,-0.003414887245062039,20,0.012828922641304877,20,-0.022068603194285646,19,-0.025257302941090343,20,0.0007999990609292515,20,0.004214886305991291,0.3,0.15,0.22499999999999998,主測度 發文數｜市值加權・未篩選,abn_attention_weekend
2017-11-19,100,0.0018200233786154734,20,0.0064293822916246975,20,-0.00050486032287359,20,0.009481310571552081,20,0.010408402613596782,20,0.008588379234981309,0.4,0.4,0.4,主測度 發文數｜市值加權・未篩選,abn_attention_weekend
2017-11-26,101,-0.033251230256597826,21,-2.949481402863411e-05,20,-0.03275146481760464,20,-0.01798806718410531,20,-0.029385486421039216,20,0.0038657438355586098,0.6,0.47619047619047616,0.5380952380952381,主測度 發文數｜市值加權・未篩選,abn_attention_weekend
2017-12-03,100,-0.015155999258088,20,-0.001568467742800518,20,-0.015961021560581285,20,-0.01099425402315881,20,-0.02545744344162091,20,-0.01030144418353291,0.6,0.35,0.475,主測度 發文數｜市值加權・未篩選,abn_attention_weekend
2017-12-10,100,2.0562263040404854e-05,20,0.015171587031492942,20,0.007452029274045429,20,-0.0014176315496315717,20,0.0049473824815145975,20,0.004926820218474193,0.45,0.25,0.35,主測度 發文數｜市值加權・未篩選,abn_attention_weekend
2017-12-17,100,-0.0005473457758818016,20,0.006120423788289759,20,-0.0009456280834171156,20,-0.006220909375284623,20,0.0003754886972125512,20,0.0009228344730943527,0.6,0.45,0.525,主測度 發文數｜市值加權・未篩選,abn_attention_weekend
2017-12-24,104,0.019297559706775873,21,0.018975037315297615,21,0.022684172673877023,20,0.021708890806342716,21,0.009484705439921842,21,-0.009812854266854031,0.5714285714285714,0.5238095238095238,0.5476190476190477,主測度 發文數｜市值加權・未篩選,abn_attention_weekend
2017-12-31,104,0.01829806726274223,21,0.036928190548804106,21,-0.0012686667337414533,20,0.002694589691887068,21,0.020420053745695492,21,0.0021219864829532635,0.3333333333333333,0.19047619047619047,0.26190476190476186,主測度 發文數｜市值加權・未篩選,abn_attention_weekend
2018-01-07,105,-0.017007270881401332,21,-0.00598669322309874,21,0.02647307461246278,21,0.01819847576967114,21,-0.002610260557277402,21,0.01439701032412393,0.3333333333333333,0.2857142857142857,0.30952380952380953,主測度 發文數｜市值加權・未篩選,abn_attention_weekend
2018-01-14,107,0.04650389485419589,22,0.00539751536409471,21,-0.005293165105624634,21,-0.02419130156480223,21,0.024117717278663204,22,-0.022386177575532688,0.36363636363636365,0.22727272727272727,0.29545454545454547,主測度 發文數｜市值加權・未篩選,abn_attention_weekend
2018-01-21,103,-0.00425774639547995,21,-0.007708103739791713,20,0.0029695177439724735,21,-0.007965823115402778,20,-0.001766688664363133,21,0.002491057731116817,0.23809523809523808,0.2857142857142857,0.26190476190476186,主測度 發文數｜市值加權・未篩選,abn_attention_weekend
2018-01-28,106,-0.0022621866933046665,22,-0.018902764901384195,21,-0.01113663390598473,21,0.013177631303717482,21,-0.02169921681944337,21,-0.019437030126138705,0.19047619047619047,0.2727272727272727,0.2316017316017316,主測度 發文數｜市值加權・未篩選,abn_attention_weekend
2018-02-04,107,-0.06250308240893601,22,-0.04236928194020851,21,-0.03876957039191011,21,-0.06497972507858639,21,-0.042270713403648255,22,0.020232369005287756,0.22727272727272727,0.13636363636363635,0.18181818181818182,主測度 發文數｜市值加權・未篩選,abn_attention_weekend
2018-02-11,106,-0.009592702518966087,22,-0.0046457269571361665,21,-0.0007887663530229376,21,-0.005082156431863817,21,-9.487389304088997e-06,21,0.009583215129661997,0.6190476190476191,0.45454545454545453,0.5367965367965368,主測度 發文數｜市值加權・未篩選,abn_attention_weekend
2018-02-18,103,0.003914095203680511,21,0.011536950997831303,20,0.02979858275467753,21,0.03245818810896505,20,0.021485132050133433,21,0.01757103684645292,0.6666666666666666,0.5238095238095238,0.5952380952380952,主測度 發文數｜市值加權・未篩選,abn_attention_weekend
2018-02-25,104,-0.0069962120816281954,21,0.0020942690540645633,21,-0.024070812210418433,20,-0.04468886259826575,21,-0.024836261372334252,21,-0.017840049290706057,0.8095238095238095,0.47619047619047616,0.6428571428571428,主測度 發文數｜市值加權・未篩選,abn_attention_weekend
2018-03-04,103,0.011786151846297685,21,-0.0035937547307904913,20,-0.008922632784061139,21,0.0071934315657804435,20,0.02988828803111741,21,0.018102136184819727,0.6190476190476191,0.5238095238095238,0.5714285714285714,主測度 發文數｜市值加權・未篩選,abn_attention_weekend
2018-03-11,104,0.00963350243303174,21,0.0011940912414323277,21,0.003940707361694278,20,0.01264413083934836,21,-0.0017547697317589392,21,-0.011388272164790679,0.42857142857142855,0.38095238095238093,0.40476190476190477,主測度 發文數｜市值加權・未篩選,abn_attention_weekend
2018-03-18,104,0.0018069912214869637,21,-0.025566241251656522,21,-0.024172038119967054,20,-0.006749475911758042,21,-0.020564315420239412,21,-0.022371306641726377,0.47619047619047616,0.3333333333333333,0.40476190476190477,主測度 發文數｜市值加權・未篩選,abn_attention_weekend
2018-03-25,104,0.022927337437064665,21,0.009543725584342038,21,0.0214859472334675,20,0.0005149643158668694,21,-0.0004855207366659144,21,-0.02341285817373058,0.47619047619047616,0.42857142857142855,0.45238095238095233,主測度 發文數｜市值加權・未篩選,abn_attention_weekend
2018-04-01,107,-0.015483242516447062,22,-0.005925207145899141,21,-0.0063908773893818546,21,-0.0025933000676438933,21,-0.01738562568828303,22,-0.0019023831718359679,0.7272727272727273,0.36363636363636365,0.5454545454545454,主測度 發文數｜市值加權・未篩選,abn_attention_weekend
2018-04-08,108,-0.001212028515025035,22,0.020337253514825578,21,0.018642670468042993,22,0.017547899824581978,21,-0.016716918629672225,22,-0.01550489011464719,0.7727272727272727,0.36363636363636365,0.5681818181818181,主測度 發文數｜市值加權・未篩選,abn_attention_weekend
2018-04-15,107,-0.006411875436559302,22,-0.0029699302535630048,21,-0.0009724767478527933,21,-0.017465733819579107,21,-0.041970687066435065,22,-0.035558811629875765,0.5909090909090909,0.36363636363636365,0.4772727272727273,主測度 發文數｜市值加權・未篩選,abn_attention_weekend
2018-04-22,109,-0.0211609162128412,22,-0.01913573817489959,22,-0.017279580042879772,21,-0.028156909510352202,22,-0.013674187736551357,22,0.007486728476289844,0.5,0.36363636363636365,0.4318181818181818,主測度 發文數｜市值加權・未篩選,abn_attention_weekend
2018-04-29,109,-0.015366730535426488,22,0.002012855976183785,22,0.003326032575528718,21,-6.320195357025163e-05,22,-0.004437824672440127,22,0.010928905862986362,0.36363636363636365,0.3181818181818182,0.34090909090909094,主測度 發文數｜市值加權・未篩選,abn_attention_weekend
2018-05-06,109,0.032253829573355715,22,0.01800293218600173,22,0.019231864269246043,21,0.01575530277379146,22,0.03691085256057919,22,0.004657022987223473,0.3181818181818182,0.36363636363636365,0.34090909090909094,主測度 發文數｜市值加權・未篩選,abn_attention_weekend
2018-05-13,108,-0.02769963202408856,22,0.016998376280218663,21,0.0012148222603180195,22,-0.013044387867157984,21,-0.03373216187988279,22,-0.006032529855794229,0.45454545454545453,0.3181818181818182,0.38636363636363635,主測度 發文數｜市值加權・未篩選,abn_attention_weekend
2018-05-20,108,-0.003765058797109097,22,-0.008153346537449702,21,0.003666163954951277,22,0.009824134389380824,21,0.015891591884372527,22,0.019656650681481622,0.5,0.36363636363636365,0.4318181818181818,主測度 發文數｜市值加權・未篩選,abn_attention_weekend
2018-05-27,108,-0.002870569389121663,22,-0.018910324666149687,21,-0.007254307710548172,22,0.0075633173776019445,21,0.0033207280426652357,22,0.006191297431786899,0.3181818181818182,0.2727272727272727,0.2954545454545454,主測度 發文數｜市值加權・未篩選,abn_attention_weekend
2018-06-03,110,0.006871844976552258,22,0.0036849901334200332,22,-0.002861403075585082,22,0.015954030727020254,22,0.012388463647869873,22,0.005516618671317615,0.36363636363636365,0.3181818181818182,0.34090909090909094,主測度 發文數｜市值加權・未篩選,abn_attention_weekend
2018-06-10,111,0.017492064714955093,23,-0.009968319822275964,22,-0.012629715111959088,22,-0.007331837501034568,22,-0.028772019927098418,22,-0.04626408464205351,0.4090909090909091,0.21739130434782608,0.3132411067193676,主測度 發文數｜市值加權・未篩選,abn_attention_weekend
2018-06-17,111,0.0008139500007393212,23,-0.019295472431523537,22,0.0005874155825246466,22,-0.018449598884122172,22,0.008236059727025211,22,0.0074221097262858905,0.5454545454545454,0.30434782608695654,0.424901185770751,主測度 發文數｜市值加權・未篩選,abn_attention_weekend
2018-06-24,111,0.021061779799286112,23,0.01767696048876333,22,-0.003534814004177877,22,-0.010697479784694583,22,-0.014479487335087507,22,-0.03554126713437362,0.5,0.2608695652173913,0.3804347826086957,主測度 發文數｜市值加權・未篩選,abn_attention_weekend
2018-07-01,111,-0.01704030927736532,23,-0.012240955082053398,22,-0.03652887530469631,22,-0.051754408205427316,22,-0.006261669624425312,22,0.01077863965294001,0.36363636363636365,0.34782608695652173,0.3557312252964427,主測度 發文數｜市值加權・未篩選,abn_attention_weekend
2018-07-08,112,0.022485871807036213,23,0.024808369903140063,22,0.032066350534515925,22,0.04513672453218689,22,0.03262480544758718,23,0.01013893364055097,0.43478260869565216,0.34782608695652173,0.3913043478260869,主測度 發文數｜市值加權・未篩選,abn_attention_weekend
2018-07-15,111,-0.004561189444078468,23,-0.011274499440501741,22,-0.019178111830764122,22,-0.005634973224952817,22,0.04666248129644708,22,0.05122367074052555,0.5909090909090909,0.30434782608695654,0.44762845849802374,主測度 發文數｜市值加權・未篩選,abn_attention_weekend
2018-07-22,108,0.018255141955041194,22,0.02137571580827619,21,0.01178691244700319,22,0.034800173147878345,21,0.016234528826799953,22,-0.0020206131282412415,0.45454545454545453,0.2727272727272727,0.36363636363636365,主測度 發文數｜市值加權・未篩選,abn_attention_weekend
2018-07-29,108,-0.017626779038086373,22,0.003128859899843267,21,-0.006443688130947305,22,0.016590718885397728,21,0.008760905556603908,22,0.02638768459469028,0.45454545454545453,0.36363636363636365,0.40909090909090906,主測度 發文數｜市值加權・未篩選,abn_attention_weekend
2018-08-05,109,0.006872377798701461,22,-0.003970896241548227,22,-0.004820828131767803,21,-0.008657234221348382,22,-0.005522843683494369,22,-0.01239522148219583,0.5454545454545454,0.5454545454545454,0.5454545454545454,主測度 發文數｜市值加權・未篩選,abn_attention_weekend
2018-08-12,108,-0.015526031989096009,22,-0.00022178047198700583,21,-0.02163488745309635,22,-0.03874563798447312,21,0.0009130342445263542,22,0.016439066233622363,0.4090909090909091,0.2727272727272727,0.34090909090909094,主測度 發文數｜市值加權・未篩選,abn_attention_weekend
2018-08-19,109,0.015436079283451198,22,0.020946803329968455,22,0.025219581363760058,21,-0.001931419451606433,22,0.0158824806319064,22,0.00044640134845520124,0.3181818181818182,0.22727272727272727,0.2727272727272727,主測度 發文數｜市值加權・未篩選,abn_attention_weekend
2018-08-26,108,-0.0037386623032643093,22,0.02984477445930556,21,0.022873939810899302,22,0.024046526697904875,21,0.027351994438852254,22,0.031090656742116564,0.4090909090909091,0.45454545454545453,0.4318181818181818,主測度 發文數｜市值加權・未篩選,abn_attention_weekend
2018-09-02,109,-0.05588006100548614,22,-0.03545174283184005,22,-0.046290240495517214,21,-0.055135841591672854,22,0.0010703572054804303,22,0.05695041821096657,0.4090909090909091,0.3181818181818182,0.36363636363636365,主測度 發文數｜市值加權・未篩選,abn_attention_weekend
2018-09-09,105,-0.0018721714015651604,21,-0.004429351237760309,21,0.013560894750859335,21,-0.0038065633765342597,21,-0.005300788339535604,21,-0.003428616937970444,0.3333333333333333,0.2857142857142857,0.30952380952380953,主測度 發文數｜市值加權・未篩選,abn_attention_weekend
2018-09-16,105,0.0031126803710060293,21,0.032559558919571546,21,0.022270518508674765,21,-0.0015503944451584935,21,0.027914940609939803,21,0.024802260238933775,0.3333333333333333,0.23809523809523808,0.2857142857142857,主測度 發文數｜市值加權・未篩選,abn_attention_weekend
2018-09-23,105,0.013659154900372748,21,-0.012045728942358861,21,0.005036370677955316,21,0.008721116983547704,21,0.003159283774478858,21,-0.01049987112589389,0.47619047619047616,0.3333333333333333,0.40476190476190477,主測度 發文數｜市值加權・未篩選,abn_attention_weekend
2018-09-30,107,-0.048036709436855736,22,-0.050074206704181834,21,-0.04814615533915307,21,-0.05007871853257481,21,-0.0840136579039629,22,-0.03597694846710716,0.5909090909090909,0.4090909090909091,0.5,主測度 發文數｜市值加權・未篩選,abn_attention_weekend
2018-10-07,111,-0.03653045828176207,23,-0.04327480972644541,22,-0.06343063728375942,22,-0.05479482281675476,22,-0.033466057131209606,22,0.0030644011505524607,0.3181818181818182,0.30434782608695654,0.31126482213438733,主測度 發文數｜市值加權・未篩選,abn_attention_weekend
2018-10-14,111,-0.025823359838691894,23,0.009582305749685755,22,-0.040348197185004,22,0.008845232694320063,22,0.0004220254137486182,22,0.026245385252440512,0.4090909090909091,0.30434782608695654,0.35671936758893286,主測度 發文數｜市值加權・未篩選,abn_attention_weekend
2018-10-21,110,-0.05094669748965163,22,-0.013017802151303643,22,-0.05083672487897575,22,-0.06538187066789287,22,-0.023248203920124826,22,0.027698493569526805,0.4090909090909091,0.22727272727272727,0.3181818181818182,主測度 發文數｜市值加權・未篩選,abn_attention_weekend
2018-10-28,114,0.03484033683698498,23,0.023423047311871337,23,0.04686266133480195,22,0.08985641091678477,23,0.04586916303921244,23,0.011028826202227462,0.30434782608695654,0.30434782608695654,0.30434782608695654,主測度 發文數｜市值加權・未篩選,abn_attention_weekend
2018-11-04,113,-0.0166139094453293,23,-0.029288864147115873,22,0.003418186987037319,23,0.0005802473208276102,22,-0.014522404138308888,23,0.002091505307020413,0.30434782608695654,0.17391304347826086,0.2391304347826087,主測度 發文數｜市值加權・未篩選,abn_attention_weekend
2018-11-11,112,-0.015344792153582944,23,0.01215805556457001,22,-0.010443983157085654,22,-0.004383361152574493,22,-0.00996381837222241,23,0.005380973781360534,0.34782608695652173,0.2608695652173913,0.30434782608695654,主測度 發文數｜市值加權・未篩選,abn_attention_weekend
2018-11-18,112,-0.013986538049772382,23,-0.01084237145128126,22,-0.023253259384839138,22,-0.005083616658537021,22,-0.029909784606069325,23,-0.01592324655629694,0.391304347826087,0.34782608695652173,0.3695652173913043,主測度 發文數｜市值加權・未篩選,abn_attention_weekend
2018-11-25,112,0.02170081211470185,23,0.00017262798450532472,22,0.021527708715663504,22,0.04800313233606585,22,0.03485189005886435,23,0.013151077944162499,0.30434782608695654,0.2608695652173913,0.28260869565217395,主測度 發文數｜市值加權・未篩選,abn_attention_weekend
2018-12-02,110,-0.01338234160721172,22,-0.026044479149571375,22,-0.01480918954536979,22,-0.013605038829836503,22,-0.042416972808453524,22,-0.029034631201241803,0.22727272727272727,0.13636363636363635,0.18181818181818182,主測度 發文數｜市值加權・未篩選,abn_attention_weekend
2018-12-09,114,0.008535146521147377,23,0.011101614962037494,23,0.011503123661186691,22,0.00906443453227633,23,0.014713037575273072,23,0.006177891054125695,0.4782608695652174,0.43478260869565216,0.4565217391304348,主測度 發文數｜市值加權・未篩選,abn_attention_weekend
2018-12-16,116,-0.006605015647256334,24,-0.00208627983703363,23,-0.01833635052027361,23,-0.027881319987536905,23,-0.008539513738491974,23,-0.0019344980912356403,0.6521739130434783,0.5,0.5760869565217391,主測度 發文數｜市值加權・未篩選,abn_attention_weekend
2018-12-23,116,0.008482107250317441,24,0.005930968821375471,23,-0.004777209609763,23,-0.005549543800200018,23,0.01362530356273213,23,0.005143196312414689,0.7391304347826086,0.3333333333333333,0.536231884057971,主測度 發文數｜市值加權・未篩選,abn_attention_weekend
2018-12-30,116,-0.06906799225046899,24,-0.01422655821662648,23,-0.015995920478676054,23,-0.014799946961020551,23,-0.03317048762852951,23,0.035897504621939476,0.8260869565217391,0.4166666666666667,0.6213768115942029,主測度 發文數｜市值加權・未篩選,abn_attention_weekend
2019-01-06,115,0.03569458228827935,23,0.014256131492032802,23,0.010088927190043806,23,0.015202906268578918,23,0.032706079585789714,23,-0.002988502702489633,0.2608695652173913,0.2608695652173913,0.2608695652173913,主測度 發文數｜市值加權・未篩選,abn_attention_weekend
2019-01-13,115,0.014829201257017165,23,0.0062405400062078625,23,0.010801242952968535,23,0.011199178192084807,23,0.0029462152684194614,23,-0.011882985988597702,0.5217391304347826,0.34782608695652173,0.43478260869565216,主測度 發文數｜市值加權・未篩選,abn_attention_weekend
2019-01-20,114,0.008186991119859453,23,0.002731815054436276,23,-0.015159104585715396,22,0.0019116842575745998,23,0.020193805700398443,23,0.01200681458053899,0.6521739130434783,0.391304347826087,0.5217391304347826,主測度 發文數｜市值加權・未篩選,abn_attention_weekend
2019-01-27,113,-0.027471148529445186,23,-0.0021584326649848606,22,-0.004334344966937952,23,0.00044700438460461864,22,0.0014731098515496732,23,0.02894425838099486,0.21739130434782608,0.17391304347826086,0.19565217391304346,主測度 發文數｜市值加權・未篩選,abn_attention_weekend
2019-02-10,114,0.002622716715947995,23,0.021357122769151856,23,-0.001960893456961725,22,0.04318527634453928,23,-0.000372266503615273,23,-0.0029949832195632683,0.21739130434782608,0.30434782608695654,0.2608695652173913,主測度 發文數｜市值加權・未篩選,abn_attention_weekend
2019-02-17,112,0.020348760884311267,23,0.030490860978134457,22,0.012510136309269022,22,0.02004375912258861,22,0.008354516324619107,23,-0.01199424455969216,0.391304347826087,0.21739130434782608,0.30434782608695654,主測度 發文數｜市值加權・未篩選,abn_attention_weekend
2019-02-24,113,0.0009101579074004226,23,-0.0010949916707984626,22,-0.004986517403754756,23,0.007964906064768117,22,0.00503666888324973,23,0.0041265109758493075,0.391304347826087,0.30434782608695654,0.34782608695652173,主測度 發文數｜市值加權・未篩選,abn_attention_weekend
2019-03-03,109,-0.03201709575944052,22,-0.019729008105563706,22,-0.0018617957148223613,21,-0.010037460204745283,22,-0.01683146524345489,22,0.015185630515985631,0.45454545454545453,0.2727272727272727,0.36363636363636365,主測度 發文數｜市值加權・未篩選,abn_attention_weekend
2019-03-10,110,0.0096448082707602,22,0.016139663949137323,22,0.008476088911633031,22,0.015158101687024396,22,0.03343846408975204,22,0.02379365581899184,0.36363636363636365,0.18181818181818182,0.2727272727272727,主測度 發文數｜市值加權・未篩選,abn_attention_weekend
2019-03-17,112,0.019965863847420835,23,0.007054256478102389,22,0.013295270615274994,22,-0.007887113255896888,22,0.030220294011288087,23,0.010254430163867252,0.391304347826087,0.391304347826087,0.391304347826087,主測度 發文數｜市值加權・未篩選,abn_attention_weekend
2019-03-24,111,0.020300706212614313,23,0.011221969987567602,22,0.002693439116770655,22,-0.0020198465673884106,22,0.019931729295864807,22,-0.0003689769167495062,0.4090909090909091,0.2608695652173913,0.3349802371541502,主測度 發文數｜市值加權・未篩選,abn_attention_weekend
2019-03-31,109,0.024230563650295602,22,-0.0014432935258747652,22,0.0003583374114707569,21,-0.0020880713788934556,22,-0.015085671328380141,22,-0.03931623497867574,0.45454545454545453,0.36363636363636365,0.40909090909090906,主測度 發文數｜市值加權・未篩選,abn_attention_weekend
2019-04-07,107,-0.002091101131788493,22,0.007314706026593863,21,-0.0017087053184951027,21,-0.009352501250978255,21,-0.0030938220624670224,22,-0.0010027209306785294,0.4090909090909091,0.3181818181818182,0.36363636363636365,主測度 發文數｜市值加權・未篩選,abn_attention_weekend
2019-04-14,109,0.026034711114259593,22,-0.001973724545498691,22,-0.010027180191586235,21,-0.0024481602630415655,22,0.009548035763485879,22,-0.016486675350773715,0.4090909090909091,0.4090909090909091,0.4090909090909091,主測度 發文數｜市值加權・未篩選,abn_attention_weekend
2019-04-21,110,0.012580519384114466,22,0.005528356626045505,22,-0.008302911401616361,22,-0.003155373813899657,22,-0.021457123728825463,22,-0.03403764311293993,0.5,0.36363636363636365,0.4318181818181818,主測度 發文數｜市值加權・未篩選,abn_attention_weekend
2019-04-28,110,0.012850814040131879,22,0.009994546425131973,22,0.011623200973052462,22,0.005180341484701527,22,0.01688036569121794,22,0.004029551651086059,0.45454545454545453,0.18181818181818182,0.3181818181818182,主測度 發文數｜市值加權・未篩選,abn_attention_weekend
2019-05-05,111,-0.021188682407802327,23,-0.05204295584013829,22,0.00980651295778039,22,-0.04044386954364003,22,-0.016833718841515567,22,0.00435496356628676,0.36363636363636365,0.30434782608695654,0.3339920948616601,主測度 發文數｜市值加權・未篩選,abn_attention_weekend
2019-05-12,112,-0.012892746702790111,23,0.028945224847365888,22,0.0049329062506208166,22,-0.03068373831327403,22,-0.048971016666838625,23,-0.03607826996404852,0.30434782608695654,0.34782608695652173,0.32608695652173914,主測度 發文數｜市值加權・未篩選,abn_attention_weekend
2019-05-19,115,-0.0039252440685952125,23,0.011339406438180585,23,0.016999824112338236,23,0.010326879389016008,23,-0.03662737254726159,23,-0.032702128478666374,0.782608695652174,0.4782608695652174,0.6304347826086957,主測度 發文數｜市值加權・未篩選,abn_attention_weekend
2019-05-26,116,0.017982248625273433,24,0.011674164984381747,23,0.019152589665529306,23,0.02226884355963509,23,0.008885268471610181,23,-0.009096980153663252,0.7391304347826086,0.5833333333333334,0.661231884057971,主測度 發文數｜市值加權・未篩選,abn_attention_weekend
2019-06-02,119,0.004687069396044138,24,0.0037183851186829136,24,-0.0005641081822686678,23,-0.007996862064530059,24,-0.010339162954244932,24,-0.015026232350289069,0.5,0.375,0.4375,主測度 發文數｜市值加權・未篩選,abn_attention_weekend
2019-06-09,117,0.001205962111941995,24,0.00840077228582324,23,-0.003936308740665413,23,0.0041682179019828375,23,0.0064568326349481375,24,0.005250870523006142,0.5416666666666666,0.375,0.4583333333333333,主測度 發文數｜市值加權・未篩選,abn_attention_weekend
2019-06-16,118,0.02803577700749458,24,0.011139795144952273,23,0.060810173962572094,24,0.022031095844890915,23,0.01779981851786794,24,-0.010235958489626638,0.375,0.2916666666666667,0.33333333333333337,主測度 發文數｜市值加權・未篩選,abn_attention_weekend
2019-06-23,118,-0.006135379184855296,24,0.0030468127620047404,23,0.0057840545895957015,24,-0.001163380571958376,23,0.008695148432044393,24,0.014830527616899689,0.16666666666666666,0.3333333333333333,0.25,主測度 發文數｜市值加權・未篩選,abn_attention_weekend
2019-06-30,116,-0.018387243524073053,24,-0.0075515164141291904,23,-0.0029478805948738042,23,0.011373494940566456,23,0.007355305803701431,23,0.025742549327774485,0.4782608695652174,0.2916666666666667,0.384963768115942,主測度 發文數｜市值加權・未篩選,abn_attention_weekend
2019-07-07,115,0.029000144774666763,23,0.02284463993001295,23,-0.0015125733979087972,23,0.012366627285767574,23,-0.009824814568416749,23,-0.03882495934308351,0.4782608695652174,0.43478260869565216,0.4565217391304348,主測度 發文數｜市值加權・未篩選,abn_attention_weekend
2019-07-14,116,0.022886982385509323,24,-0.006831761779617222,23,0.0028630466044909045,23,-0.0015443931621990747,23,-0.009454964975028707,23,-0.032341947360538026,0.43478260869565216,0.3333333333333333,0.38405797101449274,主測度 發文數｜市值加權・未篩選,abn_attention_weekend
2019-07-21,116,0.006095259936795403,24,0.0067226518062352926,23,0.00036565442537213517,23,0.019227813164298543,23,-0.007540438566703018,23,-0.013635698503498422,0.391304347826087,0.2916666666666667,0.34148550724637683,主測度 發文數｜市值加權・未篩選,abn_attention_weekend
2019-07-28,116,-0.027255236331210984,24,-0.02491764420503089,23,-0.0252889877382403,23,-0.039738803624888325,23,-0.024646470974882782,23,0.002608765356328202,0.5217391304347826,0.4166666666666667,0.4692028985507246,主測度 發文數｜市值加權・未篩選,abn_attention_weekend
2019-08-04,117,-0.00941361500459863,24,-0.018006301775569156,23,0.0010038467019663668,23,0.007052997187853159,23,0.005074988777602034,24,0.014488603782200665,0.4166666666666667,0.4583333333333333,0.4375,主測度 發文數｜市值加權・未篩選,abn_attention_weekend
2019-08-11,117,-0.013634274769115018,24,-0.010655820384846467,23,-0.013013187286885504,23,0.010579146548720277,23,-0.015519244039933747,24,-0.0018849692708187288,0.4583333333333333,0.3333333333333333,0.3958333333333333,主測度 發文數｜市值加權・未篩選,abn_attention_weekend
2019-08-18,118,0.006076069324755181,24,-0.0015989727861988913,23,0.003952179608556523,24,0.012056213363078142,23,0.007552698221780973,24,0.001476628897025792,0.2916666666666667,0.2916666666666667,0.2916666666666667,主測度 發文數｜市值加權・未篩選,abn_attention_weekend
2019-08-25,118,0.024407769754531544,24,0.016353707037460155,23,0.02004256282144259,24,0.02222788262854196,23,0.03223774716407637,24,0.007829977409544824,0.20833333333333334,0.16666666666666666,0.1875,主測度 發文數｜市值加權・未篩選,abn_attention_weekend
2019-09-01,116,0.01914373495587404,24,0.015119270827774213,23,0.007103876211685954,23,0.0147623706616321,23,0.011325855841030527,23,-0.007817879114843511,0.30434782608695654,0.25,0.27717391304347827,主測度 發文數｜市值加權・未篩選,abn_attention_weekend
2019-09-08,116,-0.0013171329184396173,24,-0.0089691037882188,23,-0.004619313334235745,23,0.008689061653250075,23,0.002067974398976999,23,0.0033851073174166165,0.34782608695652173,0.3333333333333333,0.3405797101449275,主測度 發文數｜市值加權・未篩選,abn_attention_weekend
2019-09-15,116,0.001879074549028795,24,0.0013784900927601815,23,0.0016472286328904663,23,0.017235115361009235,23,0.007697543475328962,23,0.005818468926300167,0.43478260869565216,0.3333333333333333,0.38405797101449274,主測度 發文數｜市值加權・未篩選,abn_attention_weekend
2019-09-22,114,-0.023248703157288494,23,-0.0172868707969887,23,-0.027447190169444333,22,-0.025760481647802192,23,0.014301295982063124,23,0.037549999139351614,0.5652173913043478,0.391304347826087,0.4782608695652174,主測度 發文數｜市值加權・未篩選,abn_attention_weekend
2019-09-29,116,0.0004467825993487999,24,-0.005038593189925892,23,0.004781736948759675,23,-0.006311347145896025,23,0.0034834370155963582,23,0.0030366544162475583,0.34782608695652173,0.3333333333333333,0.3405797101449275,主測度 發文數｜市值加權・未篩選,abn_attention_weekend
2019-10-06,115,-0.003565792746036137,23,-0.005966570226539073,23,-0.008852685279936535,23,-0.009734551551774199,23,0.0042942023379166205,23,0.007859995083952758,0.5217391304347826,0.43478260869565216,0.4782608695652174,主測度 發文數｜市值加權・未篩選,abn_attention_weekend
2019-10-13,115,0.030818956581312347,23,0.013733025105883478,23,-7.590914862115363e-05,23,0.008808728789902208,23,0.0071755660373667585,23,-0.02364339054394559,0.34782608695652173,0.30434782608695654,0.32608695652173914,主測度 發文數｜市值加權・未篩選,abn_attention_weekend
2019-10-20,113,0.017202504768774707,23,0.007087976516784153,22,0.00435582495952603,23,0.008143764466519206,22,0.008502900388258799,23,-0.008699604380515908,0.34782608695652173,0.21739130434782608,0.2826086956521739,主測度 發文數｜市值加權・未篩選,abn_attention_weekend
2019-10-27,115,0.018833502579113138,23,0.0005917732449636867,23,-0.003634280333711863,23,-0.023923476130046962,23,0.008757594969333782,23,-0.010075907609779356,0.391304347826087,0.30434782608695654,0.34782608695652173,主測度 發文數｜市值加權・未篩選,abn_attention_weekend
2019-11-03,115,-0.0019342492550334935,23,0.009641341293624392,23,0.0034424305705806645,23,-0.006885574870762151,23,0.012929022361542981,23,0.014863271616576475,0.391304347826087,0.21739130434782608,0.30434782608695654,主測度 發文數｜市值加權・未篩選,abn_attention_weekend
2019-11-10,116,-0.009955906010599706,24,0.004460897489390519,23,-0.015544001411913422,23,-0.024248158626359127,23,-0.010985504316424498,23,-0.0010295983058247922,0.43478260869565216,0.20833333333333334,0.32155797101449274,主測度 發文數｜市值加權・未篩選,abn_attention_weekend
2019-11-17,117,0.001730089845633195,24,0.009418518406965804,23,0.0023613108592426477,23,-0.006883633245842945,23,0.012808280677560993,24,0.011078190831927799,0.3333333333333333,0.25,0.29166666666666663,主測度 發文數｜市值加權・未篩選,abn_attention_weekend
2019-11-24,117,0.0034776453759230823,24,-0.007226301400712048,23,-0.0056763037353076825,23,-0.00461259018334853,23,-0.018964308529217443,24,-0.022441953905140526,0.2916666666666667,0.16666666666666666,0.22916666666666669,主測度 發文數｜市值加權・未篩選,abn_attention_weekend
2019-12-01,118,0.014022611504354156,24,-0.003513692508552518,23,-0.00032994849935815676,24,-0.00040189914567888437,23,0.016199308478451996,24,0.0021766969740978394,0.4583333333333333,0.4166666666666667,0.4375,主測度 發文數｜市值加權・未篩選,abn_attention_weekend
2019-12-08,120,0.004795128851810934,24,0.01046984217045583,24,-0.0053286396300362806,24,-0.0059429384583108286,24,0.07022982901447894,24,0.065434700162668,0.4583333333333333,0.375,0.41666666666666663,主測度 發文數｜市值加權・未篩選,abn_attention_weekend
2019-12-15,119,0.01630766993840906,24,0.01794652321732379,24,0.005793420785083907,23,0.0009285526667403253,24,-0.009415067824553813,24,-0.025722737762962872,0.5,0.2916666666666667,0.39583333333333337,主測度 發文數｜市值加權・未篩選,abn_attention_weekend
2019-12-22,120,0.01887565789495089,24,0.0013344894091926343,24,-0.0011003670498581622,24,0.0032342302301242194,24,0.007974506968725953,24,-0.010901150926224939,0.3333333333333333,0.25,0.29166666666666663,主測度 發文數｜市值加權・未篩選,abn_attention_weekend
2019-12-29,119,0.010220866866876049,24,-0.001119633851930556,24,0.005488779011737612,23,0.007146869554336499,24,0.005432758405269427,24,-0.004788108461606622,0.5833333333333334,0.375,0.4791666666666667,主測度 發文數｜市值加權・未篩選,abn_attention_weekend
2020-01-05,118,0.006019988448060966,24,-0.005622012762319883,23,-0.012660768120492726,24,-0.000570311887098769,23,-0.03359263217810719,24,-0.03961262062616816,0.5,0.375,0.4375,主測度 發文數｜市值加權・未篩選,abn_attention_weekend
2020-01-12,119,-0.018818241067133513,24,0.010783783502249686,24,0.011528451463539693,23,0.006909391710609014,24,0.013494969144278203,24,0.032313210211411716,0.5416666666666666,0.375,0.4583333333333333,主測度 發文數｜市值加權・未篩選,abn_attention_weekend
2020-01-19,121,0.0017585728310420122,25,-0.0021090403495480346,24,-0.0029768656223952412,24,-0.0009706839409291026,24,-0.002155572792129082,24,-0.0039141456231710945,0.4583333333333333,0.32,0.38916666666666666,主測度 發文數｜市值加權・未篩選,abn_attention_weekend
2020-01-26,122,-0.020678908191527498,25,-0.0203090987548918,24,-0.004937578837225818,24,-0.008074664657510142,24,-0.02206405519077999,25,-0.0013851469992524935,0.4,0.28,0.34,主測度 發文數｜市值加權・未篩選,abn_attention_weekend
2020-02-02,122,0.033427922529318935,25,0.015119154201383624,24,0.015270173474725304,24,0.024098394739274512,24,0.041428620693722926,25,0.008000698164403991,0.28,0.24,0.26,主測度 發文數｜市值加權・未篩選,abn_attention_weekend
2020-02-09,122,0.02110813843918594,25,0.01171572211802124,24,0.014270901106182121,24,0.01961838457526417,24,0.04281668024352689,25,0.02170854180434095,0.32,0.24,0.28,主測度 發文數｜市值加權・未篩選,abn_attention_weekend
2020-02-16,124,-0.011722412974365815,25,-0.016107765318660084,25,0.009237734151526693,24,0.0070879883935975625,25,0.006808684960441262,25,0.018531097934807075,0.4,0.32,0.36,主測度 發文數｜市值加權・未篩選,abn_attention_weekend
2020-02-23,123,-0.013260135718736606,25,-0.004795783398101286,24,-0.019111508303352096,25,-0.01688005059085056,24,-0.021175884605062006,25,-0.0079157488863254,0.24,0.16,0.2,主測度 發文數｜市值加權・未篩選,abn_attention_weekend
2020-03-01,122,0.025067811552717176,25,0.015409951311436307,24,0.01907434170823636,24,0.018540518652229377,24,0.02313475876634895,25,-0.001933052786368225,0.48,0.36,0.42,主測度 發文數｜市值加權・未篩選,abn_attention_weekend
2020-03-08,121,-0.11362159876977117,25,-0.07593806265168447,24,-0.13391670781341022,24,-0.08010557892835486,24,-0.0679699286048671,24,0.04565167016490407,0.5,0.36,0.43,主測度 發文數｜市值加權・未篩選,abn_attention_weekend
2020-03-15,121,-0.08426642890446867,25,-0.10473459556937025,24,-0.08757547545948118,24,-0.08630859261061674,24,-0.05018521504253496,24,0.03408121386193371,0.25,0.2,0.225,主測度 發文數｜市值加權・未篩選,abn_attention_weekend
2020-03-22,120,0.10962853151705616,24,0.08456606488690377,24,0.05696685363817596,24,0.05609806636108742,24,0.07042387590545754,24,-0.039204655611598624,0.7083333333333334,0.375,0.5416666666666667,主測度 發文數｜市值加權・未篩選,abn_attention_weekend
2020-03-29,121,0.026417361381619642,25,0.018311004045849084,24,0.013136558467665652,24,0.016124868879123923,24,0.02222981844844664,24,-0.004187542933173003,0.7083333333333334,0.48,0.5941666666666667,主測度 發文數｜市值加權・未篩選,abn_attention_weekend
2020-04-05,122,0.03185797675891884,25,0.05883366674286968,24,0.038873008823049136,24,0.06015608108739717,24,0.0291933093242216,25,-0.002664667434697239,0.52,0.28,0.4,主測度 發文數｜市值加權・未篩選,abn_attention_weekend
2020-04-12,122,0.07743352876506972,25,0.03068701759219251,24,0.023159169496235473,24,0.006805711181980242,24,0.019332498322447454,25,-0.05810103044262226,0.4,0.24,0.32,主測度 發文數｜市值加權・未篩選,abn_attention_weekend
2020-04-19,123,-0.013221388625334214,25,-0.02740951461065171,24,-0.013326539465184466,25,-0.020613888028196903,24,-0.04184906108363731,25,-0.028627672458303097,0.28,0.2,0.24000000000000002,主測度 發文數｜市值加權・未篩選,abn_attention_weekend
2020-04-26,123,0.03490894458001998,25,0.07228151417792454,24,0.05380229151758543,25,0.04621166078970699,24,0.03305252773558664,25,-0.0018564168444333423,0.2,0.2,0.2,主測度 發文數｜市值加權・未篩選,abn_attention_weekend
2020-05-03,118,0.017972319196500944,24,0.03370798729968712,23,0.01274948276467921,24,0.013445675176642653,23,0.020417333141191332,24,0.0024450139446903878,0.4166666666666667,0.2916666666666667,0.3541666666666667,主測度 發文數｜市值加權・未篩選,abn_attention_weekend
2020-05-10,117,-0.00981900887406902,24,-0.02045489258896003,23,-0.01934899680906955,23,-0.023498562998842967,23,-0.04027948593317773,24,-0.030460477059108714,0.4583333333333333,0.2916666666666667,0.375,主測度 發文數｜市值加權・未篩選,abn_attention_weekend
2020-05-17,118,0.009697035699552574,24,0.016597527473292403,23,0.026714663674494456,24,0.004515862288516121,23,0.0012425471120536703,24,-0.008454488587498903,0.4166666666666667,0.375,0.39583333333333337,主測度 發文數｜市值加權・未篩選,abn_attention_weekend
2020-05-24,124,-0.007508661985643615,25,0.0037325233517279057,25,0.029523489453832465,24,0.007008337078991088,25,0.007413796317587788,25,0.014922458303231403,0.4,0.36,0.38,主測度 發文數｜市值加權・未篩選,abn_attention_weekend
2020-05-31,121,0.05216797250857189,25,0.025881253961689128,24,0.0383740601689964,24,0.02977575635534262,24,0.05003437926721251,24,-0.00213359324135938,0.5833333333333334,0.32,0.45166666666666666,主測度 發文數｜市值加權・未篩選,abn_attention_weekend
2020-06-07,122,-0.029394184494874846,25,-0.00879102185548959,24,-0.03824810526442793,24,-0.015828724035856036,24,-0.0040553133630895225,25,0.025338871131785325,0.64,0.36,0.5,主測度 發文數｜市值加權・未篩選,abn_attention_weekend
2020-06-14,120,0.004536953318751655,24,0.015791274217634547,24,-0.003291363910354335,24,0.017039497916793666,24,0.022463326140474645,24,0.01792637282172299,0.20833333333333334,0.20833333333333334,0.20833333333333334,主測度 發文數｜市值加權・未篩選,abn_attention_weekend
2020-06-21,121,0.013848866207165795,25,0.002682012580867243,24,-0.0067108369130738955,24,-0.010124623938868088,24,0.009599598852687914,24,-0.00424926735447788,0.2916666666666667,0.2,0.24583333333333335,主測度 發文數｜市值加權・未篩選,abn_attention_weekend
2020-06-28,123,0.04494416167386574,25,0.02039351882340228,24,0.023567178457933602,25,0.029976669853519346,24,0.015313896489573348,25,-0.02963026518429239,0.4,0.24,0.32,主測度 發文數｜市值加權・未篩選,abn_attention_weekend
2020-07-05,124,-0.0049215332243841454,25,-0.0049476725837333665,25,-0.0032879359790155883,24,9.319467366733038e-05,25,0.038309088380544594,25,0.04323062160492874,0.36,0.2,0.28,主測度 發文數｜市值加權・未篩選,abn_attention_weekend
2020-07-12,124,-0.005996718078617225,25,0.002975780853555279,25,0.00095873854785298,24,0.005775399118087057,25,0.034396675357333706,25,0.04039339343595093,0.4,0.44,0.42000000000000004,主測度 發文數｜市值加權・未篩選,abn_attention_weekend
2020-07-19,126,-0.009466006169293667,26,-0.008660008599661137,25,0.0015349263508538083,25,0.003923965594096673,25,0.031156723181611484,25,0.04062272935090515,0.32,0.2692307692307692,0.2946153846153846,主測度 發文數｜市值加權・未篩選,abn_attention_weekend
2020-07-26,126,0.0055915602234566,26,-0.022147965480298595,25,-0.02061322531095093,25,-0.009310800308391563,25,0.011210373566009041,25,0.005618813342552441,0.32,0.23076923076923078,0.2753846153846154,主測度 發文數｜市值加權・未篩選,abn_attention_weekend
2020-08-02,125,0.015213022104963675,25,0.014600186647544056,25,0.01717205649165591,25,-0.00432850332305415,25,0.029725936306789845,25,0.01451291420182617,0.36,0.36,0.36,主測度 發文數｜市值加權・未篩選,abn_attention_weekend
2020-08-09,127,-0.0032100588984313007,26,0.024958246359611136,25,0.02185788307920182,25,0.023047030077651527,25,-0.0010471120540898474,26,0.0021629468443414533,0.38461538461538464,0.34615384615384615,0.3653846153846154,主測度 發文數｜市值加權・未篩選,abn_attention_weekend
2020-08-16,127,-0.010016749453702675,26,-0.005566153705950316,25,0.013724417673447967,25,-0.011472992720848195,25,-0.022601780415824203,26,-0.012585030962121529,0.23076923076923078,0.23076923076923078,0.23076923076923078,主測度 發文數｜市值加權・未篩選,abn_attention_weekend
2020-08-23,127,0.000925872327165792,26,0.0026954090341479373,25,0.017827754031005703,25,0.012764504279953065,25,0.016757488494976405,26,0.015831616167810612,0.5384615384615384,0.38461538461538464,0.46153846153846156,主測度 發文數｜市值加權・未篩選,abn_attention_weekend
2020-08-30,127,-0.017475933143073805,26,-0.013148132693182274,25,0.021547299232533096,25,-0.011036038806785596,25,-0.0171412788881049,26,0.00033465425496890383,0.5384615384615384,0.5,0.5192307692307692,主測度 發文數｜市值加權・未篩選,abn_attention_weekend
2020-09-06,130,0.0182989728743606,26,0.0034290437121026226,26,-0.014948192166920171,26,-0.0034922798378180468,26,0.004831217966272985,26,-0.013467754908087617,0.34615384615384615,0.3076923076923077,0.3269230769230769,主測度 發文數｜市值加權・未篩選,abn_attention_weekend
2020-09-13,130,0.0007225225551267732,26,0.007287845230511611,26,0.02884524129689555,26,0.006264927902757501,26,0.02290684239871636,26,0.022184319843589585,0.3076923076923077,0.23076923076923078,0.2692307692307693,主測度 發文數｜市值加權・未篩選,abn_attention_weekend
2020-09-20,131,-0.05101571510231429,27,-0.052805247201495265,26,-0.0758869990476167,26,-0.07151658272253615,26,-0.043709805328935,26,0.0073059097733792905,0.23076923076923078,0.18518518518518517,0.20797720797720798,主測度 發文數｜市值加權・未篩選,abn_attention_weekend
2020-09-27,131,0.006436976291581738,27,0.02693753171489187,26,0.008930720324749949,26,0.04335904950391849,26,0.014671453167618231,26,0.008234476876036493,0.34615384615384615,0.18518518518518517,0.2656695156695157,主測度 發文數｜市值加權・未篩選,abn_attention_weekend
2020-10-04,132,0.029614603545956738,27,0.013657264457090404,26,0.025089358606053633,26,0.024272462869581842,26,0.013807496810075502,27,-0.015807106735881236,0.4444444444444444,0.37037037037037035,0.4074074074074074,主測度 發文數｜市值加權・未篩選,abn_attention_weekend
2020-10-11,133,-0.017551405489774543,27,-0.019463430986672154,26,-0.0023825734998868904,27,-0.005149666099001151,26,-0.015704628683781707,27,0.0018467768059928363,0.25925925925925924,0.2962962962962963,0.2777777777777778,主測度 發文數｜市值加權・未篩選,abn_attention_weekend
2020-10-18,134,0.0019392234127128182,27,0.007707402678254915,27,0.0168225014123434,26,-0.0016964999859406516,27,0.006702564501042065,27,0.004763341088329247,0.25925925925925924,0.18518518518518517,0.2222222222222222,主測度 發文數｜市值加權・未篩選,abn_attention_weekend
2020-10-25,133,-0.0454337178020429,27,-0.022151635193444815,26,-0.011143412683847482,27,-0.006884499829548783,26,-0.021794314086360626,27,0.023639403715682277,0.37037037037037035,0.25925925925925924,0.31481481481481477,主測度 發文數｜市值加權・未篩選,abn_attention_weekend
2020-11-01,132,0.04172760025634928,27,0.026476773719251938,26,0.01984829828403294,26,0.02641674266454128,26,0.020728665296185493,27,-0.020998934960163786,0.25925925925925924,0.3333333333333333,0.2962962962962963,主測度 發文數｜市值加權・未篩選,abn_attention_weekend
2020-11-08,132,0.00799610192638253,27,0.058432037770044375,26,0.01070422823435428,26,0.006323044267983567,26,0.024519665344250093,27,0.016523563417867565,0.3333333333333333,0.18518518518518517,0.25925925925925924,主測度 發文數｜市值加權・未篩選,abn_attention_weekend
2020-11-15,133,0.02679697804612643,27,0.01866478111694426,26,0.007387207664470544,27,0.019017017248718245,26,0.03288455121133317,27,0.0060875731652067396,0.3333333333333333,0.2222222222222222,0.2777777777777778,主測度 發文數｜市值加權・未篩選,abn_attention_weekend
2020-11-22,132,0.037564645760723527,27,0.013099150460956088,26,0.029096217985511087,26,0.024366001408173132,26,-0.009298341588035256,27,-0.04686298734875878,0.3333333333333333,0.25925925925925924,0.2962962962962963,主測度 發文數｜市值加權・未篩選,abn_attention_weekend
2020-11-29,134,0.023611641743465528,27,0.010464325297901152,27,-0.0014762279283922328,26,0.047245205445746966,27,0.02378545281651034,27,0.00017381107304481266,0.3333333333333333,0.3333333333333333,0.3333333333333333,主測度 發文數｜市值加權・未篩選,abn_attention_weekend
2020-12-06,134,0.002113299689496113,27,0.006307098334605972,27,-0.015335590466002209,26,-0.015565769298564751,27,0.004388510161658436,27,0.002275210472162323,0.48148148148148145,0.25925925925925924,0.37037037037037035,主測度 發文數｜市值加權・未篩選,abn_attention_weekend
2020-12-13,134,-0.0017441896614956399,27,0.0004141228709969599,27,0.02221892289760331,26,-0.003194297607645147,27,-0.0002798995931577885,27,0.0014642900683378515,0.25925925925925924,0.18518518518518517,0.2222222222222222,主測度 發文數｜市值加權・未篩選,abn_attention_weekend
2020-12-20,134,0.0014910153837084127,27,0.016452414177975442,27,0.005761551417158997,26,-0.007318899767196487,27,0.02878463681623807,27,0.027293621432529655,0.4074074074074074,0.3333333333333333,0.37037037037037035,主測度 發文數｜市值加權・未篩選,abn_attention_weekend
2020-12-27,136,0.015936041458383964,28,0.034156525541105376,27,0.011102746963579943,27,0.01062240785694557,27,0.029177110957575046,27,0.013241069499191082,0.3333333333333333,0.25,0.29166666666666663,主測度 發文數｜市值加權・未篩選,abn_attention_weekend
2021-01-03,139,0.06686576171933403,28,0.007696696211222058,28,-0.030160143372358176,27,0.007190894221721041,28,0.08447112425011993,28,0.0176053625307859,0.35714285714285715,0.2857142857142857,0.3214285714285714,主測度 發文數｜市值加權・未篩選,abn_attention_weekend
2021-01-10,137,-0.02809594646526988,28,0.0303538187390929,27,-0.04152593822579113,27,0.02143553186114041,27,0.026129270935187264,28,0.054225217400457146,0.35714285714285715,0.32142857142857145,0.3392857142857143,主測度 發文數｜市值加權・未篩選,abn_attention_weekend
2021-01-17,138,-0.0194622357395641,28,0.004320081042141529,27,-0.03328057312046224,28,0.0007698618733970812,27,0.061732997816781425,28,0.08119523355634553,0.35714285714285715,0.25,0.3035714285714286,主測度 發文數｜市值加權・未篩選,abn_attention_weekend
2021-01-24,139,-0.03158884656968159,28,-0.038961886785201655,28,-0.025508360264973516,27,-0.042553486953261735,28,-0.07594218517493044,28,-0.04435333860524885,0.35714285714285715,0.2857142857142857,0.3214285714285714,主測度 發文數｜市值加權・未篩選,abn_attention_weekend
2021-01-31,140,0.04315410220371421,28,0.028170294882575123,28,0.03173221162528888,28,0.012865592140068155,28,0.05297063032767265,28,0.009816528123958439,0.5357142857142857,0.42857142857142855,0.4821428571428571,主測度 發文數｜市值加權・未篩選,abn_attention_weekend
2021-02-14,140,0.030627381910365854,28,0.029793829209825918,28,0.03618408648571936,28,0.04273175925877909,28,0.03201027328504012,28,0.001382891374674268,0.7142857142857143,0.5,0.6071428571428572,主測度 發文數｜市值加權・未篩選,abn_attention_weekend
2021-02-21,140,-0.06523266956760687,28,-0.00895843389629311,28,0.02872879848345345,28,0.03643976433817168,28,0.013583694102991498,28,0.07881636367059837,0.2857142857142857,0.32142857142857145,0.3035714285714286,主測度 發文數｜市值加權・未篩選,abn_attention_weekend
2021-02-28,140,-0.042790148363934986,28,-0.012524697540137518,28,-0.013049773588372922,28,-0.00023016921721077198,28,-0.028180796445310078,28,0.014609351918624908,0.25,0.21428571428571427,0.23214285714285715,主測度 發文數｜市值加權・未篩選,abn_attention_weekend
2021-03-07,139,0.018402146911528822,28,0.011708161164323133,28,0.01804884715630514,27,0.010373460962425108,28,0.02176074064776822,28,0.0033585937362393993,0.35714285714285715,0.17857142857142858,0.26785714285714285,主測度 發文數｜市值加權・未篩選,abn_attention_weekend
2021-03-14,140,-0.025759838232473877,28,0.0015471391298798192,28,-0.007683671465757973,28,-0.01153837136737912,28,-0.025064291731022283,28,0.0006955465014515938,0.2857142857142857,0.2857142857142857,0.2857142857142857,主測度 發文數｜市值加權・未篩選,abn_attention_weekend
2021-03-21,140,0.0249952447814535,28,0.0330062150700254,28,0.03838123021581416,28,0.015042355631209299,28,0.007193367161001567,28,-0.017801877620451934,0.6785714285714286,0.4642857142857143,0.5714285714285714,主測度 發文數｜市值加權・未篩選,abn_attention_weekend
2021-03-28,140,-0.009563560917582288,28,0.0027691357075262206,28,0.011692095912103012,28,0.02336800120614093,28,0.007660268182431373,28,0.01722382910001366,0.6428571428571429,0.4642857142857143,0.5535714285714286,主測度 發文數｜市值加權・未篩選,abn_attention_weekend
2021-04-04,141,-0.0011334476922057772,29,0.009799806109532898,28,0.021733187605534724,28,0.02294104157973726,28,0.020043848808725135,28,0.021177296500930913,0.5357142857142857,0.41379310344827586,0.4747536945812808,主測度 發文數｜市值加權・未篩選,abn_attention_weekend
2021-04-11,142,0.0023432260129474607,29,0.04560656678632308,28,0.06130913294511962,28,0.006760312307317884,28,0.10446073388660046,29,0.102117507873653,0.6206896551724138,0.3448275862068966,0.4827586206896552,主測度 發文數｜市值加權・未篩選,abn_attention_weekend
2021-04-18,146,0.013345944892414384,30,-0.0028532650828691007,29,0.03766935654030788,29,0.02683046003840209,29,0.008979702681374593,29,-0.004366242211039791,0.4827586206896552,0.3,0.3913793103448276,主測度 發文數｜市值加權・未篩選,abn_attention_weekend
2021-04-25,147,-0.006757938117111628,30,0.011163936810370192,29,0.03058491403371365,29,-0.015304903927725459,29,0.022778719779243273,30,0.0295366578963549,0.4,0.3333333333333333,0.3666666666666667,主測度 發文數｜市值加權・未篩選,abn_attention_weekend
2021-05-02,150,0.006137998758644738,30,-0.007914124813467543,30,-0.02766489053469158,30,-0.052647603803013435,30,-0.019462606205278548,30,-0.025600604963923287,0.26666666666666666,0.23333333333333334,0.25,主測度 發文數｜市值加權・未篩選,abn_attention_weekend
2021-05-09,149,-0.1080280431726327,30,-0.06635496608911369,30,-0.11951816788996687,29,-0.09592693038436355,30,-0.08193448508727624,30,0.02609355808535646,0.23333333333333334,0.16666666666666666,0.2,主測度 發文數｜市值加權・未篩選,abn_attention_weekend
2021-05-16,150,0.08202112070560373,30,0.048064718347698536,30,0.09419064179169205,30,0.06873543375782216,30,0.06514799697751142,30,-0.016873123728092312,0.7,0.23333333333333334,0.4666666666666667,主測度 發文數｜市值加權・未篩選,abn_attention_weekend
2021-05-23,152,0.033066961793219767,31,0.03410315258526573,30,0.04982819651535694,30,0.06046751442099715,30,0.06647507522055866,31,0.0334081134273389,0.7741935483870968,0.5806451612903226,0.6774193548387097,主測度 發文數｜市值加權・未篩選,abn_attention_weekend
2021-05-30,154,0.00392158358481106,31,0.044887015545638245,31,0.02436432677779111,30,0.007729873595452775,31,0.03044656957068173,31,0.02652498598587067,0.6451612903225806,0.5161290322580645,0.5806451612903225,主測度 發文數｜市值加權・未篩選,abn_attention_weekend
2021-06-06,155,0.008570662157236881,31,-0.010748573846159768,31,-0.0025654476298755105,31,-0.009580831780831975,31,-0.011733489582330708,31,-0.020304151739567587,0.5483870967741935,0.3548387096774194,0.45161290322580644,主測度 發文數｜市值加權・未篩選,abn_attention_weekend
2021-06-13,154,-0.003503676718451922,31,-0.030926752958522166,31,-0.013086981541059835,30,0.009427808074761164,31,0.0827774685922233,31,0.08628114531067523,0.5161290322580645,0.45161290322580644,0.4838709677419355,主測度 發文數｜市值加權・未篩選,abn_attention_weekend
2021-06-20,152,0.04114399826141958,31,0.04489399215929896,30,0.04946230836730621,30,0.01272083747035168,30,0.006516127424393266,31,-0.034627870837026314,0.5161290322580645,0.2903225806451613,0.4032258064516129,主測度 發文數｜市值加權・未篩選,abn_attention_weekend
2021-06-27,156,0.008323780884164553,32,0.004078224637034976,31,0.010213109169928045,31,-0.005337171382457664,31,0.04405857691438845,31,0.03573479603022389,0.3548387096774194,0.21875,0.2867943548387097,主測度 發文數｜市值加權・未篩選,abn_attention_weekend
2021-07-04,159,-0.0022704895856996564,32,-0.0035017864307292186,32,-0.01659157213934375,31,0.00996217926348896,32,-0.016062305091329037,32,-0.013791815505629381,0.5,0.3125,0.40625,主測度 發文數｜市值加權・未篩選,abn_attention_weekend
2021-07-11,162,-0.010501558364207221,33,-0.005993714039655796,32,-0.023980985347067513,32,0.0034044932995740294,32,-0.015203490634625179,33,-0.004701932270417958,0.48484848484848486,0.30303030303030304,0.3939393939393939,主測度 發文數｜市值加權・未篩選,abn_attention_weekend
2021-07-18,161,-0.004383698018168919,33,-0.008529003061132235,32,-0.0072466751999434535,32,0.005398150487162973,32,-0.015476949482038281,32,-0.011093251463869361,0.53125,0.48484848484848486,0.5080492424242424,主測度 發文數｜市值加權・未篩選,abn_attention_weekend
2021-07-25,163,-0.013197933288916443,33,-0.012968860626879783,32,-0.025620629326495732,33,0.0010796006285926476,32,-0.025774043842839746,33,-0.012576110553923303,0.48484848484848486,0.36363636363636365,0.42424242424242425,主測度 發文數｜市值加權・未篩選,abn_attention_weekend
2021-08-01,163,0.014673346970295922,33,-0.004620741834648903,32,-0.0011938539422985902,33,0.007959219329956137,32,0.02651282479424322,33,0.011839477823947299,0.48484848484848486,0.30303030303030304,0.3939393939393939,主測度 發文數｜市值加權・未篩選,abn_attention_weekend
2021-08-08,162,-0.017655546738181354,33,-0.0622636868922276,32,-0.03691347077549749,32,-0.0386912127355894,32,-0.03617870218197972,33,-0.01852315544379837,0.48484848484848486,0.30303030303030304,0.3939393939393939,主測度 發文數｜市值加權・未篩選,abn_attention_weekend
2021-08-15,162,-0.04823438205160872,33,-0.050646995897249046,32,-0.03142688570735848,32,-0.025634429273995996,32,-0.027453848572175366,33,0.02078053347943335,0.36363636363636365,0.24242424242424243,0.30303030303030304,主測度 發文數｜市值加權・未篩選,abn_attention_weekend
2021-08-22,162,0.030272077693408762,33,0.029996929357909215,32,0.038562798807207865,32,0.028279748887862936,32,0.06020123684856367,33,0.029929159155154907,0.3333333333333333,0.3939393939393939,0.36363636363636365,主測度 發文數｜市值加權・未篩選,abn_attention_weekend
2021-08-29,162,0.014135478797285581,33,0.02564984565377898,32,0.014228062817945423,32,-0.007203716254634185,32,0.02408716081359667,33,0.009951682016311088,0.5151515151515151,0.42424242424242425,0.4696969696969697,主測度 發文數｜市值加權・未篩選,abn_attention_weekend
2021-09-05,160,-0.0007744010874437376,32,-0.011283817642406942,32,-0.006167234741535664,32,-0.014827403160383548,32,0.0003953824310555453,32,0.0011697835184992828,0.40625,0.34375,0.375,主測度 發文數｜市值加權・未篩選,abn_attention_weekend
2021-09-12,159,-0.022491610321280997,32,0.0083848059081579,32,0.0007917896295388441,31,-0.005251539502139011,32,-0.012788314252056496,32,0.009703296069224501,0.3125,0.34375,0.328125,主測度 發文數｜市值加權・未篩選,abn_attention_weekend
2021-09-19,158,0.02471598909834222,32,0.01066535933380628,31,0.019372296445446857,32,0.009583465193096385,31,0.014267854863709756,32,-0.010448134234632464,0.375,0.40625,0.390625,主測度 發文數｜市值加權・未篩選,abn_attention_weekend
2021-09-26,157,-0.043800929283167755,32,-0.03377835390948458,31,-0.015017653778313303,31,-0.022567184215596843,31,-0.048588566285526866,32,-0.00478763700235911,0.15625,0.15625,0.15625,主測度 發文數｜市值加權・未篩選,abn_attention_weekend
2021-10-03,162,-0.0008130033101863515,33,0.002579284306654956,32,-0.020315032420847298,32,0.011415682875910126,32,-0.0018854194315297103,33,-0.0010724161213433588,0.45454545454545453,0.2727272727272727,0.36363636363636365,主測度 發文數｜市值加權・未篩選,abn_attention_weekend
2021-10-10,163,0.0405117901674241,33,0.01703201690823061,32,0.013843416094329179,33,0.0018264680771939421,32,0.0034051883856994797,33,-0.03710660178172462,0.3939393939393939,0.36363636363636365,0.3787878787878788,主測度 發文數｜市值加權・未篩選,abn_attention_weekend
2021-10-17,165,-0.02105697493366707,33,-0.009813284956077356,33,-0.002644756855758723,33,0.004027829939433725,33,-0.006911595990458751,33,0.014145378943208319,0.3333333333333333,0.30303030303030304,0.3181818181818182,主測度 發文數｜市值加權・未篩選,abn_attention_weekend
2021-10-24,164,0.011591846035835662,33,-0.0015205911115061745,33,0.007387051517650342,32,0.010780981059956844,33,-0.009683262540339894,33,-0.021275108576175556,0.18181818181818182,0.15151515151515152,0.16666666666666669,主測度 發文數｜市值加權・未篩選,abn_attention_weekend
2021-10-31,165,0.014856006969650969,33,0.006787715045927148,33,0.012807259292267342,33,0.0052258346206733785,33,0.01937573520798556,33,0.004519728238334592,0.24242424242424243,0.24242424242424243,0.24242424242424243,主測度 發文數｜市值加權・未篩選,abn_attention_weekend
2021-11-07,165,0.008042512820708309,33,-0.0043382926542268165,33,0.013254746255283554,33,-0.0016477324462316164,33,0.003786052388682941,33,-0.004256460432025367,0.3333333333333333,0.18181818181818182,0.25757575757575757,主測度 發文數｜市值加權・未篩選,abn_attention_weekend
2021-11-14,166,0.0057941107047570425,34,-0.005644690891795737,33,-0.03185201821110206,33,-0.0013969173961874087,33,0.02102088202973425,33,0.015226771324977208,0.45454545454545453,0.4117647058823529,0.4331550802139037,主測度 發文數｜市值加權・未篩選,abn_attention_weekend
2021-11-21,166,-0.031479397894321394,34,-0.0136954144674453,33,-0.008512818008806966,33,-0.021355522562856333,33,-0.025132025611979993,33,0.006347372282341401,0.15151515151515152,0.11764705882352941,0.13458110516934046,主測度 發文數｜市值加權・未篩選,abn_attention_weekend
2021-11-28,165,0.02801133901148245,33,0.008884257673820332,33,0.011679323303156708,33,0.02708258267590283,33,0.033769639817351094,33,0.005758300805868644,0.18181818181818182,0.12121212121212122,0.15151515151515152,主測度 發文數｜市值加權・未篩選,abn_attention_weekend
2021-12-05,167,0.018777696857791636,34,0.010216064816551344,33,1.080147414439474e-05,33,0.007578208397950839,33,0.0008269772673665187,34,-0.01795071959042512,0.29411764705882354,0.3235294117647059,0.3088235294117647,主測度 發文數｜市值加權・未篩選,abn_attention_weekend
2021-12-12,169,-0.000645468168690639,34,-0.011929946301780304,34,0.006916727206032077,33,-0.01456021873474876,34,-0.013737950872688722,34,-0.013092482703998083,0.38235294117647056,0.35294117647058826,0.36764705882352944,主測度 發文數｜市值加權・未篩選,abn_attention_weekend
2021-12-19,169,0.010836535893683153,34,0.017219053279370684,34,0.015290476962298807,33,0.035495896758025045,34,-0.0021805319975282942,34,-0.013017067891211447,0.29411764705882354,0.29411764705882354,0.29411764705882354,主測度 發文數｜市值加權・未篩選,abn_attention_weekend
2021-12-26,170,0.01574446312500141,34,-0.005529276906530981,34,0.004068801675057261,34,0.005060294488829966,34,0.0016858555816935041,34,-0.014058607543307905,0.14705882352941177,0.23529411764705882,0.19117647058823528,主測度 發文數｜市值加權・未篩選,abn_attention_weekend
2022-01-02,171,0.01622927644975471,35,0.004644228876156102,34,-0.03138650936826997,34,-0.02634014832515724,34,-0.02754061673712482,34,-0.04376989318687953,0.20588235294117646,0.17142857142857143,0.18865546218487395,主測度 發文數｜市值加權・未篩選,abn_attention_weekend
2022-01-09,171,-0.007919888547646766,35,0.007700198591183341,34,-0.009560512344822964,34,-0.01919945636130493,34,0.062366081847428506,34,0.07028597039507527,0.23529411764705882,0.34285714285714286,0.2890756302521008,主測度 發文數｜市值加權・未篩選,abn_attention_weekend
2022-01-16,171,-0.05308134816430463,35,-0.020289881729553316,34,-0.016712840325696414,34,0.004464062516783796,34,-0.040490768618489416,34,0.012590579545815217,0.35294117647058826,0.3142857142857143,0.3336134453781513,主測度 發文數｜市值加權・未篩選,abn_attention_weekend
2022-01-23,169,-0.021595146472063054,34,-0.006398517562095756,34,-0.016513949240192307,33,-0.00886151924990575,34,-0.007065524130117535,34,0.01452962234194552,0.35294117647058826,0.20588235294117646,0.27941176470588236,主測度 發文數｜市值加權・未篩選,abn_attention_weekend
2022-02-06,167,0.04788818398329012,34,0.03022736442204747,33,0.04247531667390518,33,0.04084891422996364,33,0.03100624435752646,34,-0.016881939625763658,0.38235294117647056,0.35294117647058826,0.36764705882352944,主測度 發文數｜市值加權・未篩選,abn_attention_weekend
2022-02-13,168,0.014953230595713485,34,0.015176805331244806,33,-0.0018218387148898015,34,0.007242906775362672,33,-0.001135970084486276,34,-0.016089200680199763,0.38235294117647056,0.2647058823529412,0.32352941176470584,主測度 發文數｜市值加權・未篩選,abn_attention_weekend
2022-02-20,168,-0.012260037931014241,34,-0.008386929818345906,33,-0.02178028445136498,34,-0.01594743453178511,33,-0.04397970451406656,34,-0.03171966658305232,0.4117647058823529,0.4117647058823529,0.4117647058823529,主測度 發文數｜市值加權・未篩選,abn_attention_weekend
2022-02-27,169,0.003732036345221644,34,0.015098902736998312,34,0.01225594043169159,33,-0.00212426607798042,34,0.0005627710893898144,34,-0.0031692652558318298,0.17647058823529413,0.17647058823529413,0.17647058823529413,主測度 發文數｜市值加權・未篩選,abn_attention_weekend
2022-03-06,169,-0.009112611130738007,34,-0.019755753274031316,34,-0.00448480222073043,33,-0.0089150456705737,34,-0.0041923310023882585,34,0.004920280128349748,0.23529411764705882,0.14705882352941177,0.19117647058823528,主測度 發文數｜市值加權・未篩選,abn_attention_weekend
2022-03-13,170,0.0021040158473233823,34,0.006024997970629584,34,0.010444622054108814,34,0.021170886708520763,34,0.009470627237516639,34,0.0073666113901932565,0.2647058823529412,0.3235294117647059,0.29411764705882354,主測度 發文數｜市值加權・未篩選,abn_attention_weekend
2022-03-20,170,0.01842062865572886,34,0.009363883924056305,34,0.003191889904174499,34,0.011440469081232932,34,-0.01822138888371181,34,-0.03664201753944067,0.17647058823529413,0.17647058823529413,0.17647058823529413,主測度 發文數｜市值加權・未篩選,abn_attention_weekend
2022-03-27,172,0.015704617953662816,35,0.009798144083455479,34,0.011966328269534596,34,0.011817493432008108,34,0.011655454514703782,35,-0.004049163438959034,0.6,0.4857142857142857,0.5428571428571428,主測度 發文數｜市值加權・未篩選,abn_attention_weekend
2022-04-03,172,-0.0053215504830247,35,-0.003980482541822923,34,-0.005223418254797334,34,-0.019730973424492447,34,-0.015024905705019772,35,-0.009703355221995072,0.6,0.45714285714285713,0.5285714285714286,主測度 發文數｜市值加權・未篩選,abn_attention_weekend
2022-04-10,172,-0.009960728167030756,35,-0.01193557025460998,34,0.058444633334465514,34,-0.03200063277515322,34,-0.003963290732292546,35,0.00599743743473821,0.17142857142857143,0.17142857142857143,0.17142857142857143,主測度 發文數｜市值加權・未篩選,abn_attention_weekend
2022-04-17,171,0.009843698206505823,35,0.005120137420246134,34,0.05597550790616486,34,0.007080550047554811,34,0.0004943621544687598,34,-0.009349336052037062,0.17647058823529413,0.17142857142857143,0.17394957983193277,主測度 發文數｜市值加權・未篩選,abn_attention_weekend
2022-04-24,170,-0.014789380337114796,34,-0.00210902880798808,34,-0.033729271645304,34,0.008200686324181658,34,-0.016456051043626865,34,-0.0016666707065120696,0.4117647058823529,0.20588235294117646,0.3088235294117647,主測度 發文數｜市值加權・未篩選,abn_attention_weekend
2022-05-01,169,-0.01301015426422018,34,-0.005053914119518371,34,-0.01814008450198117,33,0.008656522910719232,34,-0.012706947222925827,34,0.00030320704129435314,0.3235294117647059,0.23529411764705882,0.27941176470588236,主測度 發文數｜市值加權・未篩選,abn_attention_weekend
2022-05-08,168,-0.02269153864211911,34,-0.03405838265552122,33,-0.04328447854587554,34,-0.03813339298987131,33,-0.03286750110182306,34,-0.010175962459703949,0.38235294117647056,0.3235294117647059,0.3529411764705882,主測度 發文數｜市值加權・未篩選,abn_attention_weekend
2022-05-15,168,0.016158849961671416,34,0.005060801536684986,33,0.015074599155544478,34,0.009187433072016134,33,-0.007713849554404306,34,-0.02387269951607572,0.4411764705882353,0.35294117647058826,0.3970588235294118,主測度 發文數｜市值加權・未篩選,abn_attention_weekend
2022-05-22,167,0.012899935206257018,34,0.0007203827430004873,33,1.1008674555940762e-05,33,-0.00502046932038597,33,0.00043149793712202915,34,-0.01246843726913499,0.3235294117647059,0.2647058823529412,0.29411764705882354,主測度 發文數｜市值加權・未篩選,abn_attention_weekend
2022-05-29,167,0.0014143717765161949,34,0.00909562452256407,33,0.0027482955997886363,33,0.011989149871453816,33,0.0066001293122272,34,0.005185757535711006,0.23529411764705882,0.2647058823529412,0.25,主測度 發文數｜市值加權・未篩選,abn_attention_weekend
2022-06-05,169,-0.02120638487549703,34,-0.0008385949912983779,34,-0.01104466299740222,33,-0.00647782115438274,34,-0.0015406793032200804,34,0.01966570557227695,0.2647058823529412,0.23529411764705882,0.25,主測度 發文數｜市值加權・未篩選,abn_attention_weekend
2022-06-12,168,-0.03057496347128459,34,-0.010927672246017959,33,-0.03028575106056459,34,-0.028386236242310833,33,-0.016130668481810644,34,0.014444294989473947,0.2647058823529412,0.23529411764705882,0.25,主測度 發文數｜市值加權・未篩選,abn_attention_weekend
2022-06-19,168,-0.04522691562946888,34,-0.020538772893243202,33,-0.014439453388837686,34,-0.019273548765642808,33,-0.008072611601416861,34,0.03715430402805202,0.20588235294117646,0.17647058823529413,0.19117647058823528,主測度 發文數｜市值加權・未篩選,abn_attention_weekend
2022-06-26,164,-0.03290305995383398,33,-0.027223368305352123,33,-0.06484829729886092,32,-0.08514378359303577,33,-0.07575913855748455,33,-0.042856078603650566,0.2727272727272727,0.24242424242424243,0.25757575757575757,主測度 發文數｜市值加權・未篩選,abn_attention_weekend
2022-07-03,163,0.030459065447418283,33,-0.09909311296527087,32,0.02214883721446835,33,0.00945968781188079,32,0.044453842395237884,33,0.013994776947819601,0.21212121212121213,0.18181818181818182,0.19696969696969696,主測度 發文數｜市值加權・未篩選,abn_attention_weekend
2022-07-10,162,0.04554189479474306,33,-0.026531921769241122,32,-0.01210052658516864,32,0.005067700998501431,32,-0.004291552279255309,33,-0.04983344707399837,0.30303030303030304,0.2727272727272727,0.28787878787878785,主測度 發文數｜市值加權・未篩選,abn_attention_weekend
2022-07-17,163,0.02369469300505703,33,0.03216268254282533,32,0.031609306577884404,33,0.022172301125079275,32,0.01770171606259457,33,-0.005992976942462459,0.36363636363636365,0.3333333333333333,0.3484848484848485,主測度 發文數｜市值加權・未篩選,abn_attention_weekend
2022-07-24,161,0.03098131701556923,33,0.024860246776452075,32,0.01476695848041455,32,0.022046402769176066,32,0.013631115100558627,32,-0.017350201915010605,0.21875,0.18181818181818182,0.2002840909090909,主測度 發文數｜市值加權・未篩選,abn_attention_weekend
2022-07-31,161,0.014168261413846413,33,-0.01737566700976346,32,-0.01256330764143545,32,-0.0070216239508675456,32,0.003756013713259319,32,-0.010412247700587095,0.25,0.2727272727272727,0.26136363636363635,主測度 發文數｜市值加權・未篩選,abn_attention_weekend
2022-08-07,156,0.01874151455592028,32,0.022985072443865356,31,0.02838634485163972,31,0.027740117937692838,31,0.023065045173999967,31,0.004323530618079687,0.1935483870967742,0.15625,0.1748991935483871,主測度 發文數｜市值加權・未篩選,abn_attention_weekend
2022-08-14,157,-0.0025670947673931957,32,0.008551815305026775,31,0.025021418078991345,31,0.0030164779504801413,31,0.0014887265739397394,32,0.004055821341332935,0.3125,0.3125,0.3125,主測度 發文數｜市值加權・未篩選,abn_attention_weekend
2022-08-21,156,0.0014655146866844335,32,0.020757140551665297,31,0.014487899240003639,31,0.017781086772314266,31,0.0053561191371009325,31,0.003890604450416499,0.41935483870967744,0.25,0.33467741935483875,主測度 發文數｜市值加權・未篩選,abn_attention_weekend
2022-08-28,155,-0.019126384119524935,31,-0.007883170960309098,31,0.003677368690551514,31,-0.002589586513780521,31,-0.02216934025683274,31,-0.0030429561373078035,0.4838709677419355,0.3870967741935484,0.43548387096774194,主測度 發文數｜市值加權・未篩選,abn_attention_weekend
2022-09-04,155,-0.014344032900845228,31,0.00810176315110642,31,-0.018749001161371154,31,-0.005149980205493383,31,0.009819713187634051,31,0.02416374608847928,0.41935483870967744,0.3548387096774194,0.3870967741935484,主測度 發文數｜市值加權・未篩選,abn_attention_weekend
2022-09-11,154,-0.01657329168037566,31,-0.019453323527542817,31,-0.006353720864386487,30,0.03438715937723652,31,-0.013039246281420192,31,0.003534045398955467,0.3548387096774194,0.2903225806451613,0.32258064516129037,主測度 發文數｜市值加權・未篩選,abn_attention_weekend
2022-09-18,156,-0.018906578858752427,32,-0.004653179910262175,31,-0.0338836150898995,31,-0.04699113684624406,31,-0.036569766800074545,31,-0.017663187941322118,0.25806451612903225,0.21875,0.23840725806451613,主測度 發文數｜市值加權・未篩選,abn_attention_weekend
2022-09-25,154,-0.00780966480600087,31,-0.006068774604800275,31,-0.04071998345606315,30,-0.03200519934201121,31,-0.04669206826971491,31,-0.03888240346371404,0.1935483870967742,0.16129032258064516,0.1774193548387097,主測度 發文數｜市值加權・未篩選,abn_attention_weekend
2022-10-02,152,0.027632360425362514,31,0.0012042392949943041,30,0.03978421895464423,30,0.03153547760633906,30,0.04767260815052462,31,0.020040247725162105,0.16129032258064516,0.12903225806451613,0.14516129032258063,主測度 發文數｜市值加權・未篩選,abn_attention_weekend
2022-10-09,152,-0.017294216504800113,31,-0.0023387369837632936,30,-0.031450916481240807,30,-0.012138361577296052,30,0.009713385974143517,31,0.02700760247894363,0.22580645161290322,0.22580645161290322,0.22580645161290322,主測度 發文數｜市值加權・未篩選,abn_attention_weekend
2022-10-16,148,0.007034810895294333,30,-0.006291542014981271,29,-0.001346728770221124,30,-0.016110994666054878,29,-0.022114312375766162,30,-0.029149123271060496,0.23333333333333334,0.13333333333333333,0.18333333333333335,主測度 發文數｜市值加權・未篩選,abn_attention_weekend
2022-10-23,146,-0.03298801059334145,30,-0.016625440633330664,29,-0.0034212669015127087,29,-0.035750916320998416,29,-0.013741760860993466,29,0.019246249732347984,0.3448275862068966,0.43333333333333335,0.38908045977011496,主測度 發文數｜市值加權・未篩選,abn_attention_weekend
2022-10-30,149,-0.006384102726962536,30,0.005972027770250618,30,0.013051031978997622,29,0.030450742576077727,30,0.008273282264829804,30,0.01465738499179234,0.43333333333333335,0.43333333333333335,0.43333333333333335,主測度 發文數｜市值加權・未篩選,abn_attention_weekend
2022-11-06,148,0.0406687473046976,30,0.03608597806467192,29,0.05181041269312614,30,0.03560456300027746,29,0.10037636804594517,30,0.05970762074124757,0.26666666666666666,0.26666666666666666,0.26666666666666666,主測度 發文數｜市值加權・未篩選,abn_attention_weekend
2022-11-13,145,0.061283821812737296,29,0.007657290866641776,29,0.015609114202691187,29,0.018235474648372045,29,0.005941348621428284,29,-0.05534247319130901,0.20689655172413793,0.13793103448275862,0.1724137931034483,主測度 發文數｜市值加權・未篩選,abn_attention_weekend
2022-11-20,143,0.015102801200508631,29,0.01641954240959325,28,0.020093345406338916,29,0.01825917454470447,28,0.022000540891395106,29,0.006897739690886475,0.20689655172413793,0.20689655172413793,0.20689655172413793,主測度 發文數｜市值加權・未篩選,abn_attention_weekend
2022-11-27,141,0.0179556735007266,29,0.015349005759474007,28,0.06531675456174256,28,0.03644140467473072,28,0.008438428807147997,28,-0.009517244693578604,0.14285714285714285,0.13793103448275862,0.14039408866995073,主測度 發文數｜市值加權・未篩選,abn_attention_weekend
2022-12-04,140,-0.017608041426208594,28,-0.03034588091314378,28,-0.021617900033123423,28,-0.030135827505102204,28,-0.018229486687503568,28,-0.0006214452612949735,0.2857142857142857,0.21428571428571427,0.25,主測度 發文數｜市值加權・未篩選,abn_attention_weekend
2022-12-11,141,-0.0030335541954098033,29,-0.0048585091935924385,28,0.012318574502269275,28,0.0036548180348049113,28,-0.0003076687633307963,28,0.002725885432079007,0.25,0.27586206896551724,0.2629310344827586,主測度 發文數｜市值加權・未篩選,abn_attention_weekend
2022-12-18,141,0.003635977726732322,29,-0.003989934508645256,28,-0.021441886624738234,28,-0.021200412837675812,28,-0.01827750280101513,28,-0.021913480527747452,0.21428571428571427,0.20689655172413793,0.2105911330049261,主測度 發文數｜市值加權・未篩選,abn_attention_weekend
2022-12-25,142,-0.013159749289160695,29,0.005351757971151754,28,0.004690392683262889,28,-0.01158497840240671,28,-0.009315146416074824,29,0.0038446028730858717,0.3103448275862069,0.3448275862068966,0.3275862068965517,主測度 發文數｜市值加權・未篩選,abn_attention_weekend
2023-01-01,143,0.026170828470077245,29,0.01868880605691002,28,0.014241159883293155,29,-0.00020793897336255816,28,-0.003271226833073528,29,-0.029442055303150774,0.3103448275862069,0.3448275862068966,0.3275862068965517,主測度 發文數｜市值加權・未篩選,abn_attention_weekend
2023-01-08,142,0.05571468507715689,29,0.0008535440288841373,28,0.002549395264844958,28,-0.005180122098765437,28,0.00928149581491584,29,-0.04643318926224105,0.2413793103448276,0.20689655172413793,0.22413793103448276,主測度 發文數｜市值加權・未篩選,abn_attention_weekend
2023-01-15,140,-0.0003221435285320024,28,0.0047679582493737,28,0.010615909164912873,28,-0.0016395437245800934,28,-0.00427047328521161,28,-0.003948329756679607,0.25,0.25,0.25,主測度 發文數｜市值加權・未篩選,abn_attention_weekend
2023-01-29,138,0.010129806889451639,28,0.014298684500445358,27,0.034004717314065284,28,0.029392089780155065,27,0.010631884281372973,28,0.000502077391921334,0.2857142857142857,0.25,0.26785714285714285,主測度 發文數｜市值加權・未篩選,abn_attention_weekend
2023-02-05,137,-0.01165368133517116,28,0.001155120039634429,27,-0.0197733395771537,27,-0.0033806632115239293,27,0.021396534613031076,28,0.03305021594820223,0.32142857142857145,0.32142857142857145,0.32142857142857145,主測度 發文數｜市值加權・未篩選,abn_attention_weekend
2023-02-12,137,-0.03286792772153021,28,0.016301745814009234,27,0.014609142174775882,27,0.02319466967388293,27,0.02096434890894261,28,0.05383227663047282,0.17857142857142858,0.10714285714285714,0.14285714285714285,主測度 發文數｜市值加權・未篩選,abn_attention_weekend
2023-02-19,138,-0.004333668612089308,28,0.010333340846466192,27,0.021085234992401353,28,0.005415552637295311,27,0.010251246635343146,28,0.014584915247432453,0.39285714285714285,0.25,0.3214285714285714,主測度 發文數｜市值加權・未篩選,abn_attention_weekend
2023-02-26,140,0.021969925159658198,28,0.009777983684954564,28,0.0054450503680915545,28,0.00936663712723672,28,0.011621155792251137,28,-0.01034876936740706,0.39285714285714285,0.42857142857142855,0.4107142857142857,主測度 發文數｜市值加權・未篩選,abn_attention_weekend
2023-03-05,139,-0.012316913853159797,28,-0.012736386848033774,28,-0.0021944151753948795,27,-0.020880619436391357,28,-0.014229407285421948,28,-0.001912493432262151,0.17857142857142858,0.10714285714285714,0.14285714285714285,主測度 發文數｜市值加權・未篩選,abn_attention_weekend
2023-03-12,140,0.0138368160815932,28,-0.0011663617395245912,28,-0.010404026961200834,28,-0.017201838811760257,28,-0.027947017207456553,28,-0.04178383328904975,0.25,0.14285714285714285,0.19642857142857142,主測度 發文數｜市值加權・未篩選,abn_attention_weekend
2023-03-19,143,0.009050973962864568,29,0.017216965848389103,28,0.0501930601241748,29,0.03515669269746753,28,0.04047492120566606,29,0.03142394724280149,0.2413793103448276,0.27586206896551724,0.25862068965517243,主測度 發文數｜市值加權・未篩選,abn_attention_weekend
2023-03-26,144,-0.0010779318190441633,29,0.009900491673075258,29,-0.004339613059706214,28,-0.00012620577644072086,29,-0.004746475424242923,29,-0.00366854360519876,0.27586206896551724,0.2413793103448276,0.25862068965517243,主測度 發文數｜市值加權・未篩選,abn_attention_weekend
2023-04-02,144,-0.0065230242399072005,29,-0.002184461299681752,29,0.018142363426239965,28,-0.0009486871077777192,29,0.002594239006296547,29,0.009117263246203747,0.3103448275862069,0.3103448275862069,0.3103448275862069,主測度 發文數｜市值加權・未篩選,abn_attention_weekend
2023-04-09,143,0.01854740506149982,29,0.009665647080786726,28,0.036112359254739504,29,0.038372808290323364,28,-0.022213107683420507,29,-0.040760512744920326,0.2413793103448276,0.13793103448275862,0.1896551724137931,主測度 發文數｜市值加權・未篩選,abn_attention_weekend
2023-04-16,143,-0.03199902054071487,29,-0.012096333200653455,28,-0.02000918189696302,29,-0.03244135966125672,28,-0.015543732471817947,29,0.016455288068896925,0.3793103448275862,0.2413793103448276,0.3103448275862069,主測度 發文數｜市值加權・未篩選,abn_attention_weekend
2023-04-23,143,-0.008309591023522163,29,0.009422408792784755,28,0.0020993801750668643,29,0.007081337517576668,28,-0.003438119443003608,29,0.004871471580518556,0.3793103448275862,0.3103448275862069,0.3448275862068966,主測度 發文數｜市值加權・未篩選,abn_attention_weekend
2023-04-30,140,0.0011084512041422637,28,0.004525412237792665,28,-0.0054246756084820906,28,0.006286454789187147,28,-0.013289688981389332,28,-0.014398140185531596,0.39285714285714285,0.32142857142857145,0.35714285714285715,主測度 發文數｜市值加權・未篩選,abn_attention_weekend
2023-05-07,141,-0.02260259246813574,29,-0.009387203452486339,28,-0.04159353931786522,28,-0.0058227640137310435,28,-0.02328429994388754,28,-0.0006817074757517992,0.32142857142857145,0.2413793103448276,0.2814039408866995,主測度 發文數｜市值加權・未篩選,abn_attention_weekend
2023-05-14,138,0.06134691153038518,28,0.032955695578792285,27,0.02047412377986054,28,0.02620556940655558,27,0.02376730454644275,28,-0.03757960698394243,0.25,0.21428571428571427,0.23214285714285715,主測度 發文數｜市值加權・未篩選,abn_attention_weekend
2023-05-21,135,0.05211345104973692,27,-0.006219486231571755,27,-0.0120535956822903,27,-0.004346543937632866,27,-0.0029258175067488827,27,-0.055039268556485804,0.2962962962962963,0.2962962962962963,0.2962962962962963,主測度 發文數｜市值加權・未篩選,abn_attention_weekend
2023-05-28,137,0.0021110661855982416,28,0.0031214556877450983,27,0.02047433574955255,27,0.014097344668530992,27,-0.012757589919072505,28,-0.014868656104670747,0.2857142857142857,0.25,0.26785714285714285,主測度 發文數｜市值加權・未篩選,abn_attention_weekend
2023-06-04,138,0.006095067068393591,28,0.012553243078121654,27,0.0063642028718711085,28,0.00381164128797885,27,0.008127822430279295,28,0.0020327553618857035,0.14285714285714285,0.14285714285714285,0.14285714285714285,主測度 發文數｜市值加權・未篩選,abn_attention_weekend
2023-06-11,139,0.029893522949643193,28,0.007110731489680175,28,0.024117946729991537,27,0.00586851219513418,28,0.03694777506605025,28,0.007054252116407058,0.25,0.21428571428571427,0.23214285714285715,主測度 發文數｜市值加權・未篩選,abn_attention_weekend
2023-06-18,139,0.0035269469182565437,28,-0.0010343306271744597,28,-0.0030002623831072465,27,8.80135463832026e-05,28,-0.0018411286617553012,28,-0.005368075580011845,0.5357142857142857,0.39285714285714285,0.4642857142857143,主測度 發文數｜市值加權・未篩選,abn_attention_weekend
2023-06-25,137,-0.012647930435703924,28,-0.028139120926333163,27,-0.0007691489709469325,27,-0.0033768001114335496,27,-0.0005391422242143672,28,0.012108788211489557,0.42857142857142855,0.4642857142857143,0.4464285714285714,主測度 發文數｜市值加權・未篩選,abn_attention_weekend
2023-07-02,136,-0.024628661591883365,28,-0.039244485506173606,27,-0.021269892842826914,27,-0.004371542648509665,27,-0.004990427283124982,27,0.019638234308758384,0.18518518518518517,0.21428571428571427,0.1997354497354497,主測度 發文數｜市值加權・未篩選,abn_attention_weekend
2023-07-09,135,0.04015161810352745,27,0.018733588920964696,27,-0.0003287919512104738,27,0.011684533694190282,27,0.012260192708839697,27,-0.027891425394687752,0.14814814814814814,0.14814814814814814,0.14814814814814814,主測度 發文數｜市值加權・未篩選,abn_attention_weekend
2023-07-16,136,-0.04104972682279107,28,-0.0005759298801066747,27,0.001186923310075539,27,-0.01904779701222456,27,-0.020785464434486346,27,0.020264262388304727,0.2222222222222222,0.25,0.2361111111111111,主測度 發文數｜市值加權・未篩選,abn_attention_weekend
2023-07-23,137,0.018091163006337282,28,-0.001145818894395148,27,0.017503116923209636,27,0.013720918412730513,27,0.01821982275081854,28,0.0001286597444812576,0.2857142857142857,0.25,0.26785714285714285,主測度 發文數｜市值加權・未篩選,abn_attention_weekend
2023-07-30,134,-0.031169873546495825,27,-0.00875831538105922,27,-0.021819804956739887,26,-0.03391311691391181,27,-0.00795883322056119,27,0.023211040325934636,0.2962962962962963,0.2962962962962963,0.2962962962962963,主測度 發文數｜市值加權・未篩選,abn_attention_weekend
2023-08-06,135,-0.011002441622462104,27,-0.016275487250868474,27,-0.03789361876863945,27,-0.017614910408774876,27,-0.019947851442350947,27,-0.008945409819888842,0.37037037037037035,0.25925925925925924,0.31481481481481477,主測度 發文數｜市值加權・未篩選,abn_attention_weekend
2023-08-13,138,-0.021969923329593802,28,-0.004910166941073797,27,-0.01695829146887914,28,-0.011914191604416442,27,-0.030801385227997576,28,-0.008831461898403774,0.35714285714285715,0.2857142857142857,0.3214285714285714,主測度 發文數｜市值加權・未篩選,abn_attention_weekend
2023-08-20,143,-0.0003510131544941043,29,-0.014219135547803307,28,-0.010697797414039917,29,0.005906514335581844,28,0.002809490991203824,29,0.0031605041456979283,0.27586206896551724,0.1724137931034483,0.22413793103448276,主測度 發文數｜市值加權・未篩選,abn_attention_weekend
2023-08-27,142,0.005375952854405217,29,0.015063091671499829,28,0.04833357358394745,28,0.01187600841864322,28,0.002395382507869007,29,-0.0029805703465362104,0.20689655172413793,0.2413793103448276,0.22413793103448276,主測度 發文數｜市值加權・未篩選,abn_attention_weekend
2023-09-03,141,-0.015078457300320187,29,0.0018777456190054128,28,-0.018435339667578744,28,0.01029502367919148,28,-0.011214415496344962,28,0.0038640418039752253,0.21428571428571427,0.2413793103448276,0.22783251231527094,主測度 發文數｜市值加權・未篩選,abn_attention_weekend
2023-09-10,141,0.032964132163659,29,0.023515869269455324,28,0.019156310733598896,28,0.013931921517711512,28,0.01587316064881687,28,-0.017090971514842134,0.2857142857142857,0.2413793103448276,0.26354679802955666,主測度 發文數｜市值加權・未篩選,abn_attention_weekend
2023-09-17,144,-0.01875849799945027,29,-0.01054383773062537,29,-0.019384589198966164,28,-0.011314250867338048,29,-0.04447808552846832,29,-0.025719587529018047,0.3103448275862069,0.27586206896551724,0.2931034482758621,主測度 發文數｜市值加權・未篩選,abn_attention_weekend
2023-09-24,144,-0.011881026172870403,29,0.009938875081920444,29,0.005712523986322289,28,-0.007906433998716092,29,0.0015121588989799213,29,0.013393185071850324,0.20689655172413793,0.2413793103448276,0.22413793103448276,主測度 發文數｜市值加權・未篩選,abn_attention_weekend
2023-10-01,140,-0.006534148094504026,28,-0.0014040112092073291,28,-0.00769899717738915,28,-0.001448934255378608,28,0.003218837447888005,28,0.009752985542392031,0.17857142857142858,0.14285714285714285,0.1607142857142857,主測度 發文數｜市值加權・未篩選,abn_attention_weekend
2023-10-08,141,0.012878864011397144,29,-0.00824350481500245,28,-0.00806324358192703,28,0.002378716701093613,28,-0.0008036025438341097,28,-0.013682466555231254,0.17857142857142858,0.1724137931034483,0.17549261083743845,主測度 發文數｜市值加權・未篩選,abn_attention_weekend
2023-10-15,142,-0.010654055816143235,29,-0.030383595735370944,28,-0.03722776747581368,28,-0.041259846271205686,28,0.011120138740993346,29,0.021774194557136584,0.20689655172413793,0.20689655172413793,0.20689655172413793,主測度 發文數｜市值加權・未篩選,abn_attention_weekend
2023-10-22,143,-0.00609948564177221,29,0.004719872322183298,28,-0.021012359057496967,29,-0.010295887212663949,28,-0.03205081810465743,29,-0.02595133246288522,0.2413793103448276,0.10344827586206896,0.1724137931034483,主測度 發文數｜市值加權・未篩選,abn_attention_weekend
2023-10-29,141,0.032543676989827644,29,0.017998342737430017,28,-0.007308201425527608,28,0.011854693002172501,28,0.001043000570527459,28,-0.03150067641930018,0.2857142857142857,0.3103448275862069,0.29802955665024633,主測度 發文數｜市值加權・未篩選,abn_attention_weekend
2023-11-05,139,-0.00923955739886615,28,0.006112489875772487,28,0.012893944500958883,27,-0.017824201781199037,28,0.0031217628675642923,28,0.012361320266430442,0.10714285714285714,0.21428571428571427,0.1607142857142857,主測度 發文數｜市值加權・未篩選,abn_attention_weekend
2023-11-12,140,0.01804154649359194,28,0.03306485053544857,28,0.02499794769996844,28,0.018927984113670457,28,0.006341597991371549,28,-0.011699948502220392,0.21428571428571427,0.2857142857142857,0.25,主測度 發文數｜市值加權・未篩選,abn_attention_weekend
2023-11-19,139,0.0009323921734468531,28,0.012901107455977114,28,0.017758378391079865,27,0.008418789258779175,28,0.001199919171979,28,0.00026752699853214697,0.17857142857142858,0.21428571428571427,0.19642857142857142,主測度 發文數｜市值加權・未篩選,abn_attention_weekend
2023-11-26,139,0.008116564649580006,28,-0.0022987326750676393,28,0.016963438571564415,27,0.005216474611941923,28,0.00030979120627153313,28,-0.007806773443308473,0.21428571428571427,0.10714285714285714,0.1607142857142857,主測度 發文數｜市值加權・未篩選,abn_attention_weekend
2023-12-03,139,-0.015959065952621386,28,0.0005622590496339156,28,-0.009422338487539003,27,-0.00039302819118065694,28,-0.006126231786541939,28,0.009832834166079447,0.39285714285714285,0.17857142857142858,0.2857142857142857,主測度 發文數｜市值加權・未篩選,abn_attention_weekend
2023-12-10,141,0.02456797354029646,29,-0.003878042011395609,28,0.014096134830876163,28,0.007727047220697599,28,0.011891704577073387,28,-0.012676268963223073,0.4642857142857143,0.4482758620689655,0.4562807881773399,主測度 發文數｜市值加權・未篩選,abn_attention_weekend
2023-12-17,141,0.004974578417518136,29,0.002126485324988944,28,-0.010622084107311577,28,0.011976456998212868,28,-0.024582881117045253,28,-0.029557459534563388,0.10714285714285714,0.06896551724137931,0.08805418719211822,主測度 發文數｜市值加權・未篩選,abn_attention_weekend
2023-12-24,138,0.018001058801901303,28,0.014584409258793441,27,0.0037190357446325686,28,0.015554444185675304,27,0.0002723574135194559,28,-0.017728701388381847,0.2857142857142857,0.25,0.26785714285714285,主測度 發文數｜市值加權・未篩選,abn_attention_weekend
2023-12-31,139,-0.015947538194012897,28,-0.013179683976159633,28,-0.01575152424738612,27,-0.009818006977619403,28,-0.01833403935478909,28,-0.0023865011607761936,0.14285714285714285,0.14285714285714285,0.14285714285714285,主測度 發文數｜市值加權・未篩選,abn_attention_weekend
2024-01-07,137,-0.026130826592995218,28,-0.01902919180511814,27,-0.030871713996735786,27,-0.006912257565569056,27,-0.0005873206893003604,28,0.025543505903694856,0.21428571428571427,0.14285714285714285,0.17857142857142855,主測度 發文數｜市值加權・未篩選,abn_attention_weekend
2024-01-14,140,-0.020548353378097843,28,0.049405780846189885,28,-0.03519242424907998,28,-0.0051014340320309675,28,-0.0439111455372074,28,-0.02336279215910956,0.2857142857142857,0.21428571428571427,0.25,主測度 發文數｜市值加權・未篩選,abn_attention_weekend
2024-01-21,140,0.01091453140515356,28,0.01736075028430807,28,0.010501050741489614,28,0.004733625916423566,28,0.01656544890474303,28,0.005650917499589471,0.25,0.14285714285714285,0.19642857142857142,主測度 發文數｜市值加權・未篩選,abn_attention_weekend
2024-01-28,145,0.0027723319143122143,29,0.013134200364342746,29,-0.008966937395045942,29,0.001067542680263427,29,-0.013291699263590397,29,-0.016064031177902612,0.2413793103448276,0.1724137931034483,0.20689655172413796,主測度 發文數｜市值加權・未篩選,abn_attention_weekend
2024-02-04,145,0.001183379255770483,29,-1.1371949656942565e-06,29,-0.0013483441882456428,29,0.000439200344639476,29,0.0006221912274134774,29,-0.0005611880283570056,0.13793103448275862,0.41379310344827586,0.27586206896551724,主測度 發文數｜市值加權・未篩選,abn_attention_weekend
2024-02-11,146,-0.02898766390209011,30,0.008225606943058033,29,0.0076938360967300475,29,0.012898026350983713,29,0.011984730101533425,29,0.040972394003623534,0.20689655172413793,0.2,0.20344827586206898,主測度 發文數｜市值加權・未篩選,abn_attention_weekend
2024-02-18,145,0.029438293790406193,29,-0.011710341731563023,29,0.001742605719543956,29,0.015443211775599265,29,0.029708512884154693,29,0.00027021909374850064,0.06896551724137931,0.1724137931034483,0.1206896551724138,主測度 發文數｜市值加權・未篩選,abn_attention_weekend
2024-02-25,145,-0.0029710865512988837,29,0.02797748156652605,29,-0.004503115058588921,29,0.010640207265227316,29,-0.013177392276343736,29,-0.010206305725044853,0.20689655172413793,0.1724137931034483,0.1896551724137931,主測度 發文數｜市值加權・未篩選,abn_attention_weekend
2024-03-03,143,0.009155425143459173,29,-0.015328825020085854,28,-0.013604638552590788,29,0.030580241225045712,28,0.08068991128525183,29,0.07153448614179266,0.3103448275862069,0.2413793103448276,0.27586206896551724,主測度 發文數｜市值加權・未篩選,abn_attention_weekend
2024-03-10,144,0.06336130634642596,29,0.03545678067175613,29,0.011985193913103783,28,0.01829964810462909,29,-0.014679636207482518,29,-0.07804094255390848,0.3103448275862069,0.3103448275862069,0.3103448275862069,主測度 發文數｜市值加權・未篩選,abn_attention_weekend
2024-03-17,144,0.00028131122366860427,29,0.01724508632023862,29,0.019011932422608818,28,-0.0196087709798641,29,0.04766027387308243,29,0.047378962649413825,0.6206896551724138,0.3448275862068966,0.4827586206896552,主測度 發文數｜市值加權・未篩選,abn_attention_weekend
2024-03-24,141,-0.009111221231894003,29,0.022755864245235125,28,0.0006538423699867732,28,0.005487802449316605,28,-0.0023410264188169997,28,0.0067701948130770035,0.5714285714285714,0.5862068965517241,0.5788177339901477,主測度 發文數｜市值加權・未篩選,abn_attention_weekend
2024-03-31,140,-0.0004088721316275029,28,-0.012260988302661542,28,0.0062597789529392,28,-0.006934759883915276,28,0.0014322780017351228,28,0.0018411501333626258,0.35714285714285715,0.32142857142857145,0.3392857142857143,主測度 發文數｜市值加權・未篩選,abn_attention_weekend
2024-04-07,141,0.032251234871736985,29,0.020893821842547042,28,0.04710477841529073,28,0.017298836160813347,28,-0.02924114355206901,28,-0.06149237842380599,0.2857142857142857,0.2413793103448276,0.26354679802955666,主測度 發文數｜市值加權・未篩選,abn_attention_weekend
2024-04-14,141,-0.03613073825593499,29,-0.061320740646153685,28,-0.03321267169853773,28,-0.0076890028072340525,28,-0.032667717885027384,28,0.0034630203709076074,0.6428571428571429,0.3793103448275862,0.5110837438423645,主測度 發文數｜市值加權・未篩選,abn_attention_weekend
2024-04-21,142,0.03952538796955666,29,-0.004260350853645286,28,-0.0070227833011147515,28,-0.001742031896046036,28,0.0530513409945424,29,0.013525953024985743,0.6551724137931034,0.5172413793103449,0.5862068965517242,主測度 發文數｜市值加權・未篩選,abn_attention_weekend
2024-04-28,143,-0.011335220163561574,29,0.016495965746338534,28,-0.0037462011833117857,29,0.01044760249130971,28,0.0003889745474860337,29,0.011724194711047608,0.27586206896551724,0.27586206896551724,0.27586206896551724,主測度 發文數｜市值加權・未篩選,abn_attention_weekend
2024-05-05,147,0.010257881712339371,30,0.03357379231209996,29,-0.01201125208050865,29,0.0028211351864304676,29,-0.005121842149092203,30,-0.015379723861431573,0.26666666666666666,0.2,0.23333333333333334,主測度 發文數｜市值加權・未篩選,abn_attention_weekend
2024-05-12,147,0.006504438338848489,30,0.013861414685569682,29,0.009440277272736509,29,0.016478915819404954,29,0.006294754549396143,30,-0.00020968378945234595,0.3,0.2,0.25,主測度 發文數｜市值加權・未篩選,abn_attention_weekend
2024-05-19,148,0.030503907075059535,30,-0.031179968026633482,29,-0.02266525148188033,30,0.01715397423356931,29,-0.0017895135951615383,30,-0.032293420670221076,0.36666666666666664,0.3,0.3333333333333333,主測度 發文數｜市值加權・未篩選,abn_attention_weekend
2024-05-26,147,-0.008069271497260463,30,0.0024701591730681813,29,-0.00818619620202981,29,0.011602978952049089,29,-0.05166678311495965,30,-0.04359751161769918,0.5,0.4,0.45,主測度 發文數｜市值加權・未篩選,abn_attention_weekend
2024-06-02,148,0.007988360091096519,30,0.0054299353034975,29,-0.023766883520324734,30,-0.015343128570123033,29,0.039858267045389396,30,0.03186990695429288,0.36666666666666664,0.3333333333333333,0.35,主測度 發文數｜市值加權・未篩選,abn_attention_weekend
2024-06-09,149,0.026692572116605397,30,-0.025509255225470238,30,-0.0019405478804290206,29,-0.002828872470958106,30,0.03899457943804426,30,0.012302007321438865,0.3333333333333333,0.26666666666666666,0.3,主測度 發文數｜市值加權・未篩選,abn_attention_weekend
2024-06-16,152,0.024356321838110827,31,0.0063266605872809144,30,0.00412591246549676,30,0.028598449526011115,30,0.06333996818164522,31,0.03898364634353439,0.3225806451612903,0.3225806451612903,0.3225806451612903,主測度 發文數｜市值加權・未篩選,abn_attention_weekend
2024-06-23,151,-0.008730923222923617,31,-0.010814047776690693,30,0.005346670872902653,30,-0.012955129845230158,30,0.007297314100136394,30,0.01602823732306001,0.3,0.22580645161290322,0.2629032258064516,主測度 發文數｜市值加權・未篩選,abn_attention_weekend
2024-06-30,154,0.003096054688380913,31,0.02263939475203474,31,0.026901334529329076,30,0.01724434533916277,31,0.03325466032360007,31,0.030158605635219157,0.3548387096774194,0.22580645161290322,0.2903225806451613,主測度 發文數｜市值加權・未篩選,abn_attention_weekend
2024-07-07,154,0.016326163146129804,31,0.007023338907051135,31,-0.019518211424104297,30,-0.003090927864755072,31,0.029191617296944104,31,0.0128654541508143,0.3870967741935484,0.2903225806451613,0.33870967741935487,主測度 發文數｜市值加權・未篩選,abn_attention_weekend
2024-07-14,152,-0.033604451786085676,31,-0.00744852148281403,30,-0.04455385966510884,30,-0.03802467773380516,30,-0.061792962614433185,31,-0.02818851082834751,0.1935483870967742,0.22580645161290322,0.2096774193548387,主測度 發文數｜市值加權・未篩選,abn_attention_weekend
2024-07-21,153,-0.028244339933282542,31,-0.00617257653613081,30,-0.010999473905581175,31,-0.025818271823289555,30,-0.039473365036925,31,-0.01122902510364246,0.22580645161290322,0.22580645161290322,0.22580645161290322,主測度 發文數｜市值加權・未篩選,abn_attention_weekend
2024-07-28,153,-0.016640910773073447,31,-0.05640766242637225,30,-0.014996595934908163,31,-0.002337138366714361,30,-0.03951051957298806,31,-0.022869608799914613,0.2903225806451613,0.25806451612903225,0.27419354838709675,主測度 發文數｜市值加權・未篩選,abn_attention_weekend
2024-08-04,153,0.032273195171897265,31,0.013557090957179814,30,-0.0033019476805388483,31,-0.006936205051522937,30,0.08121153200645148,31,0.048938336834554216,0.3225806451612903,0.3548387096774194,0.33870967741935487,主測度 發文數｜市值加權・未篩選,abn_attention_weekend
2024-08-11,155,0.032974633703485516,31,0.0035724645863954344,31,0.023595950253763317,31,0.02310871100623952,31,0.027965291586283744,31,-0.0050093421172017726,0.3225806451612903,0.25806451612903225,0.29032258064516125,主測度 發文數｜市值加權・未篩選,abn_attention_weekend
2024-08-18,153,-0.013657322670528372,31,-0.010496050220966387,30,0.008816290690809964,31,0.0016909238786366066,30,-0.019294000952753344,31,-0.005636678282224972,0.3870967741935484,0.3548387096774194,0.3709677419354839,主測度 發文數｜市值加權・未篩選,abn_attention_weekend
2024-08-25,154,-0.010354557071536452,31,0.004714176826915957,31,0.012530906448199671,30,-0.0026479259469430155,31,-0.0018031914597148532,31,0.008551365611821599,0.1935483870967742,0.22580645161290322,0.2096774193548387,主測度 發文數｜市值加權・未篩選,abn_attention_weekend
2024-09-01,154,-0.04012922287059794,31,-0.041657458616786956,31,-0.0499568295130817,30,-0.03479138745041023,31,-0.027924425601732722,31,0.012204797268865218,0.1935483870967742,0.25806451612903225,0.22580645161290322,主測度 發文數｜市值加權・未篩選,abn_attention_weekend
2024-09-08,154,0.062243272946471306,31,0.04960602813609311,31,0.01940119256423719,30,0.04949014605095682,31,0.026769415452774812,31,-0.0354738574936965,0.16129032258064516,0.1935483870967742,0.1774193548387097,主測度 發文數｜市值加權・未篩選,abn_attention_weekend
2024-09-15,155,0.017999674230500116,31,0.017647223675334757,31,0.018653493150024916,31,0.005160890496445345,31,0.019018688255806274,31,0.0010190140253061586,0.3548387096774194,0.22580645161290322,0.2903225806451613,主測度 發文數｜市值加權・未篩選,abn_attention_weekend
2024-09-22,157,0.0342227627137209,32,0.025367886307290824,31,0.027506074621036745,31,0.004001111354217429,31,0.03448982696994067,32,0.000267064256219772,0.34375,0.21875,0.28125,主測度 發文數｜市值加權・未篩選,abn_attention_weekend
2024-09-29,157,-0.012863859481935963,32,-0.009595213638558718,31,-0.003993231302083871,31,-0.021968865717904965,31,-0.004715341932942765,32,0.008148517548993199,0.1875,0.25,0.21875,主測度 發文數｜市值加權・未篩選,abn_attention_weekend
2024-10-06,157,0.042906748716617,32,-0.01000133323505083,31,-0.04959426347038768,31,-0.0028274749753918814,31,-0.025959683775992202,32,-0.06886643249260921,0.21875,0.1875,0.203125,主測度 發文數｜市值加權・未篩選,abn_attention_weekend
2024-10-13,153,0.036574231287232625,31,0.01537947065935818,30,0.0031666640354049125,31,0.025748224611971005,30,0.006916943760168431,31,-0.029657287527064195,0.2903225806451613,0.25806451612903225,0.27419354838709675,主測度 發文數｜市值加權・未篩選,abn_attention_weekend
2024-10-20,156,-0.018752031058240536,32,-0.018660932261466683,31,0.01063348123868223,31,0.0008813655803977285,31,-0.016874119659011422,31,0.0018779113992291145,0.1935483870967742,0.1875,0.1905241935483871,主測度 發文數｜市值加權・未篩選,abn_attention_weekend
2024-10-27,159,-0.02782149859061985,32,-0.008664249551747346,32,-0.03465660478165928,31,0.008470783757301637,32,-0.045792756338402366,32,-0.017971257747782514,0.1875,0.15625,0.171875,主測度 發文數｜市值加權・未篩選,abn_attention_weekend
2024-11-03,158,0.008375673248498115,32,0.0556167308583399,31,0.019542485633672422,32,0.024131967246448116,31,0.028788512902440458,32,0.020412839653942343,0.15625,0.09375,0.125,主測度 發文數｜市值加權・未篩選,abn_attention_weekend
2024-11-10,158,-0.027785730219956662,32,-0.02774613373445755,31,-0.023308895139936614,32,-0.020069491317461725,31,-0.040961552113924646,32,-0.013175821893967984,0.21875,0.1875,0.203125,主測度 發文數｜市值加權・未篩選,abn_attention_weekend
2024-11-17,157,0.009081257414286637,32,-0.01882507860524467,31,0.023507298175875296,31,-0.010372996095173266,31,0.003496067447909513,32,-0.005585189966377123,0.28125,0.28125,0.28125,主測度 發文數｜市值加權・未篩選,abn_attention_weekend
2024-11-24,158,-0.04619302348542036,32,-0.02481490547060603,31,-0.044189174667210514,32,-0.009617664037330349,31,-0.045042186968315086,32,0.0011508365171052776,0.1875,0.21875,0.203125,主測度 發文數｜市值加權・未篩選,abn_attention_weekend
2024-12-01,159,0.03973787839526046,32,-0.018273510801549035,32,0.007111769284685957,31,0.022906333274882347,32,0.008497946630271485,32,-0.031239931764988974,0.21875,0.21875,0.21875,主測度 發文數｜市值加權・未篩選,abn_attention_weekend
2024-12-08,162,-0.008153764611113227,33,-0.04560199915300105,32,0.012612084799152162,32,-0.014361244109809008,32,-0.04369733986170082,33,-0.035543575250587586,0.21212121212121213,0.24242424242424243,0.2272727272727273,主測度 發文數｜市值加權・未篩選,abn_attention_weekend
2024-12-15,161,-0.04401701474142163,33,-0.03168604003765982,32,-0.030764393139053808,32,-0.022738853787788147,32,-0.026981440165102774,32,0.01703557457631886,0.15625,0.18181818181818182,0.1690340909090909,主測度 發文數｜市值加權・未篩選,abn_attention_weekend
2024-12-22,159,0.021395259066280717,32,0.002584593469503391,32,-0.0013951524341320992,31,0.0005307141870559486,32,0.007051389817367887,32,-0.01434386924891283,0.28125,0.125,0.203125,主測度 發文數｜市值加權・未篩選,abn_attention_weekend
2024-12-29,157,-0.024077713759807887,32,-0.01830810173926583,31,-0.017994636413488495,31,-0.0016574280666735387,31,-0.013550264341975043,32,0.010527449417832844,0.34375,0.34375,0.34375,主測度 發文數｜市值加權・未篩選,abn_attention_weekend
2016-05-01,95,-0.04757147479059156,19,-0.040588260210037405,19,-0.0240354211344089,19,-0.03992464038908977,19,-0.009290200455399468,19,0.03828127433519209,1.0,1.0,1.0,主測度 發文數｜市值加權・可交易性篩選後,abn_attention_weekend
2016-05-08,81,-0.022088318142555435,17,-0.01997248407895439,16,-0.0015286594913076004,16,0.004065614927707976,16,-0.00888280226625832,16,0.013205515876297116,0.3125,0.23529411764705882,0.27389705882352944,主測度 發文數｜市值加權・可交易性篩選後,abn_attention_weekend
2016-05-15,80,0.026476171360477557,16,0.0053975298520360804,16,0.006468225007116386,16,0.013642088042142205,16,0.005063015053105196,16,-0.02141315630737236,0.3125,0.25,0.28125,主測度 發文數｜市值加權・可交易性篩選後,abn_attention_weekend
2016-05-22,82,0.041188473752193894,17,0.03529390577971071,16,0.02783630805384583,16,0.03265565583250849,16,0.01790879052102564,17,-0.023279683231168254,0.5882352941176471,0.35294117647058826,0.47058823529411764,主測度 發文數｜市值加權・可交易性篩選後,abn_attention_weekend
2016-05-29,83,0.021702575272357836,17,0.011969139519692983,16,0.0009895961533826587,17,0.0013211813330902108,16,0.017636110866192226,17,-0.00406646440616561,0.23529411764705882,0.23529411764705882,0.23529411764705882,主測度 發文數｜市值加權・可交易性篩選後,abn_attention_weekend
2016-06-05,89,0.014101551097300965,18,-0.0015183220511822745,18,0.0021825341655552547,17,0.0030474480666468707,18,0.022898836041939884,18,0.00879728494463892,0.3333333333333333,0.05555555555555555,0.19444444444444442,主測度 發文數｜市值加權・可交易性篩選後,abn_attention_weekend
2016-06-12,72,0.0016740083655452263,15,0.0036548144831547846,14,-0.002468644188417911,14,-0.020118647832420684,14,-0.0160654866544257,15,-0.01773949501997093,0.3333333333333333,0.2,0.26666666666666666,主測度 發文數｜市值加權・可交易性篩選後,abn_attention_weekend
2016-06-19,76,-0.021261180626289542,16,-0.015636749937776723,15,-0.0035300998921211427,15,-0.0022560468841058725,15,-0.006815525013223732,15,0.01444565561306581,0.2,0.25,0.225,主測度 發文數｜市值加權・可交易性篩選後,abn_attention_weekend
2016-06-26,81,0.03204159929736118,17,0.033848052346643454,16,0.02980352009165581,16,0.021546877596509816,16,0.06550345696852125,16,0.03346185767116007,0.375,0.29411764705882354,0.3345588235294118,主測度 發文數｜市值加權・可交易性篩選後,abn_attention_weekend
2016-07-03,78,-0.006027713027772959,16,-0.007398068599818297,15,0.009071280602351949,16,-0.003753180338154177,15,-0.009068100211957949,16,-0.0030403871841849896,0.375,0.25,0.3125,主測度 發文數｜市值加權・可交易性篩選後,abn_attention_weekend
2016-07-10,80,0.009070566994339458,16,0.03741738933786047,16,0.008501134770276043,16,0.02001516795793199,16,0.022427177658789654,16,0.013356610664450196,0.5,0.25,0.375,主測度 發文數｜市值加權・可交易性篩選後,abn_attention_weekend
2016-07-17,83,0.014719542728057125,17,0.01803864111168067,16,0.018550315121012562,17,0.006163476675587372,16,0.017319685384243236,17,0.0026001426561861104,0.4117647058823529,0.23529411764705882,0.32352941176470584,主測度 發文數｜市值加權・可交易性篩選後,abn_attention_weekend
2016-07-24,80,0.00026214778015563075,16,-0.01570355816386579,16,-0.008370965635617577,16,-0.0030926705377053937,16,0.0013069110887471637,16,0.001044763308591533,0.1875,0.0625,0.125,主測度 發文數｜市值加權・可交易性篩選後,abn_attention_weekend
2016-07-31,80,0.01115535470159395,16,0.009856830236635873,16,0.022345346123158895,16,-0.002071122936146938,16,0.010521265856293828,16,-0.000634088845300123,0.5625,0.4375,0.5,主測度 發文數｜市值加權・可交易性篩選後,abn_attention_weekend
2016-08-07,78,-0.008011381634143016,16,0.004087861065944257,15,-0.007567360625823717,16,-0.008543209124361673,15,0.04367868131285547,16,0.05169006294699848,0.4375,0.4375,0.4375,主測度 發文數｜市值加權・可交易性篩選後,abn_attention_weekend
2016-08-14,80,-0.018294518138082246,16,-0.02553266477495993,16,0.001842009689761943,16,0.0011665772391976257,16,-0.02349174814000706,16,-0.005197230001924815,0.3125,0.1875,0.25,主測度 發文數｜市值加權・可交易性篩選後,abn_attention_weekend
2016-08-21,80,0.02334557691474659,16,0.022987482397548487,16,0.008989963220930312,16,0.01844684374895354,16,0.012745554820685788,16,-0.010600022094060803,0.375,0.25,0.3125,主測度 發文數｜市值加權・可交易性篩選後,abn_attention_weekend
2016-08-28,74,-0.009028581402132974,15,-0.007660036137378805,15,0.00185255296890686,14,0.007916289346268304,15,-0.01729165611701969,15,-0.008263074714886718,0.4,0.26666666666666666,0.33333333333333337,主測度 發文數｜市值加權・可交易性篩選後,abn_attention_weekend
2016-09-04,76,-0.009783726550979562,16,0.01390305726880596,15,0.006960219422546777,15,-0.009697928533785977,15,0.009059494519263182,15,0.018843221070242742,0.3333333333333333,0.1875,0.26041666666666663,主測度 發文數｜市值加權・可交易性篩選後,abn_attention_weekend
2016-09-11,79,-0.023127533149109588,16,-0.012258023934047709,16,-0.01596374026403515,15,-0.021137170535679876,16,-0.019389905569588528,16,0.00373762757952106,0.375,0.1875,0.28125,主測度 發文數｜市值加權・可交易性篩選後,abn_attention_weekend
2016-09-18,68,0.04213463529400871,14,0.020783809444615588,13,0.020724988406973403,14,0.01956253140966927,13,0.022392258025700513,14,-0.019742377268308197,0.35714285714285715,0.14285714285714285,0.25,主測度 發文數｜市值加權・可交易性篩選後,abn_attention_weekend
2016-09-25,75,-0.002579929450249425,15,0.0006890564644033062,15,-0.008331796783863346,15,-0.004328236108076322,15,-0.003946327279722946,15,-0.0013663978294735208,0.2,0.2,0.2,主測度 發文數｜市值加權・可交易性篩選後,abn_attention_weekend
2016-10-02,69,0.011345593920597436,14,0.0018535618328823166,14,-9.136381306086686e-05,13,-0.008349975268760298,14,0.013321061721201167,14,0.0019754678006037307,0.35714285714285715,0.21428571428571427,0.2857142857142857,主測度 發文數｜市值加權・可交易性篩選後,abn_attention_weekend
2016-10-09,72,-0.01786225091014537,15,-0.002191328469491215,14,-0.02136423102671739,14,-0.03491387515790734,14,-0.009849711135743703,15,0.008012539774401665,0.4,0.4,0.4,主測度 發文數｜市值加權・可交易性篩選後,abn_attention_weekend
2016-10-16,68,0.022934967344245393,14,0.028024196437659413,13,0.019450126354567422,14,0.03003186723159916,13,0.02379277842065121,14,0.0008578110764058157,0.14285714285714285,0.2857142857142857,0.21428571428571427,主測度 發文數｜市值加權・可交易性篩選後,abn_attention_weekend
2016-10-23,71,-0.005040319722299215,15,-0.0005756734438382299,14,-0.005882981688922,14,-0.019553721608147126,14,-0.0017893169264105908,14,0.0032510027958886243,0.42857142857142855,0.3333333333333333,0.38095238095238093,主測度 發文數｜市值加權・可交易性篩選後,abn_attention_weekend
2016-10-30,70,-0.023853454612836954,14,-0.0075359934129996375,14,-0.014010077914499704,14,-0.026698291486323508,14,-0.014535394316747701,14,0.009318060296089253,0.2857142857142857,0.21428571428571427,0.25,主測度 發文數｜市值加權・可交易性篩選後,abn_attention_weekend
2016-11-06,67,0.012215094860913229,14,-0.019299127180206682,13,-0.04143995580820348,13,-0.021545235569167785,13,-0.02432875023833798,14,-0.03654384509925121,0.42857142857142855,0.14285714285714285,0.2857142857142857,主測度 發文數｜市值加權・可交易性篩選後,abn_attention_weekend
2016-11-13,74,0.0034497137365122276,15,0.005172080191399415,15,-0.019585476095377377,14,0.006988064254191742,15,-0.0007843296726806886,15,-0.004234043409192916,0.4,0.3333333333333333,0.3666666666666667,主測度 發文數｜市值加權・可交易性篩選後,abn_attention_weekend
2016-11-20,71,0.0062132022196027,15,0.014195488314653936,14,0.008669418457644894,14,0.006505360417636176,14,0.03939107454568068,14,0.03317787232607798,0.5,0.26666666666666666,0.3833333333333333,主測度 發文數｜市值加權・可交易性篩選後,abn_attention_weekend
2016-11-27,72,-0.008937528024725234,15,0.03556366606166237,14,0.013591489411648946,14,0.0017450161576161066,14,-0.010416308627187267,15,-0.0014787806024620324,0.3333333333333333,0.13333333333333333,0.23333333333333334,主測度 發文數｜市值加權・可交易性篩選後,abn_attention_weekend
2016-12-04,71,0.017395934895655347,15,0.04323070178999824,14,0.019022180884610478,14,0.025094880454068564,14,0.029831644816877525,14,0.012435709921222178,0.14285714285714285,0.13333333333333333,0.1380952380952381,主測度 發文數｜市值加權・可交易性篩選後,abn_attention_weekend
2016-12-11,72,-0.008730454826803334,15,-0.031046609932231867,14,-0.005064540448340174,14,-0.026199175869594256,14,-0.0226299763722375,15,-0.013899521545434166,0.26666666666666666,0.26666666666666666,0.26666666666666666,主測度 發文數｜市值加權・可交易性篩選後,abn_attention_weekend
2016-12-18,72,-0.02544131942294359,15,-0.03407038468539141,14,-0.03850515830250944,14,-0.013664300012347695,14,-0.011298624162708267,15,0.014142695260235323,0.26666666666666666,0.26666666666666666,0.26666666666666666,主測度 發文數｜市值加權・可交易性篩選後,abn_attention_weekend
2016-12-25,71,0.015061722535389814,15,0.035984554359812126,14,-0.00735529015536534,14,0.021700688097999105,14,0.010103954587777462,14,-0.0049577679476123515,0.21428571428571427,0.13333333333333333,0.1738095238095238,主測度 發文數｜市值加權・可交易性篩選後,abn_attention_weekend
2017-01-01,66,0.0117702295298458,14,-0.008890688828644735,13,-0.00038923803961476294,13,0.014978302710615942,13,0.009331583157719129,13,-0.0024386463721266707,0.23076923076923078,0.14285714285714285,0.18681318681318682,主測度 發文數｜市值加權・可交易性篩選後,abn_attention_weekend
2017-01-08,68,-0.005999742535496145,14,-0.0075756822058500204,13,-0.0070848471614715965,14,0.0240559909691894,13,0.018898071525261465,14,0.02489781406075761,0.35714285714285715,0.21428571428571427,0.2857142857142857,主測度 發文數｜市值加權・可交易性篩選後,abn_attention_weekend
2017-01-15,73,-0.00426535724380746,15,-0.023346748941895843,14,0.00987333693828798,15,-0.005026052890204458,14,0.0031494243840085355,15,0.007414781627815996,0.5333333333333333,0.3333333333333333,0.43333333333333335,主測度 發文數｜市值加權・可交易性篩選後,abn_attention_weekend
2017-01-22,70,0.009064880446319206,14,0.004885581538757542,14,0.0052346891938197535,14,0.004449813673673593,14,0.01262557337106091,14,0.003560692924741704,0.42857142857142855,0.21428571428571427,0.3214285714285714,主測度 發文數｜市值加權・可交易性篩選後,abn_attention_weekend
2017-01-29,66,-0.017282749854339096,14,-0.008601914560261222,13,0.02748864914189418,13,-0.002447082345178329,13,-0.009928652136370026,13,0.00735409771796907,0.3076923076923077,0.35714285714285715,0.33241758241758246,主測度 發文數｜市值加權・可交易性篩選後,abn_attention_weekend
2017-02-05,72,0.016842831991332203,15,0.024889086091225306,14,0.024791223416192172,14,0.010844449843237184,14,0.020663191754938772,15,0.003820359763606569,0.4,0.26666666666666666,0.33333333333333337,主測度 發文數｜市值加權・可交易性篩選後,abn_attention_weekend
2017-02-12,77,0.01040635625766542,16,-0.0020332569029830137,15,0.031034925627128583,15,0.008741466059794981,15,0.012121565030314857,16,0.0017152087726494368,0.375,0.3125,0.34375,主測度 發文數｜市值加權・可交易性篩選後,abn_attention_weekend
2017-02-19,85,-0.01268845475192141,17,-0.0060253380924520554,17,0.01311340787090841,17,0.03536331670842394,17,-0.006014964603531199,17,0.006673490148390211,0.4117647058823529,0.23529411764705882,0.32352941176470584,主測度 發文數｜市值加權・可交易性篩選後,abn_attention_weekend
2017-02-26,83,-0.015032927685050651,17,-0.020448138940397747,16,-0.007498109403595094,17,-0.003693433656977959,16,-0.016499794690060382,17,-0.0014668670050097306,0.5294117647058824,0.29411764705882354,0.4117647058823529,主測度 發文數｜市值加權・可交易性篩選後,abn_attention_weekend
2017-03-05,75,0.0028871696093752675,15,-0.022657788213844263,15,-0.007509190731798656,15,-0.02477152267244125,15,-0.008549653790962026,15,-0.011436823400337293,0.4666666666666667,0.3333333333333333,0.4,主測度 發文數｜市值加權・可交易性篩選後,abn_attention_weekend
2017-03-12,81,0.027748484829810544,17,0.03976134027424741,16,0.024118124271319187,16,0.03710381656093495,16,0.015980804230065298,16,-0.011767680599745246,0.5,0.4117647058823529,0.45588235294117646,主測度 發文數｜市值加權・可交易性篩選後,abn_attention_weekend
2017-03-19,80,0.0023283977272529916,16,-0.012423150945191443,16,-0.013535787732726946,16,-0.006659245462361637,16,0.0004958742923946081,16,-0.0018325234348583836,0.5625,0.3125,0.4375,主測度 發文數｜市值加權・可交易性篩選後,abn_attention_weekend
2017-03-26,80,-0.008619398176944676,16,0.0062823159758112045,16,-0.019441674926063145,16,-0.01093242732685249,16,-0.02302690200650598,16,-0.014407503829561305,0.4375,0.25,0.34375,主測度 發文數｜市值加權・可交易性篩選後,abn_attention_weekend
2017-04-02,78,0.00761821722888799,16,0.003582278829875281,15,-0.006770695876193036,16,0.014758546104043152,15,0.0020117187784732472,16,-0.005606498450414743,0.4375,0.375,0.40625,主測度 發文數｜市值加權・可交易性篩選後,abn_attention_weekend
2017-04-09,71,-0.010893524691726887,15,-0.006124765660637839,14,-0.005213585935774181,14,-0.01638385584138916,14,-0.0021865385172563654,14,0.008706986174470521,0.2857142857142857,0.2,0.24285714285714285,主測度 發文數｜市值加權・可交易性篩選後,abn_attention_weekend
2017-04-16,78,-0.007604366893382498,16,0.004762290270489084,15,-0.004778320516204072,16,0.0018565992675181797,15,-0.002780029593644752,16,0.004824337299737746,0.5625,0.3125,0.4375,主測度 發文數｜市值加權・可交易性篩選後,abn_attention_weekend
2017-04-23,77,0.002823032962450234,16,0.01733474443747888,15,0.00891277022007647,15,0.009906399475532476,15,0.014530449234845214,16,0.01170741627239498,0.5,0.5,0.5,主測度 發文數｜市值加權・可交易性篩選後,abn_attention_weekend
2017-04-30,75,-0.005624408246955376,15,-0.0020727751405458894,15,-0.014446639196917615,15,-0.004827886050619579,15,-0.010243398135450657,15,-0.00461898988849528,0.5333333333333333,0.5333333333333333,0.5333333333333333,主測度 發文數｜市值加權・可交易性篩選後,abn_attention_weekend
2017-05-07,75,-0.0004945880802999867,15,-0.0010059987513467334,15,-0.01173868001447011,15,-0.021284669596444396,15,0.02813339235348355,15,0.028627980433783538,0.3333333333333333,0.4,0.3666666666666667,主測度 發文數｜市值加權・可交易性篩選後,abn_attention_weekend
2017-05-14,81,-0.0047473326235111645,17,0.001015891170943666,16,-0.00018954483813223537,16,-0.015199130502462578,16,-0.009685528128245238,16,-0.004938195504734073,0.3125,0.23529411764705882,0.27389705882352944,主測度 發文數｜市值加權・可交易性篩選後,abn_attention_weekend
2017-05-21,80,0.01592770301472644,16,0.01072601497313871,16,0.028200244882144246,16,0.006902011641264702,16,0.01215879512080718,16,-0.00376890789391926,0.1875,0.1875,0.1875,主測度 發文數｜市值加權・可交易性篩選後,abn_attention_weekend
2017-05-28,79,-0.0019183488673835227,16,-0.007068863850538421,16,0.009651323050674824,15,0.032016765168103686,16,0.008577120481239046,16,0.010495469348622569,0.6875,0.4375,0.5625,主測度 發文數｜市值加權・可交易性篩選後,abn_attention_weekend
2017-06-04,75,0.010821720299388713,15,-0.001715826822848931,15,0.005796253614138794,15,-0.007535825856738152,15,0.00925036601795462,15,-0.0015713542814340935,0.5333333333333333,0.4,0.4666666666666667,主測度 發文數｜市值加權・可交易性篩選後,abn_attention_weekend
2017-06-11,83,0.003682275103896349,17,-0.011123069902542708,16,-0.005737798630775863,17,0.000336168493488366,16,0.019582352076218335,17,0.015900076972321986,0.5294117647058824,0.47058823529411764,0.5,主測度 發文數｜市值加權・可交易性篩選後,abn_attention_weekend
2017-06-18,81,0.03745066882919971,17,0.026320697571470642,16,0.019137200556759125,16,0.027126688497461436,16,0.0294528670892904,16,-0.00799780173990931,0.3125,0.23529411764705882,0.27389705882352944,主測度 發文數｜市值加權・可交易性篩選後,abn_attention_weekend
2017-06-25,82,0.014193417132349544,17,0.0163192839459126,16,0.02383549357820073,16,0.025064999007955998,16,-0.0033642925378060892,17,-0.017557709670155634,0.35294117647058826,0.29411764705882354,0.3235294117647059,主測度 發文數｜市值加權・可交易性篩選後,abn_attention_weekend
2017-07-02,84,-0.0033977947871439264,17,-0.010274887037983415,17,-0.00726383409499288,16,-0.01437697968089693,17,-0.012363863845883174,17,-0.008966069058739246,0.23529411764705882,0.17647058823529413,0.20588235294117646,主測度 發文數｜市值加權・可交易性篩選後,abn_attention_weekend
2017-07-09,83,0.03329512922528871,17,0.00565442781483973,16,0.021526706356623442,17,0.018800338986383114,16,0.009621548382802665,17,-0.023673580842486046,0.17647058823529413,0.11764705882352941,0.14705882352941177,主測度 發文數｜市值加權・可交易性篩選後,abn_attention_weekend
2017-07-16,86,-0.0019718096391520747,18,-0.0029143689040204783,17,0.009145600286180952,17,0.00017158571224109776,17,-0.004570543135050215,17,-0.00259873349589814,0.47058823529411764,0.2222222222222222,0.3464052287581699,主測度 發文數｜市值加權・可交易性篩選後,abn_attention_weekend
2017-07-23,86,0.0032305692282669093,18,-0.0179702711839692,17,0.0016711457442949136,17,-0.00552394075579281,17,0.0048991910102126396,17,0.0016686217819457303,0.5294117647058824,0.2777777777777778,0.4035947712418301,主測度 發文數｜市值加權・可交易性篩選後,abn_attention_weekend
2017-07-30,85,0.015373400571854193,17,0.010863309776297597,17,0.017011864780299042,17,0.006311801469918454,17,0.011839786381129565,17,-0.003533614190724628,0.5294117647058824,0.4117647058823529,0.47058823529411764,主測度 發文數｜市值加權・可交易性篩選後,abn_attention_weekend
2017-08-06,85,-0.010253183684228624,17,-0.011028514079657808,17,-0.010027846292443984,17,-0.02635701021951592,17,-0.02070702920132797,17,-0.010453845517099346,0.4117647058823529,0.29411764705882354,0.3529411764705882,主測度 發文數｜市值加權・可交易性篩選後,abn_attention_weekend
2017-08-13,85,0.004669763701180766,17,0.010017813048279384,17,-0.006173270774052034,17,0.021278186955880844,17,-0.0059488832222516054,17,-0.010618646923432371,0.47058823529411764,0.4117647058823529,0.4411764705882353,主測度 發文數｜市值加權・可交易性篩選後,abn_attention_weekend
2017-08-20,85,0.022010116187246367,17,0.023645315945711176,17,0.012531031524644303,17,-8.108570773852702e-05,17,0.02368080706128333,17,0.0016706908740369633,0.47058823529411764,0.35294117647058826,0.4117647058823529,主測度 發文數｜市值加權・可交易性篩選後,abn_attention_weekend
2017-08-27,81,0.009509534812837865,17,0.0066028035125574305,16,-0.002574971447258869,16,0.020488035387131714,16,0.006985736627907809,16,-0.0025237981849300555,0.375,0.17647058823529413,0.2757352941176471,主測度 發文數｜市值加權・可交易性篩選後,abn_attention_weekend
2017-09-03,87,0.007984688711821971,18,-0.00026441503611618843,17,0.0050774519839606085,17,0.036267367006160706,17,0.006028374617899276,18,-0.001956314093922695,0.3888888888888889,0.2777777777777778,0.33333333333333337,主測度 發文數｜市值加權・可交易性篩選後,abn_attention_weekend
2017-09-10,88,-0.0035914720987430056,18,-0.006882102006175624,17,0.00956522871453072,18,-0.0030075545083038144,17,-0.01674448960648838,18,-0.013153017507745376,0.3333333333333333,0.05555555555555555,0.19444444444444442,主測度 發文數｜市值加權・可交易性篩選後,abn_attention_weekend
2017-09-17,85,-0.00906192337061294,17,-0.0015382149040691693,17,-0.023539388900510678,17,-0.00035944702797532295,17,-0.03174475552658117,17,-0.022682832155968228,0.4117647058823529,0.17647058823529413,0.29411764705882354,主測度 發文數｜市值加權・可交易性篩選後,abn_attention_weekend
2017-09-24,86,-0.0139157231161411,18,-0.004151089773235684,17,-0.017377327005152685,17,-0.033693974278945237,17,-0.0015591958928032554,17,0.012356527223337844,0.5294117647058824,0.3888888888888889,0.45915032679738566,主測度 發文數｜市值加權・可交易性篩選後,abn_attention_weekend
2017-10-01,86,-0.001546153307336386,18,-0.0009881188175405583,17,0.005319746289191659,17,0.019822112547060265,17,0.01312046102471125,17,0.014666614332047636,0.4117647058823529,0.2777777777777778,0.34477124183006536,主測度 發文數｜市值加權・可交易性篩選後,abn_attention_weekend
2017-10-08,89,0.03194010346342086,18,0.0025820292341516933,18,0.0003853045791952313,17,-0.002559585961440239,18,-0.010046153760908278,18,-0.04198625722432914,0.5555555555555556,0.3333333333333333,0.4444444444444444,主測度 發文數｜市值加權・可交易性篩選後,abn_attention_weekend
2017-10-15,88,-0.017026967208821405,18,0.007945093927393879,17,-0.023222132995928336,18,-0.005367113765352638,17,0.0031747333028641386,18,0.020201700511685544,0.6111111111111112,0.3888888888888889,0.5,主測度 發文數｜市值加權・可交易性篩選後,abn_attention_weekend
2017-10-22,92,-0.018102973509187895,19,0.004465407078929705,18,-0.0026330374578583133,18,0.0031813309543448007,18,-0.004604846815362563,19,0.013498126693825331,0.631578947368421,0.5263157894736842,0.5789473684210527,主測度 發文數｜市值加權・可交易性篩選後,abn_attention_weekend
2017-10-29,89,-0.00850853561513366,18,0.007744775920451513,18,0.003915487385724888,17,0.011498630488831638,18,0.010817383894733175,18,0.019325919509866833,0.2777777777777778,0.2222222222222222,0.25,主測度 發文數｜市值加權・可交易性篩選後,abn_attention_weekend
2017-11-05,88,-0.0034688794765510393,18,-0.02271933274219652,17,0.004526408454447677,18,0.008783837531884107,17,0.004661735367809082,18,0.008130614844360121,0.2777777777777778,0.1111111111111111,0.19444444444444445,主測度 發文數｜市值加權・可交易性篩選後,abn_attention_weekend
2017-11-12,92,-0.003480760841590673,19,0.012801626915740352,18,-0.009689606475904479,18,-0.03040445716359845,18,0.0007616951010187268,19,0.004242455942609399,0.3684210526315789,0.15789473684210525,0.2631578947368421,主測度 發文數｜市值加權・可交易性篩選後,abn_attention_weekend
2017-11-19,94,0.0017233395110586118,19,0.006172181431340846,19,-0.0006156720930917198,18,0.009880366598041304,19,0.010402030518089288,19,0.008678691007030677,0.42105263157894735,0.42105263157894735,0.42105263157894735,主測度 發文數｜市值加權・可交易性篩選後,abn_attention_weekend
2017-11-26,93,-0.03402986112399005,19,-0.0005492364063040807,18,-0.030939896382133764,19,-0.018368589002120222,18,-0.02939949315876688,19,0.004630367965223169,0.5789473684210527,0.47368421052631576,0.5263157894736842,主測度 發文數｜市值加權・可交易性篩選後,abn_attention_weekend
2017-12-03,95,-0.015284203272925038,19,-0.0013150901269223566,19,-0.01627698830925582,19,-0.011743001388035908,19,-0.02553457047682481,19,-0.01025036720389977,0.5789473684210527,0.3684210526315789,0.4736842105263158,主測度 發文數｜市值加權・可交易性篩選後,abn_attention_weekend
2017-12-10,91,4.4651371729337074e-05,19,0.017263568364982797,18,0.0007715034513378726,18,-0.0006399830195913989,18,0.004910387265642417,18,0.00486573589391308,0.5,0.2631578947368421,0.381578947368421,主測度 發文數｜市值加權・可交易性篩選後,abn_attention_weekend
2017-12-17,89,-0.0006288190436472829,18,0.006623748172650997,18,-0.0017083592347315096,17,-0.007966756281479939,18,0.00041770087507800335,18,0.0010465199187252863,0.6666666666666666,0.5,0.5833333333333333,主測度 發文數｜市值加權・可交易性篩選後,abn_attention_weekend
2017-12-24,91,0.019511525252192685,19,0.020394492083931813,18,0.02178709384505583,18,0.021636434650921438,18,0.009499172561372178,18,-0.010012352690820507,0.6111111111111112,0.47368421052631576,0.5423976608187134,主測度 發文數｜市值加權・可交易性篩選後,abn_attention_weekend
2017-12-31,96,0.01990812375675276,20,0.015179187499651367,19,-0.002892556676630434,19,0.002930948029919521,19,0.020544023127775146,19,0.0006358993710223852,0.3684210526315789,0.25,0.3092105263157895,主測度 發文數｜市值加權・可交易性篩選後,abn_attention_weekend
2018-01-07,98,-0.017976745875389128,20,0.00015601169685175673,19,0.025886904260131915,20,0.016720715572766977,19,-0.0025590090084334255,20,0.015417736866955703,0.4,0.3,0.35,主測度 發文數｜市值加權・可交易性篩選後,abn_attention_weekend
2018-01-14,103,0.046857057591351794,21,0.007833028931168438,20,-0.006556212371021937,21,-0.02661203278002705,20,0.024195175757260955,21,-0.02266188183409084,0.42857142857142855,0.19047619047619047,0.30952380952380953,主測度 發文數｜市值加權・可交易性篩選後,abn_attention_weekend
2018-01-21,99,-0.004252216058810707,20,-0.00747314036451949,20,0.0027575644561834626,19,-0.007159166323264409,20,-0.001774896019586654,20,0.0024773200392240527,0.25,0.25,0.25,主測度 發文數｜市值加權・可交易性篩選後,abn_attention_weekend
2018-01-28,103,-0.002234027986446684,21,-0.01937599578306236,20,-0.011219439522162715,21,0.013049589309164389,20,-0.02174107240288561,21,-0.019507044416438926,0.19047619047619047,0.23809523809523808,0.21428571428571427,主測度 發文數｜市值加權・可交易性篩選後,abn_attention_weekend
2018-02-04,97,-0.06263276488791734,20,-0.042471690450147016,19,-0.04080385129898552,19,-0.06063785510046271,19,-0.04229786263743987,20,0.020334902250477474,0.2,0.15,0.175,主測度 發文數｜市值加權・可交易性篩選後,abn_attention_weekend
2018-02-11,103,-0.010560856815052151,21,-0.0028884703374288515,20,-0.002446991616965787,21,-0.00523169675087531,20,-9.487389304088997e-06,21,0.010551369425748061,0.6190476190476191,0.5238095238095238,0.5714285714285714,主測度 發文數｜市值加權・可交易性篩選後,abn_attention_weekend
2018-02-18,72,0.00464876387469636,15,0.0009176670955484327,14,0.015606136707716602,14,0.040622667932303874,14,0.024834111163305948,15,0.020185347288609587,0.6,0.5333333333333333,0.5666666666666667,主測度 發文數｜市值加權・可交易性篩選後,abn_attention_weekend
2018-02-25,91,-0.00710852457299096,19,0.002241355369691853,18,-0.024036199310249085,18,-0.038180084768453526,18,-0.0250880421305189,18,-0.01797951755752794,0.8888888888888888,0.6842105263157895,0.7865497076023391,主測度 發文數｜市值加權・可交易性篩選後,abn_attention_weekend
2018-03-04,94,0.01267475959738502,19,-0.009454379852256365,19,-0.009393361448212062,18,0.005130934425637534,19,0.03008541147466046,19,0.01741065187727544,0.6842105263157895,0.5263157894736842,0.6052631578947368,主測度 發文數｜市值加權・可交易性篩選後,abn_attention_weekend
2018-03-11,95,0.00941164934153138,19,0.006551712537914072,19,0.0050879194653601564,19,0.012596056505877301,19,-0.0017553013493295413,19,-0.011166950690860922,0.47368421052631576,0.42105263157894735,0.4473684210526315,主測度 發文數｜市值加權・可交易性篩選後,abn_attention_weekend
2018-03-18,97,0.0020763911125348555,20,-0.02567138684572268,19,-0.024550069455328956,19,-0.006334683732215453,19,-0.020609060388365342,20,-0.0226854515009002,0.5,0.35,0.425,主測度 發文數｜市值加權・可交易性篩選後,abn_attention_weekend
2018-03-25,96,0.022919959092016846,20,0.008117132447131956,19,0.01808762879406258,19,0.0007127843777890961,19,-0.0007519352530846389,19,-0.023671894345101484,0.47368421052631576,0.45,0.4618421052631579,主測度 發文數｜市值加權・可交易性篩選後,abn_attention_weekend
2018-04-01,99,-0.015900218534404927,20,-0.006528561602323089,20,-0.0029890934078822076,19,-0.002903204906774303,20,-0.017421142606824612,20,-0.0015209240724196847,0.85,0.35,0.6,主測度 發文數｜市值加權・可交易性篩選後,abn_attention_weekend
2018-04-08,88,-0.001405105948198179,18,0.020210653535602585,17,0.014416438953898554,18,0.03222545434513636,17,-0.015206040578446694,18,-0.013800934630248514,0.8888888888888888,0.4444444444444444,0.6666666666666666,主測度 發文數｜市值加權・可交易性篩選後,abn_attention_weekend
2018-04-15,100,-0.006402037490249842,20,-0.004618689113444908,20,0.005217602544392788,20,-0.016838231035563443,20,-0.042266253847949346,20,-0.035864216357699506,0.65,0.5,0.575,主測度 發文數｜市值加權・可交易性篩選後,abn_attention_weekend
2018-04-22,100,-0.021306235832242358,20,-0.027133006355865873,20,-0.014822494557493654,20,-0.03348812785968066,20,-0.013539919244479889,20,0.0077663165877624694,0.55,0.4,0.47500000000000003,主測度 發文數｜市值加權・可交易性篩選後,abn_attention_weekend
2018-04-29,104,-0.01528160554296566,21,0.0016247380138172905,21,0.003280284755592643,20,0.0002837285586782912,21,-0.004456793788125921,21,0.01082481175483974,0.42857142857142855,0.38095238095238093,0.40476190476190477,主測度 發文數｜市值加權・可交易性篩選後,abn_attention_weekend
2018-05-06,95,0.03261114709458072,19,0.018292053598745427,19,0.030269979894488215,19,0.009980210801161427,19,0.037092367144634174,19,0.0044812200500534555,0.3684210526315789,0.3684210526315789,0.3684210526315789,主測度 發文數｜市值加權・可交易性篩選後,abn_attention_weekend
2018-05-13,100,-0.02795430293209645,20,0.01558277565793834,20,0.015814198324219292,20,-0.018035922566641677,20,-0.0341136685150125,20,-0.006159365582916049,0.5,0.35,0.425,主測度 發文數｜市值加權・可交易性篩選後,abn_attention_weekend
2018-05-20,102,-0.0037460069796253067,21,-0.008215392578952638,20,-0.0009889837612010427,20,0.012180622031848288,20,0.015906172920441483,21,0.01965217990006679,0.5238095238095238,0.42857142857142855,0.47619047619047616,主測度 發文數｜市值加權・可交易性篩選後,abn_attention_weekend
2018-05-27,101,-0.0027956997841149535,21,-0.018904849950793647,20,-0.007321224081006511,20,0.0074071695395730025,20,0.0033972313195333465,20,0.0061929311036483005,0.3,0.2857142857142857,0.2928571428571428,主測度 發文數｜市值加權・可交易性篩選後,abn_attention_weekend
2018-06-03,105,0.006689558582661555,21,0.005443103621230543,21,-0.002461279946179235,21,0.015564068621301646,21,0.012372594645242626,21,0.00568303606258107,0.42857142857142855,0.3333333333333333,0.38095238095238093,主測度 發文數｜市值加權・可交易性篩選後,abn_attention_weekend
2018-06-10,106,0.017680592614542398,22,-0.01066068740122929,21,-0.012527763549244229,21,-0.007267852404540275,21,-0.028823262519741415,21,-0.04650385513428382,0.42857142857142855,0.22727272727272727,0.3279220779220779,主測度 發文數｜市值加權・可交易性篩選後,abn_attention_weekend
2018-06-17,103,0.0012659631486260617,21,-0.02345921637719854,20,-0.0004466357964056262,21,-0.015465662824376095,20,0.007673109686138219,21,0.006407146537512157,0.5714285714285714,0.2857142857142857,0.42857142857142855,主測度 發文數｜市值加權・可交易性篩選後,abn_attention_weekend
2018-06-24,102,0.021423541669780395,21,-0.001417470178797806,20,0.020275554365144433,20,-0.008757604074880054,20,-0.014593398807719987,21,-0.036016940477500384,0.47619047619047616,0.23809523809523808,0.3571428571428571,主測度 發文數｜市值加權・可交易性篩選後,abn_attention_weekend
2018-07-01,100,-0.016270473023744948,20,-0.030062442727855684,20,-0.006583898787529716,20,-0.05645711784545444,20,-0.006267924902235586,20,0.010002548121509362,0.4,0.35,0.375,主測度 發文數｜市值加權・可交易性篩選後,abn_attention_weekend
2018-07-08,100,0.022533668065165244,20,0.02503694367861535,20,0.031947245964389526,20,0.04555015185714186,20,0.03209060224565345,20,0.009556934180488207,0.5,0.4,0.45,主測度 發文數｜市值加權・可交易性篩選後,abn_attention_weekend
2018-07-15,101,-0.006240197483737389,21,-0.0092036527029001,20,-0.009520382158618912,20,-0.014860482602478756,20,0.04671985723974706,20,0.052960054723484445,0.65,0.3333333333333333,0.4916666666666667,主測度 發文數｜市值加權・可交易性篩選後,abn_attention_weekend
2018-07-22,99,0.02007134267156299,20,0.015334145570673056,20,0.013771185304637489,19,0.03473574973478862,20,0.016256883668217665,20,-0.0038144590033453267,0.45,0.25,0.35,主測度 發文數｜市值加權・可交易性篩選後,abn_attention_weekend
2018-07-29,93,-0.017419647341727254,19,-0.0006793281437523033,18,-0.006239067361086191,19,0.013436624196716805,18,0.008719886632423426,19,0.02613953397415068,0.47368421052631576,0.3684210526315789,0.42105263157894735,主測度 發文數｜市值加權・可交易性篩選後,abn_attention_weekend
2018-08-05,95,0.007164589013193175,19,-0.00750441617133178,19,0.0031036104033533908,19,-0.009778408491909743,19,-0.005585848687916993,19,-0.012750437701110168,0.5789473684210527,0.5789473684210527,0.5789473684210527,主測度 發文數｜市值加權・可交易性篩選後,abn_attention_weekend
2018-08-12,96,-0.015606666683429572,20,-0.00015535508179213308,19,-0.022864794169600203,19,-0.036782163184332736,19,0.0011430369571376693,19,0.01674970364056724,0.42105263157894735,0.35,0.38552631578947366,主測度 發文數｜市值加權・可交易性篩選後,abn_attention_weekend
2018-08-19,99,0.014228054651332813,20,0.024562255113919202,20,0.02084326001636294,19,0.00042420401742753665,20,0.01577022825859519,20,0.0015421736072623784,0.4,0.25,0.325,主測度 發文數｜市值加權・可交易性篩選後,abn_attention_weekend
2018-08-26,97,-0.0007948115880513527,20,0.009970952289041773,19,0.023293514532407564,19,0.025845594515673982,19,0.027374420979950083,20,0.028169232568001436,0.5,0.5,0.5,主測度 發文數｜市值加權・可交易性篩選後,abn_attention_weekend
2018-09-02,97,-0.05706432439255413,20,-0.03719710629928514,19,-0.047404811919736986,19,-0.0579371053227067,19,0.001143507262728717,20,0.05820783165528284,0.45,0.35,0.4,主測度 發文數｜市值加權・可交易性篩選後,abn_attention_weekend
2018-09-09,95,-0.002183403836408047,19,-0.003973473165605839,19,0.013455046497790401,19,-0.004178929839415278,19,-0.005410225706882565,19,-0.003226821870474518,0.42105263157894735,0.3157894736842105,0.3684210526315789,主測度 發文數｜市值加權・可交易性篩選後,abn_attention_weekend
2018-09-16,94,-0.000925369972573799,19,0.0403945281109957,19,0.02338714325142353,18,-0.006952927187650052,19,0.02819601749291406,19,0.02912138746548786,0.42105263157894735,0.2631578947368421,0.3421052631578947,主測度 發文數｜市值加權・可交易性篩選後,abn_attention_weekend
2018-09-23,93,0.013730826706293543,19,-0.014029304249729393,18,0.006099151324393775,19,0.009993308368283013,18,0.003213918100976779,19,-0.010516908605316764,0.5263157894736842,0.3157894736842105,0.42105263157894735,主測度 發文數｜市值加權・可交易性篩選後,abn_attention_weekend
2018-09-30,93,-0.049121732431295535,19,-0.0395914604342451,18,-0.04702878471171868,19,-0.05266128219734472,18,-0.08573980591378678,19,-0.03661807348249125,0.631578947368421,0.3684210526315789,0.5,主測度 發文數｜市值加權・可交易性篩選後,abn_attention_weekend
2018-10-07,96,-0.03629804915943521,20,-0.04291287981381234,19,-0.06315939620254102,19,-0.06777197750784124,19,-0.033317064570844636,19,0.002980984588590571,0.3684210526315789,0.35,0.3592105263157894,主測度 發文數｜市值加權・可交易性篩選後,abn_attention_weekend
2018-10-14,101,-0.024807241206382957,21,0.005143589292629155,20,-0.04623869545838412,20,0.0036066415891384965,20,0.0007679798064752194,20,0.025575221012858175,0.45,0.38095238095238093,0.41547619047619044,主測度 發文數｜市值加權・可交易性篩選後,abn_attention_weekend
2018-10-21,96,-0.050044975441578994,20,-0.04935168787297828,19,-0.017741956684272607,19,-0.06796140789689457,19,-0.023041852873444138,19,0.027003122568134856,0.47368421052631576,0.25,0.36184210526315785,主測度 發文數｜市值加權・可交易性篩選後,abn_attention_weekend
2018-10-28,99,0.03479660853804412,20,0.02303638529036388,20,0.045205498333067445,19,0.09381781958048953,20,0.04604797673428001,20,0.011251368196235886,0.3,0.3,0.3,主測度 發文數｜市值加權・可交易性篩選後,abn_attention_weekend
2018-11-04,95,-0.016829155206692058,19,-0.03205900585382586,19,0.005607209672750099,19,0.0020135228333118126,19,-0.014605925703618926,19,0.002223229503073132,0.3157894736842105,0.15789473684210525,0.23684210526315788,主測度 發文數｜市值加權・可交易性篩選後,abn_attention_weekend
2018-11-11,93,-0.015811045027993194,19,0.01891467292957872,18,-0.018212437991274665,19,-0.005985274397816358,18,-0.01005456701730874,19,0.005756478010684454,0.47368421052631576,0.3157894736842105,0.39473684210526316,主測度 發文數｜市值加權・可交易性篩選後,abn_attention_weekend
2018-11-18,93,-0.014121853836260261,19,-0.01150685652572586,18,-0.02158195975122622,19,-0.0038511082708232534,18,-0.03007842411729681,19,-0.01595657028103655,0.47368421052631576,0.3157894736842105,0.39473684210526316,主測度 發文數｜市值加權・可交易性篩選後,abn_attention_weekend
2018-11-25,89,0.021830023998526668,18,-0.0003103652923128527,18,0.019806943030350403,17,0.0494484962591804,18,0.043875787756822306,18,0.022045763758295638,0.3333333333333333,0.2777777777777778,0.3055555555555556,主測度 發文數｜市值加權・可交易性篩選後,abn_attention_weekend
2018-12-02,93,-0.01348232477330535,19,-0.027217272907815518,18,-0.013227157477672412,19,-0.012130827866574162,18,-0.04255363041013226,19,-0.029071305636826906,0.3157894736842105,0.2631578947368421,0.2894736842105263,主測度 發文數｜市值加權・可交易性篩選後,abn_attention_weekend
2018-12-09,96,0.008558240128996825,20,0.011357345590880412,19,0.009604874638876661,19,0.00862504439468989,19,0.01458898155690064,19,0.006030741427903814,0.5263157894736842,0.45,0.4881578947368421,主測度 發文數｜市值加權・可交易性篩選後,abn_attention_weekend
2018-12-16,100,-0.00655668358762396,20,-0.0021002608733126926,20,-0.020906189372393517,20,-0.02830832595479475,20,-0.008048858531925268,20,-0.0014921749443013088,0.8,0.5,0.65,主測度 發文數｜市值加權・可交易性篩選後,abn_attention_weekend
2018-12-23,103,0.00869042419973456,21,0.005765509540965078,20,-0.004552545405812155,21,0.01672006912615868,20,0.005695291575614653,21,-0.002995132624119906,0.7142857142857143,0.42857142857142855,0.5714285714285714,主測度 發文數｜市值加權・可交易性篩選後,abn_attention_weekend
2018-12-30,96,-0.06945440238908666,20,-0.017449055585621886,19,-0.015118637904021933,19,-0.0200027271633063,19,-0.03354440921428601,19,0.035909993174800654,0.7894736842105263,0.4,0.5947368421052632,主測度 發文數｜市值加權・可交易性篩選後,abn_attention_weekend
2019-01-06,88,0.03567643607534038,18,0.021516791694412295,17,0.012864858462112785,18,0.00951469028225499,17,0.03368738629378996,18,-0.0019890497815504213,0.3888888888888889,0.3333333333333333,0.3611111111111111,主測度 發文數｜市值加權・可交易性篩選後,abn_attention_weekend
2019-01-13,94,0.01419363259901966,19,0.008393929521264233,19,0.01081808846781443,18,0.012038489059749491,19,0.0025345843625914637,19,-0.011659048236428196,0.631578947368421,0.3684210526315789,0.5,主測度 發文數｜市值加權・可交易性篩選後,abn_attention_weekend
2019-01-20,95,0.0084308518221677,19,0.0043924032995309335,19,-0.013634021963520555,19,0.0025646608374447024,19,0.020301692189290434,19,0.011870840367122734,0.7368421052631579,0.42105263157894735,0.5789473684210527,主測度 發文數｜市值加權・可交易性篩選後,abn_attention_weekend
2019-01-27,95,-0.028056104871622526,19,0.0029743189272190165,19,-0.005307601701441042,19,0.0005123586457839878,19,0.0001313956679732656,19,0.028187500539595792,0.2631578947368421,0.21052631578947367,0.23684210526315788,主測度 發文數｜市值加權・可交易性篩選後,abn_attention_weekend
2019-02-17,98,0.0201278361989041,20,0.03170642014964426,19,0.01764751290743466,20,0.019657212164228523,19,0.008417409763677906,20,-0.011710426435226195,0.5,0.5,0.5,主測度 發文數｜市值加權・可交易性篩選後,abn_attention_weekend
2019-02-24,100,0.0013162192757324215,20,-0.0060399513383745645,20,-0.005497292447743816,20,0.00784054978073951,20,0.005096580272131257,20,0.003780360996398835,0.45,0.35,0.4,主測度 發文數｜市值加權・可交易性篩選後,abn_attention_weekend
2019-03-03,87,-0.03211847273320346,18,-0.020252625845590073,17,-0.0032997811924485574,17,-0.012157510082145497,17,-0.01669178295462985,18,0.015426689778573609,0.5,0.2777777777777778,0.3888888888888889,主測度 發文數｜市值加權・可交易性篩選後,abn_attention_weekend
2019-03-10,93,0.009219226493860238,19,0.023738225729520633,18,0.009910265543699451,19,0.01494099575717145,18,0.03349886184478575,19,0.024279635350925515,0.47368421052631576,0.21052631578947367,0.3421052631578947,主測度 發文數｜市值加權・可交易性篩選後,abn_attention_weekend
2019-03-17,99,0.021172775609511172,20,0.0058484642199259935,20,0.012448248978869293,19,-0.006514751233066227,20,0.030299141021053504,20,0.009126365411542332,0.45,0.35,0.4,主測度 發文數｜市值加權・可交易性篩選後,abn_attention_weekend
2019-03-24,98,0.020477707976314794,20,0.011383486731380685,19,0.0007026323028672029,20,-0.0011288483390120307,19,0.020108227319797275,20,-0.0003694806565175193,0.4,0.25,0.325,主測度 發文數｜市值加權・可交易性篩選後,abn_attention_weekend
2019-03-31,96,0.024488755216395028,20,-0.00013227896219522307,19,0.00048769100532050825,19,-0.0017380312587983021,19,-0.015150102931682827,19,-0.039638858148077855,0.3684210526315789,0.35,0.3592105263157894,主測度 發文數｜市值加權・可交易性篩選後,abn_attention_weekend
2019-04-07,88,-0.002241458478260307,18,-0.011358258508079937,17,0.009562471494331011,18,-0.013763963336267268,17,-0.002584974936589977,18,-0.0003435164583296701,0.6111111111111112,0.3333333333333333,0.4722222222222222,主測度 發文數｜市值加權・可交易性篩選後,abn_attention_weekend
2019-04-14,95,0.025889380915703374,19,-0.001968540925430386,19,-0.007861116728375844,19,-0.010629586443435101,19,0.010684235611772522,19,-0.015205145303930852,0.5263157894736842,0.42105263157894735,0.47368421052631576,主測度 發文數｜市值加權・可交易性篩選後,abn_attention_weekend
2019-04-21,97,0.013115739093119277,20,0.006112504108241419,19,-0.0038885480580353616,19,-0.0015695599967395872,19,-0.021457263731112113,20,-0.03457300282423139,0.5,0.35,0.425,主測度 發文數｜市值加權・可交易性篩選後,abn_attention_weekend
2019-04-28,94,0.013669147467595759,19,0.012382703793007254,19,0.01024741754071754,18,0.0012869493933802697,19,0.016845789993949298,19,0.0031766425263535392,0.47368421052631576,0.21052631578947367,0.3421052631578947,主測度 發文數｜市值加權・可交易性篩選後,abn_attention_weekend
2019-05-05,89,-0.02078288337443887,18,-0.02962925798225268,18,-0.02575436554967556,17,-0.04111765002056291,18,-0.01708514203689743,18,0.00369774133754144,0.3888888888888889,0.3333333333333333,0.3611111111111111,主測度 發文數｜市值加權・可交易性篩選後,abn_attention_weekend
2019-05-12,97,-0.01767300054279094,20,0.02932264594545143,19,0.005565051493933487,19,-0.03229926847961771,19,-0.04931175899848583,20,-0.031638758455694894,0.4,0.45,0.42500000000000004,主測度 發文數｜市值加權・可交易性篩選後,abn_attention_weekend
2019-05-19,106,-0.0034052657069321523,22,0.011176415295435914,21,0.01722858361508324,21,-0.029971705750839125,21,-0.034571648094157637,21,-0.031166382387225484,0.8571428571428571,0.5454545454545454,0.7012987012987013,主測度 發文數｜市值加權・可交易性篩選後,abn_attention_weekend
2019-05-26,100,0.01911289166038372,20,0.01138333391359705,20,0.01304562580236883,20,0.009329854004202054,20,0.009670446075498086,20,-0.009442445584885634,0.8,0.55,0.675,主測度 發文數｜市值加權・可交易性篩選後,abn_attention_weekend
2019-06-02,103,0.004907568503486542,21,-0.004654525121938986,20,0.002137142770670358,21,-0.008762145499530277,20,-0.010373381711403493,21,-0.015280950214890034,0.5714285714285714,0.42857142857142855,0.5,主測度 發文數｜市值加權・可交易性篩選後,abn_attention_weekend
2019-06-09,98,0.001285396043729812,20,0.0027861032403428874,19,-0.002581869176000478,20,0.0018363638152374296,19,0.006747076494120435,20,0.005461680450390623,0.6,0.35,0.475,主測度 發文數｜市值加權・可交易性篩選後,abn_attention_weekend
2019-06-16,98,0.027665778439611943,20,0.0113159850513662,19,0.06057566039842173,20,0.025336368502991084,19,0.017831227358150046,20,-0.009834551081461897,0.35,0.25,0.3,主測度 發文數｜市值加權・可交易性篩選後,abn_attention_weekend
2019-06-23,104,-0.006377662623529481,21,0.004420911552792714,21,0.006051323471809426,20,-0.00034862928148373583,21,0.00865898938757052,21,0.0150366520111,0.23809523809523808,0.38095238095238093,0.30952380952380953,主測度 發文數｜市值加權・可交易性篩選後,abn_attention_weekend
2019-06-30,102,-0.018668663452884236,21,0.0075374241586230305,20,-0.008146385025198582,20,0.009743654621651488,20,0.007970543418826073,21,0.026639206871710307,0.5238095238095238,0.3333333333333333,0.4285714285714286,主測度 發文數｜市值加權・可交易性篩選後,abn_attention_weekend
2019-07-07,105,0.02913999426049321,21,0.006389375257666953,21,0.004876977039686914,21,0.01547748308112487,21,-0.010234075091903286,21,-0.0393740693523965,0.5238095238095238,0.42857142857142855,0.47619047619047616,主測度 發文數｜市值加權・可交易性篩選後,abn_attention_weekend
2019-07-14,108,0.022978112168287747,22,-0.013015774337203257,21,-8.522453912531939e-05,22,-0.002220253864251413,21,-0.009706653230788793,22,-0.03268476539907654,0.5454545454545454,0.36363636363636365,0.45454545454545453,主測度 發文數｜市值加權・可交易性篩選後,abn_attention_weekend
2019-07-21,110,-0.003922785447127728,22,0.020744250257940404,22,0.000656512458957262,22,0.01906608783392847,22,-0.00768532173533632,22,-0.003762536288208592,0.4090909090909091,0.3181818181818182,0.36363636363636365,主測度 發文數｜市值加權・可交易性篩選後,abn_attention_weekend
2019-07-28,107,-0.027289042413403106,22,-0.02493331130481822,21,-0.022661119327903323,21,-0.04899659149220248,21,-0.02463502445834953,22,0.002654017955053576,0.6363636363636364,0.4090909090909091,0.5227272727272727,主測度 發文數｜市值加權・可交易性篩選後,abn_attention_weekend
2019-08-04,107,-0.010035948478802653,22,-0.01808889824086539,21,0.003311713654481979,21,0.006643148000775164,21,0.005092098890205697,22,0.01512804736900835,0.4090909090909091,0.45454545454545453,0.4318181818181818,主測度 發文數｜市值加權・可交易性篩選後,abn_attention_weekend
2019-08-11,105,-0.014129016064354393,21,-0.010395736332779126,21,-0.011805730590475553,21,0.01156898484928511,21,-0.01570511370948214,21,-0.0015760976451277466,0.47619047619047616,0.38095238095238093,0.42857142857142855,主測度 發文數｜市值加權・可交易性篩選後,abn_attention_weekend
2019-08-18,105,0.005761407759713717,21,-0.001287266542934318,21,0.00519092387644608,21,0.012212581277768987,21,0.007564489280512183,21,0.0018030815207984658,0.3333333333333333,0.2857142857142857,0.30952380952380953,主測度 發文數｜市值加權・可交易性篩選後,abn_attention_weekend
2019-08-25,103,0.024995557462193577,21,0.016635697581248495,20,0.017559874947267205,21,0.020618662671224267,20,0.032442900532636536,21,0.007447343070442959,0.23809523809523808,0.19047619047619047,0.21428571428571427,主測度 發文數｜市值加權・可交易性篩選後,abn_attention_weekend
2019-09-01,101,0.01930063547530663,21,0.01429628307992847,20,0.0061865594302463675,20,0.015370931143160372,20,0.010876796988101777,20,-0.008423838487204854,0.4,0.23809523809523808,0.319047619047619,主測度 發文數｜市值加權・可交易性篩選後,abn_attention_weekend
2019-09-08,107,-0.0018034572679513907,22,-0.00893530374576341,21,-0.0058018013782864305,21,0.008816713678754582,21,0.0020778941255266124,22,0.003881351393478003,0.45454545454545453,0.4090909090909091,0.4318181818181818,主測度 發文數｜市值加權・可交易性篩選後,abn_attention_weekend
2019-09-15,102,0.0025241876134823255,21,0.0005124592769006178,20,-0.0006595545683740268,20,0.019883679088024145,20,0.007691746655585734,21,0.005167559042103409,0.47619047619047616,0.3333333333333333,0.40476190476190477,主測度 發文數｜市值加權・可交易性篩選後,abn_attention_weekend
2019-09-22,102,-0.023369549698651047,21,-0.016817854666961677,20,-0.030282189068792764,20,-0.03150708898505784,20,0.014280016738659076,21,0.03764956643731012,0.6190476190476191,0.38095238095238093,0.5,主測度 發文數｜市值加權・可交易性篩選後,abn_attention_weekend
2019-09-29,103,-0.00015448124020697805,21,-0.0026445487404190807,20,0.003537091098538528,21,-0.0060672561887235455,20,0.0034369871001308865,21,0.0035914683403378647,0.38095238095238093,0.3333333333333333,0.3571428571428571,主測度 發文數｜市值加權・可交易性篩選後,abn_attention_weekend
2019-10-06,97,-0.0035959715629854615,20,-0.005973635640806108,19,-0.010451125736509411,19,-0.00991565419417249,19,0.00432088463843283,20,0.007916856201418292,0.55,0.45,0.5,主測度 發文數｜市值加權・可交易性篩選後,abn_attention_weekend
2019-10-13,90,0.03380371503671621,18,0.013500494798756188,18,0.0039003329471064443,18,0.010064644207293343,18,0.00716339743858647,18,-0.02664031759812974,0.3333333333333333,0.4444444444444444,0.38888888888888884,主測度 發文數｜市值加權・可交易性篩選後,abn_attention_weekend
2019-10-20,102,0.017292237962254084,21,0.009352959058434595,20,0.003146997948483924,20,0.00893927466460876,20,0.008439252699856728,21,-0.008852985262397356,0.47619047619047616,0.23809523809523808,0.3571428571428571,主測度 發文數｜市值加權・可交易性篩選後,abn_attention_weekend
2019-10-27,103,0.018858986780776184,21,-0.0019019773773455092,20,0.0020930988905260672,21,-0.02313557014478268,20,0.008754580198337041,21,-0.010104406582439144,0.42857142857142855,0.3333333333333333,0.38095238095238093,主測度 發文數｜市值加權・可交易性篩選後,abn_attention_weekend
2019-11-03,102,-0.001965839897244735,21,0.011438998824392997,20,0.0012585030665018763,20,-0.006986765808746076,20,0.012913388436599362,21,0.014879228333844098,0.47619047619047616,0.23809523809523808,0.3571428571428571,主測度 發文數｜市值加權・可交易性篩選後,abn_attention_weekend
2019-11-10,103,-0.009778896429842776,21,0.0058376087667441415,20,-0.016302729923270826,21,-0.024856108977199753,20,-0.011381725816052544,21,-0.0016028293862097674,0.47619047619047616,0.19047619047619047,0.3333333333333333,主測度 發文數｜市值加權・可交易性篩選後,abn_attention_weekend
2019-11-17,107,0.001735857204169761,22,0.009930933229612296,21,0.002394281933440281,21,-0.007487869029619619,21,0.012937638696285305,22,0.011201781492115544,0.36363636363636365,0.3181818181818182,0.34090909090909094,主測度 發文數｜市值加權・可交易性篩選後,abn_attention_weekend
2019-11-24,105,0.003549513832902345,21,0.0006148690983305466,21,-0.009235015944309019,21,-0.004355871808726225,21,-0.01896437600188627,21,-0.022513889834788615,0.2857142857142857,0.14285714285714285,0.21428571428571427,主測度 發文數｜市值加權・可交易性篩選後,abn_attention_weekend
2019-12-01,104,0.01419262944634268,21,-0.0035900460484970336,21,0.0005823097767344874,20,-0.00032383674431397984,21,0.01633760162310075,21,0.0021449721767580684,0.5238095238095238,0.42857142857142855,0.47619047619047616,主測度 發文數｜市值加權・可交易性篩選後,abn_attention_weekend
2019-12-08,106,0.004817674043317595,22,0.010512688875864163,21,-0.004857641004328534,21,-0.006381443501882718,21,0.07055823190306587,21,0.06574055785974828,0.42857142857142855,0.4090909090909091,0.41883116883116883,主測度 發文數｜市值加權・可交易性篩選後,abn_attention_weekend
2019-12-15,106,0.01642608117667633,22,0.017799208461713595,21,0.005608514125536349,21,0.0005078340071638669,21,-0.009503101330844477,21,-0.025929182507520805,0.5238095238095238,0.2727272727272727,0.39826839826839827,主測度 發文數｜市值加權・可交易性篩選後,abn_attention_weekend
2019-12-22,110,0.019385382185903084,22,-0.0008687424761487471,22,-0.0010724298172866214,22,0.0028148386818200146,22,0.007870657329961459,22,-0.011514724855941625,0.36363636363636365,0.3181818181818182,0.34090909090909094,主測度 發文數｜市值加權・可交易性篩選後,abn_attention_weekend
2019-12-29,107,0.010785226772808966,22,-0.002259610787077283,21,0.00809494999195724,21,0.006028623098691503,21,0.005394727316220676,22,-0.005390499456588291,0.5454545454545454,0.36363636363636365,0.45454545454545453,主測度 發文數｜市值加權・可交易性篩選後,abn_attention_weekend
2020-01-05,105,0.00606744882223451,21,-0.006423694252935249,21,-0.012213890387680056,21,-0.0004789789683373149,21,-0.038189920601909046,21,-0.04425736942414356,0.42857142857142855,0.38095238095238093,0.40476190476190477,主測度 發文數｜市值加權・可交易性篩選後,abn_attention_weekend
2020-01-12,107,-0.018858325107498977,22,0.011564705765314175,21,0.004715102463690331,21,0.006402673065483237,21,0.014850338082475491,22,0.03370866318997447,0.5454545454545454,0.45454545454545453,0.5,主測度 發文數｜市值加權・可交易性篩選後,abn_attention_weekend
2020-01-19,111,0.0017685416798826064,23,-0.002232861866316256,22,-0.002780394922237238,22,-0.0011254573534590314,22,-0.002155838973127596,22,-0.003924380653010202,0.5,0.30434782608695654,0.40217391304347827,主測度 發文數｜市值加權・可交易性篩選後,abn_attention_weekend
2020-01-26,73,-0.019782180080502216,15,-0.024107514133244207,14,-0.011294004724976096,15,-0.004075894738082675,14,-0.02306574591541529,15,-0.003283565834913075,0.5333333333333333,0.4,0.4666666666666667,主測度 發文數｜市值加權・可交易性篩選後,abn_attention_weekend
2020-02-02,109,0.03382609786294475,22,0.014600344670579512,22,0.015622670430348205,21,0.022450983887821817,22,0.04184403675757479,22,0.008017938894630039,0.5909090909090909,0.45454545454545453,0.5227272727272727,主測度 發文數｜市值加權・可交易性篩選後,abn_attention_weekend
2020-02-09,112,0.021264946338693108,23,0.011581293794388183,22,0.013934800970083153,22,0.0217536461032797,22,0.04287948772798781,23,0.0216145413892947,0.34782608695652173,0.30434782608695654,0.32608695652173914,主測度 發文數｜市值加權・可交易性篩選後,abn_attention_weekend
2020-02-16,111,-0.011855529946508915,23,-0.016145588971692618,22,0.00907260967119758,22,0.006312633083787447,22,0.007074822489641169,22,0.018930352436150086,0.4090909090909091,0.391304347826087,0.40019762845849804,主測度 發文數｜市值加權・可交易性篩選後,abn_attention_weekend
2020-02-23,110,-0.013291491325429911,22,-0.0051057940193349515,22,-0.018262234297555677,22,-0.017582532125981737,22,-0.021209562979942285,22,-0.007918071654512374,0.2727272727272727,0.2727272727272727,0.2727272727272727,主測度 發文數｜市值加權・可交易性篩選後,abn_attention_weekend
2020-03-01,108,0.025300909183971446,22,0.015255709695003816,21,0.01909324498770073,22,0.018190561093357687,21,0.023313511750203325,22,-0.0019873974337681205,0.5,0.5,0.5,主測度 發文數｜市值加權・可交易性篩選後,abn_attention_weekend
2020-03-08,106,-0.11888855800436167,22,-0.0736968312549637,21,-0.13366330830123493,21,-0.08004522034182104,21,-0.0678992018454756,21,0.05098935615888607,0.5238095238095238,0.4090909090909091,0.46645021645021645,主測度 發文數｜市值加權・可交易性篩選後,abn_attention_weekend
2020-03-15,115,-0.08744262824846066,23,-0.10324208468028219,23,-0.09085998989549937,23,-0.0881309232808059,23,-0.05002623050871842,23,0.037416397739742244,0.34782608695652173,0.2608695652173913,0.30434782608695654,主測度 發文數｜市值加權・可交易性篩選後,abn_attention_weekend
2020-03-22,113,0.11238820427610112,23,0.08496707849334237,22,0.06525083704144115,23,0.06766543039001971,22,0.06947079439150132,23,-0.0429174098845998,0.7391304347826086,0.43478260869565216,0.5869565217391304,主測度 發文數｜市值加權・可交易性篩選後,abn_attention_weekend
2020-03-29,113,0.026737370958513786,23,0.010885410429049731,22,0.025345269227900386,23,0.015792119923140953,22,0.022270405210588314,23,-0.004466965747925471,0.6956521739130435,0.5217391304347826,0.6086956521739131,主測度 發文數｜市值加權・可交易性篩選後,abn_attention_weekend
2020-04-05,97,0.03173920597767465,20,0.05383126220260725,19,0.03886244879572032,19,0.0520626484535857,19,0.033592892475096545,20,0.0018536864974218956,0.6,0.35,0.475,主測度 發文數｜市值加權・可交易性篩選後,abn_attention_weekend
2020-04-12,108,0.07954824810311226,22,0.03863142334640864,21,0.015982564819539358,22,0.010847743782897221,21,0.018255236283602486,22,-0.061293011819509774,0.5909090909090909,0.2727272727272727,0.4318181818181818,主測度 發文數｜市值加權・可交易性篩選後,abn_attention_weekend
2020-04-19,111,-0.012564517231901535,23,-0.025461336524642348,22,-0.016555787327226155,22,-0.014311478841683016,22,-0.041755538612790785,22,-0.029191021380889248,0.2727272727272727,0.17391304347826086,0.22332015810276679,主測度 發文數｜市值加權・可交易性篩選後,abn_attention_weekend
2020-04-26,106,0.03487830195205308,22,0.07258445796229379,21,0.05565300212774722,21,0.05122166461537236,21,0.031018131620281643,21,-0.0038601703317714398,0.2857142857142857,0.22727272727272727,0.2564935064935065,主測度 發文數｜市值加權・可交易性篩選後,abn_attention_weekend
2020-05-03,106,0.017929293614951276,22,0.033412922701118675,21,0.012918926003382803,21,0.013766982529279631,21,0.02109696978033327,21,0.003167676165381994,0.42857142857142855,0.36363636363636365,0.39610389610389607,主測度 發文數｜市值加權・可交易性篩選後,abn_attention_weekend
2020-05-10,108,-0.009818907704915853,22,-0.019457656816620438,21,-0.021849510927336856,22,-0.02384317857160135,21,-0.040809086559955035,22,-0.030990178855039182,0.5,0.36363636363636365,0.4318181818181818,主測度 發文數｜市值加權・可交易性篩選後,abn_attention_weekend
2020-05-17,106,0.009888731316506342,22,0.015904714864104726,21,0.028918234989095116,21,0.004480628351777382,21,0.0012838090806979187,21,-0.008604922235808422,0.47619047619047616,0.4090909090909091,0.4426406926406926,主測度 發文數｜市值加權・可交易性篩選後,abn_attention_weekend
2020-05-24,114,-0.007510437756296981,23,0.0025206117581724986,23,0.023969606094463095,22,0.008258593874144748,23,0.007417767143761332,23,0.014928204900058313,0.4782608695652174,0.34782608695652173,0.41304347826086957,主測度 發文數｜市值加權・可交易性篩選後,abn_attention_weekend
2020-05-31,110,0.052229345384732145,22,0.02594084509391857,22,0.03874236163871685,22,0.030981128509504713,22,0.05009536622448415,22,-0.0021339791602479966,0.5909090909090909,0.3181818181818182,0.4545454545454546,主測度 發文數｜市值加權・可交易性篩選後,abn_attention_weekend
2020-06-07,114,-0.02952929066544025,23,-0.008762769893735436,23,-0.038397605910375304,22,-0.015271865435377622,23,-0.004020465150442309,23,0.025508825514997942,0.6956521739130435,0.391304347826087,0.5434782608695652,主測度 發文數｜市值加權・可交易性篩選後,abn_attention_weekend
2020-06-14,111,0.004547023256961897,23,0.015754233113121567,22,-0.003947556913840803,22,0.01676251492037326,22,0.023884706703380134,22,0.019337683446418237,0.22727272727272727,0.21739130434782608,0.22233201581027667,主測度 發文數｜市值加權・可交易性篩選後,abn_attention_weekend
2020-06-21,111,0.013865746058958288,23,0.00284437921397904,22,-0.0070554333195759975,22,-0.010463115011464873,22,0.009633096186873141,22,-0.004232649872085147,0.3181818181818182,0.21739130434782608,0.26778656126482214,主測度 發文數｜市值加權・可交易性篩選後,abn_attention_weekend
2020-06-28,106,0.045112548910452674,22,0.024496964357942796,21,0.020477295606881014,21,0.03319551747048538,21,0.015374528703919962,21,-0.02973802020653271,0.42857142857142855,0.2727272727272727,0.35064935064935066,主測度 發文數｜市值加權・可交易性篩選後,abn_attention_weekend
2020-07-05,115,-0.005988005694524691,23,-0.0009160831701362638,23,-0.0052875578315057835,23,-0.000730137257793668,23,0.0384194926395956,23,0.04440749833412029,0.43478260869565216,0.21739130434782608,0.32608695652173914,主測度 發文數｜市值加權・可交易性篩選後,abn_attention_weekend
2020-07-12,119,-0.006075393292642546,24,0.0033669535622030907,24,-4.676249743749491e-05,23,0.005898067812460556,24,0.034387774151242494,24,0.04046316744388504,0.4583333333333333,0.4583333333333333,0.4583333333333333,主測度 發文數｜市值加權・可交易性篩選後,abn_attention_weekend
2020-07-19,120,-0.011214687049834995,24,-0.00656135322768878,24,-0.00014735631684310762,24,0.004587887224718442,24,0.031189612063748103,24,0.042404299113583094,0.2916666666666667,0.25,0.27083333333333337,主測度 發文數｜市值加權・可交易性篩選後,abn_attention_weekend
2020-07-26,119,0.006834509439119343,24,-0.022589635373083422,24,-0.022537848787757074,23,-0.00921693419273047,24,0.011219008559692555,24,0.004384499120573212,0.375,0.25,0.3125,主測度 發文數｜市值加權・可交易性篩選後,abn_attention_weekend
2020-08-02,116,0.015204253966357556,24,0.012229809177386237,23,0.025794019768607797,23,0.006688246573137993,23,0.02994553201813328,23,0.014741278051775724,0.391304347826087,0.375,0.38315217391304346,主測度 發文數｜市值加權・可交易性篩選後,abn_attention_weekend
2020-08-09,117,-0.003240817774401689,24,0.025262330056084005,23,0.020369133701767923,23,0.024681792174365197,23,-0.0010999755952137377,24,0.0021408421791879514,0.4166666666666667,0.3333333333333333,0.375,主測度 發文數｜市值加權・可交易性篩選後,abn_attention_weekend
2020-08-16,120,-0.009993528396067977,24,-0.005841385927075713,24,0.013690058144720291,24,-0.01179433299158544,24,-0.02295257879068744,24,-0.012959050394619464,0.25,0.20833333333333334,0.22916666666666669,主測度 發文數｜市值加權・可交易性篩選後,abn_attention_weekend
2020-08-23,120,0.0012455538715677166,24,0.0009692534124671583,24,0.024336982311956454,24,0.011843052128727176,24,0.016778954010623424,24,0.015533400139055707,0.5416666666666666,0.375,0.4583333333333333,主測度 發文數｜市值加權・可交易性篩選後,abn_attention_weekend
2020-08-30,120,-0.01749138764606044,24,-0.013189600985157281,24,0.01872367982608319,24,-0.009341152021348189,24,-0.017417537971967316,24,7.384967409312243e-05,0.5416666666666666,0.5416666666666666,0.5416666666666666,主測度 發文數｜市值加權・可交易性篩選後,abn_attention_weekend
2020-09-06,123,0.018303329485806485,25,0.0026777646619914747,24,-0.010586846340692437,25,-0.005077020121949557,24,0.004931276656874501,25,-0.013372052828931984,0.4,0.32,0.36,主測度 發文數｜市值加權・可交易性篩選後,abn_attention_weekend
2020-09-13,125,0.0009525241210456937,25,0.006888435162491225,25,0.028010558623744866,25,0.006846078126317942,25,0.022813073700184143,25,0.02186054957913845,0.32,0.24,0.28,主測度 發文數｜市值加權・可交易性篩選後,abn_attention_weekend
2020-09-20,124,-0.05035080727704869,25,-0.053712684373883886,25,-0.07131768061665664,24,-0.07401117470478236,25,-0.043780517137240516,25,0.0065702901398081714,0.28,0.16,0.22000000000000003,主測度 發文數｜市值加權・可交易性篩選後,abn_attention_weekend
2020-09-27,123,0.006147014839501716,25,0.028760629787922192,24,0.004708150716678244,25,0.0446096828763227,24,0.014727966230368364,25,0.008580951390866648,0.36,0.2,0.28,主測度 發文數｜市值加權・可交易性篩選後,abn_attention_weekend
2020-10-04,104,0.030520581797001164,21,0.009404238040996738,21,0.0226705442027999,20,0.025233644309341212,21,0.013694451016209875,21,-0.016826130780791287,0.47619047619047616,0.47619047619047616,0.47619047619047616,主測度 發文數｜市值加權・可交易性篩選後,abn_attention_weekend
2020-10-11,116,-0.01759148817528736,24,-0.019608002196992984,23,-0.0004100103428842978,23,-0.005378804583433504,23,-0.016071853961888385,23,0.0015196342133989744,0.4782608695652174,0.4583333333333333,0.4682971014492754,主測度 發文數｜市值加權・可交易性篩選後,abn_attention_weekend
2020-10-18,119,0.0018757362706615793,24,0.007777914861115291,24,0.017966943132316185,23,-0.0019403728616206207,24,0.0066966791818442025,24,0.004820942911182623,0.2916666666666667,0.25,0.27083333333333337,主測度 發文數｜市值加權・可交易性篩選後,abn_attention_weekend
2020-10-25,121,-0.04550899954727183,25,-0.0228643810026988,24,-0.012556577720413447,24,-0.005219255779883568,24,-0.02211854901318168,24,0.023390450534090154,0.4166666666666667,0.2,0.30833333333333335,主測度 發文數｜市值加權・可交易性篩選後,abn_attention_weekend
2020-11-01,122,0.04122978383096144,25,0.030416745733236876,24,0.015758950198368638,24,0.024915467009692098,24,0.02351014292871821,25,-0.017719640902243226,0.32,0.4,0.36,主測度 發文數｜市值加權・可交易性篩選後,abn_attention_weekend
2020-11-08,120,0.007871856897989417,24,0.060691090383525645,24,0.010262417953579007,24,0.006028113010828438,24,0.024777155791403913,24,0.016905298893414494,0.3333333333333333,0.20833333333333334,0.2708333333333333,主測度 發文數｜市值加權・可交易性篩選後,abn_attention_weekend
2020-11-15,124,0.026826955739051417,25,0.01856156734945733,25,0.008074646463026759,24,0.01881426511595029,25,0.03292581543873885,25,0.006098859699687431,0.36,0.24,0.3,主測度 發文數｜市值加權・可交易性篩選後,abn_attention_weekend
2020-11-22,124,0.0336404519284936,25,0.016737668348098856,25,0.017860189876462918,24,0.02449425114472852,25,-0.009432186386868813,25,-0.04307263831536241,0.36,0.28,0.32,主測度 發文數｜市值加權・可交易性篩選後,abn_attention_weekend
2020-11-29,125,0.026046134298352282,25,0.009844475074874896,25,-0.0033678788825871942,25,0.047066071520544144,25,0.023837377246100362,25,-0.0022087570522519202,0.4,0.36,0.38,主測度 發文數｜市值加權・可交易性篩選後,abn_attention_weekend
2020-12-06,126,0.002179147564196923,26,0.0068182844458963615,25,-0.015193447909666235,25,-0.014520510444102004,25,0.004632930663149874,25,0.002453783098952951,0.52,0.2692307692307692,0.3946153846153846,主測度 發文數｜市值加權・可交易性篩選後,abn_attention_weekend
2020-12-13,125,-0.0014456387101313608,25,-0.0006951203897627365,25,0.02737195651674358,25,0.0011578084982528712,25,-0.0003798803298620948,25,0.001065758380269266,0.32,0.2,0.26,主測度 發文數｜市值加權・可交易性篩選後,abn_attention_weekend
2020-12-20,121,0.0013307472122788247,25,0.01715063487372547,24,0.004651332064938211,24,-0.007669845232214892,24,0.02912880824922794,24,0.027798061036949116,0.4166666666666667,0.36,0.3883333333333333,主測度 發文數｜市值加權・可交易性篩選後,abn_attention_weekend
2020-12-27,129,0.017073217377174592,26,0.03384138580022137,26,0.011166110095613866,25,0.010467767653586561,26,0.029232229442218517,26,0.012159012065043925,0.34615384615384615,0.2692307692307692,0.3076923076923077,主測度 發文數｜市值加權・可交易性篩選後,abn_attention_weekend
2021-01-03,130,0.06825094159256544,26,0.0053059907382944005,26,-0.023668392479251007,26,0.008520010704319144,26,0.08461743048083548,26,0.01636648888827004,0.38461538461538464,0.3076923076923077,0.34615384615384615,主測度 發文數｜市值加權・可交易性篩選後,abn_attention_weekend
2021-01-10,129,-0.02695604900095456,26,0.02822274464421445,26,-0.04410790246071425,25,0.02271634122691583,26,0.026164135196593365,26,0.05312018419754792,0.38461538461538464,0.3076923076923077,0.34615384615384615,主測度 發文數｜市值加權・可交易性篩選後,abn_attention_weekend
2021-01-17,133,-0.019261381065022065,27,0.00413569700514997,26,-0.03344598042310411,27,0.00098786740401443,26,0.06194420310694323,27,0.0812055841719653,0.4074074074074074,0.25925925925925924,0.3333333333333333,主測度 發文數｜市值加權・可交易性篩選後,abn_attention_weekend
2021-01-24,130,-0.031613048822399306,26,-0.03915784399607603,26,-0.02508401660441188,26,-0.042919790386616835,26,-0.07599314912492641,26,-0.044380100302527106,0.38461538461538464,0.2692307692307692,0.3269230769230769,主測度 發文數｜市值加權・可交易性篩選後,abn_attention_weekend
2021-01-31,127,0.05062343041653535,26,0.024261705893256883,25,0.03377566743902414,25,0.01326316033284493,25,0.053062172368745844,26,0.0024387419522104922,0.5769230769230769,0.5,0.5384615384615384,主測度 發文數｜市值加權・可交易性篩選後,abn_attention_weekend
2021-02-21,122,-0.06764085968202209,25,0.0019728348877744617,24,0.02842238476429401,24,0.03569824689527294,24,0.013707425599089038,25,0.08134828528111113,0.64,0.6,0.62,主測度 發文數｜市值加權・可交易性篩選後,abn_attention_weekend
2021-02-28,136,-0.042790148363934986,28,-0.012514996652381375,27,-0.013562509023498136,27,0.0006440459992671628,27,-0.028261736745923385,27,0.014528411618011602,0.4074074074074074,0.2857142857142857,0.3465608465608465,主測度 發文數｜市值加權・可交易性篩選後,abn_attention_weekend
2021-03-07,124,0.01836049102860509,25,0.011711842394251286,25,0.01949052541851921,24,0.010211711657496592,25,0.021735320192994956,25,0.0033748291643898656,0.48,0.2,0.33999999999999997,主測度 發文數｜市值加權・可交易性篩選後,abn_attention_weekend
2021-03-14,128,-0.025835389140848864,26,0.0031587330597461693,25,-0.01143880758228847,26,-0.011961240551254287,25,-0.025104528157848863,26,0.0007308609830000007,0.34615384615384615,0.34615384615384615,0.34615384615384615,主測度 發文數｜市值加權・可交易性篩選後,abn_attention_weekend
2021-03-21,129,0.025081099303864623,26,0.033252905596490766,26,0.026053870216112687,25,0.025027465970940597,26,0.00721271581882292,26,-0.017868383485041703,0.7307692307692307,0.5,0.6153846153846154,主測度 發文數｜市值加權・可交易性篩選後,abn_attention_weekend
2021-03-28,128,-0.010049675836041563,26,0.003267217568879189,25,0.012034027747414291,26,0.025368850506885122,25,0.007642566105285968,26,0.01769224194132753,0.6923076923076923,0.5,0.5961538461538461,主測度 發文數｜市值加權・可交易性篩選後,abn_attention_weekend
2021-04-04,128,-0.0013522851513353105,26,0.01622464655498409,25,0.009111234009765273,26,0.02138541710367623,25,0.02254789546973301,26,0.023900180621068322,0.5769230769230769,0.46153846153846156,0.5192307692307692,主測度 發文數｜市值加權・可交易性篩選後,abn_attention_weekend
2021-04-11,130,0.002250910437177075,26,0.045351219353357355,26,0.06138153788641292,26,0.007688656134718149,26,0.10670149185715715,26,0.10445058141998007,0.6538461538461539,0.34615384615384615,0.5,主測度 發文數｜市值加權・可交易性篩選後,abn_attention_weekend
2021-04-18,140,0.013049101934052489,28,-0.0027953410816143136,28,0.025205382600815875,28,0.03565694563993559,28,0.00911625803699941,28,-0.003932843897053078,0.5357142857142857,0.32142857142857145,0.4285714285714286,主測度 發文數｜市值加權・可交易性篩選後,abn_attention_weekend
2021-04-25,142,-0.0067958020523656406,29,0.012882062408479028,28,0.020052547040480644,28,-0.018527667274417983,28,0.021949688107384676,29,0.028745490159750316,0.4482758620689655,0.3448275862068966,0.39655172413793105,主測度 發文數｜市值加權・可交易性篩選後,abn_attention_weekend
2021-05-02,143,0.006165007142249374,29,-0.007629139145956299,28,-0.027310506457139668,29,-0.05024603849961454,28,-0.020255151060177664,29,-0.02642015820242704,0.27586206896551724,0.2413793103448276,0.25862068965517243,主測度 發文數｜市值加權・可交易性篩選後,abn_attention_weekend
2021-05-09,143,-0.10748329841853409,29,-0.06729474153456674,28,-0.11125830799363942,29,-0.10396138768979693,28,-0.08194873460945647,29,0.02553456380907762,0.27586206896551724,0.1724137931034483,0.22413793103448276,主測度 發文數｜市值加權・可交易性篩選後,abn_attention_weekend
2021-05-16,148,0.08202112070560373,30,0.04826157024956901,29,0.0944980821701725,30,0.06856507150835066,29,0.06514799697751142,30,-0.016873123728092312,0.7333333333333333,0.26666666666666666,0.5,主測度 發文數｜市值加權・可交易性篩選後,abn_attention_weekend
2021-05-23,146,0.032770558427529906,30,0.03423030224886201,29,0.048618478322706396,29,0.06057629779702692,29,0.06691899991528326,29,0.03414844148775335,0.7586206896551724,0.6,0.6793103448275861,主測度 發文數｜市值加權・可交易性篩選後,abn_attention_weekend
2021-05-30,148,0.003917129052421165,30,0.04522914497290866,29,0.022608573294252265,30,0.006296803118775564,29,0.030732522036725878,30,0.026815392984304715,0.6666666666666666,0.5333333333333333,0.6,主測度 發文數｜市值加權・可交易性篩選後,abn_attention_weekend
2021-06-06,149,0.008581429129069475,30,-0.010815191848695073,30,-0.005668816315856842,29,-0.007647091958352756,30,-0.011792758828684389,30,-0.020374187957753864,0.5666666666666667,0.36666666666666664,0.4666666666666667,主測度 發文數｜市值加權・可交易性篩選後,abn_attention_weekend
2021-06-13,148,-0.003628808604512405,30,-0.03012952114599635,29,-0.013495091747348153,30,0.009757437924506628,29,0.08381043903808752,30,0.08743924764259993,0.5333333333333333,0.4666666666666667,0.5,主測度 發文數｜市值加權・可交易性篩選後,abn_attention_weekend
2021-06-20,144,0.041458721414512324,29,0.04451289162445657,29,0.05015677006989858,28,0.012540378344231518,29,0.006401611603506539,29,-0.035057109811005786,0.5517241379310345,0.2413793103448276,0.39655172413793105,主測度 發文數｜市值加權・可交易性篩選後,abn_attention_weekend
2021-06-27,149,0.008221776451863857,30,0.005774607921470687,30,0.004042952150314325,29,-0.005031001721143261,30,0.044328230254816386,30,0.03610645380295253,0.36666666666666664,0.23333333333333334,0.3,主測度 發文數｜市值加權・可交易性篩選後,abn_attention_weekend
2021-07-04,154,-0.0022764508418448093,31,-0.003590900502701657,31,-0.01890161941726747,30,0.011891296209920224,31,-0.016081232980313515,31,-0.013804782138468707,0.5161290322580645,0.3225806451612903,0.4193548387096774,主測度 發文數｜市值加權・可交易性篩選後,abn_attention_weekend
2021-07-11,158,-0.01050272055478477,32,-0.006133476071684091,31,-0.023980985347067513,32,0.0033066628840201645,31,-0.01518223474610499,32,-0.004679514191320219,0.5,0.3125,0.40625,主測度 發文數｜市值加權・可交易性篩選後,abn_attention_weekend
2021-07-18,155,-0.003993411405985038,31,-0.008868169445674137,31,-0.00700729200205872,31,0.005562965384706785,31,-0.0155865578294708,31,-0.011593146423485762,0.5161290322580645,0.45161290322580644,0.4838709677419355,主測度 發文數｜市值加權・可交易性篩選後,abn_attention_weekend
2021-07-25,158,-0.017066341910589474,32,-0.008500113156405987,31,-0.025549413590809852,32,0.001160659973252203,31,-0.025793859383521026,32,-0.008727517472931552,0.46875,0.375,0.421875,主測度 發文數｜市值加權・可交易性篩選後,abn_attention_weekend
2021-08-01,157,0.014569985431046735,32,-0.002682852445702411,31,-0.0008051572333691577,31,0.006853270389928516,31,0.026592879887706932,32,0.012022894456660197,0.5,0.28125,0.390625,主測度 發文數｜市值加權・可交易性篩選後,abn_attention_weekend
2021-08-08,150,-0.01725958779461575,30,-0.049379566185389905,30,-0.03609467098756336,30,-0.03865184945728731,30,-0.036815559911379754,30,-0.019555972116764003,0.5333333333333333,0.3333333333333333,0.43333333333333335,主測度 發文數｜市值加權・可交易性篩選後,abn_attention_weekend
2021-08-15,150,-0.04827364536848629,30,-0.05123709582162923,30,-0.0320150213685454,30,-0.03161191716691258,30,-0.026764158164172755,30,0.021509487204313532,0.43333333333333335,0.2,0.31666666666666665,主測度 發文數｜市值加權・可交易性篩選後,abn_attention_weekend
2021-08-22,153,0.029721150208167704,31,0.03141487665648639,30,0.039028813566595974,31,0.02722665551868894,30,0.06029336404621229,31,0.03057221383804459,0.3870967741935484,0.41935483870967744,0.4032258064516129,主測度 發文數｜市值加權・可交易性篩選後,abn_attention_weekend
2021-08-29,147,0.014108452166326816,30,0.02509616279060616,29,0.014052573203370096,29,-0.007916055665693046,29,0.02417908036058311,30,0.010070628194256295,0.6666666666666666,0.4666666666666667,0.5666666666666667,主測度 發文數｜市值加權・可交易性篩選後,abn_attention_weekend
2021-09-05,147,-0.0006383902793623297,30,-0.010721489528925082,29,-0.00747401352915109,29,-0.014501521128801221,29,0.00035754971160152264,30,0.0009959399909638524,0.4666666666666667,0.4,0.43333333333333335,主測度 發文數｜市值加權・可交易性篩選後,abn_attention_weekend
2021-09-12,144,-0.022603853556688314,29,0.00851444651796278,29,-0.0019050782495857695,28,-0.002382753760353699,29,-0.012931471460542288,29,0.009672382096146025,0.3103448275862069,0.3103448275862069,0.3103448275862069,主測度 發文數｜市值加權・可交易性篩選後,abn_attention_weekend
2021-09-19,143,0.02435979928272089,29,0.023107837110125987,28,0.015064886110296674,29,0.009775926260859522,28,0.014283677306147735,29,-0.010076121976573154,0.41379310344827586,0.41379310344827586,0.41379310344827586,主測度 發文數｜市值加權・可交易性篩選後,abn_attention_weekend
2021-09-26,135,-0.044158310689364565,27,-0.03440055301438994,27,-0.018097404112423485,27,-0.020354139936783013,27,-0.04937646786745286,27,-0.005218157178088295,0.18518518518518517,0.2222222222222222,0.2037037037037037,主測度 發文數｜市值加權・可交易性篩選後,abn_attention_weekend
2021-10-03,150,-0.0005548492082285821,30,0.0013488286119253544,30,-0.019588768810593557,30,0.0060702926415728406,30,-0.001990552070730873,30,-0.001435702862502291,0.5666666666666667,0.36666666666666664,0.4666666666666667,主測度 發文數｜市值加權・可交易性篩選後,abn_attention_weekend
2021-10-10,148,0.04054229439118491,30,0.01690647010470978,29,0.01511110787355279,30,0.0001722665439575118,29,0.0035897343461512225,30,-0.03695256004503369,0.4666666666666667,0.3333333333333333,0.4,主測度 發文數｜市值加權・可交易性篩選後,abn_attention_weekend
2021-10-17,144,-0.02155455765692,29,-0.009495903185461375,29,-0.005133197144888288,28,0.004540710663275316,29,-0.006979933536302729,29,0.014574624120617271,0.3793103448275862,0.3448275862068966,0.3620689655172414,主測度 發文數｜市值加權・可交易性篩選後,abn_attention_weekend
2021-10-24,151,0.012100783951729819,31,-0.002582587080111039,30,0.007629347826412333,30,0.01056353016578148,30,-0.009694191358028938,30,-0.021794975309758755,0.23333333333333334,0.22580645161290322,0.22956989247311826,主測度 發文數｜市值加權・可交易性篩選後,abn_attention_weekend
2021-10-31,147,0.01485503487052254,30,0.007248342425361503,29,0.013282550411928494,29,0.004474678414732241,29,0.019294596960821222,30,0.004439562090298681,0.26666666666666666,0.23333333333333334,0.25,主測度 發文數｜市值加權・可交易性篩選後,abn_attention_weekend
2021-11-07,150,0.0065497624116140725,30,0.01616243568246659,30,0.009516200365872463,30,0.002917433989297763,30,0.003831727269532092,30,-0.0027180351420819805,0.3,0.26666666666666666,0.2833333333333333,主測度 發文數｜市值加權・可交易性篩選後,abn_attention_weekend
2021-11-14,155,0.005818345777657338,31,-0.005988727367643664,31,-0.02616829435610881,31,-0.006392852953279714,31,0.019873979920220677,31,0.01405563414256334,0.45161290322580644,0.45161290322580644,0.45161290322580644,主測度 發文數｜市值加權・可交易性篩選後,abn_attention_weekend
2021-11-21,156,-0.03140620105704692,32,-0.014645515787424457,31,-0.008767536640006231,31,-0.021676000676322152,31,-0.02528898036162481,31,0.006117220695422108,0.22580645161290322,0.15625,0.19102822580645162,主測度 發文數｜市值加權・可交易性篩選後,abn_attention_weekend
2021-11-28,149,0.028199269044679308,30,0.00901512807313132,30,0.010545712482509108,29,0.02876127468704497,30,0.034202264460876146,30,0.006002995416196838,0.3,0.1,0.2,主測度 發文數｜市值加權・可交易性篩選後,abn_attention_weekend
2021-12-05,151,0.022360571431666282,31,0.008193221181934449,30,0.001518900334278871,30,0.009121919947737879,30,0.0007000365997944687,30,-0.021660534831871813,0.43333333333333335,0.3225806451612903,0.3779569892473118,主測度 發文數｜市值加權・可交易性篩選後,abn_attention_weekend
2021-12-12,149,-0.0006244486270612619,30,-0.012923129332615491,30,0.008931864370474624,29,-0.011287222965533427,30,-0.014149726166789044,30,-0.013525277539727782,0.5,0.3333333333333333,0.41666666666666663,主測度 發文數｜市值加權・可交易性篩選後,abn_attention_weekend
2021-12-19,150,0.010734723209913031,30,0.01760276823691474,30,0.013703629745448587,30,0.0406525376991323,30,-0.002202849340865867,30,-0.012937572550778898,0.3,0.3,0.3,主測度 發文數｜市值加權・可交易性篩選後,abn_attention_weekend
2021-12-26,145,0.015782654358856674,29,-0.00535165124480821,29,0.005574850254902703,29,0.004227908909989488,29,0.0015502925928022697,29,-0.014232361766054405,0.20689655172413793,0.20689655172413793,0.20689655172413793,主測度 發文數｜市值加權・可交易性篩選後,abn_attention_weekend
2022-01-02,147,0.016282643876722864,30,0.00529768286052688,29,-0.03017002454136651,29,-0.026230566054916568,29,-0.029226299580591572,30,-0.04550894345731443,0.3,0.2,0.25,主測度 發文數｜市值加權・可交易性篩選後,abn_attention_weekend
2022-01-09,151,-0.008017106390479353,31,0.008163058407625236,30,-0.005860081292875282,30,-0.022412606634359705,30,0.06226993289150882,30,0.07028703928198818,0.3,0.3548387096774194,0.32741935483870965,主測度 發文數｜市值加權・可交易性篩選後,abn_attention_weekend
2022-01-16,154,-0.05318796720913996,31,-0.020516361541655828,31,-0.01684775267086085,30,0.0031169771891319787,31,-0.04007527787401339,31,0.01311268933512657,0.3870967741935484,0.3548387096774194,0.3709677419354839,主測度 發文數｜市值加權・可交易性篩選後,abn_attention_weekend
2022-01-23,148,-0.02230790976313227,30,-0.005986714806794431,29,-0.016492872339108268,30,-0.009127281029266448,29,-0.007060566714184383,30,0.015247343048947887,0.4,0.26666666666666666,0.33333333333333337,主測度 發文數｜市值加權・可交易性篩選後,abn_attention_weekend
2022-02-13,151,0.015382405625962667,31,0.013971196977378591,30,-0.00189049064152919,30,0.010317896600660296,30,-0.0011707824994236695,30,-0.016553188125386337,0.4666666666666667,0.5161290322580645,0.4913978494623656,主測度 發文數｜市值加權・可交易性篩選後,abn_attention_weekend
2022-02-20,149,-0.01225303689405397,30,-0.008646184612262147,30,-0.019013478143979492,29,-0.020003226795955825,30,-0.04403857572727817,30,-0.0317855388332242,0.5,0.4666666666666667,0.48333333333333334,主測度 發文數｜市值加權・可交易性篩選後,abn_attention_weekend
2022-02-27,155,0.0037387476999374883,31,0.014737105529598015,31,0.010857521860230262,31,-0.0012167501141005057,31,0.0005643745430400019,31,-0.0031743731568974866,0.25806451612903225,0.1935483870967742,0.22580645161290322,主測度 發文數｜市值加權・可交易性篩選後,abn_attention_weekend
2022-03-06,148,-0.009229943538786313,30,-0.014051145701313716,29,-0.00017654158386058214,30,-0.013809588647074387,29,-0.0041086895852306664,30,0.005121253953555647,0.26666666666666666,0.13333333333333333,0.2,主測度 發文數｜市值加權・可交易性篩選後,abn_attention_weekend
2022-03-13,157,0.002056391233247176,32,0.006095256337879279,31,0.007473303153720131,31,0.02314420170842321,31,0.009431272057779268,32,0.007374880824532092,0.40625,0.34375,0.375,主測度 發文數｜市值加權・可交易性篩選後,abn_attention_weekend
2022-03-20,153,0.018489114602429645,31,0.00845391284372786,30,0.008740447122285371,31,0.0050152958587473305,30,-0.016260944245884448,31,-0.03475005884831409,0.22580645161290322,0.16129032258064516,0.1935483870967742,主測度 發文數｜市值加權・可交易性篩選後,abn_attention_weekend
2022-03-27,156,0.015791901522591006,32,0.009082571229124713,31,0.012028637814123364,31,0.010865291972581795,31,0.011683404001319033,31,-0.004108497521271973,0.6451612903225806,0.5,0.5725806451612903,主測度 發文數｜市值加權・可交易性篩選後,abn_attention_weekend
2022-04-03,157,-0.004668230995926531,32,-0.008176548781736894,31,-0.003532580758401733,31,-0.01993426278200271,31,-0.015090035393652376,32,-0.010421804397725845,0.71875,0.46875,0.59375,主測度 發文數｜市值加權・可交易性篩選後,abn_attention_weekend
2022-04-10,150,-0.009527423226894384,30,-0.01948258405353389,30,0.056567845961133796,30,-0.032228309866266194,30,-0.003942632307903587,30,0.005584790918990797,0.2,0.13333333333333333,0.16666666666666669,主測度 發文數｜市值加權・可交易性篩選後,abn_attention_weekend
2022-04-17,158,0.010308052034349403,32,0.005462619632833216,31,0.04059547766728279,32,0.007410543389422447,31,0.0005373013721852733,32,-0.00977075066216413,0.34375,0.25,0.296875,主測度 發文數｜市值加權・可交易性篩選後,abn_attention_weekend
2022-04-24,154,-0.014749023716154148,31,-0.0020090639508094266,31,-0.038839099508625775,30,-0.013768901570986536,31,-0.015362225554775318,31,-0.0006132018386211698,0.45161290322580644,0.22580645161290322,0.3387096774193548,主測度 發文數｜市值加權・可交易性篩選後,abn_attention_weekend
2022-05-01,157,-0.012062762247312701,32,-0.0058404401585635925,31,-0.01692037999086223,31,0.008145023555766927,31,-0.01269138407237602,32,-0.0006286218250633191,0.375,0.25,0.3125,主測度 發文數｜市值加權・可交易性篩選後,abn_attention_weekend
2022-05-08,145,-0.023142736943107704,29,-0.029656331643698304,29,-0.04421284002448989,29,-0.04649650046990675,29,-0.03207695332508306,29,-0.00893421638197536,0.4482758620689655,0.3103448275862069,0.3793103448275862,主測度 發文數｜市值加權・可交易性篩選後,abn_attention_weekend
2022-05-15,157,0.01614695758033895,32,0.005099696193725879,31,0.014396819715577349,31,0.010220756793298128,31,-0.007898460432667906,32,-0.02404541801300686,0.53125,0.40625,0.46875,主測度 發文數｜市值加權・可交易性篩選後,abn_attention_weekend
2022-05-22,146,0.01295150330144388,30,0.0006029502885818713,29,-0.002400833259144506,29,-0.004924199639453147,29,0.00043487721059766666,29,-0.012516626090846214,0.3793103448275862,0.26666666666666666,0.32298850574712645,主測度 發文數｜市值加權・可交易性篩選後,abn_attention_weekend
2022-05-29,141,0.0014462201113627894,29,0.00872643358410921,28,0.003177899826811453,28,0.00933029354291469,28,0.007060997216180458,28,0.005614777104817669,0.39285714285714285,0.3103448275862069,0.3516009852216749,主測度 發文數｜市值加權・可交易性篩選後,abn_attention_weekend
2022-06-05,141,-0.021243401416440582,29,-0.0008412627849884308,28,-0.011654003559597167,28,-0.007885337805715705,28,-0.0017088470339533793,28,0.019534554382487204,0.39285714285714285,0.27586206896551724,0.33435960591133007,主測度 發文數｜市值加權・可交易性篩選後,abn_attention_weekend
2022-06-12,142,-0.03038813032906566,29,-0.014071599050604842,28,-0.03519743277991429,28,-0.02862444201600189,28,-0.016289687725884183,29,0.014098442603181476,0.41379310344827586,0.2413793103448276,0.3275862068965517,主測度 發文數｜市值加權・可交易性篩選後,abn_attention_weekend
2022-06-19,149,-0.045523665331047736,30,-0.021227425601056345,30,-0.002461199597031338,29,-0.02066913982165181,30,-0.008301553569579602,30,0.037222111761468134,0.3,0.23333333333333334,0.26666666666666666,主測度 發文數｜市值加權・可交易性篩選後,abn_attention_weekend
2022-06-26,153,-0.03287725297777442,31,-0.027691590910842365,30,-0.06595259120434198,31,-0.08662038781583106,30,-0.07571345113423605,31,-0.042836198156461634,0.3225806451612903,0.3225806451612903,0.3225806451612903,主測度 發文數｜市值加權・可交易性篩選後,abn_attention_weekend
2022-07-03,150,0.034271368359023384,30,-0.09353413822906813,30,0.018367690047113548,30,0.010742946791322476,30,0.044577261946012484,30,0.0103058935869891,0.23333333333333334,0.2,0.21666666666666667,主測度 發文數｜市值加權・可交易性篩選後,abn_attention_weekend
2022-07-10,147,-0.012012465371210937,30,0.047104884883950406,29,-0.013849004595403218,29,0.006545150752539587,29,-0.004253607870349058,30,0.007758857500861879,0.3333333333333333,0.26666666666666666,0.3,主測度 發文數｜市值加權・可交易性篩選後,abn_attention_weekend
2022-07-17,144,0.02365348085380517,29,0.032153651599141325,29,0.03605672648456357,28,0.019925745485908367,29,0.0177709955061363,29,-0.005882485347668869,0.4482758620689655,0.3448275862068966,0.39655172413793105,主測度 發文數｜市值加權・可交易性篩選後,abn_attention_weekend
2022-07-24,143,0.03112178779134443,29,0.02475265843900256,28,0.009004952095417731,29,0.025323518840749928,28,0.013763606782165795,29,-0.017358181009178634,0.27586206896551724,0.20689655172413793,0.24137931034482757,主測度 發文數｜市值加權・可交易性篩選後,abn_attention_weekend
2022-07-31,139,0.014102547295823336,28,-0.01518932547997388,28,-0.014392085252111166,27,-0.005251696730516403,28,0.003508119246509143,28,-0.010594428049314193,0.25,0.25,0.25,主測度 發文數｜市值加權・可交易性篩選後,abn_attention_weekend
2022-08-07,144,0.025148191153005043,29,0.017977549066838232,29,0.027512961097973323,28,0.02558859543930588,29,0.024061166359048976,29,-0.0010870247939560665,0.2413793103448276,0.27586206896551724,0.25862068965517243,主測度 發文數｜市值加權・可交易性篩選後,abn_attention_weekend
2022-08-14,137,-0.002596040335666521,28,0.00904417948470128,27,0.02664000038113368,27,0.003713877023686846,27,0.0013949233723054108,28,0.003990963707971932,0.32142857142857145,0.35714285714285715,0.3392857142857143,主測度 發文數｜市值加權・可交易性篩選後,abn_attention_weekend
2022-08-21,140,0.0014698557287432744,28,0.019722848374497226,28,0.015096552966265903,28,0.018769220895000674,28,0.005454881808133358,28,0.003985026079390084,0.4642857142857143,0.2857142857142857,0.375,主測度 發文數｜市值加權・可交易性篩選後,abn_attention_weekend
2022-08-28,137,-0.019172259311732,28,-0.008542097441173997,27,0.009297046161064994,27,-0.004707341718935978,27,-0.022128719912630598,28,-0.0029564606008985993,0.5357142857142857,0.42857142857142855,0.4821428571428571,主測度 發文數｜市值加權・可交易性篩選後,abn_attention_weekend
2022-09-04,137,-0.014381473139643818,28,0.00803026574570127,27,-0.023443024900797412,27,-0.00561274392185145,27,0.009676565510354136,28,0.024058038649997955,0.42857142857142855,0.39285714285714285,0.4107142857142857,主測度 發文數｜市值加權・可交易性篩選後,abn_attention_weekend
2022-09-11,136,-0.016300619388703513,28,-0.021356216672845096,27,-0.013217453377703973,27,0.02910159410397613,27,-0.006036663371807163,27,0.01026395601689635,0.2962962962962963,0.2857142857142857,0.291005291005291,主測度 發文數｜市值加權・可交易性篩選後,abn_attention_weekend
2022-09-18,134,-0.018485242138038482,27,-0.008114729294658373,27,-0.030197191052473475,26,-0.054385790229138836,27,-0.03635732851841028,27,-0.0178720863803718,0.25925925925925924,0.18518518518518517,0.2222222222222222,主測度 發文數｜市值加權・可交易性篩選後,abn_attention_weekend
2022-09-25,134,-0.007226016583861335,27,-0.006528252138221404,27,-0.04015234599528366,26,-0.034670507017602936,27,-0.04661680554697913,27,-0.0393907889631178,0.25925925925925924,0.14814814814814814,0.2037037037037037,主測度 發文數｜市值加權・可交易性篩選後,abn_attention_weekend
2022-10-02,138,0.027156658690533683,28,0.006203328044718753,27,0.0392302242131868,28,0.033134133943338286,27,0.047675132023593005,28,0.020518473333059322,0.21428571428571427,0.17857142857142858,0.19642857142857142,主測度 發文數｜市值加權・可交易性篩選後,abn_attention_weekend
2022-10-09,133,-0.01696645617612156,27,-0.00573792731899105,26,-0.02870187590878418,27,-0.012204640589479381,26,0.009751925772287366,27,0.026718381948408927,0.2222222222222222,0.18518518518518517,0.2037037037037037,主測度 發文數｜市值加權・可交易性篩選後,abn_attention_weekend
2022-10-16,133,0.0071300820391692705,27,-0.0028131807514506515,26,-0.0015555289488221851,27,-0.015321243817584438,26,-0.022143328290120556,27,-0.029273410329289828,0.25925925925925924,0.18518518518518517,0.2222222222222222,主測度 發文數｜市值加權・可交易性篩選後,abn_attention_weekend
2022-10-23,129,-0.03320430923346126,26,-0.01745086516000242,26,-0.0037089589565366915,25,-0.03243181943021102,26,-0.01330988794143769,26,0.019894421292023567,0.4230769230769231,0.4230769230769231,0.4230769230769231,主測度 發文數｜市值加權・可交易性篩選後,abn_attention_weekend
2022-10-30,129,-0.006690578630732139,26,0.008211272757857425,26,0.00951555295423598,25,0.03422534607874335,26,0.008708074270068188,26,0.015398652900800327,0.5,0.4230769230769231,0.46153846153846156,主測度 發文數｜市值加權・可交易性篩選後,abn_attention_weekend
2022-11-06,120,0.040417836708782455,24,0.0386653886404592,24,0.05648084892005114,24,0.03522034254806668,24,0.10087756244841309,24,0.06045972573963063,0.3333333333333333,0.3333333333333333,0.3333333333333333,主測度 發文數｜市值加權・可交易性篩選後,abn_attention_weekend
2022-11-13,131,0.06137581431085847,27,0.007942577552983441,26,0.014639606645449471,26,0.020693560673595127,26,0.005995448711862069,26,-0.0553803655989964,0.34615384615384615,0.2962962962962963,0.3212250712250712,主測度 發文數｜市值加權・可交易性篩選後,abn_attention_weekend
2022-11-20,132,0.015293140784003737,27,0.01568946106426794,26,0.023559002071272064,26,0.018185822035151306,26,0.021918972398955593,27,0.0066258316149518555,0.25925925925925924,0.2222222222222222,0.24074074074074073,主測度 發文數｜市值加權・可交易性篩選後,abn_attention_weekend
2022-11-27,126,0.017677279073095034,26,0.019458643536567517,25,0.060528630529638694,25,0.03608649162593303,25,0.009134965177228413,25,-0.008542313895866622,0.16,0.15384615384615385,0.15692307692307694,主測度 發文數｜市值加權・可交易性篩選後,abn_attention_weekend
2022-12-04,125,-0.01809622157487661,25,-0.0292596773006232,25,-0.021547568922410974,25,-0.030769107007464238,25,-0.01819198169925979,25,-9.576012438317766e-05,0.36,0.2,0.28,主測度 發文數｜市值加權・可交易性篩選後,abn_attention_weekend
2022-12-11,126,-0.003042093514823621,26,-0.0039971239436639395,25,0.005619412663486007,25,0.006577807988731193,25,-0.00023084405345174958,25,0.0028112494613718713,0.32,0.2692307692307692,0.2946153846153846,主測度 發文數｜市值加權・可交易性篩選後,abn_attention_weekend
2022-12-18,125,0.004137277968603117,25,-0.004695138608317142,25,-0.025892019528726967,25,-0.021385838709188875,25,-0.01829371823201018,25,-0.022430996200613295,0.24,0.16,0.2,主測度 發文數｜市值加權・可交易性篩選後,abn_attention_weekend
2022-12-25,124,-0.013217199055081518,25,0.005425818645692634,25,-0.006768503161380428,24,-0.0002710513766849817,25,-0.009433730695065876,25,0.003783468360015642,0.36,0.36,0.36,主測度 發文數｜市值加權・可交易性篩選後,abn_attention_weekend
2023-01-01,124,0.026635389387652253,25,0.015565777450817664,25,0.019392950552224324,24,-0.0003283256139520724,25,-0.003377393114484629,25,-0.030012782502136882,0.4,0.36,0.38,主測度 發文數｜市值加權・可交易性篩選後,abn_attention_weekend
2023-01-08,117,0.055969702607084344,24,0.004996670326238376,23,-0.00960710943209534,23,-0.00012908628033250384,23,0.009311924248571185,24,-0.04665777835851316,0.4166666666666667,0.16666666666666666,0.2916666666666667,主測度 發文數｜市值加權・可交易性篩選後,abn_attention_weekend
2023-01-15,127,-0.0002853906142182953,26,0.004700479643024004,25,0.010914695398698401,25,-0.0017145911133767148,25,-0.004277157955996381,26,-0.003991767341778086,0.4230769230769231,0.38461538461538464,0.40384615384615385,主測度 發文數｜市值加權・可交易性篩選後,abn_attention_weekend
2023-02-05,123,-0.01204237630452625,25,0.0008168950759715333,24,-0.020641980020942738,25,-0.002803249101333546,24,0.02141858695084754,25,0.03346096325537379,0.2,0.36,0.28,主測度 發文數｜市值加權・可交易性篩選後,abn_attention_weekend
2023-02-12,124,-0.033349435099204176,25,0.012558590772083494,25,0.014675275806658852,24,0.02304806066319717,25,0.02128099869407192,25,0.0546304337932761,0.24,0.12,0.18,主測度 發文數｜市值加權・可交易性篩選後,abn_attention_weekend
2023-02-19,123,-0.003493645489731283,25,-0.00035023877474669876,24,0.020353381512086384,25,0.005888381858436635,24,0.009949590332783576,25,0.01344323582251486,0.4,0.28,0.34,主測度 發文數｜市值加權・可交易性篩選後,abn_attention_weekend
2023-02-26,126,0.02197392767622506,26,0.010162954346101236,25,0.004452431092410723,25,0.009436598643152463,25,0.011886183733860098,25,-0.010087743942364962,0.44,0.4230769230769231,0.43153846153846154,主測度 發文數｜市值加權・可交易性篩選後,abn_attention_weekend
2023-03-05,121,-0.012378543429854536,25,-0.012775100033414703,24,-0.003467609682888548,24,-0.015165562269031665,24,-0.014608089202966176,24,-0.00222954577311164,0.25,0.16,0.20500000000000002,主測度 發文數｜市值加權・可交易性篩選後,abn_attention_weekend
2023-03-12,131,0.013847539124907137,27,-0.0013195772341644488,26,-0.009427509951619896,26,-0.01727653325843385,26,-0.028538677334741337,26,-0.042386216459648476,0.3076923076923077,0.25925925925925924,0.2834757834757835,主測度 發文數｜市值加權・可交易性篩選後,abn_attention_weekend
2023-03-19,131,0.00885583752106342,27,0.017547364071422288,26,0.04853026584677677,26,0.035931436524933434,26,0.040492634889666576,26,0.031636797368603156,0.2692307692307692,0.2962962962962963,0.2827635327635327,主測度 發文數｜市值加權・可交易性篩選後,abn_attention_weekend
2023-03-26,130,-0.00017807661759790657,26,0.0057063068538254005,26,0.0021529548622188826,26,-0.0023853950392132145,26,-0.004938346985881921,26,-0.004760270368284014,0.38461538461538464,0.3076923076923077,0.34615384615384615,主測度 發文數｜市值加權・可交易性篩選後,abn_attention_weekend
2023-04-02,128,-0.00657642293907809,26,-0.0021664801692143107,25,0.016958415825876875,26,-0.0012875243799124487,25,0.0026379357641697016,26,0.009214358703247792,0.3076923076923077,0.3076923076923077,0.3076923076923077,主測度 發文數｜市值加權・可交易性篩選後,abn_attention_weekend
2023-04-09,110,0.01958913543788845,22,0.008976283266359568,22,0.03481023894479727,22,0.03883573209359574,22,-0.02235005154032091,22,-0.04193918697820936,0.3181818181818182,0.13636363636363635,0.22727272727272727,主測度 發文數｜市值加權・可交易性篩選後,abn_attention_weekend
2023-04-16,135,-0.0325640126848245,27,-0.012015619590875897,27,-0.018834662817733654,27,-0.03499028691536076,27,-0.015557625098388173,27,0.017006387586436328,0.48148148148148145,0.37037037037037035,0.42592592592592593,主測度 發文數｜市值加權・可交易性篩選後,abn_attention_weekend
2023-04-23,132,-0.008400162327801209,27,0.009457605103507792,26,0.0017669942910294896,26,0.007158221325778754,26,-0.0034454086518703997,27,0.004954753675930809,0.4074074074074074,0.3333333333333333,0.37037037037037035,主測度 發文數｜市值加權・可交易性篩選後,abn_attention_weekend
2023-04-30,128,0.001125420850053534,26,0.004312508011329223,25,-0.005087285039154821,26,0.005542883628319662,25,-0.01322512086759378,26,-0.014350541717647314,0.38461538461538464,0.34615384615384615,0.3653846153846154,主測度 發文數｜市值加權・可交易性篩選後,abn_attention_weekend
2023-05-07,126,-0.022177834632872595,26,-0.011088587449575641,25,-0.04228101824069663,25,-0.0011608194627101397,25,-0.023857443119554074,25,-0.001679608486681479,0.28,0.23076923076923078,0.25538461538461543,主測度 發文數｜市值加權・可交易性篩選後,abn_attention_weekend
2023-05-14,128,0.061417699895681625,26,0.03295705398634363,25,0.02144348896209028,26,0.025360497692477658,25,0.02378717910902163,26,-0.037630520786659995,0.2692307692307692,0.23076923076923078,0.25,主測度 發文數｜市值加權・可交易性篩選後,abn_attention_weekend
2023-05-21,126,0.0521507265214858,26,-0.006319829668109675,25,-0.012669207331233053,25,-0.0038740293980904263,25,-0.00292518579665007,25,-0.05507591231813587,0.32,0.3076923076923077,0.3138461538461539,主測度 發文數｜市值加權・可交易性篩選後,abn_attention_weekend
2023-05-28,125,0.0017765927404380672,25,0.0030656729481670203,25,0.023888022589635304,25,0.012749003516625826,25,-0.012793208726254678,25,-0.014569801466692745,0.32,0.24,0.28,主測度 發文數｜市值加權・可交易性篩選後,abn_attention_weekend
2023-06-04,127,0.006284045791488722,26,0.011983111499898277,25,0.004900525719997741,25,0.005504821397237775,25,0.008105911870482816,26,0.0018218660789940944,0.23076923076923078,0.19230769230769232,0.21153846153846156,主測度 發文數｜市值加權・可交易性篩選後,abn_attention_weekend
2023-06-11,130,0.030285650790844106,26,0.0041632183784105214,26,0.023662441172333293,26,0.00660931053429484,26,0.03711206335363993,26,0.006826412562795824,0.23076923076923078,0.2692307692307692,0.25,主測度 發文數｜市值加權・可交易性篩選後,abn_attention_weekend
2023-06-18,130,0.0039328878618090915,26,-0.001467062687478009,26,-0.0029368506231159633,26,-0.00043385522508353154,26,-0.001843189057419714,26,-0.005776076919228806,0.5769230769230769,0.4230769230769231,0.5,主測度 發文數｜市值加權・可交易性篩選後,abn_attention_weekend
2023-06-25,119,-0.0127550881377029,24,-0.017562890363790357,24,-0.019337090494988187,23,-0.003366765252581056,24,-0.000515758384219248,24,0.012239329753483652,0.4583333333333333,0.4583333333333333,0.4583333333333333,主測度 發文數｜市值加權・可交易性篩選後,abn_attention_weekend
2023-07-02,124,-0.024749907855711337,25,-0.036750299640453385,25,-0.020978835375021876,24,-0.003981099381071898,25,-0.00513782059116408,25,0.019612087264547256,0.28,0.24,0.26,主測度 發文數｜市值加權・可交易性篩選後,abn_attention_weekend
2023-07-09,124,0.04030515022401902,25,0.01883018278772411,25,-0.0032033340575857946,24,0.012053177089709922,25,0.012205634804392771,25,-0.028099515419626245,0.16,0.2,0.18,主測度 發文數｜市值加權・可交易性篩選後,abn_attention_weekend
2023-07-16,127,-0.04159543095288553,26,-0.0028403109364502567,25,0.00433046863774279,25,-0.01901132307520386,25,-0.020791554238633634,26,0.020803876714251896,0.2692307692307692,0.2692307692307692,0.2692307692307692,主測度 發文數｜市值加權・可交易性篩選後,abn_attention_weekend
2023-07-23,128,0.01783283283361393,26,2.2551911438501788e-05,25,0.016941838981591482,26,0.014635091224240967,25,0.018231665020370855,26,0.00039883218675692417,0.3076923076923077,0.2692307692307692,0.28846153846153844,主測度 發文數｜市值加權・可交易性篩選後,abn_attention_weekend
2023-07-30,126,-0.031173156163142757,26,-0.008814692922830639,25,-0.022514958337960994,25,-0.02967326854154538,25,-0.0073696786372473636,25,0.023803477525895393,0.32,0.3076923076923077,0.3138461538461539,主測度 發文數｜市值加權・可交易性篩選後,abn_attention_weekend
2023-08-06,123,-0.010576607704493753,25,-0.01234586628607554,24,-0.057816338902896953,25,-0.011575682934796239,24,-0.019867676750372903,25,-0.00929106904587915,0.44,0.24,0.33999999999999997,主測度 發文數｜市值加權・可交易性篩選後,abn_attention_weekend
2023-08-13,129,-0.02209991447275404,26,-0.0049534046064753055,26,-0.008936628760387559,25,-0.013980091021017004,26,-0.031279630901301904,26,-0.009179716428547865,0.4230769230769231,0.2692307692307692,0.34615384615384615,主測度 發文數｜市值加權・可交易性篩選後,abn_attention_weekend
2023-08-20,135,-0.000603926552801325,27,-0.011275894333513873,27,-0.011464070351529684,27,0.006739678436182043,27,0.002720091328452247,27,0.003324017881253572,0.3333333333333333,0.2222222222222222,0.2777777777777778,主測度 發文數｜市值加權・可交易性篩選後,abn_attention_weekend
2023-08-27,125,0.0010253319726215083,25,0.022983216706717435,25,0.04500800138628354,25,0.01227446904351587,25,0.0024068381019403525,25,0.0013815061293188443,0.24,0.2,0.22,主測度 發文數｜市值加權・可交易性篩選後,abn_attention_weekend
2023-09-03,121,-0.015382404310978657,25,-0.0004896312522981581,24,-0.019196885704748312,24,0.013413273013736437,24,-0.011059146701342925,24,0.004323257609635731,0.2916666666666667,0.2,0.24583333333333335,主測度 發文數｜市值加權・可交易性篩選後,abn_attention_weekend
2023-09-10,123,0.03330266522827525,25,0.021695879460229623,24,0.02082723885045771,25,0.013987303459142853,24,0.015981327006924888,25,-0.01732133822135036,0.32,0.24,0.28,主測度 發文數｜市值加權・可交易性篩選後,abn_attention_weekend
2023-09-17,126,-0.019476542263660385,26,-0.008136979707034014,25,-0.01304981049244268,25,-0.016823584760342625,25,-0.044562647444292405,25,-0.02508610518063202,0.36,0.3076923076923077,0.33384615384615385,主測度 發文數｜市值加權・可交易性篩選後,abn_attention_weekend
2023-09-24,127,-0.01190356999347575,26,0.010173810612721214,25,0.004889986051996229,25,-0.009275595810329888,25,0.0015797374390413945,26,0.013483307432517145,0.2692307692307692,0.2692307692307692,0.2692307692307692,主測度 發文數｜市值加權・可交易性篩選後,abn_attention_weekend
2023-10-01,113,-0.006591683477657462,23,-0.001245851403768887,22,-0.007870346395382703,23,-0.0004709737047863358,22,0.0032325385129771496,23,0.009824221990634612,0.17391304347826086,0.17391304347826086,0.17391304347826086,主測度 發文數｜市值加權・可交易性篩選後,abn_attention_weekend
2023-10-08,122,0.012978844363875768,25,-0.006809171900076135,24,-0.006146198720272721,24,0.00161828636167919,24,-0.0008765677841100054,25,-0.013855412147985774,0.28,0.28,0.28,主測度 發文數｜市值加權・可交易性篩選後,abn_attention_weekend
2023-10-15,114,-0.010763056076469003,23,-0.030711939235201824,23,-0.03791318619280213,22,-0.041411643028275574,23,0.011169892562688324,23,0.021932948639157325,0.2608695652173913,0.21739130434782608,0.2391304347826087,主測度 發文數｜市值加權・可交易性篩選後,abn_attention_weekend
2023-10-22,126,-0.006132341945801784,26,0.005149519528274375,25,-0.021769768945350425,25,-0.010910407848114811,25,-0.0320973842614637,25,-0.025965042315661914,0.32,0.23076923076923078,0.2753846153846154,主測度 發文數｜市值加權・可交易性篩選後,abn_attention_weekend
2023-10-29,119,0.03274832980487279,24,0.02024569238806572,24,-0.007965371028353029,23,0.010463900288098831,24,0.001771122902055054,24,-0.030977206902817737,0.375,0.3333333333333333,0.35416666666666663,主測度 發文數｜市值加權・可交易性篩選後,abn_attention_weekend
2023-11-05,120,-0.009957273192113656,24,0.005432052679504886,24,0.01012521463807534,24,-0.02069994843860695,24,0.0019670167730581048,24,0.01192428996517176,0.16666666666666666,0.20833333333333334,0.1875,主測度 發文數｜市值加權・可交易性篩選後,abn_attention_weekend
2023-11-12,122,0.01810283032270201,25,0.03272634814871994,24,0.02573944868612847,24,0.018324505708531377,24,0.006384554934206145,25,-0.011718275388495866,0.24,0.32,0.28,主測度 發文數｜市值加權・可交易性篩選後,abn_attention_weekend
2023-11-19,128,0.0009421681781577803,26,0.012938126040447724,25,0.017056199250784203,26,0.008265480858439903,25,0.0017718728402795854,26,0.0008297046621218051,0.23076923076923078,0.23076923076923078,0.23076923076923078,主測度 發文數｜市值加權・可交易性篩選後,abn_attention_weekend
2023-11-26,129,0.008099220398127898,26,-0.0020251036374582332,26,0.017003767112482776,25,0.005585644706179298,26,0.00012544189872848498,26,-0.007973778499399413,0.3076923076923077,0.11538461538461539,0.21153846153846156,主測度 發文數｜市值加權・可交易性篩選後,abn_attention_weekend
2023-12-03,128,-0.016089651204881553,26,0.001259624952481919,25,-0.01071187170245282,26,0.0006533160694151823,25,-0.006332543185004529,26,0.009757108019877024,0.38461538461538464,0.19230769230769232,0.2884615384615385,主測度 發文數｜市值加權・可交易性篩選後,abn_attention_weekend
2023-12-10,132,0.02466069213577781,27,-0.004355100647037595,26,0.01238794826547974,26,0.00999620033702868,26,0.010707061629370806,27,-0.013953630506407005,0.5185185185185185,0.4444444444444444,0.48148148148148145,主測度 發文數｜市值加權・可交易性篩選後,abn_attention_weekend
2023-12-17,131,0.0049936842626751255,27,0.0021298058211741524,26,-0.010540802577335747,26,0.016906554597914934,26,-0.023622429315825956,26,-0.028616113578501082,0.07692307692307693,0.07407407407407407,0.0754985754985755,主測度 發文數｜市值加權・可交易性篩選後,abn_attention_weekend
2023-12-24,127,0.018112487623051312,26,0.013704758202056898,25,0.004653788053054229,25,0.014391735579695922,25,0.001127939490132621,26,-0.016984548132918692,0.3076923076923077,0.2692307692307692,0.28846153846153844,主測度 發文數｜市值加權・可交易性篩選後,abn_attention_weekend
2023-12-31,124,-0.016042234244574516,25,-0.013301878112864695,25,-0.015687528133542766,24,-0.009425059194173347,25,-0.018346664058535866,25,-0.00230442981396135,0.16,0.16,0.16,主測度 發文數｜市值加權・可交易性篩選後,abn_attention_weekend
2024-01-07,117,-0.026792836405133583,24,-0.018001498866232656,23,-0.031012480191597143,23,-0.009693269412131117,23,-0.0005658876022631183,24,0.026226948802870464,0.16666666666666666,0.16666666666666666,0.16666666666666666,主測度 發文數｜市值加權・可交易性篩選後,abn_attention_weekend
2024-01-14,129,-0.020491812350556304,26,0.04933983889204316,26,-0.03543698532777329,25,-0.0023553876459614675,26,-0.04514294140797021,26,-0.024651129057413908,0.3076923076923077,0.23076923076923078,0.2692307692307693,主測度 發文數｜市值加權・可交易性篩選後,abn_attention_weekend
2024-01-21,128,0.010935736858225171,26,0.01740625074741822,25,0.009555612985386258,26,0.0057274793827679,25,0.016566458355964136,26,0.005630721497738965,0.23076923076923078,0.19230769230769232,0.21153846153846156,主測度 發文數｜市值加權・可交易性篩選後,abn_attention_weekend
2024-01-28,123,0.0027693376518561916,25,0.013374609407075692,24,-0.009453627277769288,25,-1.6272716650560766e-05,24,-0.013330855010785465,25,-0.016100192662641656,0.32,0.16,0.24,主測度 發文數｜市值加權・可交易性篩選後,abn_attention_weekend
2024-02-04,126,0.0012140683454072133,26,1.282289538420027e-05,25,-0.0005827956533121217,25,-0.00010653851111600008,25,0.0006365254766804079,25,-0.0005775428687268053,0.24,0.5,0.37,主測度 發文數｜市值加權・可交易性篩選後,abn_attention_weekend
2024-02-11,88,-0.029158900014790122,18,-0.0019620814728066095,17,0.008952556966125074,18,0.016206051822586404,17,0.01023732353106321,18,0.03939622354585333,0.3333333333333333,0.2777777777777778,0.3055555555555556,主測度 發文數｜市值加權・可交易性篩選後,abn_attention_weekend
2024-02-18,124,0.029690546158829968,25,-0.012135003280274148,25,0.0009548723479783563,24,0.018202551103662916,25,0.0296335273634026,25,-5.701879542736876e-05,0.4,0.4,0.4,主測度 發文數｜市值加權・可交易性篩選後,abn_attention_weekend
2024-02-25,135,-0.0029799288121883398,27,0.028297657037973562,27,-0.004481751879538484,27,0.0110517195101307,27,-0.01315368775613302,27,-0.01017375894394468,0.2962962962962963,0.25925925925925924,0.2777777777777778,主測度 發文數｜市值加權・可交易性篩選後,abn_attention_weekend
2024-03-03,132,0.008772260319411158,27,-0.01370172210035275,26,-0.01241556075601304,26,0.0288775296588256,26,0.08076936841671478,27,0.07199710809730363,0.37037037037037035,0.2962962962962963,0.3333333333333333,主測度 發文數｜市值加權・可交易性篩選後,abn_attention_weekend
2024-03-10,135,0.06360124795067963,27,0.035225274366801534,27,0.011929256093681975,27,0.01859084789823785,27,-0.01459578863183331,27,-0.07819703658251294,0.37037037037037035,0.37037037037037035,0.37037037037037035,主測度 發文數｜市值加權・可交易性篩選後,abn_attention_weekend
2024-03-17,138,0.00027881925194025975,28,0.017352548509122483,27,0.019011932422608818,28,-0.020236986613967705,27,0.047642227287478196,28,0.047363408035537936,0.6428571428571429,0.35714285714285715,0.5,主測度 發文數｜市值加權・可交易性篩選後,abn_attention_weekend
2024-03-24,132,-0.00913934234633693,27,0.022579504329104726,26,-0.0024884414461671055,26,0.007463313998938094,26,-0.002347027775371056,27,0.006792314570965874,0.5555555555555556,0.5925925925925926,0.5740740740740741,主測度 發文數｜市值加權・可交易性篩選後,abn_attention_weekend
2024-03-31,132,-0.00040621735088182935,27,-0.012301228997746489,26,0.0074569614155558205,26,-0.004403694209476979,26,0.001294238685697583,27,0.0017004560365794124,0.4074074074074074,0.3333333333333333,0.37037037037037035,主測度 發文數｜市值加權・可交易性篩選後,abn_attention_weekend
2024-04-07,122,0.03224752358033406,25,0.021447665321180195,24,0.04876119026051226,24,0.018805690704265365,24,-0.030398956607548468,25,-0.06264648018788252,0.32,0.28,0.30000000000000004,主測度 發文數｜市值加權・可交易性篩選後,abn_attention_weekend
2024-04-14,131,-0.036188104333122244,27,-0.06128084351915255,26,-0.03399969975842532,26,-0.006569623948294778,26,-0.03281106372087979,26,0.003377040612242456,0.6923076923076923,0.48148148148148145,0.5868945868945868,主測度 發文數｜市值加權・可交易性篩選後,abn_attention_weekend
2024-04-21,136,0.037775230067893135,28,0.0009758629863396555,27,-0.007154375952502979,27,-0.0017335173440309864,27,0.05310287265085166,27,0.015327642582958524,0.6666666666666666,0.5714285714285714,0.6190476190476191,主測度 發文數｜市值加權・可交易性篩選後,abn_attention_weekend
2024-04-28,132,-0.011413704742468195,27,0.018054313730575672,26,-0.0042929008523657705,26,0.01093649223887554,26,0.0003654019851453881,27,0.011779106727613583,0.2962962962962963,0.2962962962962963,0.2962962962962963,主測度 發文數｜市值加權・可交易性篩選後,abn_attention_weekend
2024-05-05,136,0.010250807965094533,28,0.03363112929166565,27,-0.011400610756326689,27,0.0025835959054740765,27,-0.005371699049302858,27,-0.01562250701439739,0.25925925925925924,0.21428571428571427,0.23677248677248675,主測度 發文數｜市值加權・可交易性篩選後,abn_attention_weekend
2024-05-12,138,0.006516061670104177,28,0.013809585537052275,27,0.010832697363507981,28,0.01673057292782912,27,0.00632001314969356,28,-0.00019604852041061726,0.32142857142857145,0.21428571428571427,0.26785714285714285,主測度 發文數｜市值加權・可交易性篩選後,abn_attention_weekend
2024-05-19,139,0.03052913211456067,28,-0.031665789285173315,28,-0.022548434334003643,27,0.017325177578674026,28,-0.001758595291146976,28,-0.03228772740570764,0.35714285714285715,0.2857142857142857,0.3214285714285714,主測度 發文數｜市值加權・可交易性篩選後,abn_attention_weekend
2024-05-26,139,-0.008053679583277299,28,0.003127335938687998,28,-0.008207678793641772,27,0.010942570571585007,28,-0.051720911369327056,28,-0.043667231786049754,0.5,0.42857142857142855,0.4642857142857143,主測度 發文數｜市值加權・可交易性篩選後,abn_attention_weekend
2024-06-02,142,0.008029002829638065,29,0.005139817744939459,28,-0.023819861365918432,28,-0.016050033774788294,28,0.039798798117703045,29,0.03176979528806498,0.41379310344827586,0.3448275862068966,0.3793103448275862,主測度 發文數｜市值加權・可交易性篩選後,abn_attention_weekend
2024-06-09,137,0.026947681440912228,28,-0.024797937958136364,27,-0.0031191806570619214,27,-0.0022329500684786143,27,0.03898618173605957,28,0.012038500295147341,0.2857142857142857,0.25,0.26785714285714285,主測度 發文數｜市值加權・可交易性篩選後,abn_attention_weekend
2024-06-16,141,0.02439501407822101,29,0.006043899575446394,28,0.011018507702722263,28,0.025927761201703366,28,0.0633615976932723,28,0.0389665836150513,0.32142857142857145,0.3448275862068966,0.333128078817734,主測度 發文數｜市值加權・可交易性篩選後,abn_attention_weekend
2024-06-23,143,-0.0071494717109610246,29,-0.02001160042525866,28,0.004111229305255677,29,-0.012166210600103224,28,0.00730559463313213,29,0.014455066344093156,0.3103448275862069,0.2413793103448276,0.27586206896551724,主測度 發文數｜市值加權・可交易性篩選後,abn_attention_weekend
2024-06-30,146,0.002631772878642632,30,0.021270471305847815,29,0.029684787213493265,29,0.015965236431390854,29,0.03330125160435286,29,0.03066947872571023,0.3448275862068966,0.3,0.3224137931034483,主測度 發文數｜市值加權・可交易性篩選後,abn_attention_weekend
2024-07-07,148,0.01659007477495035,30,0.0068905855779455025,29,-0.019588441570016164,30,-0.0028729484208696514,29,0.02921036369323368,30,0.012620288918283328,0.4,0.3,0.35,主測度 發文數｜市值加權・可交易性篩選後,abn_attention_weekend
2024-07-14,145,-0.03370684277903378,29,-0.010254798308877804,29,-0.04226037309410108,29,-0.03828087174657378,29,-0.061802849335020345,29,-0.028096006555986562,0.20689655172413793,0.1724137931034483,0.1896551724137931,主測度 發文數｜市值加權・可交易性篩選後,abn_attention_weekend
2024-07-21,145,-0.02819980210954505,29,-0.008796174187373842,29,-0.01130279481995908,29,-0.02575392322681671,29,-0.03950836836219829,29,-0.011308566252653238,0.2413793103448276,0.2413793103448276,0.2413793103448276,主測度 發文數｜市值加權・可交易性篩選後,abn_attention_weekend
2024-07-28,140,-0.01675792859258256,28,-0.05700007481135959,28,-0.011953571654168568,28,-0.0013416821028581563,28,-0.039531120534210665,28,-0.022773191941628104,0.32142857142857145,0.21428571428571427,0.26785714285714285,主測度 發文數｜市值加權・可交易性篩選後,abn_attention_weekend
2024-08-04,147,0.03233796338301912,30,0.013470293016975913,29,-0.004342552288780454,29,-0.007639042840961257,29,0.08100203762843199,30,0.048664074245412865,0.4,0.36666666666666664,0.3833333333333333,主測度 發文數｜市值加權・可交易性篩選後,abn_attention_weekend
2024-08-11,148,0.033002773994432154,30,0.0037890307910401276,29,0.02387722603502815,30,0.033152978381315125,29,0.02755406624792141,30,-0.005448707746510743,0.3333333333333333,0.26666666666666666,0.3,主測度 發文數｜市值加權・可交易性篩選後,abn_attention_weekend
2024-08-18,143,-0.01421129004541323,29,-0.004528486337406368,28,0.002432248666147309,29,-3.0930874366820514e-05,28,-0.019138648206153443,29,-0.0049273581607402125,0.3793103448275862,0.3793103448275862,0.3793103448275862,主測度 發文數｜市值加權・可交易性篩選後,abn_attention_weekend
2024-08-25,142,-0.010481397571030136,29,0.004523724013445766,28,0.015000354636379668,28,-0.0032250731454904675,28,-0.0017292488983415221,29,0.008752148672688614,0.20689655172413793,0.2413793103448276,0.22413793103448276,主測度 發文數｜市值加權・可交易性篩選後,abn_attention_weekend
2024-09-01,140,-0.03987320162320393,28,-0.047476724149277214,28,-0.04994768845824067,28,-0.03463560545344203,28,-0.027133135688684407,28,0.012740065934519523,0.17857142857142858,0.25,0.2142857142857143,主測度 發文數｜市值加權・可交易性篩選後,abn_attention_weekend
2024-09-08,142,0.0623291179112434,29,0.04896986940109948,28,0.019309340674465946,28,0.0500959637212103,28,0.026777038232020517,29,-0.03555207967922288,0.1724137931034483,0.2413793103448276,0.20689655172413796,主測度 發文數｜市值加權・可交易性篩選後,abn_attention_weekend
2024-09-15,142,0.017987046858553662,29,0.018031170000566477,28,0.020243672528941284,28,0.004959064295161857,28,0.01867137514629564,29,0.0006843282877419775,0.3448275862068966,0.20689655172413793,0.27586206896551724,主測度 發文數｜市值加權・可交易性篩選後,abn_attention_weekend
2024-09-22,139,0.03424504529272918,28,0.025539244776023796,28,0.02672457742135178,27,0.0034262825946814635,28,0.035072873175173803,28,0.0008278278824446206,0.2857142857142857,0.21428571428571427,0.25,主測度 發文數｜市值加權・可交易性篩選後,abn_attention_weekend
2024-09-29,143,-0.012781798885213748,29,-0.012048254080196502,28,-0.0010637722899842692,29,-0.02096883665673083,28,-0.004718640247648384,29,0.008063158637565364,0.27586206896551724,0.27586206896551724,0.27586206896551724,主測度 發文數｜市值加權・可交易性篩選後,abn_attention_weekend
2024-10-06,134,0.04296671348488486,27,-0.010322689112331111,27,-0.052138847182204094,26,-0.00175393454008898,27,-0.026322799809807493,27,-0.06928951329469235,0.25925925925925924,0.18518518518518517,0.2222222222222222,主測度 發文數｜市值加權・可交易性篩選後,abn_attention_weekend
2024-10-13,135,0.03658582300975801,27,0.015942424772826147,27,0.00032552150878405195,27,0.034145416605097005,27,0.007505691194898911,27,-0.0290801318148591,0.3333333333333333,0.2962962962962963,0.31481481481481477,主測度 發文數｜市值加權・可交易性篩選後,abn_attention_weekend
2024-10-20,139,-0.01860644319652274,28,-0.01864221765390672,28,0.004609079675008949,27,0.009930005902910197,28,-0.016885081022197716,28,0.0017213621743250238,0.25,0.21428571428571427,0.23214285714285715,主測度 發文數｜市值加權・可交易性篩選後,abn_attention_weekend
2024-10-27,139,-0.027933404936671104,28,-0.008497791648719425,28,-0.035461868628183485,27,0.010252168833596828,28,-0.045727942131737004,28,-0.0177945371950659,0.21428571428571427,0.17857142857142858,0.19642857142857142,主測度 發文數｜市值加權・可交易性篩選後,abn_attention_weekend
2024-11-03,139,0.008397850422221792,28,0.055549802835892045,28,0.02023015648328687,27,0.025651398695953308,28,0.028785780443797714,28,0.02038793002157592,0.17857142857142858,0.07142857142857142,0.125,主測度 發文數｜市值加權・可交易性篩選後,abn_attention_weekend
2024-11-10,137,-0.026376698877073397,28,-0.032630824359222904,27,-0.023861133760060906,27,-0.01881312168171163,27,-0.04099260727534596,28,-0.014615908398272565,0.2857142857142857,0.21428571428571427,0.25,主測度 發文數｜市值加權・可交易性篩選後,abn_attention_weekend
2024-11-17,143,0.00908913354974221,29,-0.018666534316153387,28,0.023676165445123215,29,-0.010492534269082086,28,0.0032641427722471293,29,-0.00582499077749508,0.3448275862068966,0.3103448275862069,0.3275862068965517,主測度 發文數｜市值加權・可交易性篩選後,abn_attention_weekend
2024-11-24,135,-0.046250067350298046,27,-0.024308591601807136,27,-0.044866955750407285,27,-0.01192509728342025,27,-0.045950825888323825,27,0.00029924146197422147,0.18518518518518517,0.18518518518518517,0.18518518518518517,主測度 發文數｜市值加權・可交易性篩選後,abn_attention_weekend
2024-12-01,141,0.03978499664160525,29,-0.018208081562857394,28,0.007212217938677484,28,0.023691813467339937,28,0.009038620127166023,28,-0.030746376514439226,0.25,0.2413793103448276,0.2456896551724138,主測度 發文數｜市值加權・可交易性篩選後,abn_attention_weekend
2024-12-08,142,-0.008155700576843537,29,-0.046402641102829004,28,0.013784438519962479,28,-0.013663469490155492,28,-0.04408009820545106,29,-0.035924397628607524,0.2413793103448276,0.27586206896551724,0.25862068965517243,主測度 發文數｜市值加權・可交易性篩選後,abn_attention_weekend
2024-12-15,145,-0.04404365801964645,29,-0.03151854980167913,29,-0.029996068300071666,29,-0.025510867058195306,29,-0.02695167297674146,29,0.01709198504290499,0.20689655172413793,0.20689655172413793,0.20689655172413793,主測度 發文數｜市值加權・可交易性篩選後,abn_attention_weekend
2024-12-22,147,0.02139953547767976,30,0.002290471083873649,29,-0.0015098691289700899,29,-0.0016399607704212734,29,0.0068607630091984265,30,-0.014538772468481335,0.26666666666666666,0.16666666666666666,0.21666666666666667,主測度 發文數｜市值加權・可交易性篩選後,abn_attention_weekend
2024-12-29,136,-0.024153018216318694,28,-0.01849636655982565,27,-0.020264861961480887,27,-0.0021431689124891927,27,-0.013554112805130178,27,0.010598905411188516,0.2962962962962963,0.32142857142857145,0.30886243386243384,主測度 發文數｜市值加權・可交易性篩選後,abn_attention_weekend
2016-05-01,55,-0.010814495449107085,11,-0.026016410904281587,11,-0.03175336384574519,11,-0.031075378811012522,11,-0.009248795284794387,11,0.0015657001643126986,1.0,1.0,1.0,主測度 發文數｜雙重排序・小型股,abn_attention_weekend
2016-05-08,52,-0.04261451777124891,11,-0.02305126617760119,10,-0.02109202734136456,10,-0.03380884416762172,10,-0.029379492942012083,11,0.013235024829236827,0.18181818181818182,0.18181818181818182,0.18181818181818182,主測度 發文數｜雙重排序・小型股,abn_attention_weekend
2016-05-15,52,0.006052846459499015,11,0.003956716567980345,10,-0.007219259770520625,10,0.0004357463050015609,10,0.01609514942730124,11,0.010042302967802223,0.09090909090909091,0.18181818181818182,0.13636363636363635,主測度 發文數｜雙重排序・小型股,abn_attention_weekend
2016-05-22,51,0.03288512556639067,11,0.03311759686955673,10,0.025522308952219387,10,0.04957441243542127,10,0.04269155467578638,10,0.009806429109395706,0.2,0.2727272727272727,0.23636363636363636,主測度 發文數｜雙重排序・小型股,abn_attention_weekend
2016-05-29,50,0.01876557062925548,10,-0.01119920726309206,10,-0.0050154485186000184,10,-0.015349824101438193,10,0.01788810623803827,10,-0.0008774643912172093,0.3,0.3,0.3,主測度 發文數｜雙重排序・小型股,abn_attention_weekend
2016-06-05,50,-0.014494974035450891,10,0.0041356045827297796,10,-0.007342518408687704,10,-0.0004360053409507292,10,0.0006931456601062646,10,0.015188119695557155,0.0,0.0,0.0,主測度 發文數｜雙重排序・小型股,abn_attention_weekend
2016-06-12,50,0.010444317517411705,10,0.0017264080582061303,10,-0.009826649046888769,10,-0.008561254330079338,10,0.0018064264450231681,10,-0.008637891072388538,0.0,0.1,0.05,主測度 發文數｜雙重排序・小型股,abn_attention_weekend
2016-06-19,47,0.0013115202158698546,10,0.00783585382072918,9,-0.0030125586138224974,9,-0.0011749249503745106,9,-0.010760308199814573,10,-0.012071828415684428,0.2,0.3,0.25,主測度 發文數｜雙重排序・小型股,abn_attention_weekend
2016-06-26,46,0.028467115350983795,10,0.03999509880595769,9,0.0166728830517398,9,0.03258868438491613,9,0.05681469899052449,9,0.028347583639540697,0.1111111111111111,0.1,0.10555555555555556,主測度 發文數｜雙重排序・小型股,abn_attention_weekend
2016-07-03,47,-0.005266303693940178,10,0.0008097377764117391,9,0.01629883052991949,9,0.015890218903406902,9,-0.001820246535878134,10,0.003446057158062044,0.3,0.2,0.25,主測度 發文數｜雙重排序・小型股,abn_attention_weekend
2016-07-10,47,0.015914979766046056,10,0.023306805946330722,9,0.015131673357856626,9,0.014043568425104212,9,0.004360499600233303,10,-0.011554480165812753,0.3,0.3,0.3,主測度 發文數｜雙重排序・小型股,abn_attention_weekend
2016-07-17,47,0.0003839155018919516,10,0.020836034172871262,9,-2.083457662126352e-05,9,0.040535624577634884,9,0.021544303042116096,10,0.021160387540224146,0.3,0.2,0.25,主測度 發文數｜雙重排序・小型股,abn_attention_weekend
2016-07-24,46,0.0019980692019231474,10,-0.010905260901576397,9,-0.0060536946980182214,9,0.03781662376523162,9,-0.00692745211771606,9,-0.008925521319639206,0.1111111111111111,0.1,0.10555555555555556,主測度 發文數｜雙重排序・小型股,abn_attention_weekend
2016-07-31,46,0.010738072339584636,10,0.022135799837931545,9,0.013206693214919222,9,0.009425543038576357,9,-0.0026987073820248972,9,-0.013436779721609534,0.1111111111111111,0.2,0.15555555555555556,主測度 發文數｜雙重排序・小型股,abn_attention_weekend
2016-08-07,46,-0.018634560654690734,10,0.004603180103191323,9,0.005387115854437901,9,-0.01863140436889658,9,0.0007151049528542927,9,0.019349665607545027,0.1111111111111111,0.1,0.10555555555555556,主測度 發文數｜雙重排序・小型股,abn_attention_weekend
2016-08-14,45,0.004234712334126595,9,0.01882064848655697,9,0.0041208307960701,9,-0.021027762921354727,9,0.015455820594388683,9,0.011221108260262087,0.2222222222222222,0.0,0.1111111111111111,主測度 發文數｜雙重排序・小型股,abn_attention_weekend
2016-08-21,45,0.004797840315977014,9,-0.00944160175389461,9,-0.009258977551148413,9,0.009415494238009185,9,-0.004032622673446802,9,-0.008830462989423816,0.1111111111111111,0.1111111111111111,0.1111111111111111,主測度 發文數｜雙重排序・小型股,abn_attention_weekend
2016-08-28,43,-0.014080841976768017,9,-0.006609441053510023,8,-0.010299432296820041,9,0.006310430050791599,8,-0.007736370780912617,9,0.0063444711958554004,0.2222222222222222,0.2222222222222222,0.2222222222222222,主測度 發文數｜雙重排序・小型股,abn_attention_weekend
2016-09-04,42,-0.012095884943535985,9,0.012659315687475844,8,0.006208720483573751,8,0.007884930470995533,8,0.0030192622453421147,9,0.0151151471888781,0.1111111111111111,0.4444444444444444,0.2777777777777778,主測度 發文數｜雙重排序・小型股,abn_attention_weekend
2016-09-11,43,-0.018498112295606335,9,-0.02108560311541069,8,-0.014663467643829777,9,-0.016032954531441615,8,-0.018485639655302883,9,1.2472640303452104e-05,0.2222222222222222,0.2222222222222222,0.2222222222222222,主測度 發文數｜雙重排序・小型股,abn_attention_weekend
2016-09-18,41,0.01331674795245277,9,0.03355090246774986,8,0.022185504386347393,8,0.009756992587829263,8,0.0131475435217899,8,-0.00016920443066286914,0.0,0.1111111111111111,0.05555555555555555,主測度 發文數｜雙重排序・小型股,abn_attention_weekend
2016-09-25,42,-0.003303863795145529,9,-0.00018684399372476124,8,-0.009471527755570308,8,-0.014887376214153744,8,-0.00985955409922665,9,-0.006555690304081122,0.3333333333333333,0.1111111111111111,0.2222222222222222,主測度 發文數｜雙重排序・小型股,abn_attention_weekend
2016-10-02,42,0.005306651331485174,9,0.021652036942303943,8,-0.012489163324529692,8,-0.019273114578080328,8,0.014882570950323267,9,0.009575919618838094,0.2222222222222222,0.1111111111111111,0.16666666666666666,主測度 發文數｜雙重排序・小型股,abn_attention_weekend
2016-10-09,42,-0.045729302679007024,9,-0.028804110687573478,8,-0.03879071979836464,8,-0.038346410106218656,8,-0.049169276409255884,9,-0.0034399737302488603,0.0,0.1111111111111111,0.05555555555555555,主測度 發文數｜雙重排序・小型股,abn_attention_weekend
2016-10-16,41,0.027167390765558446,9,0.03863365097915847,8,0.018417412418234844,8,0.03526917439286208,8,0.009707842705544548,8,-0.0174595480600139,0.125,0.2222222222222222,0.1736111111111111,主測度 發文數｜雙重排序・小型股,abn_attention_weekend
2016-10-23,39,-0.010746035195816017,8,-0.01825436336457649,8,-0.00933984096708042,7,-0.013638421632029912,8,0.002946447310570602,8,0.013692482506386619,0.375,0.125,0.25,主測度 發文數｜雙重排序・小型股,abn_attention_weekend
2016-10-30,40,-0.025738401738076275,8,-0.01901301069102078,8,-0.020102386014912432,8,-0.045784622531038946,8,-0.015061404772109127,8,0.010676996965967148,0.375,0.375,0.375,主測度 發文數｜雙重排序・小型股,abn_attention_weekend
2016-11-06,40,0.05149202104364581,8,0.003802079248120427,8,0.004296474490913499,8,-0.0341422859473904,8,0.0022579384700812666,8,-0.04923408257356454,0.375,0.125,0.25,主測度 發文數｜雙重排序・小型股,abn_attention_weekend
2016-11-13,41,0.03896626965812874,9,0.03642336518125132,8,0.0015115758751455266,8,0.0198190791921026,8,0.036219146301569125,8,-0.0027471233565596123,0.375,0.4444444444444444,0.4097222222222222,主測度 發文數｜雙重排序・小型股,abn_attention_weekend
2016-11-20,41,-0.000381484203707674,9,-0.00962340470697487,8,0.012457397384313201,8,0.0034860454175062866,8,0.012034922562343175,8,0.012416406766050849,0.375,0.2222222222222222,0.2986111111111111,主測度 發文數｜雙重排序・小型股,abn_attention_weekend
2016-11-27,40,0.008248316824107899,8,0.01545976026514942,8,0.024964157322710318,8,0.017667571308414398,8,0.016909763402571915,8,0.008661446578464016,0.125,0.25,0.1875,主測度 發文數｜雙重排序・小型股,abn_attention_weekend
2016-12-04,40,0.0012420420741781901,8,-0.0004671885146300403,8,0.023675849217853123,8,0.011582586941052922,8,-0.008953903128802246,8,-0.010195945202980436,0.125,0.125,0.125,主測度 發文數｜雙重排序・小型股,abn_attention_weekend
2016-12-11,40,0.0015662368901837725,8,-0.003178710261493134,8,-0.003682876369069374,8,-0.00530869843169296,8,-0.016399492616599967,8,-0.01796572950678374,0.125,0.125,0.125,主測度 發文數｜雙重排序・小型股,abn_attention_weekend
2016-12-18,41,-0.029499979366309055,9,-0.034686706113260704,8,-0.016733907995545277,8,-0.010270639682340973,8,-0.01702267026626983,8,0.012477309100039226,0.125,0.2222222222222222,0.1736111111111111,主測度 發文數｜雙重排序・小型股,abn_attention_weekend
2016-12-25,40,0.02245736108451528,8,0.011001260368058097,8,0.00010297362114179698,8,0.0006955961594936888,8,0.01665839113294157,8,-0.00579896995157371,0.25,0.125,0.1875,主測度 發文數｜雙重排序・小型股,abn_attention_weekend
2017-01-01,39,0.045614516831925606,8,0.007252804437426361,8,0.012341018874046419,7,0.009311700498927142,8,-0.001129338603672883,8,-0.04674385543559849,0.375,0.25,0.3125,主測度 發文數｜雙重排序・小型股,abn_attention_weekend
2017-01-08,40,0.04900742873116648,8,-0.0029185823116953946,8,-0.00044525391423373695,8,-0.004288764194056355,8,-0.007792007369891968,8,-0.05679943610105845,0.375,0.5,0.4375,主測度 發文數｜雙重排序・小型股,abn_attention_weekend
2017-01-15,40,-0.003508212875008243,8,-0.012347811418115126,8,0.0021449207862657693,8,0.01243577635421085,8,-0.008244814415772267,8,-0.004736601540764024,0.25,0.375,0.3125,主測度 發文數｜雙重排序・小型股,abn_attention_weekend
2017-01-22,41,0.0027748864505390517,9,0.013594003179376368,8,0.01256773645316854,8,0.004775079546081001,8,0.000536114873827015,8,-0.0022387715767120367,0.125,0.2222222222222222,0.1736111111111111,主測度 發文數｜雙重排序・小型股,abn_attention_weekend
2017-01-29,41,0.043168220162175634,9,0.04014089083764297,8,0.005462745376730194,8,0.040547797925684886,8,0.016179408747530086,8,-0.02698881141464555,0.25,0.2222222222222222,0.2361111111111111,主測度 發文數｜雙重排序・小型股,abn_attention_weekend
2017-02-05,40,0.00012508206606044736,8,-0.011912126919514043,8,0.010212484929103607,8,-0.007843756632281804,8,-0.01373603095715449,8,-0.013861113023214938,0.25,0.125,0.1875,主測度 發文數｜雙重排序・小型股,abn_attention_weekend
2017-02-12,40,-0.006164984251862529,8,0.005985202063645612,8,0.030692860507606848,8,0.018667372790493603,8,0.04728086263553749,8,0.05344584688740002,0.25,0.25,0.25,主測度 發文數｜雙重排序・小型股,abn_attention_weekend
2017-02-19,44,0.015484316182259724,9,-0.023417292523740068,9,-0.004574607337648487,8,0.0008989637966757434,9,0.012079667792174238,9,-0.003404648390085486,0.2222222222222222,0.2222222222222222,0.2222222222222222,主測度 發文數｜雙重排序・小型股,abn_attention_weekend
2017-02-26,43,0.011558618582985593,9,-0.006890295730851856,8,0.021085726872309227,9,-0.013410351470278303,8,-0.009437886306624899,9,-0.020996504889610492,0.1111111111111111,0.3333333333333333,0.2222222222222222,主測度 發文數｜雙重排序・小型股,abn_attention_weekend
2017-03-05,43,-0.013430583606631248,9,0.004604747216713306,8,-0.03498966276381901,9,-0.016025036285381516,8,-0.007463867041255333,9,0.005966716565375915,0.0,0.0,0.0,主測度 發文數｜雙重排序・小型股,abn_attention_weekend
2017-03-12,43,0.018406778335688365,9,0.02744627817027201,8,0.0007493512642055863,9,0.02723500480114044,8,0.009680685355145546,9,-0.008726092980542818,0.2222222222222222,0.2222222222222222,0.2222222222222222,主測度 發文數｜雙重排序・小型股,abn_attention_weekend
2017-03-19,43,-0.004653650468657955,9,0.0033255705128937135,8,-0.012577532958957768,9,-0.002102041362630966,8,-0.013079985748154289,9,-0.008426335279496334,0.2222222222222222,0.2222222222222222,0.2222222222222222,主測度 發文數｜雙重排序・小型股,abn_attention_weekend
2017-03-26,43,-0.009556856654256787,9,-0.030287846418435557,8,-0.011578113954356768,9,-0.008856059219179674,8,0.003805632822786379,9,0.013362489477043165,0.2222222222222222,0.2222222222222222,0.2222222222222222,主測度 發文數｜雙重排序・小型股,abn_attention_weekend
2017-04-02,41,0.0024017457517226085,9,0.0021153671673372204,8,-0.012714206441358372,8,-0.007106810977211539,8,-0.005353922970656941,8,-0.007755668722379549,0.5,0.3333333333333333,0.41666666666666663,主測度 發文數｜雙重排序・小型股,abn_attention_weekend
2017-04-09,41,-0.03535464247431744,9,-0.029190499444370258,8,-0.051601426368869496,8,-0.051163636917586325,8,-0.016517278462668344,8,0.018837364011649094,0.5,0.4444444444444444,0.4722222222222222,主測度 發文數｜雙重排序・小型股,abn_attention_weekend
2017-04-16,41,-0.010129864034589882,9,0.003945986918369074,8,-0.005433796169114755,8,-0.010799094858253769,8,-0.011829122472922865,8,-0.0016992584383329831,0.25,0.2222222222222222,0.2361111111111111,主測度 發文數｜雙重排序・小型股,abn_attention_weekend
2017-04-23,41,0.01002780021196819,9,-0.006916067858260239,8,-0.005121511722703365,8,-0.0007660073624402436,8,0.011154210853540195,8,0.0011264106415720052,0.5,0.3333333333333333,0.41666666666666663,主測度 發文數｜雙重排序・小型股,abn_attention_weekend
2017-04-30,42,-0.002579500174713324,9,-0.008481408508648147,8,-0.005628374412614198,8,0.007027018904586735,8,-0.005344370693461251,9,-0.0027648705187479274,0.5555555555555556,0.5555555555555556,0.5555555555555556,主測度 發文數｜雙重排序・小型股,abn_attention_weekend
2017-05-07,43,-0.004235963876929483,9,-0.007892139076181678,8,-0.008282930531707687,9,-0.028224576951482047,8,-0.010789614006435522,9,-0.006553650129506039,0.2222222222222222,0.2222222222222222,0.2222222222222222,主測度 發文數｜雙重排序・小型股,abn_attention_weekend
2017-05-14,45,0.013544076185670181,9,-0.009376307090203836,9,-0.0010375651918814732,9,0.006531195840365298,9,-0.0032443746157394785,9,-0.01678845080140966,0.3333333333333333,0.3333333333333333,0.3333333333333333,主測度 發文數｜雙重排序・小型股,abn_attention_weekend
2017-05-21,44,0.03794062509891927,9,0.030209310101546656,9,0.02030029102049838,8,0.008102019548185149,9,0.017049190526030884,9,-0.020891434572888383,0.1111111111111111,0.2222222222222222,0.16666666666666666,主測度 發文數｜雙重排序・小型股,abn_attention_weekend
2017-05-28,45,0.008758750885365449,9,-0.003355096709698629,9,0.0014538272005657122,9,0.002966383197409581,9,-0.006286088398339107,9,-0.015044839283704555,0.4444444444444444,0.3333333333333333,0.38888888888888884,主測度 發文數｜雙重排序・小型股,abn_attention_weekend
2017-06-04,45,-0.0038586593376833678,9,-0.0029212503579668647,9,0.01710614820362412,9,-0.010878540496698156,9,0.0005709971374058388,9,0.004429656475089206,0.2222222222222222,0.1111111111111111,0.16666666666666666,主測度 發文數｜雙重排序・小型股,abn_attention_weekend
2017-06-11,45,-0.002699016429617328,9,-0.0012363230867515524,9,0.0042928073313233,9,0.003189347865120978,9,-0.009321213562955923,9,-0.006622197133338595,0.2222222222222222,0.2222222222222222,0.2222222222222222,主測度 發文數｜雙重排序・小型股,abn_attention_weekend
2017-06-18,45,3.780910256951437e-05,9,0.007964616796331488,9,0.0037784750240508324,9,-0.005383902488863692,9,0.008282334854441804,9,0.00824452575187229,0.1111111111111111,0.1111111111111111,0.1111111111111111,主測度 發文數｜雙重排序・小型股,abn_attention_weekend
2017-06-25,46,-0.00685657148547153,10,0.012541632860511378,9,0.004746536693871373,9,0.027935931769282503,9,0.006141987703879057,9,0.012998559189350587,0.1111111111111111,0.4,0.25555555555555554,主測度 發文數｜雙重排序・小型股,abn_attention_weekend
2017-07-02,46,0.02606710010296055,10,-0.005066769637971554,9,0.003467079017897433,9,-0.010160217519840099,9,-0.003766943447452135,9,-0.029834043550412685,0.1111111111111111,0.1,0.10555555555555556,主測度 發文數｜雙重排序・小型股,abn_attention_weekend
2017-07-09,45,0.022517426435469095,9,0.018560540183730594,9,0.016003113682863127,9,-0.0029447758247271366,9,0.016159145499433068,9,-0.006358280936036027,0.2222222222222222,0.2222222222222222,0.2222222222222222,主測度 發文數｜雙重排序・小型股,abn_attention_weekend
2017-07-16,47,0.007496010048635804,10,0.004282936409811934,9,0.007490857891519178,9,0.004436158090431001,9,-0.0008884942633961446,10,-0.008384504312031948,0.3,0.4,0.35,主測度 發文數｜雙重排序・小型股,abn_attention_weekend
2017-07-23,46,-0.019892032375646573,10,-0.005164913668482756,9,-0.009097802899878653,9,0.01125021262454911,9,-0.0005459861394497586,9,0.019346046236196814,0.2222222222222222,0.2,0.2111111111111111,主測度 發文數｜雙重排序・小型股,abn_attention_weekend
2017-07-30,46,0.020118540035133213,10,0.025042016426974813,9,0.03142657989368171,9,0.0029919258678133584,9,0.002788656761055318,9,-0.017329883274077897,0.2222222222222222,0.1,0.1611111111111111,主測度 發文數｜雙重排序・小型股,abn_attention_weekend
2017-08-06,47,-0.03361146536957843,10,-0.013943026066310902,9,-0.015100876432025376,9,-0.027420002060408104,9,-0.03557508103696837,10,-0.001963615667389937,0.2,0.2,0.2,主測度 發文數｜雙重排序・小型股,abn_attention_weekend
2017-08-13,46,0.019554642447812087,10,-0.00036380969413713556,9,0.025034654980916764,9,-0.006342105857934353,9,-0.002561483880037444,9,-0.022116126327849532,0.3333333333333333,0.3,0.31666666666666665,主測度 發文數｜雙重排序・小型股,abn_attention_weekend
2017-08-20,46,0.023656836742206887,10,0.02215143311869341,9,0.00892183303600279,9,0.02422423031899183,9,0.008149145215568457,9,-0.01550769152663843,0.2222222222222222,0.2,0.2111111111111111,主測度 發文數｜雙重排序・小型股,abn_attention_weekend
2017-08-27,45,0.005149607374105723,9,0.016605167985419667,9,0.005290179150759084,9,0.0242803340290108,9,0.006620736912616776,9,0.0014711295385110533,0.1111111111111111,0.1111111111111111,0.1111111111111111,主測度 發文數｜雙重排序・小型股,abn_attention_weekend
2017-09-03,47,-0.0010790580514884684,10,0.011381500964131165,9,-0.002273339521694679,9,0.024227679078551265,9,-0.01071961575948921,10,-0.00964055770800074,0.1,0.1,0.1,主測度 發文數｜雙重排序・小型股,abn_attention_weekend
2017-09-10,48,0.007333133224557353,10,0.00043008755423233776,9,0.004856177484160407,10,0.04683337336915727,9,-0.00844327232621892,10,-0.015776405550776272,0.2,0.1,0.15000000000000002,主測度 發文數｜雙重排序・小型股,abn_attention_weekend
2017-09-17,45,-0.008323532815844427,9,-0.03492006973867207,9,-0.03662159888634472,9,-0.00787403539297825,9,0.006625270063225108,9,0.014948802879069535,0.3333333333333333,0.1111111111111111,0.2222222222222222,主測度 發文數｜雙重排序・小型股,abn_attention_weekend
2017-09-24,46,-0.023335753437197394,10,-0.007396572403723008,9,-0.025524578996176932,9,-0.009292130395909518,9,-0.010378934092584502,9,0.012956819344612892,0.3333333333333333,0.4,0.3666666666666667,主測度 發文數｜雙重排序・小型股,abn_attention_weekend
2017-10-01,48,0.010354176573189943,10,-0.0030922823161622093,9,0.008587791479879458,10,0.019489815169847033,9,-0.0030171856362933847,10,-0.013371362209483328,0.3,0.2,0.25,主測度 發文數｜雙重排序・小型股,abn_attention_weekend
2017-10-08,51,-0.006217700238691393,11,-0.005242494527687913,10,-0.0048383714532843295,10,-0.008906868346921604,10,0.004365101927283355,10,0.010582802165974747,0.2,0.18181818181818182,0.19090909090909092,主測度 發文數｜雙重排序・小型股,abn_attention_weekend
2017-10-15,51,-0.008350769987615546,11,-2.5755772405733347e-05,10,-0.0189757635727272,10,-0.010747195320945601,10,-0.005694364630154669,10,0.0026564053574608766,0.1,0.2727272727272727,0.18636363636363634,主測度 發文數｜雙重排序・小型股,abn_attention_weekend
2017-10-22,51,0.014385864272121266,11,-0.008392833666776622,10,0.01160819192972895,10,-0.003151455146359672,10,-0.0056975894590107325,10,-0.020083453731132,0.2,0.2727272727272727,0.23636363636363636,主測度 發文數｜雙重排序・小型股,abn_attention_weekend
2017-10-29,50,0.0034344355990203025,10,-0.006619758641168016,10,0.003312534024514224,10,0.002804811881607716,10,-0.004095532455486139,10,-0.007529968054506442,0.1,0.1,0.1,主測度 發文數｜雙重排序・小型股,abn_attention_weekend
2017-11-05,49,0.005902228931866116,10,0.0071253578626258585,10,-0.0010751597694569964,9,-0.0004063503609272101,10,-0.017195353280703575,10,-0.02309758221256969,0.3,0.2,0.25,主測度 發文數｜雙重排序・小型股,abn_attention_weekend
2017-11-12,50,-0.003930670569205897,10,-0.0052731371075488195,10,-0.026904566965640274,10,-0.011861934894856551,10,-0.00813650867387583,10,-0.004205838104669934,0.2,0.3,0.25,主測度 發文數｜雙重排序・小型股,abn_attention_weekend
2017-11-19,50,0.009288785066995653,10,0.002174871527767841,10,0.012744502459472529,10,0.03910534475232295,10,0.0075400885530743315,10,-0.0017486965139213214,0.4,0.4,0.4,主測度 發文數｜雙重排序・小型股,abn_attention_weekend
2017-11-26,51,-0.012249777604300611,11,0.008243405790626556,10,-0.014511883439343232,10,-0.005458679149483114,10,-0.010054119347896563,10,0.0021956582564040487,0.5,0.2727272727272727,0.38636363636363635,主測度 發文數｜雙重排序・小型股,abn_attention_weekend
2017-12-03,50,-0.015345519702406862,10,-0.017355561779659457,10,-0.01182527070815157,10,-0.015688475713889725,10,-0.005948381221583266,10,0.009397138480823596,0.5,0.5,0.5,主測度 發文數｜雙重排序・小型股,abn_attention_weekend
2017-12-10,50,0.003289048225934332,10,0.00029387217356049435,10,-0.005725176398820165,10,0.0057277414176957085,10,0.02671039421970617,10,0.023421345993771835,0.4,0.4,0.4,主測度 發文數｜雙重排序・小型股,abn_attention_weekend
2017-12-17,50,0.008880786837855602,10,0.03053511513287166,10,0.008965072783379302,10,-0.004828887830066719,10,-0.0016955333230035952,10,-0.010576320160859198,0.4,0.4,0.4,主測度 發文數｜雙重排序・小型股,abn_attention_weekend
2017-12-24,52,-0.00204423139221494,11,0.036878060293358716,10,0.04077471397194845,10,0.01161837368339238,10,0.0025728137055904318,11,0.004617045097805372,0.45454545454545453,0.5454545454545454,0.5,主測度 發文數｜雙重排序・小型股,abn_attention_weekend
2017-12-31,52,0.018409939198445024,11,0.02677347564414988,10,-0.0050676769237020134,10,0.014379111153350022,10,0.006171926447033369,11,-0.012238012751411655,0.09090909090909091,0.09090909090909091,0.09090909090909091,主測度 發文數｜雙重排序・小型股,abn_attention_weekend
2018-01-07,53,-0.007437759899410373,11,0.01059777131005445,10,0.030780631971320326,11,-0.0034428644076912483,10,-0.0012130328904385438,11,0.00622472700897183,0.09090909090909091,0.18181818181818182,0.13636363636363635,主測度 發文數｜雙重排序・小型股,abn_attention_weekend
2018-01-14,54,-0.00036866648800764674,11,-0.012991207369544289,11,-0.02048705368949767,10,-0.010163959620655538,11,0.027516677735027337,11,0.027885344223034986,0.18181818181818182,0.18181818181818182,0.18181818181818182,主測度 發文數｜雙重排序・小型股,abn_attention_weekend
2018-01-21,52,-0.02980352052883394,11,-0.0066786301653228184,10,-0.001978204970672748,10,0.025802383882741142,10,8.435942962638851e-05,11,0.029887879958460328,0.09090909090909091,0.18181818181818182,0.13636363636363635,主測度 發文數｜雙重排序・小型股,abn_attention_weekend
2018-01-28,53,-0.012263817848624393,11,-0.010534796174079574,10,-0.019581770069677592,11,-0.02604136975327249,10,-0.007862154991449731,11,0.004401662857174662,0.09090909090909091,0.18181818181818182,0.13636363636363635,主測度 發文數｜雙重排序・小型股,abn_attention_weekend
2018-02-04,54,-0.031981557174810354,11,-0.042630653367561507,11,-0.04478886347870328,10,-0.06485459235093839,11,-0.037581728645057114,11,-0.005600171470246759,0.18181818181818182,0.09090909090909091,0.13636363636363635,主測度 發文數｜雙重排序・小型股,abn_attention_weekend
2018-02-11,53,-0.009892358237894966,11,-0.0028452581371775977,10,-0.002079295890843143,11,-0.0054696682039242495,10,-0.0005229079440086558,11,0.00936945029388631,0.5454545454545454,0.2727272727272727,0.40909090909090906,主測度 發文數｜雙重排序・小型股,abn_attention_weekend
2018-02-18,52,0.00909101848780024,11,0.013771833369736919,10,0.03667658359972551,10,0.026804158673394984,10,0.025925786862113723,11,0.016834768374313483,0.45454545454545453,0.5454545454545454,0.5,主測度 發文數｜雙重排序・小型股,abn_attention_weekend
2018-02-25,52,0.009782527194307137,11,-0.0026003580484734836,10,-0.010934438339722574,10,-0.01634997230400771,10,-0.015564138640624135,11,-0.025346665834931274,0.18181818181818182,0.0,0.09090909090909091,主測度 發文數｜雙重排序・小型股,abn_attention_weekend
2018-03-04,52,-0.0094716659520808,11,-0.0108388182852041,10,-0.023233619781392423,10,0.016129717748333817,10,-0.013513323862159643,11,-0.004041657910078843,0.18181818181818182,0.18181818181818182,0.18181818181818182,主測度 發文數｜雙重排序・小型股,abn_attention_weekend
2018-03-11,52,-0.010748532900368075,11,0.01686955720377037,10,-0.003871356095079925,10,-0.001255860500856032,10,0.00061495613590942,11,0.011363489036277496,0.18181818181818182,0.18181818181818182,0.18181818181818182,主測度 發文數｜雙重排序・小型股,abn_attention_weekend
2018-03-18,52,-0.02766915833174929,11,-0.03596036860512335,10,-0.027132693838746537,10,-0.019788591696719628,10,-0.030735909888070692,11,-0.0030667515563214016,0.18181818181818182,0.18181818181818182,0.18181818181818182,主測度 發文數｜雙重排序・小型股,abn_attention_weekend
2018-03-25,52,0.06266493712414568,11,0.040902841608179065,10,0.07230759570996528,10,-0.007551112789176684,10,0.012875795342900126,11,-0.049789141781245556,0.36363636363636365,0.2727272727272727,0.3181818181818182,主測度 發文數｜雙重排序・小型股,abn_attention_weekend
2018-04-01,54,0.0146596964835106,11,0.008958950491588296,11,0.006325785003240103,10,-0.00480698791264279,11,0.01177946791856505,11,-0.002880228564945549,0.36363636363636365,0.09090909090909091,0.2272727272727273,主測度 發文數｜雙重排序・小型股,abn_attention_weekend
2018-04-08,54,-0.009201261430891334,11,-0.013781832923094468,11,-0.0033021138285458606,10,0.0361733082685308,11,-0.005601004413558708,11,0.0036002570173326257,0.36363636363636365,0.2727272727272727,0.3181818181818182,主測度 發文數｜雙重排序・小型股,abn_attention_weekend
2018-04-15,54,-0.007287546885349484,11,0.013547790311406748,11,-0.01321303594899983,10,-0.007297025484475992,11,0.0059466551369518564,11,0.01323420202230134,0.36363636363636365,0.36363636363636365,0.36363636363636365,主測度 發文數｜雙重排序・小型股,abn_attention_weekend
2018-04-22,55,-0.08040215755677722,11,-0.048229785885959935,11,-0.03612268179468859,11,-0.037970988379621755,11,-0.014521409304927574,11,0.06588074825184966,0.45454545454545453,0.36363636363636365,0.40909090909090906,主測度 發文數｜雙重排序・小型股,abn_attention_weekend
2018-04-29,55,-0.04843373170619372,11,-0.0026160573507823578,11,-0.0003234699109747103,11,0.010553892666247743,11,-0.0175792042791955,11,0.03085452742699822,0.2727272727272727,0.2727272727272727,0.2727272727272727,主測度 發文數｜雙重排序・小型股,abn_attention_weekend
2018-05-06,55,0.01528936639850307,11,0.0043985270740000745,11,-0.020323075264270605,11,0.019880552048465373,11,-0.00018704881883747535,11,-0.015476415217340545,0.18181818181818182,0.36363636363636365,0.2727272727272727,主測度 發文數｜雙重排序・小型股,abn_attention_weekend
2018-05-13,54,-0.027406941164856393,11,0.00936477073606515,11,-0.013549163579234825,10,-0.002968986015270968,11,-0.0165933485786483,11,0.010813592586208093,0.18181818181818182,0.09090909090909091,0.13636363636363635,主測度 發文數｜雙重排序・小型股,abn_attention_weekend
2018-05-20,54,-0.019949120934884292,11,-0.004493663465795262,11,-0.013244360120823384,10,0.030054424702399576,11,0.000753920543269726,11,0.02070304147815402,0.2727272727272727,0.09090909090909091,0.18181818181818182,主測度 發文數｜雙重排序・小型股,abn_attention_weekend
2018-05-27,54,0.03626466881632866,11,-0.00388611110878866,11,0.013815775903349281,10,0.09545937952808127,11,0.016691527743455534,11,-0.019573141072873123,0.09090909090909091,0.09090909090909091,0.09090909090909091,主測度 發文數｜雙重排序・小型股,abn_attention_weekend
2018-06-03,55,0.035843269253753564,11,-0.0015332720281300484,11,0.0038186193849788497,11,0.0019533017968306403,11,-0.007963621180991082,11,-0.043806890434744644,0.2727272727272727,0.36363636363636365,0.3181818181818182,主測度 發文數｜雙重排序・小型股,abn_attention_weekend
2018-06-10,56,0.009241203476789769,12,-0.014107005636890591,11,-0.006997989568949653,11,0.016823850890692837,11,-0.005825891941101543,11,-0.015067095417891311,0.2727272727272727,0.16666666666666666,0.21969696969696967,主測度 發文數｜雙重排序・小型股,abn_attention_weekend
2018-06-17,56,-0.010071299272365053,12,-0.01565723355736208,11,-0.006988682746553923,11,-0.029244851683774744,11,-0.013264264469749033,11,-0.0031929651973839797,0.2727272727272727,0.25,0.26136363636363635,主測度 發文數｜雙重排序・小型股,abn_attention_weekend
2018-06-24,56,-0.01872515355928849,12,0.0020218505086483877,11,-0.027861203316803973,11,-0.029355585975585217,11,-0.03927857592791328,11,-0.02055342236862479,0.45454545454545453,0.0,0.22727272727272727,主測度 發文數｜雙重排序・小型股,abn_attention_weekend
2018-07-01,56,-0.058206455442189525,12,-0.035696041582610104,11,-0.04392008570940003,11,-0.0482955785902013,11,-0.03193762900584556,11,0.026268826436343963,0.45454545454545453,0.4166666666666667,0.4356060606060606,主測度 發文數｜雙重排序・小型股,abn_attention_weekend
2018-07-08,56,0.028312936493012985,12,0.024808636191367396,11,0.02207303483027727,11,0.02813561148485663,11,0.027478317653763164,11,-0.0008346188392498212,0.18181818181818182,0.16666666666666666,0.17424242424242425,主測度 發文數｜雙重排序・小型股,abn_attention_weekend
2018-07-15,56,-0.03487034091654157,12,-0.004961818849289348,11,-0.007469389433504483,11,-0.019321093233289677,11,-0.0229989878466991,11,0.01187135306984247,0.2727272727272727,0.16666666666666666,0.21969696969696967,主測度 發文數｜雙重排序・小型股,abn_attention_weekend
2018-07-22,54,0.025049358293037175,11,0.02150621621334832,11,-0.0015916360418938625,10,0.020941549925646594,11,0.008172888590217848,11,-0.01687646970281933,0.2727272727272727,0.09090909090909091,0.18181818181818182,主測度 發文數｜雙重排序・小型股,abn_attention_weekend
2018-07-29,54,0.011895913003689468,11,0.000870117888128327,11,0.007936125209923418,10,-0.0020619731106627163,11,0.0016439333780621033,11,-0.010251979625627365,0.36363636363636365,0.18181818181818182,0.2727272727272727,主測度 發文數｜雙重排序・小型股,abn_attention_weekend
2018-08-05,55,-0.02254744106365875,11,0.0020136710256762388,11,-0.009177166770047823,11,-0.013868335462012523,11,0.0047864927463891534,11,0.0273339338100479,0.18181818181818182,0.18181818181818182,0.18181818181818182,主測度 發文數｜雙重排序・小型股,abn_attention_weekend
2018-08-12,54,-0.039265905902358254,11,-0.014973586763497714,11,-0.02078921976387228,10,-0.04746308406634326,11,-0.024629879074846626,11,0.014636026827511629,0.36363636363636365,0.2727272727272727,0.3181818181818182,主測度 發文數｜雙重排序・小型股,abn_attention_weekend
2018-08-19,55,0.0066194531634786525,11,-0.008486469331362979,11,0.020800809944550854,11,0.017775092686316586,11,0.009789733217204756,11,0.0031702800537261036,0.36363636363636365,0.36363636363636365,0.36363636363636365,主測度 發文數｜雙重排序・小型股,abn_attention_weekend
2018-08-26,54,0.013241991097794226,11,0.0009851594813466778,11,0.02077224968778576,10,0.0357866596349772,11,-0.000364026267310812,11,-0.013606017365105038,0.36363636363636365,0.45454545454545453,0.40909090909090906,主測度 發文數｜雙重排序・小型股,abn_attention_weekend
2018-09-02,55,-0.04594924184178388,11,-0.021869069893522695,11,-0.03882843325862053,11,-0.05165189065747438,11,-0.033737980420965694,11,0.012211261420818187,0.45454545454545453,0.36363636363636365,0.40909090909090906,主測度 發文數｜雙重排序・小型股,abn_attention_weekend
2018-09-09,52,-0.004208783836255983,11,0.011247124135284326,10,-0.005374041806053054,10,0.020413415221343358,10,0.006933214949822564,11,0.011141998786078546,0.2727272727272727,0.09090909090909091,0.18181818181818182,主測度 發文數｜雙重排序・小型股,abn_attention_weekend
2018-09-16,52,0.022839912155655315,11,0.019963993950004165,10,0.022983924402991407,10,0.0021636534454047675,10,0.02118251470709068,11,-0.0016573974485646348,0.36363636363636365,0.36363636363636365,0.36363636363636365,主測度 發文數｜雙重排序・小型股,abn_attention_weekend
2018-09-23,53,0.0016049286283025164,11,-0.005929173060944837,10,-0.010315083609917427,11,0.016272540018416957,10,0.015430063877443551,11,0.013825135249141035,0.2727272727272727,0.2727272727272727,0.2727272727272727,主測度 發文數｜雙重排序・小型股,abn_attention_weekend
2018-09-30,54,-0.05110639440420451,11,-0.06050206813010794,11,-0.026930181529702068,10,-0.05817454531171466,11,-0.03105563260154839,11,0.02005076180265612,0.2727272727272727,0.36363636363636365,0.3181818181818182,主測度 發文數｜雙重排序・小型股,abn_attention_weekend
2018-10-07,56,-0.053985584472237995,12,-0.06354397621466745,11,-0.057986295506172736,11,-0.10658084370856426,11,-0.051073360299009024,11,0.002912224173228971,0.18181818181818182,0.3333333333333333,0.25757575757575757,主測度 發文數｜雙重排序・小型股,abn_attention_weekend
2018-10-14,56,-0.01159879399390007,12,-0.03617935907229078,11,-0.012352377721062114,11,0.008058188346473589,11,0.024465988394480664,11,0.036064782388380734,0.36363636363636365,0.25,0.3068181818181818,主測度 發文數｜雙重排序・小型股,abn_attention_weekend
2018-10-21,56,-0.07455987944885799,12,-0.0556855112891679,11,-0.05090698184368572,11,-0.0629509448915075,11,-0.03417217293876019,11,0.0403877065100978,0.45454545454545453,0.16666666666666666,0.3106060606060606,主測度 發文數｜雙重排序・小型股,abn_attention_weekend
2018-10-28,57,0.05460307477962532,12,0.035987920146555295,11,0.02546490622329696,11,0.06631165349781579,11,0.050190664411582486,12,-0.004412410368042831,0.3333333333333333,0.3333333333333333,0.3333333333333333,主測度 發文數｜雙重排序・小型股,abn_attention_weekend
2018-11-04,57,0.015325670263256827,12,0.030531506772264662,11,0.0057809223198821424,11,0.010471102679893202,11,0.0011842899337092445,12,-0.014141380329547582,0.16666666666666666,0.16666666666666666,0.16666666666666666,主測度 發文數｜雙重排序・小型股,abn_attention_weekend
2018-11-11,56,0.029933733073465873,12,0.008551327930645291,11,0.007238226013009577,11,0.004914936378291717,11,0.013066334740013709,11,-0.016867398333452164,0.36363636363636365,0.25,0.3068181818181818,主測度 發文數｜雙重排序・小型股,abn_attention_weekend
2018-11-18,56,-0.011165647890398459,12,-0.009206082851431723,11,-0.008005474801900402,11,-0.022095315332607758,11,-0.0007514530959738177,11,0.01041419479442464,0.18181818181818182,0.08333333333333333,0.13257575757575757,主測度 發文數｜雙重排序・小型股,abn_attention_weekend
2018-11-25,56,-0.005889317534488014,12,0.01691310459129449,11,0.04205018862828786,11,0.09836210859274405,11,0.018337173638242114,11,0.024226491172730128,0.18181818181818182,0.4166666666666667,0.29924242424242425,主測度 發文數｜雙重排序・小型股,abn_attention_weekend
2018-12-02,54,0.0016430597312572439,11,-0.007609197802479201,11,-0.01911850117080911,10,-0.04014111238007536,11,-0.012380692292448224,11,-0.014023752023705469,0.2727272727272727,0.18181818181818182,0.22727272727272727,主測度 發文數｜雙重排序・小型股,abn_attention_weekend
2018-12-09,57,0.023944369330663146,12,0.01638106255565419,11,0.02085206434926508,11,0.0030991499589080114,11,0.005524439511716939,12,-0.018419929818946208,0.5,0.5,0.5,主測度 發文數｜雙重排序・小型股,abn_attention_weekend
2018-12-16,58,-0.0002513822790576418,12,-0.006430323783798133,11,-0.01435833396925984,12,-0.029238891548988236,11,-0.02147225140563323,12,-0.021220869126575587,0.5,0.5,0.5,主測度 發文數｜雙重排序・小型股,abn_attention_weekend
2018-12-23,58,-0.020612294288590304,12,-0.015404054774966636,11,0.012538980631084959,12,-0.00798092504990538,11,-0.022743132456370645,12,-0.002130838167780341,0.3333333333333333,0.25,0.29166666666666663,主測度 發文數｜雙重排序・小型股,abn_attention_weekend
2018-12-30,58,-0.02390793877909625,12,-0.016734320176185136,11,-0.009148250140254341,12,0.0007522657228826623,11,-0.02168077883849064,12,0.00222715994060561,0.5833333333333334,0.3333333333333333,0.45833333333333337,主測度 發文數｜雙重排序・小型股,abn_attention_weekend
2019-01-06,58,0.0008778619390907294,12,0.013651002754270508,11,0.007314662215743774,12,-0.0014833814438475403,11,0.00015150609589522265,12,-0.0007263558431955067,0.16666666666666666,0.0,0.08333333333333333,主測度 發文數｜雙重排序・小型股,abn_attention_weekend
2019-01-13,58,0.008187036781609267,12,-0.0012129466765517767,11,0.007973682814874474,12,0.018839798089535367,11,0.011236616472751223,12,0.0030495796911419563,0.3333333333333333,0.3333333333333333,0.3333333333333333,主測度 發文數｜雙重排序・小型股,abn_attention_weekend
2019-01-20,57,0.0009912243212461997,12,-0.004479247906319302,11,0.0016158294161881476,11,0.016174218658278172,11,0.029040017531087186,12,0.028048793209840987,0.4166666666666667,0.3333333333333333,0.375,主測度 發文數｜雙重排序・小型股,abn_attention_weekend
2019-01-27,57,0.010490461022311187,12,-0.003504116847747076,11,-0.0029743765899565944,11,-0.01242182863607772,11,0.008470473146014726,12,-0.0020199878762964616,0.16666666666666666,0.25,0.20833333333333331,主測度 發文數｜雙重排序・小型股,abn_attention_weekend
2019-02-17,56,0.023529542134722997,12,-0.003341747222550338,11,-0.006878888044348058,11,0.0039027084230882536,11,0.005207329292936103,11,-0.018322212841786895,0.45454545454545453,0.4166666666666667,0.4356060606060606,主測度 發文數｜雙重排序・小型股,abn_attention_weekend
2019-02-24,57,0.008056870237070171,12,-0.005635218906975149,11,-0.006073600908804166,11,0.00395241801680775,11,0.00012667329647826167,12,-0.00793019694059191,0.4166666666666667,0.25,0.33333333333333337,主測度 發文數｜雙重排序・小型股,abn_attention_weekend
2019-03-03,55,-0.018029681534784035,11,-0.009305767620436,11,-0.0029744651538310507,11,0.004849754800228373,11,-0.0034619536674175178,11,0.014567727867366518,0.18181818181818182,0.09090909090909091,0.13636363636363635,主測度 發文數｜雙重排序・小型股,abn_attention_weekend
2019-03-10,55,0.009971933653156436,11,0.0091094934500505,11,0.004995930554918406,11,0.023300213468998254,11,0.010298425509852433,11,0.00032649185669599706,0.36363636363636365,0.2727272727272727,0.3181818181818182,主測度 發文數｜雙重排序・小型股,abn_attention_weekend
2019-03-17,56,-0.010569820743170347,12,0.010238173780982967,11,0.011508881654151497,11,-0.013061150351602945,11,0.011865267698598142,11,0.02243508844176849,0.36363636363636365,0.3333333333333333,0.3484848484848485,主測度 發文數｜雙重排序・小型股,abn_attention_weekend
2019-03-24,56,-0.002075120269158709,12,0.013475826773441118,11,0.021830535888013203,11,-0.0015718610785492202,11,0.0115470503087936,11,0.013622170577952309,0.36363636363636365,0.3333333333333333,0.3484848484848485,主測度 發文數｜雙重排序・小型股,abn_attention_weekend
2019-03-31,55,-0.010406260662431695,11,-0.005981286321427703,11,-0.004390344083965689,11,-0.0037514065853356815,11,0.0016244247340106482,11,0.012030685396442344,0.2727272727272727,0.36363636363636365,0.3181818181818182,主測度 發文數｜雙重排序・小型股,abn_attention_weekend
2019-04-07,53,-0.02362787101621404,11,-0.010701548965259466,10,-0.0005174880965520949,11,-0.006926118941623027,10,-0.017727614961713992,11,0.005900256054500046,0.18181818181818182,0.18181818181818182,0.18181818181818182,主測度 發文數｜雙重排序・小型股,abn_attention_weekend
2019-04-14,55,0.035683114203756645,11,0.006144872052245605,11,-0.010556679084583253,11,0.006241429794774004,11,-0.0020729901134625543,11,-0.0377561043172192,0.09090909090909091,0.18181818181818182,0.13636363636363635,主測度 發文數｜雙重排序・小型股,abn_attention_weekend
2019-04-21,55,0.000596821800059892,11,-0.007382940022445065,11,-0.007609618991553374,11,-0.04475851162349498,11,0.00023471376412144038,11,-0.00036210803593845163,0.36363636363636365,0.2727272727272727,0.3181818181818182,主測度 發文數｜雙重排序・小型股,abn_attention_weekend
2019-04-28,55,0.004044952302689409,11,0.013953766971326281,11,-0.002099498354150696,11,0.008866762287524577,11,0.006336112945662578,11,0.002291160642973169,0.2727272727272727,0.2727272727272727,0.2727272727272727,主測度 發文數｜雙重排序・小型股,abn_attention_weekend
2019-05-05,56,-0.02990119729413936,12,-0.002700272765280186,11,-0.01258135395696021,11,-0.05150400923207177,11,-0.016819840238038588,11,0.013081357056100772,0.36363636363636365,0.3333333333333333,0.3484848484848485,主測度 發文數｜雙重排序・小型股,abn_attention_weekend
2019-05-12,56,-0.018677811386225086,12,-0.01561546733837777,11,-0.0039054639052831645,11,-0.0008128527100073461,11,-0.031299130981170833,11,-0.012621319594945748,0.2727272727272727,0.25,0.26136363636363635,主測度 發文數｜雙重排序・小型股,abn_attention_weekend
2019-05-19,58,-0.01613453053580688,12,0.017411130267085226,11,0.0033258141100924454,12,-0.006742537673843393,11,0.016056327023350508,12,0.03219085755915739,0.5833333333333334,0.25,0.4166666666666667,主測度 發文數｜雙重排序・小型股,abn_attention_weekend
2019-05-26,58,0.023123329251212733,12,0.011248725162738752,11,0.008656188719863364,12,0.010271868921377407,11,0.009097302895099904,12,-0.014026026356112829,0.5833333333333334,0.5,0.5416666666666667,主測度 發文數｜雙重排序・小型股,abn_attention_weekend
2019-06-02,60,-0.0067035873546351,12,-0.007796836118669039,12,0.006372489183684817,12,0.0010723111750852905,12,0.007643039655524329,12,0.01434662701015943,0.3333333333333333,0.25,0.29166666666666663,主測度 發文數｜雙重排序・小型股,abn_attention_weekend
2019-06-09,59,0.0065965793798085925,12,0.008412885479932899,12,-0.0098885246316339,11,0.01216408453284242,12,0.016436173710818246,12,0.009839594331009654,0.4166666666666667,0.25,0.33333333333333337,主測度 發文數｜雙重排序・小型股,abn_attention_weekend
2019-06-16,59,0.010389485843891377,12,0.004355223006229814,12,0.00923284659687107,11,0.016842804710926473,12,0.005704951818730375,12,-0.004684534025161002,0.4166666666666667,0.16666666666666666,0.2916666666666667,主測度 發文數｜雙重排序・小型股,abn_attention_weekend
2019-06-23,59,0.0026377238757581134,12,-0.0006611632988275384,12,-0.0006449669580418573,11,-0.004081063507106668,12,-0.004274901277381847,12,-0.00691262515313996,0.25,0.25,0.25,主測度 發文數｜雙重排序・小型股,abn_attention_weekend
2019-06-30,58,0.007293025390285257,12,0.00623411156211687,11,0.013195181224420168,12,0.018272052730907797,11,0.004377211247481592,12,-0.002915814142803665,0.4166666666666667,0.08333333333333333,0.25,主測度 發文數｜雙重排序・小型股,abn_attention_weekend
2019-07-07,58,-0.002789695281835878,12,0.007408008378169653,11,0.0036801387062780633,12,4.331165594152374e-05,11,0.006505338442665311,12,0.00929503372450119,0.25,0.25,0.25,主測度 發文數｜雙重排序・小型股,abn_attention_weekend
2019-07-14,58,0.017400588726515676,12,-0.008412433081864922,11,0.0075471584543500185,12,0.00010924907865201232,11,0.004924565271394833,12,-0.012476023455120843,0.3333333333333333,0.25,0.29166666666666663,主測度 發文數｜雙重排序・小型股,abn_attention_weekend
2019-07-21,58,0.005933868447732184,12,0.0044433645332320896,11,-0.009203244204162317,12,0.004422718957153798,11,0.0051549558246336835,12,-0.0007789126230985004,0.25,0.4166666666666667,0.33333333333333337,主測度 發文數｜雙重排序・小型股,abn_attention_weekend
2019-07-28,58,-0.0455528507961604,12,-0.008430665412030717,11,-0.032509253629556374,12,-0.029688948099358556,11,-0.01858390783097853,12,0.02696894296518187,0.25,0.16666666666666666,0.20833333333333331,主測度 發文數｜雙重排序・小型股,abn_attention_weekend
2019-08-04,59,-0.009609352783966593,12,-0.010545094595902527,12,-0.021482289895320982,11,-0.002073618561485552,12,0.012442158873955481,12,0.022051511657922074,0.16666666666666666,0.25,0.20833333333333331,主測度 發文數｜雙重排序・小型股,abn_attention_weekend
2019-08-11,59,0.0012256153987330969,12,0.0002890549514923957,12,-0.0011148556352536683,11,-0.0030169458456640505,12,0.0017423111964422662,12,0.0005166957977091693,0.16666666666666666,0.25,0.20833333333333331,主測度 發文數｜雙重排序・小型股,abn_attention_weekend
2019-08-18,59,0.014703736476052248,12,0.012900330469960206,12,0.008722593693779509,11,0.016651148020343693,12,0.005071257295928,12,-0.009632479180124248,0.16666666666666666,0.08333333333333333,0.125,主測度 發文數｜雙重排序・小型股,abn_attention_weekend
2019-08-25,59,0.04691993584650616,12,0.005180154362373901,12,0.004131179498959268,11,0.02077894965509332,12,0.02135057562102603,12,-0.02556936022548013,0.16666666666666666,0.16666666666666666,0.16666666666666666,主測度 發文數｜雙重排序・小型股,abn_attention_weekend
2019-09-01,58,0.04013536327388791,12,0.015939480360581983,11,0.007882224736864627,12,0.026277183869019814,11,0.021654464131537116,12,-0.018480899142350796,0.16666666666666666,0.3333333333333333,0.25,主測度 發文數｜雙重排序・小型股,abn_attention_weekend
2019-09-08,58,-0.0006220899458746857,12,-0.0029112336397286113,11,-0.0037564030323377537,12,-0.00018365747848932262,11,0.0038818720572690404,12,0.004503962003143726,0.16666666666666666,0.3333333333333333,0.25,主測度 發文數｜雙重排序・小型股,abn_attention_weekend
2019-09-15,58,-0.0009105196991559261,12,-0.0038311684867132867,11,0.006366080497047556,12,-0.004091812828314662,11,0.01343219429385146,12,0.014342713993007386,0.3333333333333333,0.6666666666666666,0.5,主測度 發文數｜雙重排序・小型股,abn_attention_weekend
2019-09-22,56,-0.015919473505431454,12,-0.019790772823787436,11,-0.03058649730969576,11,-0.031641106581673364,11,-0.021075147838901832,11,-0.005155674333470379,0.2727272727272727,0.3333333333333333,0.303030303030303,主測度 發文數｜雙重排序・小型股,abn_attention_weekend
2019-09-29,57,-0.0032159578559195954,12,-0.008936086201967154,11,0.0007869814859327432,11,-0.006757461112794224,11,-0.017487994623665643,12,-0.014272036767746047,0.16666666666666666,0.08333333333333333,0.125,主測度 發文數｜雙重排序・小型股,abn_attention_weekend
2019-10-06,57,-0.006249364350154218,12,-0.015667917777353577,11,-0.0018023642365428366,11,-0.023905519152514366,11,-0.00017437378774080395,12,0.006074990562413414,0.3333333333333333,0.4166666666666667,0.375,主測度 發文數｜雙重排序・小型股,abn_attention_weekend
2019-10-13,58,0.020197234329158265,12,0.015085930465096027,11,0.007174803629661747,12,0.006672697384259473,11,0.006974585917494651,12,-0.013222648411663613,0.16666666666666666,0.3333333333333333,0.25,主測度 發文數｜雙重排序・小型股,abn_attention_weekend
2019-10-20,57,-0.00543664063746363,12,0.013200656052325203,11,0.019770095128186484,11,0.007120468489477732,11,0.0033976430570121507,12,0.00883428369447578,0.3333333333333333,0.16666666666666666,0.25,主測度 發文數｜雙重排序・小型股,abn_attention_weekend
2019-10-27,57,-0.008763503327758706,12,-0.0041425661497310855,11,-0.0005830652002778234,11,-0.01693934176705868,11,-0.01106701412579363,12,-0.0023035107980349245,0.3333333333333333,0.25,0.29166666666666663,主測度 發文數｜雙重排序・小型股,abn_attention_weekend
2019-11-03,58,-0.0073620417661679856,12,0.014881414880643833,11,0.0062204879576418974,12,-0.020130693692481782,11,-0.00544406301931194,12,0.0019179787468560456,0.16666666666666666,0.16666666666666666,0.16666666666666666,主測度 發文數｜雙重排序・小型股,abn_attention_weekend
2019-11-10,58,-0.012089966973145258,12,-0.03648204173990922,11,-0.016031017532992808,12,-0.013946922572900462,11,0.0035676358653178677,12,0.015657602838463125,0.3333333333333333,0.25,0.29166666666666663,主測度 發文數｜雙重排序・小型股,abn_attention_weekend
2019-11-17,59,-0.00011432604323160141,12,0.0073386282895045825,12,0.007713014845296245,11,0.014485554904364789,12,-0.001272520114566994,12,-0.0011581940713353926,0.3333333333333333,0.25,0.29166666666666663,主測度 發文數｜雙重排序・小型股,abn_attention_weekend
2019-11-24,59,-0.013630114656386583,12,-2.3941239261536056e-05,12,-0.004550282253165127,11,-0.002213245496216163,12,0.002011402247013535,12,0.015641516903400116,0.25,0.08333333333333333,0.16666666666666666,主測度 發文數｜雙重排序・小型股,abn_attention_weekend
2019-12-01,59,0.0008134325555602026,12,0.013460338079367048,12,-0.0003715368145895681,11,0.006581892701725267,12,-0.00405033112023261,12,-0.0048637636757928124,0.3333333333333333,0.4166666666666667,0.375,主測度 發文數｜雙重排序・小型股,abn_attention_weekend
2019-12-08,60,0.0047723864610830224,12,-0.00495542322652856,12,-0.015069477927033207,12,0.0063184361120870725,12,-0.01042530995338061,12,-0.015197696414463632,0.3333333333333333,0.3333333333333333,0.3333333333333333,主測度 發文數｜雙重排序・小型股,abn_attention_weekend
2019-12-15,60,0.0035991335407228784,12,0.0036183022433474155,12,0.009380934134677619,12,0.008152135517399156,12,0.010281082589558038,12,0.006681949048835159,0.25,0.16666666666666666,0.20833333333333331,主測度 發文數｜雙重排序・小型股,abn_attention_weekend
2019-12-22,60,0.011560705611398872,12,0.0046825804425999025,12,0.0007286451990337339,12,0.004165681941714766,12,-0.00417373820415845,12,-0.015734443815557324,0.25,0.25,0.25,主測度 發文數｜雙重排序・小型股,abn_attention_weekend
2019-12-29,60,0.01516635285561784,12,-0.0006439649690514193,12,0.004016919910906534,12,-0.0039837759453080586,12,0.005395608323394974,12,-0.009770744532222866,0.3333333333333333,0.08333333333333333,0.20833333333333331,主測度 發文數｜雙重排序・小型股,abn_attention_weekend
2020-01-05,59,-0.010589651081303414,12,-0.014527377344778806,12,-0.010814555893451512,11,-0.015303927702798084,12,0.0023571017090223967,12,0.01294675279032581,0.25,0.25,0.25,主測度 發文數｜雙重排序・小型股,abn_attention_weekend
2020-01-12,60,0.009835639629033046,12,-0.0031961771061849165,12,0.007382010976372043,12,0.02440256403071713,12,-0.01570511674772711,12,-0.025540756376760156,0.25,0.3333333333333333,0.29166666666666663,主測度 發文數｜雙重排序・小型股,abn_attention_weekend
2020-01-19,61,-0.0010888540113537409,13,0.003925356751840516,12,-0.0014475320313915019,12,-0.0026992180140788433,12,0.00044242817851767685,12,0.0015312821898714178,0.4166666666666667,0.23076923076923078,0.32371794871794873,主測度 發文數｜雙重排序・小型股,abn_attention_weekend
2020-01-26,61,-0.013683408152478748,13,-0.011456781384547124,12,-0.017363665104660087,12,-0.022904254125582984,12,-0.01680778486494623,12,-0.0031243767124674807,0.25,0.3076923076923077,0.27884615384615385,主測度 發文數｜雙重排序・小型股,abn_attention_weekend
2020-02-02,61,0.015020995149889664,13,0.0019095718211383967,12,-0.007267418745734934,12,0.050011449252688106,12,0.02405258215085948,12,0.009031587000969817,0.16666666666666666,0.3076923076923077,0.23717948717948717,主測度 發文數｜雙重排序・小型股,abn_attention_weekend
2020-02-09,61,0.02054209977142999,13,0.014795221149006785,12,0.009949559287406512,12,0.025003540203284352,12,0.02421766324539512,12,0.0036755634739651308,0.25,0.23076923076923078,0.2403846153846154,主測度 發文數｜雙重排序・小型股,abn_attention_weekend
2020-02-16,62,0.019137067142550923,13,0.010524832254859728,12,0.02909934234708701,12,0.007248965127223043,12,0.011274467896572672,13,-0.007862599245978251,0.38461538461538464,0.3076923076923077,0.34615384615384615,主測度 發文數｜雙重排序・小型股,abn_attention_weekend
2020-02-23,62,-0.022534703676640993,13,-0.008511367498963723,12,-0.021853975177215452,12,-0.029670483039916856,12,-0.018080919845296882,13,0.004453783831344111,0.15384615384615385,0.07692307692307693,0.11538461538461539,主測度 發文數｜雙重排序・小型股,abn_attention_weekend
2020-03-01,61,0.03614018668194615,13,0.03602122142600155,12,0.031241422945566238,12,0.02918393760126181,12,0.021627396710027835,12,-0.014512789971918315,0.25,0.07692307692307693,0.16346153846153846,主測度 發文數｜雙重排序・小型股,abn_attention_weekend
2020-03-08,61,-0.16192862908266467,13,-0.14557521123836203,12,-0.12477520126420555,12,-0.15710057204248262,12,-0.13664976373678933,12,0.02527886534587534,0.3333333333333333,0.15384615384615385,0.24358974358974358,主測度 發文數｜雙重排序・小型股,abn_attention_weekend
2020-03-15,61,-0.13783437219065217,13,-0.09342701527552162,12,-0.07883804372940613,12,-0.091802764710137,12,-0.1016659042949953,12,0.03616846789565688,0.3333333333333333,0.3076923076923077,0.3205128205128205,主測度 發文數｜雙重排序・小型股,abn_attention_weekend
2020-03-22,60,0.12977382692868045,12,0.11284458619937598,12,0.07811610749201048,12,0.11813947108506428,12,0.10432106556999549,12,-0.02545276135868496,0.6666666666666666,0.25,0.4583333333333333,主測度 發文數｜雙重排序・小型股,abn_attention_weekend
2020-03-29,61,0.04642922184471428,13,0.05239400417810297,12,0.016688035126483158,12,0.046448713986340186,12,0.031203287664419627,12,-0.01522593418029465,0.5833333333333334,0.5384615384615384,0.5608974358974359,主測度 發文數｜雙重排序・小型股,abn_attention_weekend
2020-04-05,61,0.05214683433928497,13,0.07090826343274897,12,0.05366528917085551,12,0.06955491693349213,12,0.054764488372185116,12,0.002617654032900145,0.16666666666666666,0.15384615384615385,0.16025641025641024,主測度 發文數｜雙重排序・小型股,abn_attention_weekend
2020-04-12,61,0.03095772956169716,13,0.04091575455293309,12,0.04498013560720254,12,0.027137269629561606,12,0.03060178600898497,12,-0.00035594355271218944,0.16666666666666666,0.23076923076923078,0.19871794871794873,主測度 發文數｜雙重排序・小型股,abn_attention_weekend
2020-04-19,62,-0.013551287789325923,13,-0.002197611198210695,12,-0.00834853433501843,12,-0.007197502969186105,12,-0.0109499428541401,13,0.002601344935185823,0.23076923076923078,0.07692307692307693,0.15384615384615385,主測度 發文數｜雙重排序・小型股,abn_attention_weekend
2020-04-26,62,0.043542199442004596,13,0.06984082472264931,12,0.05062406725520252,12,0.04007364567943191,12,0.08023317631197714,13,0.036690976869972546,0.15384615384615385,0.15384615384615385,0.15384615384615385,主測度 發文數｜雙重排序・小型股,abn_attention_weekend
2020-05-03,59,0.05005406617942645,12,0.04672947159253349,12,0.01777117241515923,11,0.025247997865653238,12,0.02084047019639515,12,-0.029213595983031297,0.25,0.08333333333333333,0.16666666666666666,主測度 發文數｜雙重排序・小型股,abn_attention_weekend
2020-05-10,59,-0.031535762709908266,12,-0.038870307014572066,12,-0.03560159719021492,11,0.006467988428117698,12,0.0029650608398506715,12,0.03450082354975894,0.25,0.3333333333333333,0.29166666666666663,主測度 發文數｜雙重排序・小型股,abn_attention_weekend
2020-05-17,59,0.007561229065745301,12,0.016304476101633186,12,0.010524730548935778,11,-0.020696642745715078,12,-0.003013737216624605,12,-0.010574966282369905,0.3333333333333333,0.3333333333333333,0.3333333333333333,主測度 發文數｜雙重排序・小型股,abn_attention_weekend
2020-05-24,62,-0.013505720223392649,13,0.011837124916334383,12,0.007033533158693576,12,0.013392517591748967,12,0.01663720523552756,13,0.03014292545892021,0.46153846153846156,0.38461538461538464,0.42307692307692313,主測度 發文數｜雙重排序・小型股,abn_attention_weekend
2020-05-31,61,0.01413391244779311,13,0.03353453707588747,12,0.04041168266618911,12,0.041255857894856106,12,0.014702766939427755,12,0.000568854491634645,0.5,0.38461538461538464,0.4423076923076923,主測度 發文數｜雙重排序・小型股,abn_attention_weekend
2020-06-07,61,-0.030371828018007453,13,-0.032129687762050184,12,-0.03625519054847575,12,-0.043846248978559293,12,-0.026931984945203668,12,0.0034398430728037853,0.5,0.38461538461538464,0.4423076923076923,主測度 發文數｜雙重排序・小型股,abn_attention_weekend
2020-06-14,60,0.049620830741883254,12,0.012047210805723898,12,0.03257179078997099,12,0.016656020304504682,12,0.011458951898982208,12,-0.038161878842901044,0.25,0.25,0.25,主測度 發文數｜雙重排序・小型股,abn_attention_weekend
2020-06-21,61,-0.014843486866973957,13,-0.002797998550945572,12,-0.009465134834842811,12,-0.014134534391383596,12,0.006603042660601022,12,0.02144652952757498,0.25,0.23076923076923078,0.2403846153846154,主測度 發文數｜雙重排序・小型股,abn_attention_weekend
2020-06-28,62,0.02463027828814632,13,0.026636216056326194,12,0.024138551971139344,12,0.027947762322769226,12,0.01600689012394872,13,-0.008623388164197603,0.3076923076923077,0.3076923076923077,0.3076923076923077,主測度 發文數｜雙重排序・小型股,abn_attention_weekend
2020-07-05,62,0.0037022735395949836,13,-0.012865766183952743,12,0.022089254846024874,12,-0.006488859479458283,12,0.01208811061333722,13,0.008385837073742236,0.3076923076923077,0.3076923076923077,0.3076923076923077,主測度 發文數｜雙重排序・小型股,abn_attention_weekend
2020-07-12,62,0.02247117394096974,13,-0.008281636665745986,12,0.003000403443957217,12,-0.03453011897910039,12,0.0067043473291121215,13,-0.015766826611857618,0.15384615384615385,0.3076923076923077,0.23076923076923078,主測度 發文數｜雙重排序・小型股,abn_attention_weekend
2020-07-19,63,-0.002246846471244188,13,-0.0024381562676802915,12,-0.01408192595548709,13,-0.0011691218323477786,12,0.008994355694105517,13,0.011241202165349705,0.23076923076923078,0.38461538461538464,0.3076923076923077,主測度 發文數｜雙重排序・小型股,abn_attention_weekend
2020-07-26,63,-0.010022979073942135,13,-0.01584568855022338,12,-0.007548319033555206,13,0.0010858341743831268,12,0.006721217851363746,13,0.01674419692530588,0.23076923076923078,0.15384615384615385,0.19230769230769232,主測度 發文數｜雙重排序・小型股,abn_attention_weekend
2020-08-02,63,0.01019163142653137,13,0.017823376973787653,12,0.011228937485102453,13,0.02026614109739122,12,0.020934322118322392,13,0.010742690691791021,0.15384615384615385,0.15384615384615385,0.15384615384615385,主測度 發文數｜雙重排序・小型股,abn_attention_weekend
2020-08-09,64,0.020718285589470684,13,0.03312656749214405,13,0.008424239900874958,12,-0.0018532933453463236,13,0.013564175175218471,13,-0.007154110414252212,0.23076923076923078,0.23076923076923078,0.23076923076923078,主測度 發文數｜雙重排序・小型股,abn_attention_weekend
2020-08-16,64,-0.0206461048668713,13,0.01622363044433995,13,0.005566872317689116,12,-0.01741939535092067,13,0.004462200940303678,13,0.025108305807174977,0.07692307692307693,0.23076923076923078,0.15384615384615385,主測度 發文數｜雙重排序・小型股,abn_attention_weekend
2020-08-23,64,0.021203966817139038,13,0.024279298215103294,13,0.03448641645491283,12,0.027788323119333873,13,0.036812113799931774,13,0.015608146982792736,0.23076923076923078,0.15384615384615385,0.19230769230769232,主測度 發文數｜雙重排序・小型股,abn_attention_weekend
2020-08-30,64,0.011410076359068962,13,0.04171508611483222,13,0.01646057085315476,12,0.00881983692993272,13,-0.01717455724366099,13,-0.028584633602729954,0.23076923076923078,0.23076923076923078,0.23076923076923078,主測度 發文數｜雙重排序・小型股,abn_attention_weekend
2020-09-06,65,-0.026705695248571026,13,0.025764879709527174,13,-0.022686010830954204,13,0.00124805073885827,13,-0.004789060221766668,13,0.021916635026804358,0.15384615384615385,0.3076923076923077,0.23076923076923078,主測度 發文數｜雙重排序・小型股,abn_attention_weekend
2020-09-13,65,0.010413663968994177,13,0.0045914733163719195,13,0.014791922401261908,13,0.010002200160744473,13,0.009906665455910653,13,-0.0005069985130835234,0.23076923076923078,0.15384615384615385,0.19230769230769232,主測度 發文數｜雙重排序・小型股,abn_attention_weekend
2020-09-20,66,-0.07543434858765088,14,-0.07701486213995648,13,-0.07722383365913517,13,-0.0625554187549726,13,-0.0415186743195195,13,0.033915674268131385,0.23076923076923078,0.2857142857142857,0.2582417582417582,主測度 發文數｜雙重排序・小型股,abn_attention_weekend
2020-09-27,65,0.008136563685783825,13,0.0009789585306737058,13,0.009512691179068269,13,0.006484927120399626,13,0.021009162402362672,13,0.012872598716578847,0.15384615384615385,0.07692307692307693,0.11538461538461539,主測度 發文數｜雙重排序・小型股,abn_attention_weekend
2020-10-04,65,0.023529847191557186,13,0.021887711481684054,13,0.018530576894034232,13,0.0424155750027754,13,0.0205647101240138,13,-0.002965137067543387,0.07692307692307693,0.07692307692307693,0.07692307692307693,主測度 發文數｜雙重排序・小型股,abn_attention_weekend
2020-10-11,66,-0.011355042929773716,14,0.012918847740465537,13,-0.010347998141210159,13,0.013946775815515853,13,-0.01007324654189365,13,0.0012817963878800648,0.07692307692307693,0.14285714285714285,0.10989010989010989,主測度 發文數｜雙重排序・小型股,abn_attention_weekend
2020-10-18,67,0.006030865014696177,14,0.01665882245631723,13,0.009937835349341152,13,0.010987892101502639,13,0.005488505890663123,14,-0.0005423591240330539,0.2857142857142857,0.14285714285714285,0.21428571428571427,主測度 發文數｜雙重排序・小型股,abn_attention_weekend
2020-10-25,67,-0.028500980278182517,14,-0.010331501451485049,13,-0.01606199073728001,13,-0.03545927977170325,13,-0.013211782331325536,14,0.015289197946856981,0.35714285714285715,0.35714285714285715,0.35714285714285715,主測度 發文數｜雙重排序・小型股,abn_attention_weekend
2020-11-01,66,0.010256134121456166,14,0.019883553113525486,13,0.029961575670386147,13,0.016604824345810214,13,0.012202437985273634,13,0.0019463038638174671,0.15384615384615385,0.21428571428571427,0.18406593406593408,主測度 發文數｜雙重排序・小型股,abn_attention_weekend
2020-11-08,66,-0.01563421935911861,14,0.014292384426254313,13,-0.004051990932265919,13,0.0017582223604992047,13,0.01107704777565096,13,0.02671126713476957,0.07692307692307693,0.0,0.038461538461538464,主測度 發文數｜雙重排序・小型股,abn_attention_weekend
2020-11-15,67,0.016400640112450033,14,0.007203836441238522,13,-0.009509836968936524,13,0.013276010536833164,13,0.03155467899351344,14,0.015154038881063408,0.21428571428571427,0.14285714285714285,0.17857142857142855,主測度 發文數｜雙重排序・小型股,abn_attention_weekend
2020-11-22,66,0.021205119001667414,14,0.010882891528694141,13,0.009781268339573507,13,0.0318670654216866,13,0.018522635533352975,13,-0.0026824834683144387,0.23076923076923078,0.21428571428571427,0.22252747252747251,主測度 發文數｜雙重排序・小型股,abn_attention_weekend
2020-11-29,67,-0.001506779567327873,14,-0.010553634121882646,13,-0.010933559470328489,13,0.01882048293018064,13,-0.003464064570616567,14,-0.0019572850032886936,0.35714285714285715,0.2857142857142857,0.3214285714285714,主測度 發文數｜雙重排序・小型股,abn_attention_weekend
2020-12-06,67,-0.019153958256909027,14,-0.02286677909180975,13,-0.03610611273809928,13,0.00032569994183579294,13,-0.01979482083536652,14,-0.0006408625784574927,0.35714285714285715,0.2857142857142857,0.3214285714285714,主測度 發文數｜雙重排序・小型股,abn_attention_weekend
2020-12-13,67,0.0020516229870412095,14,0.009093486832267166,13,0.007086017879618472,13,0.01205113517406524,13,0.004862845027238756,14,0.002811222040197546,0.14285714285714285,0.14285714285714285,0.14285714285714285,主測度 發文數｜雙重排序・小型股,abn_attention_weekend
2020-12-20,67,0.029353058244681447,14,0.02646483245282645,13,0.014458032214769267,13,0.0076986523736691966,13,-0.0017014304030474245,14,-0.031054488647728872,0.21428571428571427,0.21428571428571427,0.21428571428571427,主測度 發文數｜雙重排序・小型股,abn_attention_weekend
2020-12-27,68,0.01877057914847241,14,0.0026240329741985366,13,0.023324688168082586,14,-0.000597500391365285,13,0.02285816358385138,14,0.004087584435378971,0.2857142857142857,0.2857142857142857,0.2857142857142857,主測度 發文數｜雙重排序・小型股,abn_attention_weekend
2021-01-03,70,-0.025541811035605617,14,-0.023321317007443863,14,-0.029946256377524245,14,-0.005131663094406135,14,-0.01798223850093598,14,0.0075595725346696355,0.21428571428571427,0.21428571428571427,0.21428571428571427,主測度 發文數｜雙重排序・小型股,abn_attention_weekend
2021-01-10,69,-0.04854256378500032,14,-0.029345370546253618,14,-0.047814105625168066,13,-0.020017917395176048,14,-0.01427574714382744,14,0.03426681664117288,0.2857142857142857,0.14285714285714285,0.21428571428571427,主測度 發文數｜雙重排序・小型股,abn_attention_weekend
2021-01-17,69,-0.02846250011832375,14,-0.02880159848005945,14,-0.02377528586079692,13,-0.02288179294777219,14,-0.03315487555411454,14,-0.004692375435790791,0.14285714285714285,0.14285714285714285,0.14285714285714285,主測度 發文數｜雙重排序・小型股,abn_attention_weekend
2021-01-24,70,-0.04365350002967871,14,-0.006121544875924304,14,-0.0313713321989681,14,-0.026188247482436873,14,-0.02069365644710056,14,0.02295984358257815,0.2857142857142857,0.14285714285714285,0.21428571428571427,主測度 發文數｜雙重排序・小型股,abn_attention_weekend
2021-01-31,70,0.02151934382812411,14,0.018851124155517446,14,0.01753291175828472,14,0.01989432134762339,14,0.004064473724423946,14,-0.017454870103700164,0.2857142857142857,0.35714285714285715,0.3214285714285714,主測度 發文數｜雙重排序・小型股,abn_attention_weekend
2021-02-21,70,0.013822960282302652,14,0.014164130489236553,14,0.008307024024064469,14,0.04306326520417238,14,0.015109951372190915,14,0.001286991089888263,0.35714285714285715,0.2857142857142857,0.3214285714285714,主測度 發文數｜雙重排序・小型股,abn_attention_weekend
2021-02-28,70,-0.03654641342820724,14,-0.001489353585591364,14,-0.016984565873715465,14,-0.019337472254906903,14,-0.015400313012586915,14,0.021146100415620324,0.21428571428571427,0.21428571428571427,0.21428571428571427,主測度 發文數｜雙重排序・小型股,abn_attention_weekend
2021-03-07,70,0.01754760019626512,14,0.016010442747994038,14,0.018687265548267742,14,-0.0031693885297969793,14,0.025837442340203194,14,0.008289842143938075,0.35714285714285715,0.2857142857142857,0.3214285714285714,主測度 發文數｜雙重排序・小型股,abn_attention_weekend
2021-03-14,70,0.011466097505858808,14,-0.003198768165520053,14,0.013471253446717577,14,0.008023072619257316,14,0.009736657380916622,14,-0.0017294401249421856,0.21428571428571427,0.21428571428571427,0.21428571428571427,主測度 發文數｜雙重排序・小型股,abn_attention_weekend
2021-03-21,70,0.005171788913664781,14,0.01036895582779743,14,0.021590687102862566,14,0.012471814016168346,14,0.005420010761836268,14,0.0002482218481714869,0.5714285714285714,0.35714285714285715,0.4642857142857143,主測度 發文數｜雙重排序・小型股,abn_attention_weekend
2021-03-28,70,0.011914682961926357,14,0.02130740329622414,14,0.0011905524481605914,14,0.009814531943498564,14,-0.001497573311792812,14,-0.01341225627371917,0.5,0.5,0.5,主測度 發文數｜雙重排序・小型股,abn_attention_weekend
2021-04-04,71,0.04360989697831728,15,0.027981569892205998,14,0.012557176141600108,14,0.03292232401022628,14,0.0204206144038509,14,-0.023189282574466376,0.2857142857142857,0.3333333333333333,0.30952380952380953,主測度 發文數｜雙重排序・小型股,abn_attention_weekend
2021-04-11,71,0.03373397353823505,15,0.02864867044345611,14,0.02346828338490097,14,0.023091728829712912,14,0.050693314411745995,14,0.016959340873510947,0.42857142857142855,0.13333333333333333,0.28095238095238095,主測度 發文數｜雙重排序・小型股,abn_attention_weekend
2021-04-18,73,0.030992711039285782,15,0.024829317022431605,14,0.015649546963736074,15,0.014768884766525174,14,0.008319604523526232,15,-0.02267310651575955,0.4666666666666667,0.2,0.33333333333333337,主測度 發文數｜雙重排序・小型股,abn_attention_weekend
2021-04-25,74,0.02921524721593271,15,0.02023959574786546,15,0.030280088243850145,14,-0.012031152806473051,15,0.018466503715630887,15,-0.010748743500301822,0.26666666666666666,0.26666666666666666,0.26666666666666666,主測度 發文數｜雙重排序・小型股,abn_attention_weekend
2021-05-02,75,-0.06205149160704616,15,-0.031186596299163448,15,-0.043735063873061295,15,-0.051489435090906636,15,-0.0203096357762814,15,0.04174185583076476,0.26666666666666666,0.26666666666666666,0.26666666666666666,主測度 發文數｜雙重排序・小型股,abn_attention_weekend
2021-05-09,75,-0.12245907462739586,15,-0.10051311847975088,15,-0.11543352879332504,15,-0.12181149708125409,15,-0.08704424223703035,15,0.03541483239036551,0.13333333333333333,0.2,0.16666666666666669,主測度 發文數｜雙重排序・小型股,abn_attention_weekend
2021-05-16,75,0.10328500924323211,15,0.1112476820534028,15,0.09198054435648657,15,0.11259957246253728,15,0.06562868913699996,15,-0.037656320106232155,0.4,0.13333333333333333,0.26666666666666666,主測度 發文數｜雙重排序・小型股,abn_attention_weekend
2021-05-23,76,0.027521127739743148,16,0.03418517603733685,15,0.04981126519256651,15,0.09173099592434047,15,0.033349006644464094,15,0.005827878904720946,0.4666666666666667,0.375,0.42083333333333334,主測度 發文數｜雙重排序・小型股,abn_attention_weekend
2021-05-30,77,0.024489523099929376,16,0.016297129630711015,15,0.013293614616443582,15,0.017880946920563988,15,0.02800388276627118,16,0.003514359666341803,0.375,0.3125,0.34375,主測度 發文數｜雙重排序・小型股,abn_attention_weekend
2021-06-06,78,-0.022561774622365534,16,-0.01329399727969985,15,-0.009070424331952973,16,-0.01752403005450692,15,-0.017844432841637108,16,0.004717341780728426,0.25,0.125,0.1875,主測度 發文數｜雙重排序・小型股,abn_attention_weekend
2021-06-13,77,0.017667485937381447,16,-0.0013715227067258176,15,-0.01322467695898278,15,0.011659582094248134,15,-0.004186526223553283,16,-0.02185401216093473,0.25,0.25,0.25,主測度 發文數｜雙重排序・小型股,abn_attention_weekend
2021-06-20,76,0.029310824890178666,16,0.022473058472735914,15,0.03680168415331622,15,0.0488605075824123,15,0.06675263870616316,15,0.03744181381598449,0.26666666666666666,0.3125,0.2895833333333333,主測度 發文數｜雙重排序・小型股,abn_attention_weekend
2021-06-27,78,0.02313447282058151,16,0.032585846631492235,15,0.022358598504525408,16,0.025310366352821925,15,0.014032073687423381,16,-0.009102399133158127,0.3125,0.1875,0.25,主測度 發文數｜雙重排序・小型股,abn_attention_weekend
2021-07-04,80,-0.020642865138722266,16,0.007256148452244621,16,-0.012098522859544387,16,0.010429351637552764,16,-0.0030839998755253367,16,0.01755886526319693,0.3125,0.25,0.28125,主測度 發文數｜雙重排序・小型股,abn_attention_weekend
2021-07-11,81,-0.017997550365777007,17,-0.01615724368472564,16,-0.031224462582765504,16,0.004863464965807335,16,-0.004364583969553193,16,0.013632966396223814,0.3125,0.23529411764705882,0.27389705882352944,主測度 發文數｜雙重排序・小型股,abn_attention_weekend
2021-07-18,81,-0.007310234567520439,17,0.0016326387368438902,16,-0.010542758460684434,16,-0.01181809588456409,16,-0.010799408527438083,16,-0.0034891739599176436,0.375,0.23529411764705882,0.30514705882352944,主測度 發文數｜雙重排序・小型股,abn_attention_weekend
2021-07-25,82,-0.035576604519709176,17,-0.04181078416177075,16,-0.012043903828379318,16,-0.01595378988699106,16,-0.015557180028961382,17,0.020019424490747794,0.23529411764705882,0.29411764705882354,0.2647058823529412,主測度 發文數｜雙重排序・小型股,abn_attention_weekend
2021-08-01,82,-0.00344103442354625,17,0.00868139700383961,16,0.024029382892379332,16,0.019219689707229662,16,-0.0005212166704282921,17,0.002919817753117958,0.29411764705882354,0.29411764705882354,0.29411764705882354,主測度 發文數｜雙重排序・小型股,abn_attention_weekend
2021-08-08,81,-0.03668211215233317,17,-0.03820459326677754,16,-0.05427626106228161,16,-0.04210151286951027,16,-0.027874701739729495,16,0.008807410412603675,0.1875,0.17647058823529413,0.18198529411764708,主測度 發文數｜雙重排序・小型股,abn_attention_weekend
2021-08-15,81,-0.021774939680233443,17,-0.04104110008881269,16,-0.03864511538415931,16,-0.04226682537458488,16,-0.03626630456943455,16,-0.014491364889201105,0.125,0.23529411764705882,0.1801470588235294,主測度 發文數｜雙重排序・小型股,abn_attention_weekend
2021-08-22,81,0.06405829529209521,17,0.038441630461459986,16,0.037829337322504666,16,0.03690717458366075,16,0.03911499772323408,16,-0.024943297568861128,0.25,0.11764705882352941,0.18382352941176472,主測度 發文數｜雙重排序・小型股,abn_attention_weekend
2021-08-29,81,-0.005935388247889606,17,0.009266246029540258,16,-0.002425656176149163,16,0.009655027309827237,16,0.0020344190233673037,16,0.00796980727125691,0.1875,0.23529411764705882,0.2113970588235294,主測度 發文數｜雙重排序・小型股,abn_attention_weekend
2021-09-05,80,-0.02400391101657169,16,-0.012177253501174094,16,-0.005240547755027053,16,-0.023069470615457624,16,-0.022783481401455113,16,0.0012204296151165778,0.1875,0.3125,0.25,主測度 發文數｜雙重排序・小型股,abn_attention_weekend
2021-09-12,80,-0.009409492599526503,16,0.016550969125843237,16,-0.000875483157160066,16,-0.008962106820946752,16,-0.004911129173898229,16,0.004498363425628274,0.1875,0.25,0.21875,主測度 發文數｜雙重排序・小型股,abn_attention_weekend
2021-09-19,79,0.028214631295459106,16,0.006139310833073029,16,0.019366904361218604,15,0.016202088650896944,16,0.014981702383869332,16,-0.013232928911589774,0.125,0.125,0.125,主測度 發文數｜雙重排序・小型股,abn_attention_weekend
2021-09-26,79,-0.04348757759730853,16,-0.020826842040667377,16,-0.007746994373167163,15,-0.02493639186792934,16,-0.00940906214332038,16,0.03407851545398815,0.125,0.125,0.125,主測度 發文數｜雙重排序・小型股,abn_attention_weekend
2021-10-03,81,-0.009895715507279634,17,-0.016596949614491527,16,-0.01519335850601592,16,-0.0060770882428667974,16,0.003380814975097929,16,0.013276530482377563,0.375,0.29411764705882354,0.3345588235294118,主測度 發文數｜雙重排序・小型股,abn_attention_weekend
2021-10-10,82,0.0049399275181076195,17,0.006628199045145826,16,-0.002446848668551778,16,-0.0006290343249761784,16,-0.01972914613867327,17,-0.02466907365678089,0.23529411764705882,0.17647058823529413,0.20588235294117646,主測度 發文數｜雙重排序・小型股,abn_attention_weekend
2021-10-17,83,0.003701638306763654,17,0.019137262599929476,16,-0.01564481824326806,17,0.004716924058877643,16,0.01225316706887131,17,0.008551528762107656,0.23529411764705882,0.17647058823529413,0.20588235294117646,主測度 發文數｜雙重排序・小型股,abn_attention_weekend
2021-10-24,82,0.010322279288923833,17,0.006202952646490963,16,0.010524902611862057,16,0.03384081512370146,16,0.006903655658952235,17,-0.0034186236299715983,0.11764705882352941,0.17647058823529413,0.14705882352941177,主測度 發文數｜雙重排序・小型股,abn_attention_weekend
2021-10-31,83,0.00435751602539255,17,0.005201078611814389,16,0.01294213048878047,17,-0.002893443320114701,16,-0.0011136029063540877,17,-0.005471118931746637,0.11764705882352941,0.17647058823529413,0.14705882352941177,主測度 發文數｜雙重排序・小型股,abn_attention_weekend
2021-11-07,83,-0.005877321888932615,17,0.014349549733471516,16,0.021508840977025885,17,-0.0035759155237641838,16,0.011804892844386976,17,0.01768221473331959,0.29411764705882354,0.23529411764705882,0.2647058823529412,主測度 發文數｜雙重排序・小型股,abn_attention_weekend
2021-11-14,83,-0.003980237196080016,17,-0.01876841435414793,16,-0.020748960812268128,17,0.016144934771765304,16,-0.014014578429182674,17,-0.010034341233102657,0.29411764705882354,0.29411764705882354,0.29411764705882354,主測度 發文數｜雙重排序・小型股,abn_attention_weekend
2021-11-21,83,-0.01027089868771972,17,-0.013266566475686956,16,0.004816489884110281,17,-0.024889752815639432,16,-0.008919217273947093,17,0.0013516814137726277,0.17647058823529413,0.17647058823529413,0.17647058823529413,主測度 發文數｜雙重排序・小型股,abn_attention_weekend
2021-11-28,83,0.022629903718190604,17,0.005334444310846988,16,0.014977054732661806,17,0.05156628958301621,16,0.010818475111351393,17,-0.011811428606839211,0.11764705882352941,0.058823529411764705,0.08823529411764705,主測度 發文數｜雙重排序・小型股,abn_attention_weekend
2021-12-05,83,0.0013566643595290348,17,0.000790843283582067,16,0.001508325840027959,17,0.017715566705474396,16,0.0032350866340383234,17,0.0018784222745092886,0.17647058823529413,0.23529411764705882,0.20588235294117646,主測度 發文數｜雙重排序・小型股,abn_attention_weekend
2021-12-12,85,-0.0076196368324049505,17,-0.00871559654599881,17,0.0005097065260589598,17,-0.01492074832161426,17,0.0021665182733215087,17,0.00978615510572646,0.23529411764705882,0.17647058823529413,0.20588235294117646,主測度 發文數｜雙重排序・小型股,abn_attention_weekend
2021-12-19,85,0.004794787615223724,17,-0.0007608423303933534,17,0.008301480726620044,17,0.0268907672241828,17,-0.0037105558517373616,17,-0.008505343466961086,0.11764705882352941,0.11764705882352941,0.11764705882352941,主測度 發文數｜雙重排序・小型股,abn_attention_weekend
2021-12-26,85,0.0159951024989253,17,0.010483970044143273,17,0.004936958833795713,17,0.02610765432374144,17,0.01427751757908197,17,-0.0017175849198433311,0.058823529411764705,0.058823529411764705,0.058823529411764705,主測度 發文數｜雙重排序・小型股,abn_attention_weekend
2022-01-02,86,-0.017223430095209977,18,-0.019887627909925605,17,-0.02086949956671636,17,-0.0334498185289206,17,-0.022963039113126523,17,-0.005739609017916546,0.17647058823529413,0.16666666666666666,0.1715686274509804,主測度 發文數｜雙重排序・小型股,abn_attention_weekend
2022-01-09,86,-0.012059207721722594,18,0.00019414984944943856,17,-0.01866269177565245,17,-0.026548985757347016,17,0.000655181172741757,17,0.01271438889446435,0.23529411764705882,0.16666666666666666,0.20098039215686275,主測度 發文數｜雙重排序・小型股,abn_attention_weekend
2022-01-16,86,-0.006034621415578324,18,-0.024597387529553406,17,-0.020360311144331743,17,-0.012956389925344432,17,-0.022155952868329033,17,-0.016121331452750708,0.29411764705882354,0.2222222222222222,0.25816993464052285,主測度 發文數｜雙重排序・小型股,abn_attention_weekend
2022-01-23,85,-0.01994694007715211,17,-0.020251097040337118,17,-0.016561835594664138,17,-0.03167309217512804,17,-0.011525701441710175,17,0.008421238635441936,0.11764705882352941,0.0,0.058823529411764705,主測度 發文數｜雙重排序・小型股,abn_attention_weekend
2022-02-13,84,0.021665006878909397,17,0.02228105191322533,17,-0.002114387301419593,16,0.016103598258353856,17,0.019722619828875604,17,-0.0019423870500337934,0.23529411764705882,0.17647058823529413,0.20588235294117646,主測度 發文數｜雙重排序・小型股,abn_attention_weekend
2022-02-20,84,-0.012674924566341653,17,-0.008525543152810289,17,-0.01573582112067952,16,-0.023176376260381368,17,-0.004224619637868556,17,0.008450304928473096,0.11764705882352941,0.11764705882352941,0.11764705882352941,主測度 發文數｜雙重排序・小型股,abn_attention_weekend
2022-02-27,85,0.008132137427694794,17,0.02070933898757348,17,0.00721565945787586,17,0.029575621089440868,17,0.01913327240376424,17,0.011001134976069447,0.11764705882352941,0.11764705882352941,0.11764705882352941,主測度 發文數｜雙重排序・小型股,abn_attention_weekend
2022-03-06,85,-0.02041177933490575,17,-0.02423754839096847,17,-0.017888849806900094,17,-0.013075168915409848,17,-0.02945123619562972,17,-0.009039456860723969,0.0,0.058823529411764705,0.029411764705882353,主測度 發文數｜雙重排序・小型股,abn_attention_weekend
2022-03-13,85,0.014897100632648467,17,0.016343221748986444,17,0.006694578225726957,17,-0.002226609540093428,17,0.008427087303454003,17,-0.0064700133291944635,0.058823529411764705,0.17647058823529413,0.11764705882352941,主測度 發文數｜雙重排序・小型股,abn_attention_weekend
2022-03-20,85,0.003797474387976801,17,0.02571288495651327,17,0.011202438780956699,17,-0.005349980031670146,17,0.009850876472835531,17,0.00605340208485873,0.0,0.0,0.0,主測度 發文數｜雙重排序・小型股,abn_attention_weekend
2022-03-27,86,0.004351518915620547,18,0.009740172885522327,17,-0.01456471164799797,17,-0.0043961241035094375,17,-0.002307611431603727,17,-0.006659130347224274,0.47058823529411764,0.3333333333333333,0.4019607843137255,主測度 發文數｜雙重排序・小型股,abn_attention_weekend
2022-04-03,86,-0.00963565148520609,18,0.0066748799971518905,17,0.0027024835864979326,17,-0.014815314619560394,17,-0.012442143070975823,17,-0.0028064915857697343,0.5294117647058824,0.5,0.5147058823529411,主測度 發文數｜雙重排序・小型股,abn_attention_weekend
2022-04-10,86,0.025117671509829805,18,-0.010264495251953368,17,0.011851706258476006,17,-0.021665075724698203,17,-0.007820541685310009,17,-0.032938213195139815,0.11764705882352941,0.1111111111111111,0.11437908496732026,主測度 發文數｜雙重排序・小型股,abn_attention_weekend
2022-04-17,86,0.0029141517909788447,18,0.02313523550685847,17,0.010509196143890375,17,0.017298518489445087,17,-0.005313362688407619,17,-0.008227514479386465,0.17647058823529413,0.16666666666666666,0.1715686274509804,主測度 發文數｜雙重排序・小型股,abn_attention_weekend
2022-04-24,85,-0.024834699426205472,17,-0.047597626603780606,17,-0.05610158505070803,17,-0.029213584885584284,17,-0.03327625441728258,17,-0.00844155499107711,0.11764705882352941,0.058823529411764705,0.08823529411764705,主測度 發文數｜雙重排序・小型股,abn_attention_weekend
2022-05-01,85,-0.008185594452505362,17,-0.001135935355511904,17,-0.020529238344292523,17,0.008911923026419254,17,-0.0027195041450819757,17,0.005466090307423387,0.11764705882352941,0.11764705882352941,0.11764705882352941,主測度 發文數｜雙重排序・小型股,abn_attention_weekend
2022-05-08,84,-0.050844580396718506,17,-0.06198725180821313,17,-0.047618388281478484,16,-0.013891542908778712,17,-0.03569566829938643,17,0.015148912097332073,0.17647058823529413,0.11764705882352941,0.14705882352941177,主測度 發文數｜雙重排序・小型股,abn_attention_weekend
2022-05-15,84,0.018210915253388804,17,0.01635143528326795,17,0.016969817800671375,16,0.012120761697412673,17,0.006290651905694816,17,-0.011920263347693989,0.11764705882352941,0.23529411764705882,0.1764705882352941,主測度 發文數｜雙重排序・小型股,abn_attention_weekend
2022-05-22,84,0.001918470848033146,17,0.008703599340495458,17,0.007324823878460521,16,0.004934752782116714,17,0.0024010374686778985,17,0.00048256662064475263,0.11764705882352941,0.058823529411764705,0.08823529411764705,主測度 發文數｜雙重排序・小型股,abn_attention_weekend
2022-05-29,84,-0.006364941916262801,17,0.0027021101241426104,17,0.00020077757268383706,16,0.022248450968787078,17,0.007209022275012809,17,0.01357396419127561,0.11764705882352941,0.35294117647058826,0.23529411764705882,主測度 發文數｜雙重排序・小型股,abn_attention_weekend
2022-06-05,85,-0.009960465185430256,17,0.0006507911828656869,17,0.0020857207857304513,17,-0.013100624666073705,17,0.017135529192175824,17,0.02709599437760608,0.058823529411764705,0.058823529411764705,0.058823529411764705,主測度 發文數｜雙重排序・小型股,abn_attention_weekend
2022-06-12,84,-0.03624128824057041,17,-0.029752513513956306,17,-0.03599615730954475,16,-0.02998286643155938,17,-0.03687685615058387,17,-0.000635567910013464,0.058823529411764705,0.17647058823529413,0.11764705882352941,主測度 發文數｜雙重排序・小型股,abn_attention_weekend
2022-06-19,84,0.001402878838209534,17,-0.021016415520907637,17,-0.015025459796557734,16,-0.012004907490743748,17,-0.00666410428196935,17,-0.008066983120178884,0.11764705882352941,0.11764705882352941,0.11764705882352941,主測度 發文數｜雙重排序・小型股,abn_attention_weekend
2022-06-26,82,-0.04952832092291798,17,-0.05474373363283413,16,-0.053052761581953975,16,-0.07481907937800472,16,-0.06727108478422468,17,-0.0177427638613067,0.23529411764705882,0.17647058823529413,0.20588235294117646,主測度 發文數｜雙重排序・小型股,abn_attention_weekend
2022-07-03,82,0.04082162520922954,17,0.019576836574482316,16,0.01124957296751472,16,0.01978074469197153,16,0.019183418593148788,17,-0.02163820661608075,0.11764705882352941,0.058823529411764705,0.08823529411764705,主測度 發文數｜雙重排序・小型股,abn_attention_weekend
2022-07-10,81,-0.024871061916055207,17,0.005752946846215169,16,-0.021888706511954695,16,-0.008290279651092927,16,-0.011172115679210205,16,0.013698946236845002,0.125,0.17647058823529413,0.15073529411764708,主測度 發文數｜雙重排序・小型股,abn_attention_weekend
2022-07-17,82,0.023407844012821064,17,0.008746319378710447,16,0.041530105958258276,16,0.03255261138180321,16,0.04363937486657349,17,0.020231530853752424,0.11764705882352941,0.058823529411764705,0.08823529411764705,主測度 發文數｜雙重排序・小型股,abn_attention_weekend
2022-07-24,81,0.018454399287865342,17,0.0029143175692762924,16,-0.0007725678371046166,16,0.007094778170080994,16,0.01431633373892903,16,-0.004138065548936313,0.0625,0.058823529411764705,0.06066176470588235,主測度 發文數｜雙重排序・小型股,abn_attention_weekend
2022-07-31,81,-0.009409966784965548,17,-0.014610504862450364,16,-0.02197163028637468,16,0.002870988964139662,16,-0.009539876406922096,16,-0.000129909621956548,0.125,0.17647058823529413,0.15073529411764708,主測度 發文數｜雙重排序・小型股,abn_attention_weekend
2022-08-07,78,0.001609575546246994,16,0.027564312334277828,15,0.02635108335979104,16,0.029049440236802854,15,0.007909053661530503,16,0.006299478115283509,0.125,0.125,0.125,主測度 發文數｜雙重排序・小型股,abn_attention_weekend
2022-08-14,78,0.005312916887330821,16,0.018182762340054382,15,0.04516470585817241,16,0.024846498077074803,15,0.0027091427183996084,16,-0.0026037741689312124,0.0625,0.1875,0.125,主測度 發文數｜雙重排序・小型股,abn_attention_weekend
2022-08-21,78,0.021482028970103324,16,0.024960053043093625,15,0.025335417273262967,16,0.004674647456218647,15,0.007642919197947434,16,-0.01383910977215589,0.1875,0.1875,0.1875,主測度 發文數｜雙重排序・小型股,abn_attention_weekend
2022-08-28,78,-0.011432822024767551,16,0.010663622535216199,15,-0.0007953632638106542,16,0.006855381096330496,15,-0.012470378232554334,16,-0.0010375562077867828,0.1875,0.25,0.21875,主測度 發文數｜雙重排序・小型股,abn_attention_weekend
2022-09-04,78,-0.00936269684337799,16,-0.021714552421949404,15,-0.016113216578038388,16,-0.021476369902064172,15,-0.021375015116155194,16,-0.012012318272777205,0.375,0.375,0.375,主測度 發文數｜雙重排序・小型股,abn_attention_weekend
2022-09-11,78,-0.0015940070668392162,16,-0.0066916948098327675,15,-0.008537649641266853,16,-0.008958727287125582,15,-0.004252409853370734,16,-0.0026584027865315177,0.3125,0.3125,0.3125,主測度 發文數｜雙重排序・小型股,abn_attention_weekend
2022-09-18,78,-0.027065850181761185,16,-0.024914293455976157,15,-0.037137553776787145,16,-0.03274525777672311,15,-0.0033131444746473393,16,0.023752705707113846,0.0625,0.0625,0.0625,主測度 發文數｜雙重排序・小型股,abn_attention_weekend
2022-09-25,77,-0.04386008534480383,16,-0.04910705614172841,15,-0.036086429857196525,15,-0.050364215665993826,15,-0.01431362236881125,16,0.02954646297599258,0.0625,0.1875,0.125,主測度 發文數｜雙重排序・小型股,abn_attention_weekend
2022-10-02,77,0.020590636004736977,16,0.0227408090342695,15,0.021266515700835605,15,0.03268639218044782,15,0.008052734425665141,16,-0.012537901579071836,0.125,0.0625,0.09375,主測度 發文數｜雙重排序・小型股,abn_attention_weekend
2022-10-09,75,-0.027513557849653186,15,-0.023096384281871114,15,-0.03802214711094841,15,-0.02767210526353113,15,-0.023471949873899,15,0.004041607975754185,0.13333333333333333,0.13333333333333333,0.13333333333333333,主測度 發文數｜雙重排序・小型股,abn_attention_weekend
2022-10-16,74,-0.01271113830410131,15,-0.016987107606567447,15,-0.007258779148889037,14,0.004188364053418196,15,-0.024093053163278432,15,-0.011381914859177122,0.3333333333333333,0.2,0.26666666666666666,主測度 發文數｜雙重排序・小型股,abn_attention_weekend
2022-10-23,73,-0.0021196316139324416,15,-0.015175645671070255,14,-0.0047035554316860574,15,-0.00617702403020847,14,-0.015398361026029584,15,-0.013278729412097142,0.13333333333333333,0.26666666666666666,0.2,主測度 發文數｜雙重排序・小型股,abn_attention_weekend
2022-10-30,74,0.018306190696507962,15,0.02782695439083714,15,0.02626479852478736,14,0.05078250036723141,15,0.0022103583331258836,15,-0.01609583236338208,0.06666666666666667,0.2,0.13333333333333333,主測度 發文數｜雙重排序・小型股,abn_attention_weekend
2022-11-06,74,0.026082629785865057,15,0.0008911774690210391,15,0.01223528916212038,14,0.016172094910028207,15,0.014827172107994424,15,-0.011255457677870633,0.06666666666666667,0.06666666666666667,0.06666666666666667,主測度 發文數｜雙重排序・小型股,abn_attention_weekend
2022-11-13,73,0.009372451203445114,15,0.006807850474148106,14,0.0013547135179067693,15,0.04217560569604414,14,0.030758830209198916,15,0.021386379005753804,0.2,0.13333333333333333,0.16666666666666669,主測度 發文數｜雙重排序・小型股,abn_attention_weekend
2022-11-20,72,0.042178933182662005,15,0.014791058347693857,14,0.010364934779386095,14,-0.0005717101011523515,14,-0.0006588220028422927,15,-0.0428377551855043,0.2,0.2,0.2,主測度 發文數｜雙重排序・小型股,abn_attention_weekend
2022-11-27,71,0.04098821345939875,15,0.06655437351339887,14,0.0610303282258285,14,0.04583696746214817,14,0.025517018343759572,14,-0.015471195115639179,0.07142857142857142,0.06666666666666667,0.06904761904761905,主測度 發文數｜雙重排序・小型股,abn_attention_weekend
2022-12-04,70,0.0024675749312103035,14,-0.0013869530827361753,14,-0.030183315829912922,14,-0.007313894773551266,14,-0.016422594651598916,14,-0.01889016958280922,0.14285714285714285,0.14285714285714285,0.14285714285714285,主測度 發文數｜雙重排序・小型股,abn_attention_weekend
2022-12-11,71,0.0017014838965000445,15,-0.0145416250420584,14,0.012450354811389881,14,-0.004780637253458437,14,-0.008355178039023128,14,-0.010056661935523173,0.21428571428571427,0.3333333333333333,0.2738095238095238,主測度 發文數｜雙重排序・小型股,abn_attention_weekend
2022-12-18,71,-0.01705194129376887,15,-0.004063839339172973,14,0.0016483446449966355,14,-0.008811955322170844,14,-0.01245352261011128,14,0.0045984186836575906,0.14285714285714285,0.26666666666666666,0.20476190476190476,主測度 發文數｜雙重排序・小型股,abn_attention_weekend
2022-12-25,71,-0.011145809638106274,15,0.0009311188640594992,14,-0.014318136929345622,14,-0.003011947510212149,14,-0.009569093689755772,14,0.0015767159483505017,0.21428571428571427,0.13333333333333333,0.1738095238095238,主測度 發文數｜雙重排序・小型股,abn_attention_weekend
2023-01-01,72,-0.011876883363142276,15,0.01263569982324471,14,-0.0015878271719554676,14,0.013163513037854473,14,0.005499427686686542,15,0.01737631104982882,0.26666666666666666,0.3333333333333333,0.3,主測度 發文數｜雙重排序・小型股,abn_attention_weekend
2023-01-08,71,-0.02161115529663953,15,-0.004793707243353096,14,0.003641436087288968,14,-0.022293592299227054,14,-0.003973619900561863,14,0.017637535396077667,0.14285714285714285,0.13333333333333333,0.1380952380952381,主測度 發文數｜雙重排序・小型股,abn_attention_weekend
2023-01-15,70,0.005383008937847956,14,0.003650140051714839,14,-0.0012208996312063544,14,0.00204146895778393,14,0.0020326926448068295,14,-0.003350316293041127,0.21428571428571427,0.21428571428571427,0.21428571428571427,主測度 發文數｜雙重排序・小型股,abn_attention_weekend
2023-02-05,69,-0.0036182993055339945,14,0.003562746083175916,14,-0.005130442359955531,13,-0.008224660152528651,14,0.009858373809573186,14,0.01347667311510718,0.21428571428571427,0.2857142857142857,0.25,主測度 發文數｜雙重排序・小型股,abn_attention_weekend
2023-02-12,69,0.019219236151247314,14,0.03261971258407221,14,0.012058903031991907,13,0.03160308969266928,14,0.009654368145825503,14,-0.009564868005421811,0.14285714285714285,0.07142857142857142,0.10714285714285714,主測度 發文數｜雙重排序・小型股,abn_attention_weekend
2023-02-19,69,0.023060824145863294,14,0.024691714933803573,14,0.007488136577509822,13,0.017867875087131963,14,0.031766318417861976,14,0.008705494271998682,0.2857142857142857,0.2857142857142857,0.2857142857142857,主測度 發文數｜雙重排序・小型股,abn_attention_weekend
2023-02-26,70,0.018224607238708453,14,0.01114824895154153,14,0.004877841389334273,14,0.015485738999464205,14,0.01518415416614366,14,-0.003040453072564793,0.2857142857142857,0.42857142857142855,0.3571428571428571,主測度 發文數｜雙重排序・小型股,abn_attention_weekend
2023-03-05,70,-0.020328933601470627,14,-0.012211089020982628,14,0.0007452492835084582,14,0.0041080553955131615,14,-0.010523070149529181,14,0.009805863451941446,0.07142857142857142,0.07142857142857142,0.07142857142857142,主測度 發文數｜雙重排序・小型股,abn_attention_weekend
2023-03-12,70,-0.007004907733717092,14,-0.017091118934358336,14,-0.02226386204047543,14,-0.012995645111367289,14,-0.007015720952864925,14,-1.0813219147832835e-05,0.14285714285714285,0.21428571428571427,0.17857142857142855,主測度 發文數｜雙重排序・小型股,abn_attention_weekend
2023-03-19,72,0.035344410258335866,15,0.004356112193351628,14,0.02212897883187556,14,0.0166497513594351,14,0.025584264879370162,15,-0.009760145378965704,0.3333333333333333,0.3333333333333333,0.3333333333333333,主測度 發文數｜雙重排序・小型股,abn_attention_weekend
2023-03-26,72,-0.009974300605807566,15,-0.008747470501248402,14,0.0065749377862161906,14,-0.007066414570120075,14,-0.00016208918722830182,15,0.009812211418579265,0.2,0.2,0.2,主測度 發文數｜雙重排序・小型股,abn_attention_weekend
2023-04-02,72,0.005492033419092879,15,0.018585855179913197,14,0.008878637764892212,14,0.00515240388638213,14,0.008594393916440768,15,0.0031023604973478888,0.26666666666666666,0.26666666666666666,0.26666666666666666,主測度 發文數｜雙重排序・小型股,abn_attention_weekend
2023-04-09,72,0.013916893308995334,15,0.019499046908061504,14,0.037109539157045165,14,0.023814789410866417,14,0.016154335284716985,15,0.0022374419757216508,0.06666666666666667,0.13333333333333333,0.1,主測度 發文數｜雙重排序・小型股,abn_attention_weekend
2023-04-16,72,-0.022861644442926213,15,-0.04188518698845222,14,-0.02559807174165681,14,-0.04503709449761207,14,-0.02154420653924636,15,0.0013174379036798543,0.2,0.13333333333333333,0.16666666666666669,主測度 發文數｜雙重排序・小型股,abn_attention_weekend
2023-04-23,72,0.018730322757115406,15,0.0029807633647243276,14,0.03801424002302186,14,0.00412770431840754,14,0.01330348921586088,15,-0.005426833541254526,0.2,0.13333333333333333,0.16666666666666669,主測度 發文數｜雙重排序・小型股,abn_attention_weekend
2023-04-30,70,0.009648160090931193,14,-0.0063939580692583065,14,0.001449289395559883,14,-0.001238098817028069,14,0.014728405394133273,14,0.00508024530320208,0.21428571428571427,0.14285714285714285,0.17857142857142855,主測度 發文數｜雙重排序・小型股,abn_attention_weekend
2023-05-07,71,-0.026173173950694538,15,-0.031150158380995368,14,-0.047357676966279884,14,-0.013614752163059804,14,-0.024525678240901523,14,0.0016474957097930149,0.21428571428571427,0.3333333333333333,0.2738095238095238,主測度 發文數｜雙重排序・小型股,abn_attention_weekend
2023-05-14,69,0.021070659626039028,14,0.01387140519076823,14,0.022957724190216713,13,0.06888305621331886,14,0.014137712177376194,14,-0.006932947448662834,0.21428571428571427,0.14285714285714285,0.17857142857142855,主測度 發文數｜雙重排序・小型股,abn_attention_weekend
2023-05-21,68,0.007371500332515736,14,0.006648855081934255,13,-0.010200605647684022,14,0.01659831924824075,13,0.02489766814520598,14,0.017526167812690244,0.21428571428571427,0.21428571428571427,0.21428571428571427,主測度 發文數｜雙重排序・小型股,abn_attention_weekend
2023-05-28,69,-0.0012667175695875324,14,0.03710176354514712,14,0.010610551548471526,13,0.038031966598035316,14,-0.0026266939084876556,14,-0.0013599763389001232,0.21428571428571427,0.21428571428571427,0.21428571428571427,主測度 發文數｜雙重排序・小型股,abn_attention_weekend
2023-06-04,69,0.02664067551096647,14,0.01563481518887943,14,0.010150358560358508,13,0.016428153235041137,14,-0.0031434797653934754,14,-0.029784155276359945,0.14285714285714285,0.14285714285714285,0.14285714285714285,主測度 發文數｜雙重排序・小型股,abn_attention_weekend
2023-06-11,70,-0.006999769892912067,14,0.016420032781604872,14,-0.0009776442414098521,14,0.012313247975798525,14,-0.001385330478120442,14,0.005614439414791624,0.14285714285714285,0.07142857142857142,0.10714285714285714,主測度 發文數｜雙重排序・小型股,abn_attention_weekend
2023-06-18,70,0.0208769530430816,14,-0.005140971412775657,14,-0.002999940447590388,14,0.038600270251633706,14,-0.00023266559878129138,14,-0.021109618641862893,0.21428571428571427,0.2857142857142857,0.25,主測度 發文數｜雙重排序・小型股,abn_attention_weekend
2023-06-25,69,0.0025090754033568674,14,0.010413536460197477,14,0.007418598944760713,13,-0.03504959675189901,14,-0.005058875479198833,14,-0.007567950882555701,0.07142857142857142,0.21428571428571427,0.14285714285714285,主測度 發文數｜雙重排序・小型股,abn_attention_weekend
2023-07-02,68,-0.009869829330722177,14,-0.02857068172946114,13,-0.023854737309128755,14,-0.009512167393981582,13,-0.02243430515222155,14,-0.012564475821499372,0.07142857142857142,0.07142857142857142,0.07142857142857142,主測度 發文數｜雙重排序・小型股,abn_attention_weekend
2023-07-09,68,-0.012187633323091054,14,-0.02939205446203423,13,-0.01027442276430721,14,-0.006838619737556694,13,-0.004708404448556834,14,0.0074792288745342194,0.0,0.14285714285714285,0.07142857142857142,主測度 發文數｜雙重排序・小型股,abn_attention_weekend
2023-07-16,68,0.002661414131174798,14,0.007242073685561572,13,0.005703634020174605,14,-0.02443361282254774,13,-0.008321346013083273,14,-0.01098276014425807,0.07142857142857142,0.07142857142857142,0.07142857142857142,主測度 發文數｜雙重排序・小型股,abn_attention_weekend
2023-07-23,69,0.03773492359454045,14,-0.011178942417194526,14,0.007716162293755184,13,0.013126176075795304,14,0.030052261780380223,14,-0.007682661814160226,0.07142857142857142,0.07142857142857142,0.07142857142857142,主測度 發文數｜雙重排序・小型股,abn_attention_weekend
2023-07-30,67,-0.007671192800162826,14,-0.01099786038824242,13,-0.021762023807588148,13,-0.029067546111596447,13,0.004386312865718778,14,0.012057505665881603,0.07142857142857142,0.21428571428571427,0.14285714285714285,主測度 發文數｜雙重排序・小型股,abn_attention_weekend
2023-08-06,68,-0.05399414078097663,14,-0.028606759663307595,13,-0.04171492185646975,14,-0.028320107263737307,13,-0.024485541579251195,14,0.02950859920172543,0.21428571428571427,0.14285714285714285,0.17857142857142855,主測度 發文數｜雙重排序・小型股,abn_attention_weekend
2023-08-13,69,-0.024243636102897155,14,-0.007062867139035486,14,-0.019918041650486138,13,-0.013840855907763698,14,-0.02560295219007113,14,-0.0013593160871739757,0.14285714285714285,0.14285714285714285,0.14285714285714285,主測度 發文數｜雙重排序・小型股,abn_attention_weekend
2023-08-20,72,-0.016724383362886848,15,-0.017901307589220625,14,-0.005278801371736126,14,0.008740759337262816,14,0.0005041071795020743,15,0.01722849054238892,0.13333333333333333,0.06666666666666667,0.1,主測度 發文數｜雙重排序・小型股,abn_attention_weekend
2023-08-27,71,0.00850718929967309,15,0.022960375770408856,14,0.023604699318287577,14,-0.005299883837154652,14,0.0071991118901585304,14,-0.0013080774095145598,0.07142857142857142,0.13333333333333333,0.10238095238095238,主測度 發文數｜雙重排序・小型股,abn_attention_weekend
2023-09-03,71,0.01135550807634583,15,-0.0027085678036247334,14,-0.0034420583549667643,14,-0.007419764221804982,14,-0.011865361042358904,14,-0.02322086911870473,0.14285714285714285,0.2,0.17142857142857143,主測度 發文數｜雙重排序・小型股,abn_attention_weekend
2023-09-10,71,0.011112612104007099,15,0.01778307137405902,14,-0.0038421680337787606,14,0.008537319684385163,14,-0.0033407789197503123,14,-0.014453391023757412,0.07142857142857142,0.13333333333333333,0.10238095238095238,主測度 發文數｜雙重排序・小型股,abn_attention_weekend
2023-09-17,72,-0.008162513453773553,15,-0.00695166367485344,14,-0.017998848105033043,14,-0.017789114346665993,14,-0.01616800435600496,15,-0.008005490902231408,0.13333333333333333,0.06666666666666667,0.1,主測度 發文數｜雙重排序・小型股,abn_attention_weekend
2023-09-24,72,-0.001509773731161131,15,0.00017561362379057779,14,0.01054549990823144,14,-0.001905813106733743,14,-0.002648826503136455,15,-0.0011390527719753241,0.06666666666666667,0.13333333333333333,0.1,主測度 發文數｜雙重排序・小型股,abn_attention_weekend
2023-10-01,70,0.004006760742179356,14,-0.007513094550543276,14,-0.0056489729858366965,14,0.00321126368418369,14,0.008450655022692861,14,0.004443894280513505,0.07142857142857142,0.07142857142857142,0.07142857142857142,主測度 發文數｜雙重排序・小型股,abn_attention_weekend
2023-10-08,70,-0.00812384912490592,14,-0.011338152501970329,14,-0.008521656945299065,14,-0.01388241726982377,14,-0.0022083479768276577,14,0.0059155011480782616,0.07142857142857142,0.14285714285714285,0.10714285714285714,主測度 發文數｜雙重排序・小型股,abn_attention_weekend
2023-10-15,71,-0.025344212105235558,15,-0.03471611513583612,14,-0.039709907146366165,14,-0.04222393819241955,14,-0.026793501681637116,14,-0.0014492895764015579,0.14285714285714285,0.13333333333333333,0.1380952380952381,主測度 發文數｜雙重排序・小型股,abn_attention_weekend
2023-10-22,72,-0.00021463453724183493,15,0.011560174898777626,14,0.03278153305888388,14,0.013926653544593064,14,0.00012263810744677823,15,0.00033727264468861316,0.2,0.0,0.1,主測度 發文數｜雙重排序・小型股,abn_attention_weekend
2023-10-29,71,0.011014927634162223,15,-0.0017366307754378657,14,-0.004601009990859701,14,0.018034799424369714,14,0.007983793835090276,14,-0.0030311337990719476,0.14285714285714285,0.2,0.17142857142857143,主測度 發文數｜雙重排序・小型股,abn_attention_weekend
2023-11-05,70,-0.022801118024681124,14,-0.002185467807787278,14,0.003415757130876099,14,0.0037276029586358734,14,0.0197997078532323,14,0.042600825877913424,0.0,0.14285714285714285,0.07142857142857142,主測度 發文數｜雙重排序・小型股,abn_attention_weekend
2023-11-12,70,0.02214320757599379,14,0.03524841458713855,14,0.029874750941380906,14,0.03078312768738555,14,0.017033664267194912,14,-0.0051095433087988765,0.21428571428571427,0.07142857142857142,0.14285714285714285,主測度 發文數｜雙重排序・小型股,abn_attention_weekend
2023-11-19,70,0.007550501650793121,14,0.020089429077710892,14,0.008891970399331317,14,0.0006926093312966199,14,0.0036497582069990953,14,-0.0039007434437940258,0.14285714285714285,0.14285714285714285,0.14285714285714285,主測度 發文數｜雙重排序・小型股,abn_attention_weekend
2023-11-26,70,-0.0007627569078006515,14,0.022669614627302936,14,0.01315891197145641,14,0.00388353785302799,14,0.01245002755344042,14,0.013212784461241071,0.2857142857142857,0.07142857142857142,0.17857142857142855,主測度 發文數｜雙重排序・小型股,abn_attention_weekend
2023-12-03,70,0.004502322747714608,14,0.0378785192488999,14,-0.0009293038242461479,14,-0.004301633028180619,14,0.006409770362602422,14,0.0019074476148878139,0.2857142857142857,0.2857142857142857,0.2857142857142857,主測度 發文數｜雙重排序・小型股,abn_attention_weekend
2023-12-10,71,-0.010338414977299756,15,-0.013152340907301814,14,0.01195484161900753,14,-0.0016720305151784703,14,0.009259637051477984,14,0.019598052028777742,0.21428571428571427,0.26666666666666666,0.24047619047619045,主測度 發文數｜雙重排序・小型股,abn_attention_weekend
2023-12-17,71,-0.002265302182808145,15,-0.031115772539574125,14,-0.01272639079526261,14,-0.01364904733846969,14,-0.017817359717317287,14,-0.015552057534509141,0.14285714285714285,0.06666666666666667,0.10476190476190475,主測度 發文數｜雙重排序・小型股,abn_attention_weekend
2023-12-24,69,-0.0028172491886309264,14,-0.0037251289848934032,14,-0.003001226402756898,13,0.011223469399359507,14,0.01727771094238036,14,0.020094960131011287,0.21428571428571427,0.21428571428571427,0.21428571428571427,主測度 發文數｜雙重排序・小型股,abn_attention_weekend
2023-12-31,70,0.0031951127789360983,14,-0.006657863396134873,14,-0.004716662555662007,14,-0.019943121659728575,14,0.00010763813483955735,14,-0.003087474644096541,0.0,0.0,0.0,主測度 發文數｜雙重排序・小型股,abn_attention_weekend
2024-01-07,69,-0.02153366652510131,14,-0.043443395201896697,14,-0.03452596541864042,13,-0.018855368149073088,14,-0.015603365640958267,14,0.005930300884143043,0.21428571428571427,0.07142857142857142,0.14285714285714285,主測度 發文數｜雙重排序・小型股,abn_attention_weekend
2024-01-14,70,-0.0077846065112762075,14,-0.0219610917971754,14,-0.026027385668064784,14,-0.02793533468657839,14,0.004423733798902525,14,0.012208340310178731,0.21428571428571427,0.2857142857142857,0.25,主測度 發文數｜雙重排序・小型股,abn_attention_weekend
2024-01-21,70,0.00023206621040018836,14,0.014748917845740728,14,0.008634334712176728,14,-0.004712959415236616,14,0.0036605395998060087,14,0.00342847338940582,0.07142857142857142,0.07142857142857142,0.07142857142857142,主測度 發文數｜雙重排序・小型股,abn_attention_weekend
2024-01-28,73,-0.00865272335803949,15,-0.0009855772484232892,14,-0.006170444983191984,15,-0.004133158213279349,14,0.008854472645896939,15,0.01750719600393643,0.2,0.3333333333333333,0.26666666666666666,主測度 發文數｜雙重排序・小型股,abn_attention_weekend
2024-02-04,73,0.001438154792870816,15,0.00030320115819155405,14,-0.0029604189185934364,15,-0.007381231113287423,14,-0.002939334353827509,15,-0.004377489146698325,0.06666666666666667,0.13333333333333333,0.1,主測度 發文數｜雙重排序・小型股,abn_attention_weekend
2024-02-11,73,0.010653660841388043,15,0.0313708860781366,14,0.021805617649861917,15,0.02284757171970552,14,0.02323232693421818,15,0.012578666092830136,0.06666666666666667,0.06666666666666667,0.06666666666666667,主測度 發文數｜雙重排序・小型股,abn_attention_weekend
2024-02-18,73,-0.006353621293515014,15,-0.00290736506344185,14,0.0003903452229786941,15,-0.003505168257632688,14,0.011995699816546683,15,0.018349321110061698,0.06666666666666667,0.2,0.13333333333333333,主測度 發文數｜雙重排序・小型股,abn_attention_weekend
2024-02-25,73,0.014463588933739875,15,0.019757106600554186,14,-0.006959081187661879,15,0.009776704729898675,14,0.0012020459521304631,15,-0.013261542981609411,0.06666666666666667,0.0,0.03333333333333333,主測度 發文數｜雙重排序・小型股,abn_attention_weekend
2024-03-03,72,-0.02879654351222378,15,-0.03500074308094275,14,-0.0017376455715003808,14,-0.018095548973498337,14,-0.0019243952610180416,15,0.02687214825120574,0.13333333333333333,0.2,0.16666666666666669,主測度 發文數｜雙重排序・小型股,abn_attention_weekend
2024-03-10,72,0.0234715556456819,15,0.033309928623240836,14,0.0036793820165124036,14,-0.004452839772807915,14,0.008247152547837804,15,-0.015224403097844095,0.2,0.2,0.2,主測度 發文數｜雙重排序・小型股,abn_attention_weekend
2024-03-17,72,0.008749570222230071,15,0.019559130138766225,14,0.04965790492101678,14,0.017482053019544537,14,0.014558259206124295,15,0.005808688983894224,0.4,0.26666666666666666,0.33333333333333337,主測度 發文數｜雙重排序・小型股,abn_attention_weekend
2024-03-24,71,-0.005466252663635148,15,0.023679899026067652,14,0.01198091340621789,14,0.0002593930741862808,14,-0.0009491007893828411,14,0.004517151874252307,0.2857142857142857,0.4,0.34285714285714286,主測度 發文數｜雙重排序・小型股,abn_attention_weekend
2024-03-31,70,0.0073266558383584856,14,-0.00961243328134134,14,0.005028832704815729,14,0.01520445779590142,14,-0.0006659323013122014,14,-0.007992588139670687,0.21428571428571427,0.21428571428571427,0.21428571428571427,主測度 發文數｜雙重排序・小型股,abn_attention_weekend
2024-04-07,71,-0.002272139930116901,15,0.05535832752174976,14,0.00896646972274534,14,0.04193379247264111,14,0.021715692660904642,14,0.02398783259102154,0.14285714285714285,0.2,0.17142857142857143,主測度 發文數｜雙重排序・小型股,abn_attention_weekend
2024-04-14,71,-0.004678379524311405,15,-0.022623105781339865,14,-0.03219859449214008,14,-0.024517934502310632,14,0.011996854703011666,14,0.01667523422732307,0.21428571428571427,0.2,0.20714285714285713,主測度 發文數｜雙重排序・小型股,abn_attention_weekend
2024-04-21,71,-0.016902088115483334,15,0.01351070392128997,14,0.015772492191037404,14,0.017697037974482095,14,0.01689278800130877,14,0.033794876116792105,0.2857142857142857,0.3333333333333333,0.30952380952380953,主測度 發文數｜雙重排序・小型股,abn_attention_weekend
2024-04-28,72,0.0029265099155554677,15,0.025557675092082233,14,0.0057841235652467205,14,-0.00808483697045942,14,0.02636891271411031,15,0.02344240279855484,0.2,0.2,0.2,主測度 發文數｜雙重排序・小型股,abn_attention_weekend
2024-05-05,74,0.026863617912290423,15,-0.012753017639002058,15,-0.005706773217441404,14,0.009955268253907513,15,-0.0018164238288839395,15,-0.02868004174117436,0.13333333333333333,0.26666666666666666,0.2,主測度 發文數｜雙重排序・小型股,abn_attention_weekend
2024-05-12,74,0.009855784974285313,15,0.013702589354750232,15,0.01861467590251941,14,0.04093124135282409,15,0.027436159152955504,15,0.017580374178670193,0.06666666666666667,0.13333333333333333,0.1,主測度 發文數｜雙重排序・小型股,abn_attention_weekend
2024-05-19,74,-0.01171438683459746,15,-0.028452353131416735,15,-0.015826539841643474,14,-0.019350257432247372,15,-0.020341505456799358,15,-0.008627118622201897,0.2,0.3333333333333333,0.26666666666666666,主測度 發文數｜雙重排序・小型股,abn_attention_weekend
2024-05-26,74,0.007303597516665028,15,0.032892627232005,15,0.0006887902581921449,14,0.016413592798059755,15,0.008225369607035045,15,0.0009217720903700174,0.13333333333333333,0.2,0.16666666666666669,主測度 發文數｜雙重排序・小型股,abn_attention_weekend
2024-06-02,74,0.014519214441776255,15,-0.005260924351104775,15,-0.0013709360505528606,14,0.005084556144141102,15,0.014781620161352855,15,0.00026240571957659997,0.26666666666666666,0.06666666666666667,0.16666666666666666,主測度 發文數｜雙重排序・小型股,abn_attention_weekend
2024-06-09,75,-0.01652080066521157,15,-0.014099128645233432,15,-0.01532671491965205,15,-0.025626180771006358,15,0.011394712301699935,15,0.027915512966911506,0.26666666666666666,0.26666666666666666,0.26666666666666666,主測度 發文數｜雙重排序・小型股,abn_attention_weekend
2024-06-16,76,0.04746418938006861,16,-0.0015293502549246737,15,0.022731556682322237,15,0.0017214555190470178,15,0.016999040958911672,15,-0.03046514842115694,0.26666666666666666,0.375,0.3208333333333333,主測度 發文數｜雙重排序・小型股,abn_attention_weekend
2024-06-23,76,-0.01328955649687076,16,-0.023266438831138568,15,0.010279656887937201,15,0.0033937790728082303,15,-0.0008438978609199621,15,0.012445658635950799,0.06666666666666667,0.125,0.09583333333333333,主測度 發文數｜雙重排序・小型股,abn_attention_weekend
2024-06-30,77,0.023345871266665354,16,0.02394160250552287,15,0.07184235409481077,15,0.025022276450153164,15,0.023313530934353358,16,-3.234033231199612e-05,0.25,0.0625,0.15625,主測度 發文數｜雙重排序・小型股,abn_attention_weekend
2024-07-07,77,0.016721739927957842,16,-0.0032178342669958227,15,-0.02064851385867845,15,-0.03886272730246772,15,-0.00716618591405558,16,-0.02388792584201342,0.3125,0.375,0.34375,主測度 發文數｜雙重排序・小型股,abn_attention_weekend
2024-07-14,76,-0.007889118472395963,16,-0.03327763847056876,15,-0.02794574925746948,15,-0.03274452852050151,15,-0.016276516682454237,15,-0.008387398210058274,0.2,0.1875,0.19375,主測度 發文數｜雙重排序・小型股,abn_attention_weekend
2024-07-21,77,-0.010432268030740134,16,-0.011847081705220383,15,-0.0074513088768868386,15,-0.04059323485512571,15,-0.019956439611712708,16,-0.009524171580972574,0.125,0.125,0.125,主測度 發文數｜雙重排序・小型股,abn_attention_weekend
2024-07-28,77,-0.0309226799889658,16,-0.004313532803103315,15,-0.01985654897932275,15,-0.005519672520505662,15,-0.013946017304305502,16,0.016976662684660297,0.0625,0.125,0.09375,主測度 發文數｜雙重排序・小型股,abn_attention_weekend
2024-08-04,77,-0.011979062435751336,16,-0.04577260560604875,15,-0.013528152550382791,15,-0.01217177937844279,15,-0.007382567996954539,16,0.004596494438796797,0.1875,0.25,0.21875,主測度 發文數｜雙重排序・小型股,abn_attention_weekend
2024-08-11,78,0.017320089937985256,16,0.008405193123990084,15,0.03233660368940506,16,0.03426726556393855,15,0.017192026359094392,16,-0.0001280635788908635,0.125,0.125,0.125,主測度 發文數｜雙重排序・小型股,abn_attention_weekend
2024-08-18,77,0.01492169785094534,16,0.0033527340231234086,15,0.00187677383384471,15,0.010340687035823389,15,0.011112165422173172,16,-0.003809532428772168,0.1875,0.125,0.15625,主測度 發文數｜雙重排序・小型股,abn_attention_weekend
2024-08-25,77,0.022389865768506247,16,-0.004316740841280931,15,0.011368588460120321,15,-0.004804098308349728,15,0.00966220573609812,16,-0.012727660032408127,0.1875,0.1875,0.1875,主測度 發文數｜雙重排序・小型股,abn_attention_weekend
2024-09-01,77,-0.06275014950017252,16,-0.046504183715463165,15,-0.04790695117629771,15,-0.054390650014319225,15,-0.03524036523768508,16,0.027509784262487437,0.125,0.25,0.1875,主測度 發文數｜雙重排序・小型股,abn_attention_weekend
2024-09-08,77,0.027566342269367113,16,0.032923655696971074,15,0.023686513432370746,15,0.03003518655132211,15,0.016505899825832657,16,-0.011060442443534456,0.125,0.125,0.125,主測度 發文數｜雙重排序・小型股,abn_attention_weekend
2024-09-15,78,0.015949329549640158,16,0.016511381894449097,15,0.015042939045165848,16,0.004255904384711062,15,0.015426150372850111,16,-0.0005231791767900465,0.3125,0.3125,0.3125,主測度 發文數｜雙重排序・小型股,abn_attention_weekend
2024-09-22,79,-0.0025981446128081065,16,0.030668420794730075,16,0.026681699437840854,15,0.02532241359696607,16,0.013640738835233902,16,0.01623888344804201,0.1875,0.1875,0.1875,主測度 發文數｜雙重排序・小型股,abn_attention_weekend
2024-09-29,79,-0.018038629445114418,16,-0.008948255457434856,16,-0.005037877302132588,15,-0.019203591117697566,16,-0.004215061111517995,16,0.013823568333596423,0.125,0.1875,0.15625,主測度 發文數｜雙重排序・小型股,abn_attention_weekend
2024-10-06,79,-0.023417155678392032,16,-0.04541731580692679,16,-0.06284622320836966,15,-0.02389476033363056,16,-0.010444070189672562,16,0.01297308548871947,0.125,0.125,0.125,主測度 發文數｜雙重排序・小型股,abn_attention_weekend
2024-10-13,77,0.008493129376363234,16,0.0030563956417033393,15,0.0038152899434417873,15,0.026208948816473798,15,0.005092621226757188,16,-0.0034005081496060463,0.1875,0.25,0.21875,主測度 發文數｜雙重排序・小型股,abn_attention_weekend
2024-10-20,78,-0.009612051728495191,16,0.0038234580838239756,15,-0.012846991302691818,16,0.004363031808313448,15,0.0006620168769685061,16,0.010274068605463697,0.125,0.125,0.125,主測度 發文數｜雙重排序・小型股,abn_attention_weekend
2024-10-27,80,-0.009304210488643216,16,-0.00788355265252657,16,-0.02286463792991724,16,-0.010371371327690553,16,-0.019490460246148346,16,-0.01018624975750513,0.0625,0.0625,0.0625,主測度 發文數｜雙重排序・小型股,abn_attention_weekend
2024-11-03,79,0.011944499594976794,16,-0.006989337982294036,16,-0.0029084797326316635,15,-0.005333239975315443,16,-0.0021613832833081575,16,-0.014105882878284952,0.1875,0.125,0.15625,主測度 發文數｜雙重排序・小型股,abn_attention_weekend
2024-11-10,79,-0.022355681084751104,16,-0.011205568059651075,16,-0.02319751834925355,15,-0.018121713388015007,16,-0.019281336718439047,16,0.0030743443663120568,0.0625,0.125,0.09375,主測度 發文數｜雙重排序・小型股,abn_attention_weekend
2024-11-17,79,0.007191994767449382,16,0.007527341614308632,16,0.002548108485256632,15,-0.0012089617350411752,16,0.002183931629282085,16,-0.005008063138167297,0.125,0.1875,0.15625,主測度 發文數｜雙重排序・小型股,abn_attention_weekend
2024-11-24,79,-0.010056692956541727,16,-0.027175761135892276,16,-0.02216061774364479,15,-0.012109320325611655,16,-0.03143719654618993,16,-0.0213805035896482,0.25,0.125,0.1875,主測度 發文數｜雙重排序・小型股,abn_attention_weekend
2024-12-01,80,0.006874183171167919,16,-0.00893694799648203,16,0.002502955454938574,16,0.0275865867983563,16,0.010800980464705408,16,0.003926797293537489,0.1875,0.25,0.21875,主測度 發文數｜雙重排序・小型股,abn_attention_weekend
2024-12-08,81,-0.013492394145252972,17,-0.05130539516522449,16,-0.03897922971095621,16,-0.028486879954793383,16,-0.04153982766826302,16,-0.02804743352301005,0.1875,0.17647058823529413,0.18198529411764708,主測度 發文數｜雙重排序・小型股,abn_attention_weekend
2024-12-15,81,-0.016468938920552463,17,-0.04006602283675146,16,-0.020464287607909637,16,-0.003652462026364031,16,-0.0192424984379726,16,-0.0027735595174201363,0.1875,0.17647058823529413,0.18198529411764708,主測度 發文數｜雙重排序・小型股,abn_attention_weekend
2024-12-22,80,0.0035712875617914114,16,0.012882887909214859,16,0.01514720692307231,16,0.0037925955399827765,16,0.01445990506895433,16,0.010888617507162919,0.3125,0.1875,0.25,主測度 發文數｜雙重排序・小型股,abn_attention_weekend
2024-12-29,79,-0.026871513565683618,16,-0.016269105504404593,16,-0.019183786717371903,15,-0.012045145879214098,16,-0.008682110619501873,16,0.018189402946181744,0.3125,0.3125,0.3125,主測度 發文數｜雙重排序・小型股,abn_attention_weekend
2016-05-01,54,-0.03502958932807179,11,-0.03925706043159835,11,-0.016151045271776653,10,-0.024277663598088754,11,-0.0058462421915174145,11,0.029183347136554377,1.0,1.0,1.0,主測度 發文數｜雙重排序・大型股,abn_attention_weekend
2016-05-08,52,-0.033901551098143835,11,0.0015426372347234762,10,-0.014568709078658615,10,0.006384432986405042,10,-0.014495902599513095,11,0.01940564849863074,0.45454545454545453,0.2727272727272727,0.36363636363636365,主測度 發文數｜雙重排序・大型股,abn_attention_weekend
2016-05-15,51,0.0018203394361745956,11,0.005945886528421563,10,0.008378741826123725,10,0.008617603239692118,10,0.01775878741410757,10,0.015938447977932972,0.4,0.36363636363636365,0.38181818181818183,主測度 發文數｜雙重排序・大型股,abn_attention_weekend
2016-05-22,51,0.028376954089205073,11,0.032609538752371624,10,0.02793426622814461,10,0.030707265986015565,10,0.006506505242786254,10,-0.021870448846418818,0.5,0.2727272727272727,0.38636363636363635,主測度 發文數｜雙重排序・大型股,abn_attention_weekend
2016-05-29,49,0.018618270425081695,10,0.012181631826326578,10,0.0008202856146261533,9,0.005447076854667299,10,0.004208256377085584,10,-0.014410014047996111,0.3,0.4,0.35,主測度 發文數｜雙重排序・大型股,abn_attention_weekend
2016-06-05,49,0.011949245331103652,10,0.0018927664797670275,10,0.004549535675737053,9,0.0024242110253172022,10,0.00780141590587341,10,-0.004147829425230242,0.2,0.1,0.15000000000000002,主測度 發文數｜雙重排序・大型股,abn_attention_weekend
2016-06-12,49,-0.00019369863475851012,10,0.00652638734700659,10,-0.011235992235460643,9,-0.006473998812867155,10,-0.01002123378161105,10,-0.009827535146852539,0.3,0.3,0.3,主測度 發文數｜雙重排序・大型股,abn_attention_weekend
2016-06-19,47,-0.00035361697310360985,10,-0.018485967136718892,9,-0.0028160943080674456,9,-0.0012937610885299902,9,-0.01449418290537866,10,-0.014140565932275051,0.3,0.2,0.25,主測度 發文數｜雙重排序・大型股,abn_attention_weekend
2016-06-26,46,0.04766852884879711,10,0.038868411192549565,9,0.034353457072951045,9,0.014446717028413011,9,0.03953034463717375,9,-0.008138184211623357,0.3333333333333333,0.2,0.26666666666666666,主測度 發文數｜雙重排序・大型股,abn_attention_weekend
2016-07-03,47,-0.004811709300227807,10,-0.003955974712511461,9,-0.0074693269270862395,9,-0.0016623767311095704,9,-0.011201870631187338,10,-0.006390161330959531,0.4,0.2,0.30000000000000004,主測度 發文數｜雙重排序・大型股,abn_attention_weekend
2016-07-10,47,0.02944154480992054,10,0.024334794615775937,9,0.0023722077082972324,9,0.013786894056670884,9,0.023565077202907236,10,-0.005876467607013304,0.4,0.3,0.35,主測度 發文數｜雙重排序・大型股,abn_attention_weekend
2016-07-17,46,0.01288227164834287,10,0.027310562250219637,9,0.014485262408130405,9,0.013829000997765628,9,0.015538033474188338,9,0.002655761825845468,0.2222222222222222,0.2,0.2111111111111111,主測度 發文數｜雙重排序・大型股,abn_attention_weekend
2016-07-24,45,-0.004204849131345211,9,-0.003433378763075121,9,-0.01156534796563132,9,-0.011551765045751235,9,0.010950985388769029,9,0.01515583452011424,0.1111111111111111,0.1111111111111111,0.1111111111111111,主測度 發文數｜雙重排序・大型股,abn_attention_weekend
2016-07-31,46,0.011901035980063469,10,0.011970374973939971,9,0.004429170124729542,9,0.0046977620410739345,9,0.021486185242875083,9,0.009585149262811614,1.0,0.7,0.85,主測度 發文數｜雙重排序・大型股,abn_attention_weekend
2016-08-07,44,-0.010445393013188968,9,-0.003886973559605026,9,-0.012892276909276398,8,-0.000638429820762824,9,0.014820663606221437,9,0.025266056619410407,0.8888888888888888,0.5555555555555556,0.7222222222222222,主測度 發文數｜雙重排序・大型股,abn_attention_weekend
2016-08-14,44,0.0009331058449877608,9,-0.025149130173097674,9,0.009778151243440433,8,-0.015979681619011903,9,-0.01789422209255219,9,-0.01882732793753995,0.2222222222222222,0.3333333333333333,0.2777777777777778,主測度 發文數｜雙重排序・大型股,abn_attention_weekend
2016-08-21,44,0.01323351984152706,9,0.024883941479967506,9,0.016806002497637598,8,0.012402127698773604,9,0.017738851016941948,9,0.004505331175414887,0.4444444444444444,0.4444444444444444,0.4444444444444444,主測度 發文數｜雙重排序・大型股,abn_attention_weekend
2016-08-28,42,-0.016118402683038793,9,-0.014020496866866308,8,-0.006051713712817305,8,0.015117066848620908,8,-0.022725028404005206,9,-0.006606625720966413,0.6666666666666666,0.3333333333333333,0.5,主測度 發文數｜雙重排序・大型股,abn_attention_weekend
2016-09-04,42,-0.01957802572340122,9,0.019952207988494522,8,0.005495433443537201,8,-0.0028592903664355906,8,0.0024795192845588313,9,0.02205754500796005,0.5555555555555556,0.3333333333333333,0.4444444444444444,主測度 發文數｜雙重排序・大型股,abn_attention_weekend
2016-09-11,43,-0.022394764747186983,9,-0.013442422835302795,8,-0.014652925956011136,9,-0.019901112806361934,8,-0.0007120221157196719,9,0.02168274263146731,0.4444444444444444,0.1111111111111111,0.2777777777777778,主測度 發文數｜雙重排序・大型股,abn_attention_weekend
2016-09-18,42,0.03314349925364309,9,0.021920691041195164,8,0.03269703788916578,8,0.00978888883796493,8,0.026922099345573228,9,-0.006221399908069865,0.3333333333333333,0.2222222222222222,0.2777777777777778,主測度 發文數｜雙重排序・大型股,abn_attention_weekend
2016-09-25,41,-0.01166690324979817,9,-0.002336589774022055,8,0.00018806168039063598,8,-0.012817977378545925,8,-0.002502218570627504,8,0.009164684679170665,0.25,0.1111111111111111,0.18055555555555555,主測度 發文數｜雙重排序・大型股,abn_attention_weekend
2016-10-02,41,-0.000889540654640037,9,-0.0015726347122495543,8,-0.0030279295094338687,8,0.002693378485396261,8,0.004363931504632462,8,0.005253472159272499,0.5,0.3333333333333333,0.41666666666666663,主測度 發文數｜雙重排序・大型股,abn_attention_weekend
2016-10-09,41,-0.027551306972893222,9,-0.007655923583103089,8,-0.019207495645269426,8,-0.03034022162615657,8,-0.03053865288012557,8,-0.002987345907232347,0.625,0.3333333333333333,0.47916666666666663,主測度 發文數｜雙重排序・大型股,abn_attention_weekend
2016-10-16,41,0.014186482315089356,9,0.02157489684668132,8,0.022970869499580854,8,0.007948416995604071,8,0.03197168853273741,8,0.01778520621764805,0.25,0.2222222222222222,0.2361111111111111,主測度 發文數｜雙重排序・大型股,abn_attention_weekend
2016-10-23,40,-0.003842950191135147,8,-0.0022907922824507293,8,-0.010473099564457508,8,-0.02157483991738006,8,-0.006372154499863267,8,-0.0025292043087281196,0.75,0.375,0.5625,主測度 發文數｜雙重排序・大型股,abn_attention_weekend
2016-10-30,40,-0.0328260985127907,8,-0.01966518705653196,8,-0.02175567395164392,8,-0.016443109847822837,8,-0.018637373449544845,8,0.014188725063245852,0.25,0.375,0.3125,主測度 發文數｜雙重排序・大型股,abn_attention_weekend
2016-11-06,40,-0.01838557235261251,8,-0.0210661655762151,8,-0.02525392561302521,8,-0.01340604646174269,8,-0.014294545139928769,8,0.004091027212683743,0.5,0.25,0.375,主測度 發文數｜雙重排序・大型股,abn_attention_weekend
2016-11-13,40,0.007182571700283372,8,0.009387816544788416,8,-0.009819828283205087,8,-0.0034606382493882204,8,-0.0020585789176859187,8,-0.00924115061796929,0.25,0.375,0.3125,主測度 發文數｜雙重排序・大型股,abn_attention_weekend
2016-11-20,40,0.008748669843124737,8,-0.007562420316243282,8,0.012060454498269896,8,0.007728525889818025,8,0.028840087362380612,8,0.020091417519255875,0.625,0.5,0.5625,主測度 發文數｜雙重排序・大型股,abn_attention_weekend
2016-11-27,41,0.0010232640819297398,9,0.019030649931902094,8,0.008471272311612862,8,-0.002058830721363869,8,-0.003964241336946089,8,-0.00498750541887583,0.25,0.2222222222222222,0.2361111111111111,主測度 發文數｜雙重排序・大型股,abn_attention_weekend
2016-12-04,40,0.023961982606666293,8,0.015160570464916562,8,0.009198885074286733,8,0.01912118495188847,8,0.007336773173107353,8,-0.01662520943355894,0.25,0.125,0.1875,主測度 發文數｜雙重排序・大型股,abn_attention_weekend
2016-12-11,40,-0.011731430354629868,8,-0.023902287610460787,8,0.00824531015816718,8,-0.010105927180140264,8,-0.023932689510633237,8,-0.012201259156003369,0.375,0.375,0.375,主測度 發文數｜雙重排序・大型股,abn_attention_weekend
2016-12-18,40,-0.018656257901636927,8,-0.0432900397414559,8,-0.02409256344102323,8,-0.021274094162359786,8,-0.016625607670920417,8,0.0020306502307165103,0.375,0.25,0.3125,主測度 發文數｜雙重排序・大型股,abn_attention_weekend
2016-12-25,39,0.010560458223923097,8,0.022483360777796696,8,-0.011896665668530013,7,0.02325155103642418,8,0.03157779704647484,8,0.021017338822551745,0.375,0.25,0.3125,主測度 發文數｜雙重排序・大型股,abn_attention_weekend
2017-01-01,39,0.01890615310643229,8,-0.005148832998344469,8,0.005569416066095702,7,0.019619327161655792,8,0.003085541757308158,8,-0.01582061134912413,0.5,0.25,0.375,主測度 發文數｜雙重排序・大型股,abn_attention_weekend
2017-01-08,39,-0.012823632169558022,8,-0.003963140269558824,8,-0.013804829198299586,7,0.012068503847051049,8,0.024860793236653883,8,0.037684425406211905,0.5,0.375,0.4375,主測度 發文數｜雙重排序・大型股,abn_attention_weekend
2017-01-15,40,0.03370801050926937,8,0.0055378780411831086,8,0.015026298708152225,8,-0.004105844484233928,8,0.012019853638901443,8,-0.02168815687036793,0.625,0.375,0.5,主測度 發文數｜雙重排序・大型股,abn_attention_weekend
2017-01-22,40,0.016729131128002478,8,0.01236808531859411,8,0.010025246027846213,8,0.006935744841822092,8,0.009381557992778095,8,-0.007347573135224383,0.625,0.25,0.4375,主測度 發文數｜雙重排序・大型股,abn_attention_weekend
2017-01-29,40,-0.008114147710277395,8,-0.013488409749117705,8,0.009953995273607963,8,-0.005096966711510817,8,0.008643079299314807,8,0.0167572270095922,0.5,0.375,0.4375,主測度 發文數｜雙重排序・大型股,abn_attention_weekend
2017-02-05,40,0.0254228881864189,8,0.015682983393556435,8,0.037335150874087356,8,0.025108105577408668,8,0.015733846118437325,8,-0.009689042067981574,0.5,0.25,0.375,主測度 發文數｜雙重排序・大型股,abn_attention_weekend
2017-02-12,40,0.009935750004653118,8,0.0024957041743772362,8,0.029637829815417627,8,0.02154836150124055,8,0.00046378127519436374,8,-0.009471968729458755,0.375,0.25,0.3125,主測度 發文數｜雙重排序・大型股,abn_attention_weekend
2017-02-19,43,-0.004348063614734388,9,-0.0057213873343697624,8,0.02071940028904716,9,-0.0007206331226870671,8,0.002134674346630764,9,0.006482737961365151,0.5555555555555556,0.4444444444444444,0.5,主測度 發文數｜雙重排序・大型股,abn_attention_weekend
2017-02-26,43,0.010366716900352131,9,-0.014540746233664192,8,-0.011160556173815605,9,0.005149480523144373,8,-0.0087446624469912,9,-0.019111379347343332,0.7777777777777778,0.4444444444444444,0.6111111111111112,主測度 發文數｜雙重排序・大型股,abn_attention_weekend
2017-03-05,43,-0.001058604494440803,9,-0.02219143939066419,8,-0.01563570964928154,9,-0.02080221091379046,8,-0.01964763731224818,9,-0.01858903281780738,0.6666666666666666,0.4444444444444444,0.5555555555555556,主測度 發文數｜雙重排序・大型股,abn_attention_weekend
2017-03-12,43,0.012529508236938387,9,0.02128742664656315,8,0.020011717711578527,9,0.053636309117410186,8,0.012136719958789252,9,-0.0003927882781491355,0.5555555555555556,0.2222222222222222,0.3888888888888889,主測度 發文數｜雙重排序・大型股,abn_attention_weekend
2017-03-19,42,-0.009112827371928743,9,-0.021105699113345935,8,-0.015414239919036177,8,-0.007101775819386813,8,0.01777785009599131,9,0.02689067746792005,0.6666666666666666,0.5555555555555556,0.6111111111111112,主測度 發文數｜雙重排序・大型股,abn_attention_weekend
2017-03-26,42,-0.005833633193745364,9,0.018287410803226045,8,-0.01760200439199372,8,-0.005816067861635396,8,0.013516240292088262,9,0.019349873485833627,0.6666666666666666,0.3333333333333333,0.5,主測度 發文數｜雙重排序・大型股,abn_attention_weekend
2017-04-02,40,-0.0027902668665515107,8,0.007145085889790917,8,0.013092636995283707,8,-0.003512131454465023,8,-0.0004314703585234919,8,0.0023587965080280188,0.5,0.5,0.5,主測度 發文數｜雙重排序・大型股,abn_attention_weekend
2017-04-09,40,-0.01875587298974629,8,-0.03645176921471077,8,-0.02243412549492521,8,-0.03018371540929994,8,-0.02172854796034826,8,-0.0029726749706019684,0.5,0.25,0.375,主測度 發文數｜雙重排序・大型股,abn_attention_weekend
2017-04-16,41,-0.008111818274371883,9,0.02760231435092772,8,-0.010504414547481647,8,-0.011885877986270582,8,-0.01779301608861253,8,-0.009681197814240646,0.75,0.5555555555555556,0.6527777777777778,主測度 發文數｜雙重排序・大型股,abn_attention_weekend
2017-04-23,42,0.00694832041307077,9,0.044021909139734305,8,0.023149454074421524,8,0.022163654172747543,8,-0.0007815799829271855,9,-0.007729900395997956,0.6666666666666666,0.6666666666666666,0.6666666666666666,主測度 發文數｜雙重排序・大型股,abn_attention_weekend
2017-04-30,42,-0.005112161132757278,9,-0.014719167217586288,8,-0.010148465598951675,8,-0.00674601881331538,8,-0.0068473195489361,9,-0.001735158416178822,0.4444444444444444,0.4444444444444444,0.4444444444444444,主測度 發文數｜雙重排序・大型股,abn_attention_weekend
2017-05-07,43,-0.025498526356835322,9,0.0023762964870748388,8,-0.011080400535112845,9,-0.01031323868370923,8,-0.018087325427980146,9,0.0074112009288551765,0.4444444444444444,0.5555555555555556,0.5,主測度 發文數｜雙重排序・大型股,abn_attention_weekend
2017-05-14,44,0.013738123087052813,9,0.0002812934240385608,9,-0.00578896944835558,8,-0.011511451813178388,9,-0.005133492612928059,9,-0.018871615699980873,0.4444444444444444,0.5555555555555556,0.5,主測度 發文數｜雙重排序・大型股,abn_attention_weekend
2017-05-21,44,0.006901075908891687,9,0.011428991612793994,9,0.026954165034393948,8,0.007807907284947698,9,0.024599937363809152,9,0.017698861454917465,0.3333333333333333,0.3333333333333333,0.3333333333333333,主測度 發文數｜雙重排序・大型股,abn_attention_weekend
2017-05-28,44,0.01084735753711357,9,-0.004752415675529,9,0.02204512442412579,8,0.02500225826354559,9,0.00023740872371144948,9,-0.010609948813402121,0.8888888888888888,0.3333333333333333,0.611111111111111,主測度 發文數｜雙重排序・大型股,abn_attention_weekend
2017-06-04,44,0.0021273316378905838,9,0.007603676618562933,9,0.009198597966051311,8,-0.0021876884450524356,9,-0.009813707146747182,9,-0.011941038784637766,0.5555555555555556,0.2222222222222222,0.3888888888888889,主測度 發文數｜雙重排序・大型股,abn_attention_weekend
2017-06-11,45,0.001235729361636838,9,-0.010925170698446883,9,-0.008580723482239126,9,0.009343229297729263,9,-0.005552407701976699,9,-0.006788137063613537,0.6666666666666666,0.6666666666666666,0.6666666666666666,主測度 發文數｜雙重排序・大型股,abn_attention_weekend
2017-06-18,44,0.02115582652842423,9,0.024351544823684106,9,0.014302693499841854,8,0.014595869886723727,9,0.025959867945914157,9,0.0048040414174899265,0.4444444444444444,0.2222222222222222,0.3333333333333333,主測度 發文數｜雙重排序・大型股,abn_attention_weekend
2017-06-25,45,0.01230925319779815,9,0.012967439037960616,9,0.01276358997756915,9,0.025172240381515294,9,0.01293362683557876,9,0.0006243736377806106,0.5555555555555556,0.3333333333333333,0.4444444444444444,主測度 發文數｜雙重排序・大型股,abn_attention_weekend
2017-07-02,45,-0.0063538559758349565,9,-0.0049067277654623286,9,0.0016448524466737588,9,-0.013657662542440028,9,-0.00914367746852275,9,-0.002789821492687793,0.4444444444444444,0.3333333333333333,0.38888888888888884,主測度 發文數｜雙重排序・大型股,abn_attention_weekend
2017-07-09,45,0.02902221472319265,9,0.0162211345776155,9,0.01309929354254956,9,0.02426505746176551,9,0.005269585924920513,9,-0.023752628798272137,0.3333333333333333,0.3333333333333333,0.3333333333333333,主測度 發文數｜雙重排序・大型股,abn_attention_weekend
2017-07-16,46,-0.0022490157830214906,10,0.0024641574122361686,9,0.01632613114741572,9,-0.0007105403352865766,9,-0.0036008244665113815,9,-0.001351808683489891,0.5555555555555556,0.2,0.37777777777777777,主測度 發文數｜雙重排序・大型股,abn_attention_weekend
2017-07-23,45,-0.005754445074205799,9,0.004807205033001965,9,-0.0065382451328562675,9,-0.0012898537358149288,9,0.011943491460312471,9,0.01769793653451827,0.8888888888888888,0.3333333333333333,0.611111111111111,主測度 發文數｜雙重排序・大型股,abn_attention_weekend
2017-07-30,45,0.01569538912596587,9,0.017619118480195015,9,0.00829911920365609,9,0.013444872475244186,9,0.0160314490908666,9,0.0003360599649007284,0.8888888888888888,0.6666666666666666,0.7777777777777777,主測度 發文數｜雙重排序・大型股,abn_attention_weekend
2017-08-06,45,-0.008490023585148535,9,-0.021265390896469887,9,-0.015551953582388922,9,-0.020082735545879065,9,0.0016151327176071224,9,0.010105156302755658,0.6666666666666666,0.5555555555555556,0.6111111111111112,主測度 發文數｜雙重排序・大型股,abn_attention_weekend
2017-08-13,45,-0.012877734775067769,9,0.03140180269439371,9,0.02192260140869167,9,0.01912595152273687,9,0.008977822588271511,9,0.02185555736333928,0.6666666666666666,0.5555555555555556,0.6111111111111112,主測度 發文數｜雙重排序・大型股,abn_attention_weekend
2017-08-20,45,0.023874658464908587,9,0.033897547123055295,9,0.021155001062965986,9,0.022905081712234612,9,0.012814983818063489,9,-0.011059674646845099,0.6666666666666666,0.4444444444444444,0.5555555555555556,主測度 發文數｜雙重排序・大型股,abn_attention_weekend
2017-08-27,45,0.016146848649271763,9,0.003000785380338976,9,0.00420207475351913,9,0.01612592744624554,9,0.006283712071710844,9,-0.009863136577560919,0.5555555555555556,0.3333333333333333,0.4444444444444444,主測度 發文數｜雙重排序・大型股,abn_attention_weekend
2017-09-03,47,0.00890536382534245,10,0.016009372995098834,9,0.0028933157257074273,9,0.018039758094091148,9,0.023107032258275893,10,0.014201668432933443,0.6,0.5,0.55,主測度 發文數｜雙重排序・大型股,abn_attention_weekend
2017-09-10,47,-0.005053337933759894,10,0.0057790564316070325,9,-0.008853633185661383,9,0.012990081174567977,9,-0.011428814008476174,10,-0.00637547607471628,0.4,0.1,0.25,主測度 發文數｜雙重排序・大型股,abn_attention_weekend
2017-09-17,46,-0.022582410844917678,10,-0.027486526783842016,9,-0.013030623439095272,9,-0.010747258069244025,9,-0.012980217160483722,9,0.009602193684433956,0.4444444444444444,0.2,0.3222222222222222,主測度 發文數｜雙重排序・大型股,abn_attention_weekend
2017-09-24,46,-0.017576299060440392,10,-0.01797452880380289,9,-0.0040307818470064725,9,-0.030660521225458023,9,-0.0028254720923936625,9,0.01475082696804673,0.6666666666666666,0.4,0.5333333333333333,主測度 發文數｜雙重排序・大型股,abn_attention_weekend
2017-10-01,47,0.005338060122593302,10,0.01975801263252102,9,0.007202357851633417,9,0.01573746245771912,9,0.008885582000684922,10,0.00354752187809162,0.5,0.6,0.55,主測度 發文數｜雙重排序・大型股,abn_attention_weekend
2017-10-08,50,0.02145766450753752,10,0.007417118045283211,10,0.007542099534837876,10,0.0050749023767423075,10,0.007813837045334459,10,-0.013643827462203061,0.6,0.5,0.55,主測度 發文數｜雙重排序・大型股,abn_attention_weekend
2017-10-15,51,-0.010839770251328934,11,0.0009307477600665193,10,-0.02515743183203304,10,-0.0010311356786210312,10,-0.007563620701328244,10,0.00327614955000069,0.8,0.6363636363636364,0.7181818181818183,主測度 發文數｜雙重排序・大型股,abn_attention_weekend
2017-10-22,50,-0.023556410785801018,10,-0.006284728911780113,10,0.006724055302059695,10,0.0041331226290705625,10,-0.012330226612700657,10,0.01122618417310036,0.8,0.8,0.8,主測度 發文數｜雙重排序・大型股,abn_attention_weekend
2017-10-29,49,-0.0067741441592248045,10,-0.0010019122684378546,10,0.012996381434924851,9,0.029302685438812204,10,0.00035027600323535025,10,0.007124420162460155,0.5,0.4,0.45,主測度 發文數｜雙重排序・大型股,abn_attention_weekend
2017-11-05,49,-9.040590065566567e-05,10,0.007912516081020216,10,-0.010448753364412212,9,0.012451817104993112,10,0.003490949075970451,10,0.0035813549766261165,0.1,0.3,0.2,主測度 發文數｜雙重排序・大型股,abn_attention_weekend
2017-11-12,49,-0.006197542338365914,10,0.01098788872549219,10,0.01090080534291075,9,-0.01918324689405293,10,-0.002029227053565419,10,0.0041683152848004945,0.4,0.1,0.25,主測度 發文數｜雙重排序・大型股,abn_attention_weekend
2017-11-19,50,0.0015424338511498604,10,0.010845696985789566,10,0.0033922793007459483,10,-0.0003483863171212076,10,0.023056567062360533,10,0.021514133211210672,0.8,0.4,0.6000000000000001,主測度 發文數｜雙重排序・大型股,abn_attention_weekend
2017-11-26,50,-0.01566506215374327,10,-0.007393159753406831,10,-0.021481770485708096,10,-0.010009347392440105,10,-0.022622918926925396,10,-0.006957856773182128,0.9,0.6,0.75,主測度 發文數｜雙重排序・大型股,abn_attention_weekend
2017-12-03,50,-0.020922285458164346,10,0.006424023874161799,10,-0.008022870144573147,10,-0.02766832308825612,10,-0.03488280789409217,10,-0.013960522435927825,0.8,0.5,0.65,主測度 發文數｜雙重排序・大型股,abn_attention_weekend
2017-12-10,50,0.010874000071816792,10,0.0047254491034287695,10,0.012844826236733364,10,0.005274061330526469,10,0.004061669160131787,10,-0.006812330911685005,0.5,0.3,0.4,主測度 發文數｜雙重排序・大型股,abn_attention_weekend
2017-12-17,50,-0.01064301619866056,10,0.005885236866884103,10,-0.0007190331692552787,10,-0.008585480336412477,10,0.014046977362373748,10,0.02468999356103431,0.8,0.6,0.7,主測度 發文數｜雙重排序・大型股,abn_attention_weekend
2017-12-24,52,0.010692464055170901,11,0.014856384855043958,10,0.017551138130135858,10,0.022256327039084554,10,0.015268323362033452,11,0.004575859306862551,0.7272727272727273,0.45454545454545453,0.5909090909090909,主測度 發文數｜雙重排序・大型股,abn_attention_weekend
2017-12-31,52,0.011731008074133974,11,0.018077926574197822,10,0.01755822207605181,10,0.018056341820436483,10,0.00900457187376476,11,-0.0027264362003692148,0.5454545454545454,0.2727272727272727,0.40909090909090906,主測度 發文數｜雙重排序・大型股,abn_attention_weekend
2018-01-07,52,-0.015747439782887233,11,-0.017788591197161696,10,-0.009042637109436513,10,0.01694849563398746,10,-0.002413460545571879,11,0.013333979237315354,0.6363636363636364,0.5454545454545454,0.5909090909090908,主測度 發文數｜雙重排序・大型股,abn_attention_weekend
2018-01-14,53,-0.01095529797607339,11,0.012727499201076343,10,0.003524601250588712,11,-0.021850484168055316,10,0.013113423454484529,11,0.024068721430557917,0.45454545454545453,0.18181818181818182,0.3181818181818182,主測度 發文數｜雙重排序・大型股,abn_attention_weekend
2018-01-21,51,-0.0059704220379640715,11,-0.014448242570911263,10,-0.007562313596944803,10,-0.010128897361787426,10,0.00891727271260886,10,0.01488769475057293,0.4,0.18181818181818182,0.2909090909090909,主測度 發文數｜雙重排序・大型股,abn_attention_weekend
2018-01-28,53,-0.008749462272284519,11,-0.014809775419798698,10,-0.0156959677276275,11,0.006494746277603114,10,-0.007502745635033847,11,0.0012467166372506725,0.36363636363636365,0.2727272727272727,0.3181818181818182,主測度 發文數｜雙重排序・大型股,abn_attention_weekend
2018-02-04,53,-0.04952626207753712,11,-0.05582839930838206,10,-0.046482412049485694,11,-0.044269091504384586,10,-0.048299664524598857,11,0.0012265975529382606,0.36363636363636365,0.18181818181818182,0.2727272727272727,主測度 發文數｜雙重排序・大型股,abn_attention_weekend
2018-02-11,53,-0.014186204163360755,11,-0.004445240394618544,10,-0.0045035714263372325,11,-0.0013914528194938214,10,-0.0048244989987242,11,0.009361705164636556,0.6363636363636364,0.45454545454545453,0.5454545454545454,主測度 發文數｜雙重排序・大型股,abn_attention_weekend
2018-02-18,51,0.02100006230212893,11,0.007388400426441966,10,0.013936114352363216,10,0.024626457636663,10,0.03583259782441519,10,0.01483253552228626,0.8,0.6363636363636364,0.7181818181818183,主測度 發文數｜雙重排序・大型股,abn_attention_weekend
2018-02-25,52,-0.001068362654172115,11,0.007113095458613416,10,-0.014326259876883341,10,-0.013667302269967496,10,-0.01963277206204559,11,-0.018564409407873475,0.8181818181818182,0.8181818181818182,0.8181818181818182,主測度 發文數｜雙重排序・大型股,abn_attention_weekend
2018-03-04,51,-0.004374525947884758,11,-0.01364154379897201,10,0.0011539033936079136,10,-0.0009857845618241213,10,0.0292157662204368,10,0.03359029216832156,0.8,0.8181818181818182,0.8090909090909091,主測度 發文數｜雙重排序・大型股,abn_attention_weekend
2018-03-11,52,0.010140281161565613,11,0.0013665728671574894,10,-0.0002966358183568607,10,0.013708043260114489,10,0.009999891027652712,11,-0.00014039013391290052,0.7272727272727273,0.45454545454545453,0.5909090909090909,主測度 發文數｜雙重排序・大型股,abn_attention_weekend
2018-03-18,52,-0.012407591127773586,11,-0.013307980425675603,10,-0.014111811182656298,10,-0.012438969545091095,10,-0.017029599967800655,11,-0.004622008840027069,0.7272727272727273,0.45454545454545453,0.5909090909090909,主測度 發文數｜雙重排序・大型股,abn_attention_weekend
2018-03-25,52,0.020027543487406582,11,0.02109606565047608,10,0.009513106990994547,10,0.0015199855176362687,10,0.0065260319661491735,11,-0.01350151152125741,0.5454545454545454,0.5454545454545454,0.5454545454545454,主測度 發文數｜雙重排序・大型股,abn_attention_weekend
2018-04-01,53,-0.00997338473878583,11,-0.0024626941615446428,10,-0.011386950643734376,11,-0.014298071602586959,10,-0.005523948105431261,11,0.004449436633354569,0.9090909090909091,0.6363636363636364,0.7727272727272727,主測度 發文數｜雙重排序・大型股,abn_attention_weekend
2018-04-08,54,0.023504230501125944,11,0.014744306704651171,11,0.01781049395673614,10,0.02804622632575032,11,0.006002075545321627,11,-0.017502154955804317,1.0,0.6363636363636364,0.8181818181818181,主測度 發文數｜雙重排序・大型股,abn_attention_weekend
2018-04-15,53,0.003586864933741092,11,-0.01221384770881213,10,-0.0022060306425671916,11,-0.008335239510112669,10,-0.0029567656100287372,11,-0.0065436305437698294,0.8181818181818182,0.45454545454545453,0.6363636363636364,主測度 發文數｜雙重排序・大型股,abn_attention_weekend
2018-04-22,54,-0.030888438403633433,11,-0.021684630330896695,11,-0.004434237552057218,10,-0.019491725317208098,11,-0.002295733332830376,11,0.028592705070803057,0.5454545454545454,0.5454545454545454,0.5454545454545454,主測度 發文數｜雙重排序・大型股,abn_attention_weekend
2018-04-29,54,-0.013427177964636751,11,-0.0013872104122716839,11,0.0007872407943674941,10,0.00012500340028299593,11,0.003728706815646218,11,0.01715588478028297,0.36363636363636365,0.36363636363636365,0.36363636363636365,主測度 發文數｜雙重排序・大型股,abn_attention_weekend
2018-05-06,54,1.6907344121479135e-05,11,0.014311417707966421,11,0.032264390158902444,10,0.01590670092326046,11,0.022129290350530108,11,0.02211238300640863,0.7272727272727273,0.45454545454545453,0.5909090909090909,主測度 發文數｜雙重排序・大型股,abn_attention_weekend
2018-05-13,54,0.013823309111432208,11,0.00813370045301169,11,0.014193453349964946,10,-0.006145536324821884,11,-0.017496501992709225,11,-0.031319811104141435,0.8181818181818182,0.6363636363636364,0.7272727272727273,主測度 發文數｜雙重排序・大型股,abn_attention_weekend
2018-05-20,54,-0.010152931305416845,11,-0.010190072526029416,11,0.0012090533849231423,10,-0.0006941564743862487,11,0.0029299818436813074,11,0.013082913149098152,0.8181818181818182,0.2727272727272727,0.5454545454545454,主測度 發文數｜雙重排序・大型股,abn_attention_weekend
2018-05-27,54,0.0010162059319551214,11,0.002953307248901012,11,-0.004384186840579429,10,-0.01075463081847912,11,0.0055518156811457916,11,0.00453560974919067,0.5454545454545454,0.45454545454545453,0.5,主測度 發文數｜雙重排序・大型股,abn_attention_weekend
2018-06-03,55,0.010381074338031128,11,0.003567079924206139,11,-0.002489460966237407,11,0.011938672004225654,11,0.025043905732872154,11,0.014662831394841026,0.45454545454545453,0.45454545454545453,0.45454545454545453,主測度 發文數｜雙重排序・大型股,abn_attention_weekend
2018-06-10,55,0.014879733947422842,11,-0.011188654026415416,11,-0.017413863726059294,11,-0.004838757068291188,11,-0.029495468388637976,11,-0.04437520233606082,0.5454545454545454,0.18181818181818182,0.36363636363636365,主測度 發文數｜雙重排序・大型股,abn_attention_weekend
2018-06-17,55,-0.03969637307069154,11,-0.0069828139114005835,11,-0.020590859698920463,11,-0.026272144310334755,11,0.005551784179836503,11,0.04524815725052805,0.8181818181818182,0.5454545454545454,0.6818181818181819,主測度 發文數｜雙重排序・大型股,abn_attention_weekend
2018-06-24,55,-0.001135841639557731,11,0.02147131516088583,11,-0.005667542369518174,11,-0.004732867909706062,11,-0.008597954314622252,11,-0.007462112675064521,0.5454545454545454,0.6363636363636364,0.5909090909090908,主測度 發文數｜雙重排序・大型股,abn_attention_weekend
2018-07-01,55,-0.02182470709041586,11,-0.03579364240187167,11,-0.027919013193827814,11,-0.039131312758271065,11,-0.00778627681959351,11,0.014038430270822352,0.7272727272727273,0.2727272727272727,0.5,主測度 發文數｜雙重排序・大型股,abn_attention_weekend
2018-07-08,56,0.03233225050971878,12,0.05475933573191569,11,0.01566932350448388,11,0.030569690957141724,11,0.030098686763230405,11,-0.0022335637464883755,0.8181818181818182,0.5,0.6590909090909092,主測度 發文數｜雙重排序・大型股,abn_attention_weekend
2018-07-15,55,-0.015024018897929885,11,-0.022172616843818712,11,-0.00854392936202799,11,0.013479450609513065,11,0.006976623773836252,11,0.022000642671766137,0.9090909090909091,0.5454545454545454,0.7272727272727273,主測度 發文數｜雙重排序・大型股,abn_attention_weekend
2018-07-22,54,0.02760832449276731,11,0.025022088754167057,11,0.016753869985659496,10,0.023440482780422697,11,0.00815107735561893,11,-0.01945724713714838,0.7272727272727273,0.2727272727272727,0.5,主測度 發文數｜雙重排序・大型股,abn_attention_weekend
2018-07-29,53,-0.012010425327898382,11,0.005015734802742966,10,-0.004549040092635298,11,0.012074781607881146,10,0.001321474048875292,11,0.013331899376773674,0.5454545454545454,0.45454545454545453,0.5,主測度 發文數｜雙重排序・大型股,abn_attention_weekend
2018-08-05,54,-0.011784847795305602,11,-0.011381756710596562,11,0.002594017076476307,10,0.0011722085748858792,11,-0.01517615491971478,11,-0.003391307124409179,0.8181818181818182,0.7272727272727273,0.7727272727272727,主測度 發文數｜雙重排序・大型股,abn_attention_weekend
2018-08-12,54,-0.01527001107315988,11,-0.004180080990576026,11,-0.034953981441570525,10,-0.01589140165858298,11,-0.007290886877309499,11,0.00797912419585038,0.5454545454545454,0.5454545454545454,0.5454545454545454,主測度 發文數｜雙重排序・大型股,abn_attention_weekend
2018-08-19,54,0.001507242165306904,11,0.016809385670164968,11,0.013355916003623347,10,0.006877346446391052,11,0.00841869192232732,11,0.006911449757020415,0.45454545454545453,0.2727272727272727,0.36363636363636365,主測度 發文數｜雙重排序・大型股,abn_attention_weekend
2018-08-26,54,0.001685989394167127,11,-0.0011981786599015317,11,0.01191551453360853,10,0.030556470837261915,11,0.015595373356621634,11,0.013909383962454508,0.5454545454545454,0.5454545454545454,0.5454545454545454,主測度 發文數｜雙重排序・大型股,abn_attention_weekend
2018-09-02,54,-0.06034020512898412,11,-0.037166845495581254,11,-0.03616497662688478,10,-0.04414206757408823,11,-0.02846743577851624,11,0.031872769350467886,0.36363636363636365,0.36363636363636365,0.36363636363636365,主測度 發文數｜雙重排序・大型股,abn_attention_weekend
2018-09-09,53,-0.004444052408553561,11,0.005410108112301815,10,0.0016430066738067099,11,0.0008376596627711174,10,0.021318020095580793,11,0.025762072504134356,0.6363636363636364,0.45454545454545453,0.5454545454545454,主測度 發文數｜雙重排序・大型股,abn_attention_weekend
2018-09-16,52,-0.005281530023534244,11,0.026229999290628404,10,0.012621141439674587,10,0.00859862677790696,10,0.013975982135878503,11,0.019257512159412748,0.36363636363636365,0.2727272727272727,0.3181818181818182,主測度 發文數｜雙重排序・大型股,abn_attention_weekend
2018-09-23,52,0.019138381578900746,11,-0.00813598795590682,10,0.007045680334909088,10,0.010468755466000557,10,-0.0042603261327032686,11,-0.023398707711604017,0.6363636363636364,0.36363636363636365,0.5,主測度 發文數｜雙重排序・大型股,abn_attention_weekend
2018-09-30,53,-0.06676144740284545,11,-0.03804630575146519,10,-0.04140880690579967,11,-0.04884088093694185,10,-0.04285054588010715,11,0.023910901522738302,0.8181818181818182,0.45454545454545453,0.6363636363636364,主測度 發文數｜雙重排序・大型股,abn_attention_weekend
2018-10-07,55,-0.03468569222866726,11,-0.03905228397417384,11,-0.06661893407094624,11,-0.034442224871514375,11,-0.05256186829962102,11,-0.017876176070953757,0.45454545454545453,0.36363636363636365,0.40909090909090906,主測度 發文數｜雙重排序・大型股,abn_attention_weekend
2018-10-14,55,-0.017580066358428306,11,-0.024253755179882486,11,-0.03532292107067306,11,-0.0030431195893221904,11,-0.011400602394292787,11,0.006179463964135519,0.45454545454545453,0.36363636363636365,0.40909090909090906,主測度 發文數｜雙重排序・大型股,abn_attention_weekend
2018-10-21,54,-0.048641158408443075,11,-0.05990185116251028,11,-0.05253767717399904,10,-0.06307651500046546,11,-0.029719797848088262,11,0.018921360560354813,0.45454545454545453,0.36363636363636365,0.40909090909090906,主測度 發文數｜雙重排序・大型股,abn_attention_weekend
2018-10-28,56,0.027325965716417433,12,0.048087705793423655,11,0.04604474283265169,11,0.06729984415408383,11,0.02556239936656238,11,-0.0017635663498550523,0.36363636363636365,0.4166666666666667,0.39015151515151514,主測度 發文數｜雙重排序・大型股,abn_attention_weekend
2018-11-04,56,-0.012084899826573644,12,0.00046876389864734173,11,0.0020025074118883938,11,-0.008920376758700306,11,-0.015044421485618182,11,-0.0029595216590445374,0.45454545454545453,0.25,0.3522727272727273,主測度 發文數｜雙重排序・大型股,abn_attention_weekend
2018-11-11,56,0.004003016784209788,12,0.02526246263449812,11,-0.008905143154597894,11,-0.00221222382972621,11,0.02200241284103813,11,0.01799939605682834,0.5454545454545454,0.25,0.3977272727272727,主測度 發文數｜雙重排序・大型股,abn_attention_weekend
2018-11-18,56,-0.020423409603302033,12,-0.01451901736309707,11,-0.01568680961162167,11,-0.008060980623695353,11,-0.01825535059024627,11,0.0021680590130557648,0.6363636363636364,0.5,0.5681818181818181,主測度 發文數｜雙重排序・大型股,abn_attention_weekend
2018-11-25,56,0.02853314044020989,12,0.015180858442195492,11,0.007738058280043036,11,0.03862942394936792,11,0.029781368162948588,11,0.0012482277227386963,0.45454545454545453,0.3333333333333333,0.3939393939393939,主測度 發文數｜雙重排序・大型股,abn_attention_weekend
2018-12-02,55,-0.03584012523929907,11,-0.02105753240305104,11,-0.01143191403109347,11,-0.009200353590888898,11,-0.0317386748662031,11,0.00410145037309597,0.36363636363636365,0.36363636363636365,0.36363636363636365,主測度 發文數｜雙重排序・大型股,abn_attention_weekend
2018-12-09,56,0.012015014331199475,12,0.0026063792773767247,11,0.008221911113209983,11,0.01441652090503931,11,0.007389394153785317,11,-0.0046256201774141584,0.5454545454545454,0.4166666666666667,0.4810606060606061,主測度 發文數｜雙重排序・大型股,abn_attention_weekend
2018-12-16,58,-0.011160829595141633,12,-0.010553893053527962,11,-0.0040060260028865384,12,-0.03478361699194905,11,-0.014270315438385,12,-0.003109485843243368,0.8333333333333334,0.5,0.6666666666666667,主測度 發文數｜雙重排序・大型股,abn_attention_weekend
2018-12-23,58,-0.00584730562611054,12,-0.009143294958351927,11,-0.007173561448178628,12,0.002047867628036851,11,-0.009979011617508915,12,-0.004131705991398375,0.9166666666666666,0.5,0.7083333333333333,主測度 發文數｜雙重排序・大型股,abn_attention_weekend
2018-12-30,58,-0.0300762214606649,12,-0.018091900207841672,11,-0.022783619595006244,12,-0.015833366529647397,11,-0.028744906341356374,12,0.0013313151193085244,0.9166666666666666,0.5833333333333334,0.75,主測度 發文數｜雙重排序・大型股,abn_attention_weekend
2019-01-06,57,0.02548845602199316,12,0.02152322028930725,11,0.022644874305740068,11,0.015292278356959182,11,0.021524351167068977,12,-0.003964104854924183,0.5,0.5,0.5,主測度 發文數｜雙重排序・大型股,abn_attention_weekend
2019-01-13,57,0.015645350369788324,12,0.01246886388535236,11,0.010139396027426185,11,0.00336026358179006,11,0.006610252019299952,12,-0.009035098350488373,0.8333333333333334,0.5,0.6666666666666667,主測度 發文數｜雙重排序・大型股,abn_attention_weekend
2019-01-20,57,0.013371389215049231,12,0.0032394541541032355,11,-0.005720381381911373,11,-0.0003383729229185254,11,0.006300077748890788,12,-0.007071311466158443,0.8333333333333334,0.4166666666666667,0.625,主測度 發文數｜雙重排序・大型股,abn_attention_weekend
2019-01-27,56,-0.02246825660243934,12,0.0008919140290647644,11,-0.006218038361043974,11,-0.002811254832384263,11,0.005062088887524473,11,0.027530345489963814,0.18181818181818182,0.25,0.2159090909090909,主測度 發文數｜雙重排序・大型股,abn_attention_weekend
2019-02-17,56,0.014594679719312331,12,0.024375801840829728,11,0.011819768690516293,11,0.012782643264236483,11,0.015016057844028667,11,0.00042137812471633625,0.5454545454545454,0.4166666666666667,0.4810606060606061,主測度 發文數｜雙重排序・大型股,abn_attention_weekend
2019-02-24,56,-0.010036119268211,12,0.002881157798486482,11,-0.004586934008713542,11,0.009201679706516964,11,0.0020652172639789228,11,0.012101336532189923,0.45454545454545453,0.25,0.3522727272727273,主測度 發文數｜雙重排序・大型股,abn_attention_weekend
2019-03-03,54,-0.026919539760997934,11,-0.012486260445293591,11,-0.004775275275564294,10,-0.003596248557587768,11,-0.013460053072981825,11,0.013459486688016109,0.6363636363636364,0.36363636363636365,0.5,主測度 發文數｜雙重排序・大型股,abn_attention_weekend
2019-03-10,55,-0.00011730645853011171,11,0.01820248746467602,11,0.007435775709940584,11,0.02348060055054234,11,0.009323131265905348,11,0.00944043772443546,0.36363636363636365,0.18181818181818182,0.2727272727272727,主測度 發文數｜雙重排序・大型股,abn_attention_weekend
2019-03-17,56,0.012752024235314121,12,0.009569779078876824,11,-0.015893596190911848,11,0.005468081551127929,11,0.004230933927834488,11,-0.008521090307479634,0.45454545454545453,0.5,0.4772727272727273,主測度 發文數｜雙重排序・大型股,abn_attention_weekend
2019-03-24,55,0.015560958598931635,11,0.003148747300963978,11,8.656246275210141e-05,11,-0.0006203028121279728,11,0.01260586445222912,11,-0.002955094146702515,0.5454545454545454,0.18181818181818182,0.36363636363636365,主測度 發文數｜雙重排序・大型股,abn_attention_weekend
2019-03-31,54,0.0037118754978677075,11,0.015925952395301902,11,0.007667762174302761,10,0.0005278618490276242,11,-0.005138228198178047,11,-0.008850103696045754,0.6363636363636364,0.45454545454545453,0.5454545454545454,主測度 發文數｜雙重排序・大型股,abn_attention_weekend
2019-04-07,54,-0.0066331930813743134,11,-0.011634156791977778,11,0.015241568791936754,10,-0.011386088791554127,11,0.005570595439439981,11,0.012203788520814295,0.6363636363636364,0.36363636363636365,0.5,主測度 發文數｜雙重排序・大型股,abn_attention_weekend
2019-04-14,54,0.005899999970124117,11,-0.006520855861892902,11,0.0010701770657093879,10,-0.004904715642984518,11,0.004319403642625982,11,-0.0015805963274981346,0.7272727272727273,0.5454545454545454,0.6363636363636364,主測度 發文數｜雙重排序・大型股,abn_attention_weekend
2019-04-21,55,0.013521652670402052,11,-0.004191340717119574,11,-0.008035473279870592,11,0.021500179500516668,11,-0.010219107949691214,11,-0.023740760620093268,0.6363636363636364,0.45454545454545453,0.5454545454545454,主測度 發文數｜雙重排序・大型股,abn_attention_weekend
2019-04-28,55,0.015907717036817995,11,0.006413250989972646,11,0.01660009020666443,11,0.007007266463923437,11,0.006788793859753769,11,-0.009118923177064225,0.6363636363636364,0.2727272727272727,0.45454545454545453,主測度 發文數｜雙重排序・大型股,abn_attention_weekend
2019-05-05,55,-0.02193977464818059,11,-0.045197586501327575,11,-0.013784105434831308,11,-0.037771181752003474,11,-0.033507338065410376,11,-0.011567563417229785,0.36363636363636365,0.36363636363636365,0.36363636363636365,主測度 發文數｜雙重排序・大型股,abn_attention_weekend
2019-05-12,56,-0.016786421894093528,12,-0.014090104386681962,11,0.01743360940172469,11,-0.007064843585978384,11,-0.026938021867057446,11,-0.010151599972963919,0.45454545454545453,0.5,0.4772727272727273,主測度 發文數｜雙重排序・大型股,abn_attention_weekend
2019-05-19,57,-0.003679445103463519,12,0.0027088840010874656,11,0.013298314338662888,11,-0.00011047873595593227,11,-0.007573111196226325,12,-0.0038936660927628057,0.8333333333333334,0.4166666666666667,0.625,主測度 發文數｜雙重排序・大型股,abn_attention_weekend
2019-05-26,58,0.015808746639277494,12,0.010062030620462192,11,0.00706504771232531,12,0.008252668063088886,11,0.010671001769169566,12,-0.005137744870107928,0.75,0.5833333333333334,0.6666666666666667,主測度 發文數｜雙重排序・大型股,abn_attention_weekend
2019-06-02,59,0.013654816362870878,12,-0.0040480028275784825,12,0.0014658021145687746,11,-0.0015498163277465893,12,-0.007284501058336741,12,-0.02093931742120762,0.5833333333333334,0.5,0.5416666666666667,主測度 發文數｜雙重排序・大型股,abn_attention_weekend
2019-06-09,58,-0.008346206536913767,12,0.015407679371642113,11,-0.0007605409797282562,12,-0.0002249211721721999,11,0.0046990245310446115,12,0.01304523106795838,0.8333333333333334,0.25,0.5416666666666667,主測度 發文數｜雙重排序・大型股,abn_attention_weekend
2019-06-16,59,0.03487338379352826,12,0.016621623353903613,12,0.018847514873912743,11,0.023030687949548184,12,0.019379545362347834,12,-0.015493838431180424,0.5833333333333334,0.3333333333333333,0.45833333333333337,主測度 發文數｜雙重排序・大型股,abn_attention_weekend
2019-06-23,59,0.0028244761497870086,12,0.011183434179923651,12,0.002795400715567437,11,0.004982721810724511,12,0.007553689588190628,12,0.004729213438403619,0.4166666666666667,0.4166666666666667,0.4166666666666667,主測度 發文數｜雙重排序・大型股,abn_attention_weekend
2019-06-30,58,-0.004089610785501889,12,0.0075109285280817025,11,0.007967455028734203,12,0.011296441747292456,11,0.007203914137435513,12,0.011293524922937403,0.5833333333333334,0.5833333333333334,0.5833333333333334,主測度 發文數｜雙重排序・大型股,abn_attention_weekend
2019-07-07,57,0.008633051868544147,12,0.017787546511161,11,0.01666250714539126,11,0.017834434344658378,11,-0.0033345325886155,12,-0.011967584457159647,0.6666666666666666,0.5833333333333334,0.625,主測度 發文數｜雙重排序・大型股,abn_attention_weekend
2019-07-14,58,0.004675874004138575,12,0.008247532967905842,11,-0.008327162305965927,12,0.00630127480834603,11,-0.005412414410491136,12,-0.01008828841462971,0.5,0.3333333333333333,0.41666666666666663,主測度 發文數｜雙重排序・大型股,abn_attention_weekend
2019-07-21,58,-0.0031686952246267976,12,-0.004399978806062193,11,0.014859216994191071,12,0.008251492356886632,11,-0.00407500867905138,12,-0.0009063134544245823,0.5,0.4166666666666667,0.45833333333333337,主測度 發文數｜雙重排序・大型股,abn_attention_weekend
2019-07-28,58,-0.010669084350864999,12,-0.029975566709500582,11,-0.024457898688040113,12,-0.0315818734996089,11,-0.025357553417034485,12,-0.014688469066169486,0.75,0.3333333333333333,0.5416666666666666,主測度 發文數｜雙重排序・大型股,abn_attention_weekend
2019-08-04,58,-0.0081197476165591,12,-0.013491784285300986,11,0.0049249168368174405,12,0.006766213597301966,11,-0.0020526340957762643,12,0.006067113520782836,0.6666666666666666,0.4166666666666667,0.5416666666666666,主測度 發文數｜雙重排序・大型股,abn_attention_weekend
2019-08-11,58,-0.000732087388802316,12,-0.02399092593845329,11,-0.016068168198171178,12,0.0051224994908594616,11,-0.010265586706593055,12,-0.009533499317790739,0.75,0.4166666666666667,0.5833333333333334,主測度 發文數｜雙重排序・大型股,abn_attention_weekend
2019-08-18,58,0.001292717743245834,12,-0.006185306793101647,11,-5.9464580200147e-05,12,0.00702342692992064,11,0.015172980458395241,12,0.013880262715149408,0.4166666666666667,0.3333333333333333,0.375,主測度 發文數｜雙重排序・大型股,abn_attention_weekend
2019-08-25,59,0.02361876692533695,12,0.014462023936135207,12,0.023840063425805094,11,0.019943651712917714,12,0.013590775953833826,12,-0.010027990971503123,0.25,0.25,0.25,主測度 發文數｜雙重排序・大型股,abn_attention_weekend
2019-09-01,58,0.015844868035278514,12,0.027574727328075036,11,0.002982875055247932,12,0.016942878107949953,11,0.022207717567751178,12,0.0063628495324726635,0.4166666666666667,0.3333333333333333,0.375,主測度 發文數｜雙重排序・大型股,abn_attention_weekend
2019-09-08,58,-0.003809740406651089,12,-0.0033685128901204424,11,-0.000382029728760086,12,0.0034871725247122213,11,0.0014932411354205792,12,0.005302981542071668,0.5,0.5833333333333334,0.5416666666666667,主測度 發文數｜雙重排序・大型股,abn_attention_weekend
2019-09-15,58,0.006516235498774188,12,0.014305351016977679,11,-0.0021503954973394837,12,0.008932495482139329,11,0.005973709147830584,12,-0.0005425263509436038,0.5,0.25,0.375,主測度 發文數｜雙重排序・大型股,abn_attention_weekend
2019-09-22,56,-0.016043120056933712,12,-0.014501523037862098,11,-0.027731496881881538,11,-0.019040048745120896,11,-0.023326279285667814,11,-0.007283159228734102,0.6363636363636364,0.4166666666666667,0.5265151515151515,主測度 發文數｜雙重排序・大型股,abn_attention_weekend
2019-09-29,58,0.008325534776302842,12,-0.0025002166776740124,11,0.006077433154190737,12,-0.004525970606306642,11,-0.007155277379933794,12,-0.015480812156236637,0.5833333333333334,0.3333333333333333,0.45833333333333337,主測度 發文數｜雙重排序・大型股,abn_attention_weekend
2019-10-06,57,-0.01890778254051843,12,0.0041369443084234145,11,-0.011446382708154871,11,-0.006435588267354838,11,-0.006162118103523896,12,0.012745664436994535,0.75,0.5833333333333334,0.6666666666666667,主測度 發文數｜雙重排序・大型股,abn_attention_weekend
2019-10-13,57,0.021618287343073212,12,0.008590703115349829,11,0.0006650847549597842,11,0.009292902655689595,11,0.014134408811893437,12,-0.007483878531179775,0.5,0.4166666666666667,0.45833333333333337,主測度 發文數｜雙重排序・大型股,abn_attention_weekend
2019-10-20,56,0.008949081754852909,12,0.008597816790540148,11,0.0017115840831529929,11,0.004252580159075753,11,0.0015401519975555076,11,-0.007408929757297401,0.5454545454545454,0.3333333333333333,0.43939393939393934,主測度 發文數｜雙重排序・大型股,abn_attention_weekend
2019-10-27,57,0.003808743663261782,12,-0.002258767789121455,11,0.000664470781791276,11,-0.008247268348291037,11,-0.007762482793701879,12,-0.011571226456963662,0.5,0.4166666666666667,0.45833333333333337,主測度 發文數｜雙重排序・大型股,abn_attention_weekend
2019-11-03,57,-0.002829568268358923,12,-0.0001882061024805633,11,0.007649717491562957,11,0.002734053984404537,11,0.010482553486986687,12,0.01331212175534561,0.5833333333333334,0.3333333333333333,0.45833333333333337,主測度 發文數｜雙重排序・大型股,abn_attention_weekend
2019-11-10,58,0.0052162480041284915,12,-0.01481737597806681,11,0.011265083514257007,12,-0.02136501769574091,11,0.00043914756869521215,12,-0.004777100435433279,0.5833333333333334,0.25,0.4166666666666667,主測度 發文數｜雙重排序・大型股,abn_attention_weekend
2019-11-17,58,0.005722629894632246,12,0.006003394487574415,11,0.001994799115564235,12,-0.003097918289004782,11,0.0015954008182000416,12,-0.004127229076432204,0.25,0.25,0.25,主測度 發文數｜雙重排序・大型股,abn_attention_weekend
2019-11-24,58,0.005177385068881758,12,0.006591999304880727,11,-0.0015886786218801963,12,-0.0034650303020864774,11,-0.00157999167021447,12,-0.0067573767390962285,0.3333333333333333,0.16666666666666666,0.25,主測度 發文數｜雙重排序・大型股,abn_attention_weekend
2019-12-01,59,0.016064866407245654,12,-0.007546783568885135,12,0.0026637658818153024,11,-0.004415192419802899,12,-0.005862825321383667,12,-0.021927691728629323,0.5833333333333334,0.3333333333333333,0.45833333333333337,主測度 發文數｜雙重排序・大型股,abn_attention_weekend
2019-12-08,60,-0.0022524541875740267,12,0.01163929493849781,12,-0.009421161466960815,12,-0.009268438968169443,12,0.02226536144855466,12,0.024517815636128686,0.5833333333333334,0.3333333333333333,0.45833333333333337,主測度 發文數｜雙重排序・大型股,abn_attention_weekend
2019-12-15,59,0.013496860754982992,12,0.020010302847125388,12,0.0036492078533475066,11,0.003245038828496971,12,0.011682614928695443,12,-0.0018142458262875496,0.75,0.4166666666666667,0.5833333333333334,主測度 發文數｜雙重排序・大型股,abn_attention_weekend
2019-12-22,60,0.007885673996642925,12,0.0036224293932800855,12,-0.001952671909374759,12,0.001932698392255831,12,0.004635881202073144,12,-0.003249792794569781,0.4166666666666667,0.5,0.45833333333333337,主測度 發文數｜雙重排序・大型股,abn_attention_weekend
2019-12-29,59,0.009396272201698344,12,-0.0055983541282335165,12,0.007453192991711695,11,0.0065328922063649,12,0.01019319346325793,12,0.0007969212615595855,0.8333333333333334,0.5,0.6666666666666667,主測度 發文數｜雙重排序・大型股,abn_attention_weekend
2020-01-05,59,-0.004344722562526114,12,-0.007395174633359786,12,-0.006658319690170772,11,-0.0017224650275060132,12,-0.007376585111787644,12,-0.00303186254926153,0.75,0.4166666666666667,0.5833333333333334,主測度 發文數｜雙重排序・大型股,abn_attention_weekend
2020-01-12,59,0.010685282562065015,12,0.010475638130562357,12,0.011098956104507457,11,0.004425162227853098,12,0.007244202306635176,12,-0.0034410802554298387,0.75,0.5,0.625,主測度 發文數｜雙重排序・大型股,abn_attention_weekend
2020-01-19,60,0.002609958840169846,12,0.0014889291009171173,12,-0.0036682808653822154,12,0.002264789095656796,12,0.003526995338561175,12,0.0009170364983913291,0.5833333333333334,0.5,0.5416666666666667,主測度 發文數｜雙重排序・大型股,abn_attention_weekend
2020-01-26,61,-0.020889002534806685,13,-0.00280829828156412,12,-0.007014107064544917,12,-0.014065149673862168,12,-0.00511572024666157,12,0.015773282288145115,0.5,0.38461538461538464,0.4423076923076923,主測度 發文數｜雙重排序・大型股,abn_attention_weekend
2020-02-02,61,0.061991751286563694,13,0.01742473615204913,12,0.024506417666208757,12,0.01835559445956535,12,0.02283669920979675,12,-0.03915505207676694,0.4166666666666667,0.23076923076923078,0.32371794871794873,主測度 發文數｜雙重排序・大型股,abn_attention_weekend
2020-02-09,61,0.03126917159412334,13,0.013487214055189545,12,0.007769387893651132,12,0.02070226113074892,12,0.017160768578376662,12,-0.014108403015746677,0.4166666666666667,0.3076923076923077,0.3621794871794872,主測度 發文數｜雙重排序・大型股,abn_attention_weekend
2020-02-16,62,-0.0023167852623579865,13,-0.0027912998984124062,12,0.008830948617761986,12,0.004779053628516623,12,0.009380732805000359,13,0.011697518067358345,0.6923076923076923,0.46153846153846156,0.5769230769230769,主測度 發文數｜雙重排序・大型股,abn_attention_weekend
2020-02-23,61,-0.022768723477092374,13,-0.014447962576122233,12,-0.027139896322440515,12,-0.014934259416149129,12,-0.018563499125413968,12,0.004205224351678406,0.4166666666666667,0.3076923076923077,0.3621794871794872,主測度 發文數｜雙重排序・大型股,abn_attention_weekend
2020-03-01,61,0.022672159248981746,13,0.013021059053900061,12,0.012062081259967328,12,0.011253670554643805,12,0.009118844647692711,12,-0.013553314601289035,0.8333333333333334,0.6153846153846154,0.7243589743589745,主測度 發文數｜雙重排序・大型股,abn_attention_weekend
2020-03-08,60,-0.12910580965547513,12,-0.09108873384323031,12,-0.11846076873420412,12,-0.0893467728458686,12,-0.09405426369514575,12,0.03505154596032939,0.75,0.6666666666666666,0.7083333333333333,主測度 發文數｜雙重排序・大型股,abn_attention_weekend
2020-03-15,60,-0.12889784891940512,12,-0.039514795147469695,12,-0.1263616166019783,12,-0.09185087894253197,12,-0.07763668483868195,12,0.05126116408072316,0.16666666666666666,0.16666666666666666,0.16666666666666666,主測度 發文數｜雙重排序・大型股,abn_attention_weekend
2020-03-22,60,0.09452946530375989,12,0.09405270027053748,12,0.051171575619472554,12,0.09000692530590748,12,0.06854639292733437,12,-0.02598307237642551,0.6666666666666666,0.4166666666666667,0.5416666666666666,主測度 發文數｜雙重排序・大型股,abn_attention_weekend
2020-03-29,60,0.032129352781027465,12,0.012085618750189339,12,0.02732665850181945,12,0.025371822510772978,12,0.0009991719659500815,12,-0.031130180815077384,0.6666666666666666,0.4166666666666667,0.5416666666666666,主測度 發文數｜雙重排序・大型股,abn_attention_weekend
2020-04-05,61,0.0714943848823835,13,0.0615303102057305,12,0.037774031887588495,12,0.04343396892021854,12,0.04560005196079536,12,-0.02589433292158813,0.8333333333333334,0.46153846153846156,0.6474358974358975,主測度 發文數｜雙重排序・大型股,abn_attention_weekend
2020-04-12,61,0.025316593855023946,13,0.026552907119714253,12,0.021012625674589724,12,0.008918010363238147,12,0.02369191197057381,12,-0.0016246818844501375,0.6666666666666666,0.38461538461538464,0.5256410256410257,主測度 發文數｜雙重排序・大型股,abn_attention_weekend
2020-04-19,61,-0.00553236022971614,13,-0.02139685823621537,12,-0.006576229078384603,12,-0.016685612428013464,12,-0.02540290804523675,12,-0.01987054781552061,0.5,0.23076923076923078,0.3653846153846154,主測度 發文數｜雙重排序・大型股,abn_attention_weekend
2020-04-26,61,0.06494915264364134,13,0.05598654344441645,12,0.05239553030065188,12,0.05202256080824983,12,0.048122285286149376,12,-0.01682686735749197,0.4166666666666667,0.3076923076923077,0.3621794871794872,主測度 發文數｜雙重排序・大型股,abn_attention_weekend
2020-05-03,59,0.02779414787964124,12,0.0358608165774782,12,0.009740981657994913,11,0.010112454141105712,12,0.01616037815126939,12,-0.011633769728371851,0.5833333333333334,0.3333333333333333,0.45833333333333337,主測度 發文數｜雙重排序・大型股,abn_attention_weekend
2020-05-10,58,-0.015166175888621986,12,-0.020479541402152416,11,-0.01241345956702348,12,-0.015634518562922375,11,-0.03137904903283623,12,-0.016212873144214247,0.6666666666666666,0.5,0.5833333333333333,主測度 發文數｜雙重排序・大型股,abn_attention_weekend
2020-05-17,59,0.0186542973604005,12,0.010184627180853592,12,0.0285747342245232,11,0.012941733863408458,12,0.012808699562462786,12,-0.005845597797937715,0.5833333333333334,0.5,0.5416666666666667,主測度 發文數｜雙重排序・大型股,abn_attention_weekend
2020-05-24,62,0.0004551203463474775,13,0.012185212410940302,12,0.014353693018316876,12,0.013299466350564356,12,-0.002973122434111989,13,-0.0034282427804594663,0.5384615384615384,0.46153846153846156,0.5,主測度 發文數｜雙重排序・大型股,abn_attention_weekend
2020-05-31,60,0.04209593868339354,12,0.039906590230477906,12,0.03868316191328299,12,0.03402999016440562,12,0.032619868369320744,12,-0.009476070314072799,0.6666666666666666,0.5,0.5833333333333333,主測度 發文數｜雙重排序・大型股,abn_attention_weekend
2020-06-07,61,-0.006960142823545657,13,-0.020285158255292913,12,-0.031856360100451925,12,-0.015426737567261326,12,-0.03527229227832762,12,-0.028312149454781964,0.75,0.38461538461538464,0.5673076923076923,主測度 發文數｜雙重排序・大型股,abn_attention_weekend
2020-06-14,60,0.0024249679064106966,12,0.03372011692316973,12,0.0030682393257297122,12,0.013153723198373332,12,0.01513336958121736,12,0.012708401674806663,0.4166666666666667,0.25,0.33333333333333337,主測度 發文數｜雙重排序・大型股,abn_attention_weekend
2020-06-21,60,0.005453954332711813,12,-0.008880534673916992,12,-0.00027336086985032165,12,-0.009594649400860356,12,0.007100845649882763,12,0.0016468913171709494,0.4166666666666667,0.16666666666666666,0.2916666666666667,主測度 發文數｜雙重排序・大型股,abn_attention_weekend
2020-06-28,61,0.019889833000731952,13,0.023175556698737904,12,0.02135168814700496,12,0.023891464212221224,12,0.01828217388213275,12,-0.0016076591185992008,0.5,0.46153846153846156,0.4807692307692308,主測度 發文數｜雙重排序・大型股,abn_attention_weekend
2020-07-05,62,-0.018442878892364085,13,-0.008498893763720641,12,-0.012021907886594019,12,-0.008204379337556736,12,0.003689947088259785,13,0.02213282598062387,0.46153846153846156,0.3076923076923077,0.38461538461538464,主測度 發文數｜雙重排序・大型股,abn_attention_weekend
2020-07-12,62,-0.0029775023357412845,13,0.0008057008039449495,12,0.002212479303354701,12,0.00972806715993807,12,-0.012638652551308924,13,-0.00966115021556764,0.6153846153846154,0.46153846153846156,0.5384615384615385,主測度 發文數｜雙重排序・大型股,abn_attention_weekend
2020-07-19,63,-0.011568442340881998,13,0.0008238059919241277,12,0.0011825277474524648,13,0.00046058832727636595,12,0.011257021025772546,13,0.022825463366654544,0.38461538461538464,0.23076923076923078,0.3076923076923077,主測度 發文數｜雙重排序・大型股,abn_attention_weekend
2020-07-26,63,-0.001851142826315813,13,-0.02188860605654173,12,-0.02118192271597274,13,-0.012367537088961841,12,0.0020569559047596275,13,0.00390809873107544,0.46153846153846156,0.3076923076923077,0.38461538461538464,主測度 發文數｜雙重排序・大型股,abn_attention_weekend
2020-08-02,62,0.018166053928286262,13,0.024949314188928984,12,0.021720841662445766,12,-0.0023361905611735865,12,0.041644739114316064,13,0.023478685186029802,0.46153846153846156,0.38461538461538464,0.42307692307692313,主測度 發文數｜雙重排序・大型股,abn_attention_weekend
2020-08-09,63,-0.012815880148364819,13,0.026088671241431122,12,0.02917785431372846,13,0.04387497916116856,12,-0.0038300189923444494,13,0.00898586115602037,0.5384615384615384,0.38461538461538464,0.46153846153846156,主測度 發文數｜雙重排序・大型股,abn_attention_weekend
2020-08-16,63,-0.03146421053765612,13,-0.011980869812524442,12,0.0003367243845008647,13,0.010106727438771898,12,-0.015330945747897737,13,0.016133264789758385,0.38461538461538464,0.3076923076923077,0.34615384615384615,主測度 發文數｜雙重排序・大型股,abn_attention_weekend
2020-08-23,63,0.02152190110306159,13,-0.0037374662741331464,12,0.016733637889267013,13,0.01688426072279899,12,0.0176335619510424,13,-0.00388833915201919,0.8461538461538461,0.5384615384615384,0.6923076923076923,主測度 發文數｜雙重排序・大型股,abn_attention_weekend
2020-08-30,63,-0.00964798673097973,13,0.026111370586889532,12,-0.006449994655447848,13,-0.011653868423304597,12,-0.005339591270975779,13,0.004308395460003952,0.8461538461538461,0.6923076923076923,0.7692307692307692,主測度 發文數｜雙重排序・大型股,abn_attention_weekend
2020-09-06,65,0.005987291049494214,13,-0.011729045304772026,13,0.006437197972532538,13,-0.008556488145550024,13,0.005584201269762266,13,-0.000403089779731948,0.5384615384615384,0.07692307692307693,0.3076923076923077,主測度 發文數｜雙重排序・大型股,abn_attention_weekend
2020-09-13,65,0.007253990159736994,13,-0.0038034394895976984,13,0.024138718910999238,13,0.013995122663694164,13,0.010958200827077231,13,0.003704210667340237,0.46153846153846156,0.23076923076923078,0.34615384615384615,主測度 發文數｜雙重排序・大型股,abn_attention_weekend
2020-09-20,65,-0.06801737514520768,13,-0.06280676264012543,13,-0.07056165563342286,13,-0.06621137468199059,13,-0.04476687835754081,13,0.02325049678766687,0.23076923076923078,0.23076923076923078,0.23076923076923078,主測度 發文數｜雙重排序・大型股,abn_attention_weekend
2020-09-27,66,0.009256180429678573,14,0.016281583890093078,13,0.004435595175526992,13,0.020268710958580627,13,0.02375234160560836,13,0.014496161175929785,0.5384615384615384,0.42857142857142855,0.48351648351648346,主測度 發文數｜雙重排序・大型股,abn_attention_weekend
2020-10-04,66,0.01803873741165201,14,0.023189321470310616,13,0.022328192073725536,13,0.021807417037265332,13,0.01230207059720095,13,-0.00573666681445106,0.7692307692307693,0.6428571428571429,0.7060439560439561,主測度 發文數｜雙重排序・大型股,abn_attention_weekend
2020-10-11,66,-0.013941944670033632,14,-0.011856834551510499,13,-0.013998056548248013,13,-0.0007785556493266663,13,-0.020964160579405276,13,-0.007022215909371644,0.46153846153846156,0.35714285714285715,0.40934065934065933,主測度 發文數｜雙重排序・大型股,abn_attention_weekend
2020-10-18,67,0.030000124014917726,14,0.006540074148129644,13,0.018778130158144318,13,0.01660405656405575,13,0.009262377735664795,14,-0.02073774627925293,0.21428571428571427,0.21428571428571427,0.21428571428571427,主測度 發文數｜雙重排序・大型股,abn_attention_weekend
2020-10-25,66,-0.027908022356369928,14,-0.024353248986696996,13,-0.0009526195782041135,13,0.0067788049531167455,13,-0.018859135869402407,13,0.009048886486967521,0.3076923076923077,0.2857142857142857,0.2967032967032967,主測度 發文數｜雙重排序・大型股,abn_attention_weekend
2020-11-01,66,0.01671213672666651,14,0.024919333022400715,13,0.024602725054693433,13,0.01173641138977793,13,0.018777441914284012,13,0.0020653051876175013,0.3076923076923077,0.2857142857142857,0.2967032967032967,主測度 發文數｜雙重排序・大型股,abn_attention_weekend
2020-11-08,66,0.004292951872710703,14,0.012224403495097834,13,0.008246011574894633,13,0.028628256367125387,13,0.007283416466578878,13,0.002990464593868175,0.5384615384615384,0.2857142857142857,0.41208791208791207,主測度 發文數｜雙重排序・大型股,abn_attention_weekend
2020-11-15,66,0.021354286053758165,14,0.01722350263628623,13,0.014014418160949308,13,0.01331284577184836,13,0.01894824199841868,13,-0.002406044055339486,0.5384615384615384,0.35714285714285715,0.44780219780219777,主測度 發文數｜雙重排序・大型股,abn_attention_weekend
2020-11-22,66,0.041409399795507985,14,0.02037599600316608,13,0.020005086880089028,13,0.0086935573199361,13,0.008711226165405352,13,-0.032698173630102634,0.46153846153846156,0.35714285714285715,0.40934065934065933,主測度 發文數｜雙重排序・大型股,abn_attention_weekend
2020-11-29,67,0.029254686212399444,14,0.00987628189195305,13,-0.001337900870638641,13,0.004395946211095898,13,0.03354474189143149,14,0.004290055679032043,0.42857142857142855,0.35714285714285715,0.39285714285714285,主測度 發文數｜雙重排序・大型股,abn_attention_weekend
2020-12-06,67,-0.00764348241946338,14,-0.0033028714036481724,13,-0.01404124593221733,13,-0.012444139421921121,13,-0.01042853581594448,14,-0.0027850533964810997,0.5714285714285714,0.35714285714285715,0.4642857142857143,主測度 發文數｜雙重排序・大型股,abn_attention_weekend
2020-12-13,67,0.009749671230792416,14,0.005780674802533559,13,0.027380661196805062,13,-0.00033294097204249727,13,0.0164586979697551,14,0.006709026738962684,0.42857142857142855,0.2857142857142857,0.3571428571428571,主測度 發文數｜雙重排序・大型股,abn_attention_weekend
2020-12-20,67,0.009361650463293767,14,0.012151928896266373,13,0.02736535818571031,13,-0.012397305692789988,13,0.03241875374244413,14,0.02305710327915036,0.7142857142857143,0.5,0.6071428571428572,主測度 發文數｜雙重排序・大型股,abn_attention_weekend
2020-12-27,68,0.018067387912049475,14,0.014519471260260267,13,0.010925219073440216,14,0.007805720721663267,13,0.038542790460956,14,0.020475402548906528,0.42857142857142855,0.42857142857142855,0.42857142857142855,主測度 發文數｜雙重排序・大型股,abn_attention_weekend
2021-01-03,69,-0.0030938478309899026,14,-0.006299821139805198,14,-0.029111267587662266,13,0.016194455096388522,14,0.033250463305004536,14,0.03634431113599444,0.5714285714285714,0.35714285714285715,0.4642857142857143,主測度 發文數｜雙重排序・大型股,abn_attention_weekend
2021-01-10,68,-0.02858771947216382,14,-0.021418402827188883,13,-0.005394813518707345,14,-0.007356411323231931,13,-0.04920208613814304,14,-0.020614366665979218,0.5714285714285714,0.5,0.5357142857142857,主測度 發文數｜雙重排序・大型股,abn_attention_weekend
2021-01-17,69,-0.01758494461552992,14,-0.009396594497264845,14,-0.030606746003102068,13,-0.0093920001611056,14,0.022318630581596128,14,0.03990357519712605,0.5714285714285714,0.35714285714285715,0.4642857142857143,主測度 發文數｜雙重排序・大型股,abn_attention_weekend
2021-01-24,69,-0.021708276691647765,14,-0.04187520341807627,14,-0.024457204883151472,13,-0.03241211155105954,14,-0.047234776600049176,14,-0.02552649990840141,0.5714285714285714,0.42857142857142855,0.5,主測度 發文數｜雙重排序・大型股,abn_attention_weekend
2021-01-31,70,0.02688168896728341,14,0.031224836478696054,14,0.026870751639951524,14,0.021726015572403914,14,0.0319801289415314,14,0.005098439974247988,0.7857142857142857,0.5,0.6428571428571428,主測度 發文數｜雙重排序・大型股,abn_attention_weekend
2021-02-21,70,0.0019376381756641375,14,-0.0016507678856665614,14,0.019799829035537866,14,0.04275897185894641,14,0.023962984536294894,14,0.022025346360630756,0.7857142857142857,0.7142857142857143,0.75,主測度 發文數｜雙重排序・大型股,abn_attention_weekend
2021-02-28,70,-0.05248636289312413,14,-0.013587135868053213,14,-0.010636824482508276,14,0.012347131443715123,14,-0.009440445158073432,14,0.043045917735050704,0.2857142857142857,0.2857142857142857,0.2857142857142857,主測度 發文數｜雙重排序・大型股,abn_attention_weekend
2021-03-07,69,0.022773989356850186,14,0.007399672498456681,14,0.017977044056459605,13,0.011160529703609914,14,0.025616307301317958,14,0.002842317944467772,0.42857142857142855,0.35714285714285715,0.39285714285714285,主測度 發文數｜雙重排序・大型股,abn_attention_weekend
2021-03-14,70,-0.00653531352102517,14,-0.0111805261729478,14,-0.02613133630003451,14,-0.003181485833379064,14,0.00030182275452639296,14,0.006837136275551563,0.5,0.42857142857142855,0.4642857142857143,主測度 發文數｜雙重排序・大型股,abn_attention_weekend
2021-03-21,70,0.019264524920394075,14,0.031845115948496865,14,0.03408966623301403,14,0.017402123471269133,14,0.005338307614550183,14,-0.013926217305843893,0.7857142857142857,0.7142857142857143,0.75,主測度 發文數｜雙重排序・大型股,abn_attention_weekend
2021-03-28,70,0.006499663426890694,14,0.002732264332817615,14,0.009193118830430114,14,0.022267858699195342,14,0.03640606620502761,14,0.029906402778136915,0.7142857142857143,0.6428571428571429,0.6785714285714286,主測度 發文數｜雙重排序・大型股,abn_attention_weekend
2021-04-04,70,0.038143578112312636,14,0.0269202145625001,14,0.01432987247077586,14,0.023466531236257464,14,0.024843322514562307,14,-0.013300255597750329,0.7857142857142857,0.5,0.6428571428571428,主測度 發文數｜雙重排序・大型股,abn_attention_weekend
2021-04-11,71,0.024182643428811015,15,0.04063683293415547,14,0.02802352848998258,14,0.018905865209172486,14,0.09186277252084409,14,0.06768012909203307,0.9285714285714286,0.4,0.6642857142857144,主測度 發文數｜雙重排序・大型股,abn_attention_weekend
2021-04-18,73,0.005076405809202071,15,0.019880842347009684,14,0.016293757266254906,15,0.023421121857649083,14,0.048984051890089315,15,0.04390764608088724,0.6,0.3333333333333333,0.4666666666666667,主測度 發文數｜雙重排序・大型股,abn_attention_weekend
2021-04-25,73,0.03797131847599895,15,0.015490281946144784,14,0.02355179461296407,15,0.0017849864926661582,14,0.05235170392416989,15,0.01438038544817094,0.4666666666666667,0.4,0.43333333333333335,主測度 發文數｜雙重排序・大型股,abn_attention_weekend
2021-05-02,75,-0.014067269252168672,15,-0.03900414868198681,15,-0.04200582215500077,15,-0.030584689754551406,15,-0.0328625029128993,15,-0.018795233660730628,0.3333333333333333,0.4,0.3666666666666667,主測度 發文數｜雙重排序・大型股,abn_attention_weekend
2021-05-09,74,-0.12295742897364562,15,-0.08689435961278182,15,-0.12766428647584768,14,-0.04745615870919777,15,-0.15347739847352612,15,-0.030519969499880506,0.4666666666666667,0.4666666666666667,0.4666666666666667,主測度 發文數｜雙重排序・大型股,abn_attention_weekend
2021-05-16,75,0.10219799209339334,15,0.049628703522927906,15,0.06364276785725344,15,0.12525566467998023,15,0.1029996995806622,15,0.0008017074872688629,0.7333333333333333,0.3333333333333333,0.5333333333333333,主測度 發文數｜雙重排序・大型股,abn_attention_weekend
2021-05-23,76,0.06625151897990397,16,0.0333649834860483,15,0.03808448375569339,15,0.04557386362218696,15,0.07308711245781808,15,0.006835593477914112,0.8666666666666667,0.6875,0.7770833333333333,主測度 發文數｜雙重排序・大型股,abn_attention_weekend
2021-05-30,77,0.029821035137041443,16,0.011052580006128616,15,0.02127032658622335,15,0.027718889784597616,15,0.03881528735162838,16,0.00899425221458694,0.8125,0.5625,0.6875,主測度 發文數｜雙重排序・大型股,abn_attention_weekend
2021-06-06,77,-0.018926079173605052,16,-0.02278061669458657,15,-0.008176514521478028,15,-0.0031447626630679644,15,-0.02567370013577068,16,-0.006747620962165628,0.75,0.625,0.6875,主測度 發文數｜雙重排序・大型股,abn_attention_weekend
2021-06-13,77,0.009898930851034597,16,-0.013180966595064661,15,-0.013680552172632325,15,0.023077855802498874,15,0.018218745279159475,16,0.008319814428124878,0.8125,0.75,0.78125,主測度 發文數｜雙重排序・大型股,abn_attention_weekend
2021-06-20,76,0.0421753021457001,16,0.02676844947067431,15,0.04806390566124422,15,0.01225004482169365,15,0.04283764175637519,15,0.0006623396106750848,0.7333333333333333,0.4375,0.5854166666666667,主測度 發文數｜雙重排序・大型股,abn_attention_weekend
2021-06-27,78,0.029603843626990527,16,0.0002478742951852834,15,-0.009910252960587687,16,-0.004775579471418542,15,0.04213143368907647,16,0.012527590062085946,0.5,0.3125,0.40625,主測度 發文數｜雙重排序・大型股,abn_attention_weekend
2021-07-04,79,-0.02067943114402434,16,-0.002507516234997495,16,-0.012110799167206329,15,0.023092740505195428,16,-0.03421904898124825,16,-0.013539617837223912,0.625,0.4375,0.53125,主測度 發文數｜雙重排序・大型股,abn_attention_weekend
2021-07-11,81,-0.015938245641012323,17,-0.010916352669745125,16,-0.014833565607761938,16,-0.001357274960075039,16,-0.03354004600835688,16,-0.01760180036734456,0.625,0.35294117647058826,0.48897058823529416,主測度 發文數｜雙重排序・大型股,abn_attention_weekend
2021-07-18,80,-0.014614038064057595,16,-0.0037106373655266048,16,0.004149256495984258,16,-0.01892544907956909,16,-0.029252398212870637,16,-0.014638360148813041,0.625,0.5625,0.59375,主測度 發文數｜雙重排序・大型股,abn_attention_weekend
2021-07-25,81,-0.03410068254634887,17,-0.0132157537173654,16,-0.028847000634429104,16,-0.014939011456592571,16,-0.03876289857998981,16,-0.004662216033640941,0.6875,0.5882352941176471,0.6378676470588236,主測度 發文數｜雙重排序・大型股,abn_attention_weekend
2021-08-01,81,0.000282308668982731,17,0.012727182402204155,16,-0.004332963498931551,16,-0.0009407207953356922,16,0.013634583492812068,16,0.013352274823829337,0.6875,0.35294117647058826,0.5202205882352942,主測度 發文數｜雙重排序・大型股,abn_attention_weekend
2021-08-08,81,-0.03137736918489595,17,-0.03980354208952865,16,-0.039233033389768246,16,-0.036398274052450434,16,-0.03218914577306303,16,-0.0008117765881670846,0.6875,0.47058823529411764,0.5790441176470589,主測度 發文數｜雙重排序・大型股,abn_attention_weekend
2021-08-15,81,-0.046445923222188296,17,-0.04445763351766035,16,-0.03352041328321555,16,-0.02589035691587776,16,-0.025287101733757908,16,0.021158821488430388,0.6875,0.29411764705882354,0.4908088235294118,主測度 發文數｜雙重排序・大型股,abn_attention_weekend
2021-08-22,81,0.03085428630777506,17,0.04767085544159141,16,0.03305627798528442,16,0.030037522001963315,16,0.03731540163122192,16,0.0064611153234468595,0.5,0.5294117647058824,0.5147058823529411,主測度 發文數｜雙重排序・大型股,abn_attention_weekend
2021-08-29,81,-0.03350842423132618,17,-0.006655041421673717,16,0.013651384058191614,16,-0.012954391235405718,16,0.013669539706429479,16,0.04717796393775566,0.875,0.6470588235294118,0.7610294117647058,主測度 發文數｜雙重排序・大型股,abn_attention_weekend
2021-09-05,80,-0.0023578178185676424,16,-0.003299330400984138,16,-0.012870745071367984,16,-0.006060965998927137,16,0.010346947870011974,16,0.012704765688579617,0.5625,0.5,0.53125,主測度 發文數｜雙重排序・大型股,abn_attention_weekend
2021-09-12,79,-0.005639871139359737,16,0.0013536775523338776,16,0.004883092865356457,15,-0.0053276998780540305,16,-0.0008708279015406592,16,0.0047690432378190775,0.4375,0.4375,0.4375,主測度 發文數｜雙重排序・大型股,abn_attention_weekend
2021-09-19,79,0.0322059508914499,16,0.007712648423687345,16,0.021286476719040427,15,0.013366553944585698,16,0.018302515299473923,16,-0.013903435591975974,0.625,0.5625,0.59375,主測度 發文數｜雙重排序・大型股,abn_attention_weekend
2021-09-26,78,-0.035112400122552984,16,-0.04524827188352824,15,-0.02314596832907407,16,-0.012869172332455665,15,-0.036953999771920765,16,-0.001841599649367781,0.25,0.375,0.3125,主測度 發文數｜雙重排序・大型股,abn_attention_weekend
2021-10-03,81,-0.006042172197343017,17,-0.004847750338297943,16,-0.0091033112726875,16,0.020016031842097902,16,-0.027921608346133032,16,-0.021879436148790017,0.625,0.35294117647058826,0.48897058823529416,主測度 發文數｜雙重排序・大型股,abn_attention_weekend
2021-10-10,81,-0.01749306076387716,17,-0.0009840045303663517,16,-0.006255512916508547,16,-0.0018948173782996972,16,-0.00380544864082228,16,0.01368761212305488,0.625,0.4117647058823529,0.5183823529411764,主測度 發文數｜雙重排序・大型股,abn_attention_weekend
2021-10-17,82,-0.03750228303031291,17,-0.01305325346233989,16,-0.0004115893161112452,16,0.003365301582845391,16,0.0035629791108467064,17,0.04106526214115962,0.5882352941176471,0.4117647058823529,0.5,主測度 發文數｜雙重排序・大型股,abn_attention_weekend
2021-10-24,82,0.03508192997573478,17,-0.0003516512295078725,16,-0.0025118250866887487,16,0.017020160647342436,16,0.011201293829217921,17,-0.02388063614651686,0.23529411764705882,0.29411764705882354,0.2647058823529412,主測度 發文數｜雙重排序・大型股,abn_attention_weekend
2021-10-31,82,0.014763601554143057,17,0.0050511631721455175,16,0.006474069797224959,16,0.010840427290986915,16,0.00660196077803103,17,-0.008161640776112027,0.35294117647058826,0.29411764705882354,0.3235294117647059,主測度 發文數｜雙重排序・大型股,abn_attention_weekend
2021-11-07,82,-0.001277145111935878,17,0.026567458759104365,16,0.02165471252743066,16,-0.0017772986252079376,16,0.0025206412261112145,17,0.0037977863380470925,0.35294117647058826,0.35294117647058826,0.35294117647058826,主測度 發文數｜雙重排序・大型股,abn_attention_weekend
2021-11-14,83,-0.005522847411588548,17,0.016867912375237742,16,-0.022805363502093657,17,-0.0058376385912601025,16,0.006946495622969895,17,0.012469343034558444,0.5882352941176471,0.5294117647058824,0.5588235294117647,主測度 發文數｜雙重排序・大型股,abn_attention_weekend
2021-11-21,83,-0.022158037377304537,17,-0.001071672784237615,16,-0.014131183689829026,17,-0.027597637929686537,16,-0.0167660190495908,17,0.0053920183277137365,0.29411764705882354,0.17647058823529413,0.23529411764705882,主測度 發文數｜雙重排序・大型股,abn_attention_weekend
2021-11-28,82,0.027657837853056495,17,0.010224018145978904,16,0.0061228893988765146,16,0.02679041017862875,16,0.02269487854644782,17,-0.004962959306608675,0.23529411764705882,0.17647058823529413,0.20588235294117646,主測度 發文數｜雙重排序・大型股,abn_attention_weekend
2021-12-05,83,0.01529471616610808,17,0.0025764046942598554,16,0.00428117618902414,17,0.006699247331817364,16,0.0010353036073268952,17,-0.014259412558781185,0.5882352941176471,0.29411764705882354,0.4411764705882353,主測度 發文數｜雙重排序・大型股,abn_attention_weekend
2021-12-12,84,-0.003445627737839525,17,-0.008245656959485178,17,0.006727072607751183,16,-0.009848610534507604,17,-0.01583402226283906,17,-0.012388394524999534,0.7647058823529411,0.47058823529411764,0.6176470588235294,主測度 發文數｜雙重排序・大型股,abn_attention_weekend
2021-12-19,84,0.015035914789188413,17,0.013706372930798976,17,0.015288433021649464,16,0.03241819939577486,17,0.007056269606231415,17,-0.007979645182956997,0.47058823529411764,0.35294117647058826,0.4117647058823529,主測度 發文數｜雙重排序・大型股,abn_attention_weekend
2021-12-26,85,0.004473698029656222,17,0.0027849130247803834,17,0.004876988253784902,17,0.0017416022947225134,17,0.014309502383689672,17,0.00983580435403345,0.23529411764705882,0.29411764705882354,0.2647058823529412,主測度 發文數｜雙重排序・大型股,abn_attention_weekend
2022-01-02,85,-0.01806714084519323,17,0.005105957881544208,17,-0.021813430989441975,17,-0.035345129678599645,17,-0.009727250821662356,17,0.008339890023530874,0.29411764705882354,0.23529411764705882,0.2647058823529412,主測度 發文數｜雙重排序・大型股,abn_attention_weekend
2022-01-09,85,-0.002131797971801669,17,-0.007634829583552386,17,-0.005257673403588037,17,-0.023307618719311144,17,0.022695953898815773,17,0.02482775187061744,0.29411764705882354,0.4117647058823529,0.3529411764705882,主測度 發文數｜雙重排序・大型股,abn_attention_weekend
2022-01-16,85,-0.022634106576440036,17,-0.018092813371564667,17,-0.016163003456547583,17,0.004606000293297666,17,-0.013968903491376453,17,0.008665203085063583,0.4117647058823529,0.4117647058823529,0.4117647058823529,主測度 發文數｜雙重排序・大型股,abn_attention_weekend
2022-01-23,84,-0.016586152860958294,17,-0.009756224274632545,17,-0.017260435521903338,16,-0.004544344131525589,17,-0.007353333412400886,17,0.009232819448557408,0.5882352941176471,0.4117647058823529,0.5,主測度 發文數｜雙重排序・大型股,abn_attention_weekend
2022-02-13,84,0.012580731214369815,17,0.004370224740869677,17,-2.530033194361736e-05,16,0.01757040193141998,17,0.009799455020126677,17,-0.002781276194243138,0.5294117647058824,0.7058823529411765,0.6176470588235294,主測度 發文數｜雙重排序・大型股,abn_attention_weekend
2022-02-20,84,-0.01707871529634078,17,-0.0103586416236887,17,-0.027704088801064453,16,-0.024836937313620844,17,-0.024155767344466436,17,-0.007077052048125657,0.7058823529411765,0.6470588235294118,0.6764705882352942,主測度 發文數｜雙重排序・大型股,abn_attention_weekend
2022-02-27,84,0.01936059217537005,17,0.011780933668111067,17,0.009093604196735779,16,-0.009993537664997816,17,-0.0049606899106132306,17,-0.024321282085983283,0.23529411764705882,0.23529411764705882,0.23529411764705882,主測度 發文數｜雙重排序・大型股,abn_attention_weekend
2022-03-06,84,-0.003947889364855938,17,-0.021095259417647515,17,-0.016935914157529673,16,-0.006861110088713315,17,0.008748402551829848,17,0.012696291916685786,0.47058823529411764,0.35294117647058826,0.4117647058823529,主測度 發文數｜雙重排序・大型股,abn_attention_weekend
2022-03-13,85,0.0068368099965091,17,0.012495514001940189,17,0.014171492640852282,17,0.01449493528285743,17,0.0016705870989749078,17,-0.005166222897534193,0.5294117647058824,0.35294117647058826,0.4411764705882353,主測度 發文數｜雙重排序・大型股,abn_attention_weekend
2022-03-20,85,-0.002391595407835355,17,-0.0048471999229452245,17,0.00982991267127301,17,0.007299448593272643,17,-0.005384351274336837,17,-0.002992755866501482,0.35294117647058826,0.23529411764705882,0.29411764705882354,主測度 發文數｜雙重排序・大型股,abn_attention_weekend
2022-03-27,86,0.016218978010930134,18,0.011623279544051198,17,0.013053694845309232,17,0.009372514663687721,17,0.0014559730142249866,17,-0.014763004996705147,0.7058823529411765,0.5,0.6029411764705883,主測度 發文數｜雙重排序・大型股,abn_attention_weekend
2022-04-03,86,-0.009204340168868527,18,-0.014029333312296284,17,-0.010776080704131627,17,-0.021388979220062696,17,0.006784012972114291,17,0.01598835314098282,0.7058823529411765,0.4444444444444444,0.5751633986928104,主測度 發文數｜雙重排序・大型股,abn_attention_weekend
2022-04-10,86,-0.00784608405663944,18,-0.012444769436747667,17,0.0159133029540168,17,-0.03151140551631528,17,-0.018178153861623882,17,-0.010332069804984443,0.23529411764705882,0.16666666666666666,0.20098039215686275,主測度 發文數｜雙重排序・大型股,abn_attention_weekend
2022-04-17,85,0.010090843858599277,17,0.005497405561102642,17,0.023007079445527358,17,0.020851268704375696,17,0.00918991682806268,17,-0.0009009270305365968,0.23529411764705882,0.11764705882352941,0.1764705882352941,主測度 發文數｜雙重排序・大型股,abn_attention_weekend
2022-04-24,85,-0.03170722276291713,17,-0.004990564033510457,17,-0.03248851282411835,17,-0.003833011775116916,17,-0.026133652001746104,17,0.005573570761171029,0.7058823529411765,0.47058823529411764,0.5882352941176471,主測度 發文數｜雙重排序・大型股,abn_attention_weekend
2022-05-01,84,-0.022935924046693534,17,-0.01247829445457056,17,-0.02204099292913827,16,0.0028305003776020778,17,-0.004494119513377245,17,0.01844180453331629,0.5294117647058824,0.35294117647058826,0.4411764705882353,主測度 發文數｜雙重排序・大型股,abn_attention_weekend
2022-05-08,84,-0.03811839790880439,17,-0.04177445118250131,17,-0.04819916960566874,16,-0.043610797052026556,17,-0.034639384710564686,17,0.0034790131982397055,0.6470588235294118,0.47058823529411764,0.5588235294117647,主測度 發文數｜雙重排序・大型股,abn_attention_weekend
2022-05-15,84,0.015204817573674664,17,0.009974970285569654,17,0.02513796271265254,16,0.00860175964057551,17,-0.0004042815783351965,17,-0.01560909915200986,0.7647058823529411,0.47058823529411764,0.6176470588235294,主測度 發文數｜雙重排序・大型股,abn_attention_weekend
2022-05-22,83,0.011658150792201012,17,0.0006933995783411293,16,-0.003978727751459073,17,0.0022145394655272016,16,0.018654152189288807,17,0.006996001397087795,0.5294117647058824,0.4117647058823529,0.47058823529411764,主測度 發文數｜雙重排序・大型股,abn_attention_weekend
2022-05-29,83,0.0041441546697767746,17,-0.0013582742222818453,16,0.010014755834806089,17,0.015025319364860179,16,0.0024045399114766192,17,-0.0017396147583001553,0.4117647058823529,0.35294117647058826,0.38235294117647056,主測度 發文數｜雙重排序・大型股,abn_attention_weekend
2022-06-05,84,-0.01654846745447744,17,0.000508158233262955,17,-0.007667230412196788,16,-0.002186748512330498,17,-0.001080910070049806,17,0.015467557384427634,0.47058823529411764,0.4117647058823529,0.4411764705882353,主測度 發文數｜雙重排序・大型股,abn_attention_weekend
2022-06-12,84,-0.030649962864890464,17,-0.027861702814018542,17,-0.010725356324961847,16,-0.027547974326803167,17,-0.021373841949263166,17,0.009276120915627298,0.47058823529411764,0.4117647058823529,0.4411764705882353,主測度 發文數｜雙重排序・大型股,abn_attention_weekend
2022-06-19,84,-0.06269457499504923,17,-0.003354534308637727,17,0.0019846820935360762,16,-0.007997681614204659,17,-0.004172407508470066,17,0.05852216748657916,0.29411764705882354,0.29411764705882354,0.29411764705882354,主測度 發文數｜雙重排序・大型股,abn_attention_weekend
2022-06-26,82,-0.04946302874899117,17,-0.05292200937498634,16,-0.058193552509977195,16,-0.08261154301765784,16,-0.06360358374790358,17,-0.01414055499891241,0.5294117647058824,0.5294117647058824,0.5294117647058824,主測度 發文數｜雙重排序・大型股,abn_attention_weekend
2022-07-03,81,0.014434436964317683,17,-0.01980862491851538,16,0.015534419988267614,16,0.0048900054199337295,16,0.03518705131485191,16,0.02075261435053423,0.3125,0.29411764705882354,0.3033088235294118,主測度 發文數｜雙重排序・大型股,abn_attention_weekend
2022-07-10,81,-0.006355726969721028,17,-0.009861763406809984,16,-0.002185699423549327,16,-0.019120125788629587,16,0.01223629200269713,16,0.018592018972418158,0.5625,0.23529411764705882,0.39889705882352944,主測度 發文數｜雙重排序・大型股,abn_attention_weekend
2022-07-17,81,0.03945125664719494,17,0.01972947526956617,16,0.019634363625683084,16,0.03230435531335869,16,0.023560172941138234,16,-0.015891083706056706,0.75,0.5294117647058824,0.6397058823529411,主測度 發文數｜雙重排序・大型股,abn_attention_weekend
2022-07-24,80,0.03392371417942348,16,0.017413823697852333,16,0.012156578464257668,16,0.01203962827609148,16,-0.01057246209173475,16,-0.044496176271158226,0.375,0.1875,0.28125,主測度 發文數｜雙重排序・大型股,abn_attention_weekend
2022-07-31,80,-0.002346655308470745,16,-0.028807560629390327,16,-0.011921093258362499,16,-0.008456440561646017,16,-0.000857772471968464,16,0.001488882836502281,0.375,0.375,0.375,主測度 發文數｜雙重排序・大型股,abn_attention_weekend
2022-08-07,78,0.03721615624588082,16,0.027577392579376983,15,0.02291361692107325,16,0.030631673045557185,15,0.024034419048138606,16,-0.013181737197742217,0.3125,0.4375,0.375,主測度 發文數｜雙重排序・大型股,abn_attention_weekend
2022-08-14,78,0.008108384465495527,16,0.0060878453640789585,15,0.014756742152014314,16,0.008132449815593941,15,-0.0029278100736002677,16,-0.011036194539095795,0.5,0.6875,0.59375,主測度 發文數｜雙重排序・大型股,abn_attention_weekend
2022-08-21,78,0.01824355704985755,16,0.021066426055841428,15,0.007674402627929157,16,0.01960161632373397,15,0.0034782504878878434,16,-0.014765306561969706,0.625,0.25,0.4375,主測度 發文數｜雙重排序・大型股,abn_attention_weekend
2022-08-28,77,-0.002457411064821599,16,-0.009762156448722826,15,0.002712201435694602,15,0.00030362260048260036,15,-0.008415514734103319,16,-0.00595810366928172,0.75,0.4375,0.59375,主測度 發文數｜雙重排序・大型股,abn_attention_weekend
2022-09-04,77,0.0008839657629761896,16,-0.004438720537594902,15,-0.01575205260696162,15,-0.01173520360996343,15,0.008603115218709052,16,0.007719149455732863,0.75,0.5625,0.65625,主測度 發文數｜雙重排序・大型股,abn_attention_weekend
2022-09-11,76,0.0011617104912980333,16,-0.02449138176872434,15,-0.007479949799384948,15,0.04186871737916942,15,-0.007094100312480086,15,-0.00825581080377812,0.4,0.4375,0.41875,主測度 發文數｜雙重排序・大型股,abn_attention_weekend
2022-09-18,77,-0.019651005062060155,16,-0.021188776331781237,15,-0.02060060821195692,15,-0.054734974513490894,15,-0.03272204006044583,16,-0.013071034998385675,0.375,0.3125,0.34375,主測度 發文數｜雙重排序・大型股,abn_attention_weekend
2022-09-25,77,-0.0279163996603203,16,-0.015149402327272554,15,-0.033211561540599906,15,-0.03689120654606428,15,-0.04660757155255991,16,-0.018691171892239608,0.375,0.25,0.3125,主測度 發文數｜雙重排序・大型股,abn_attention_weekend
2022-10-02,75,0.03233818747625738,15,0.008436439934067182,15,0.030982200826214598,15,0.035257214939594196,15,0.02334951337193738,15,-0.00898867410432,0.2,0.13333333333333333,0.16666666666666669,主測度 發文數｜雙重排序・大型股,abn_attention_weekend
2022-10-09,75,-0.026528927602572378,15,-0.01038135914300012,15,-0.019833850428222572,15,-0.017039874702149835,15,-0.01020840844768401,15,0.016320519154888368,0.4,0.4,0.4,主測度 發文數｜雙重排序・大型股,abn_attention_weekend
2022-10-16,74,-0.004500986042775926,15,-0.004387443758304214,15,0.0008247754817927484,14,-0.020481689303128162,15,-0.004609925109135671,15,-0.0001089390663597447,0.26666666666666666,0.2,0.23333333333333334,主測度 發文數｜雙重排序・大型股,abn_attention_weekend
2022-10-23,72,-0.014372338298425569,15,-0.01137723473663403,14,-0.031733718439873604,14,-0.023341802989799796,14,-0.005184453271552947,15,0.009187885026872622,0.6,0.4,0.5,主測度 發文數｜雙重排序・大型股,abn_attention_weekend
2022-10-30,74,0.005918376760306021,15,0.015619030965030634,15,0.0017550991309143252,14,0.025984448591485697,15,0.01408172199950118,15,0.00816334523919516,0.7333333333333333,0.6,0.6666666666666666,主測度 發文數｜雙重排序・大型股,abn_attention_weekend
2022-11-06,74,0.031799870748085345,15,0.03394138001020552,15,0.027542992288595382,14,0.02127242020520257,15,0.046322705817411935,15,0.014522835069326591,0.4666666666666667,0.4,0.43333333333333335,主測度 發文數｜雙重排序・大型股,abn_attention_weekend
2022-11-13,72,-0.0013059874117860248,15,-0.0009166606699117508,14,0.009986390720680647,14,0.020868141429087914,14,0.00807859608787011,15,0.009384583499656134,0.4,0.26666666666666666,0.33333333333333337,主測度 發文數｜雙重排序・大型股,abn_attention_weekend
2022-11-20,71,0.014785843527793123,15,0.03148037745153724,14,0.013604653992617297,14,0.01113999619554597,14,0.017893951177453397,14,0.003108107649660274,0.21428571428571427,0.26666666666666666,0.24047619047619045,主測度 發文數｜雙重排序・大型股,abn_attention_weekend
2022-11-27,70,0.022658853254849946,14,0.027898389154383346,14,0.053772617775369604,14,0.05019512334136532,14,0.036545941976509407,14,0.01388708872165946,0.2857142857142857,0.21428571428571427,0.25,主測度 發文數｜雙重排序・大型股,abn_attention_weekend
2022-12-04,70,-0.004482061363787934,14,-0.01375340136453452,14,-0.014921137648377405,14,-0.024653110022045843,14,-0.014777778816650195,14,-0.010295717452862261,0.42857142857142855,0.35714285714285715,0.39285714285714285,主測度 發文數｜雙重排序・大型股,abn_attention_weekend
2022-12-11,70,0.008209376169427842,14,-0.009426649229957531,14,0.0116790658962236,14,-0.0039655128753366565,14,0.0036061903127423173,14,-0.0046031858566855256,0.5,0.42857142857142855,0.4642857142857143,主測度 發文數｜雙重排序・大型股,abn_attention_weekend
2022-12-18,70,0.007237409829760352,14,-0.009247674072586063,14,-0.01723584373155977,14,-0.017755879846765854,14,8.998879336393127e-05,14,-0.007147421036396421,0.2857142857142857,0.35714285714285715,0.3214285714285714,主測度 發文數｜雙重排序・大型股,abn_attention_weekend
2022-12-25,71,-0.011936122416801568,15,-0.003594114304211606,14,-0.0035681396167154744,14,-0.01299138957772116,14,-0.007158204391718366,14,0.004777918025083202,0.35714285714285715,0.4,0.37857142857142856,主測度 發文數｜雙重排序・大型股,abn_attention_weekend
2023-01-01,71,0.011290230506980133,15,0.01093315484175519,14,0.01833849302058495,14,0.016049770343266514,14,0.004227388274232865,14,-0.007062842232747268,0.42857142857142855,0.3333333333333333,0.38095238095238093,主測度 發文數｜雙重排序・大型股,abn_attention_weekend
2023-01-08,71,0.01465548569978475,15,-0.006716473278362318,14,-0.00424162589604291,14,5.537931652513769e-05,14,0.019106319788050132,14,0.004450834088265382,0.35714285714285715,0.2,0.2785714285714286,主測度 發文數｜雙重排序・大型股,abn_attention_weekend
2023-01-15,70,0.0012898301691438257,14,0.003335910312996055,14,0.00695034088646563,14,-0.004220549789632441,14,-0.0014388758691949919,14,-0.0027287060383388174,0.35714285714285715,0.2857142857142857,0.3214285714285714,主測度 發文數｜雙重排序・大型股,abn_attention_weekend
2023-02-05,68,-0.011821821175243488,14,-0.007875645252848784,13,-0.018426293331160432,14,-0.003520146102695593,13,0.006387065186737817,14,0.018208886361981307,0.14285714285714285,0.42857142857142855,0.2857142857142857,主測度 發文數｜雙重排序・大型股,abn_attention_weekend
2023-02-12,68,0.013808126626092265,14,0.019041999088312108,13,0.013732640103505675,14,0.02175276782724999,13,0.024093191945971575,14,0.01028506531987931,0.21428571428571427,0.07142857142857142,0.14285714285714285,主測度 發文數｜雙重排序・大型股,abn_attention_weekend
2023-02-19,69,0.021429515709968927,14,0.006319233508606604,14,0.015042127843293413,13,0.005810626327021943,14,0.012273767081236422,14,-0.009155748628732505,0.5,0.2857142857142857,0.39285714285714285,主測度 發文數｜雙重排序・大型股,abn_attention_weekend
2023-02-26,70,0.008087193442843603,14,0.009407691456783718,14,0.0007519412779830274,14,0.005695756945803455,14,0.0035194339299993555,14,-0.004567759512844247,0.5,0.42857142857142855,0.4642857142857143,主測度 發文數｜雙重排序・大型股,abn_attention_weekend
2023-03-05,69,-0.011410654664099249,14,-0.017048027723513597,14,-0.011762885538871717,13,-0.022761012172570698,14,-0.02229967588103087,14,-0.010889021216931622,0.35714285714285715,0.14285714285714285,0.25,主測度 發文數｜雙重排序・大型股,abn_attention_weekend
2023-03-12,70,-0.002654779866955067,14,-0.00128581809593136,14,-0.0005650757904963848,14,-0.017635932450294742,14,-0.022567968812201997,14,-0.01991318894524693,0.42857142857142855,0.21428571428571427,0.3214285714285714,主測度 發文數｜雙重排序・大型股,abn_attention_weekend
2023-03-19,71,0.013507285121204478,15,0.022835726881665592,14,0.021264278304800717,14,0.02188231373970592,14,0.031104391993654397,14,0.01759710687244992,0.2857142857142857,0.3333333333333333,0.30952380952380953,主測度 發文數｜雙重排序・大型股,abn_attention_weekend
2023-03-26,72,-0.0007081882678739031,15,0.0006549526419038261,14,-0.0022882296040165023,14,0.00016506836999371659,14,-0.005874140268350514,15,-0.005165952000476611,0.3333333333333333,0.3333333333333333,0.3333333333333333,主測度 發文數｜雙重排序・大型股,abn_attention_weekend
2023-04-02,72,0.0027340065782048765,15,-0.00447711033558708,14,0.007556629949460302,14,0.0034177143109041996,14,3.0226331304154346e-05,15,-0.0027037802469007223,0.3333333333333333,0.2,0.26666666666666666,主測度 發文數｜雙重排序・大型股,abn_attention_weekend
2023-04-09,71,0.022719387841837437,15,0.007408312475956168,14,0.028952735247570232,14,0.006630715834849215,14,0.014879881229899623,14,-0.007839506611937814,0.5,0.2,0.35,主測度 發文數｜雙重排序・大型股,abn_attention_weekend
2023-04-16,71,-0.022356274646676406,15,-0.020888377713878088,14,-0.021518053620410284,14,-0.024942415519202028,14,-0.00842275133723355,14,0.013933523309442856,0.5714285714285714,0.4,0.4857142857142857,主測度 發文數｜雙重排序・大型股,abn_attention_weekend
2023-04-23,71,-0.011932931613161194,15,0.007826938174002984,14,0.005265211351456927,14,0.004405716802020446,14,0.00323757568744664,14,0.015170507300607834,0.7142857142857143,0.4,0.5571428571428572,主測度 發文數｜雙重排序・大型股,abn_attention_weekend
2023-04-30,70,0.0023195026705561317,14,0.0036543909650950273,14,0.0007455043109010588,14,0.007236826049041348,14,0.0018687245715584475,14,-0.00045077809899768417,0.6428571428571429,0.42857142857142855,0.5357142857142857,主測度 發文數｜雙重排序・大型股,abn_attention_weekend
2023-05-07,70,-0.01939850909319311,14,-0.028960676748772007,14,-0.04057825657792762,14,-0.011615201288355605,14,-0.019026682077427377,14,0.0003718270157657341,0.42857142857142855,0.2857142857142857,0.3571428571428571,主測度 發文數｜雙重排序・大型股,abn_attention_weekend
2023-05-14,69,0.023466760902662913,14,0.03808774944306259,14,0.016154960199210647,13,0.01318300821475409,14,0.03737318229117014,14,0.013906421388507229,0.2857142857142857,0.35714285714285715,0.3214285714285714,主測度 發文數｜雙重排序・大型股,abn_attention_weekend
2023-05-21,67,0.009062262844708981,14,-0.0017116224920201363,13,-0.00801394918301093,13,-0.007603979152682636,13,-0.006995083491559457,14,-0.016057346336268437,0.42857142857142855,0.35714285714285715,0.39285714285714285,主測度 發文數｜雙重排序・大型股,abn_attention_weekend
2023-05-28,68,0.005964579717459443,14,0.013787584653222428,13,0.022347663775534345,14,0.016969818169684833,13,0.028712437420276928,14,0.022747857702817485,0.35714285714285715,0.2857142857142857,0.3214285714285714,主測度 發文數｜雙重排序・大型股,abn_attention_weekend
2023-06-04,69,0.005495251198381536,14,0.012535417682701635,14,0.00511735801077257,13,0.01011398784284955,14,0.005983660567463277,14,0.0004884093690817413,0.2857142857142857,0.21428571428571427,0.25,主測度 發文數｜雙重排序・大型股,abn_attention_weekend
2023-06-11,69,0.048793903054073114,14,-0.001437535607758968,14,0.012750488494616454,13,0.01505197915408822,14,-0.00019323125983454283,14,-0.04898713431390766,0.35714285714285715,0.42857142857142855,0.39285714285714285,主測度 發文數｜雙重排序・大型股,abn_attention_weekend
2023-06-18,69,0.008103829532008453,14,0.007342414816472108,14,-0.00919669535655396,13,-0.00454474479515961,14,-0.0017095733924430898,14,-0.009813402924451542,0.9285714285714286,0.7857142857142857,0.8571428571428572,主測度 發文數｜雙重排序・大型股,abn_attention_weekend
2023-06-25,68,-0.01753914371111092,14,-0.00843578238961118,13,-0.009292590197191784,14,-0.009239704845259045,13,-0.0036889360262102005,14,0.01385020768490072,0.8571428571428571,0.6428571428571429,0.75,主測度 發文數｜雙重排序・大型股,abn_attention_weekend
2023-07-02,68,-0.024376574292591595,14,-0.03317829192061969,13,-0.01588787072909262,14,-0.009637129093946805,13,0.006569818162544721,14,0.030946392455136314,0.35714285714285715,0.21428571428571427,0.2857142857142857,主測度 發文數｜雙重排序・大型股,abn_attention_weekend
2023-07-09,67,0.04463908843487525,14,0.01270953564299311,13,0.004556143150787451,13,0.0014088416883504605,13,-0.01122139129023019,14,-0.05586047972510544,0.2857142857142857,0.21428571428571427,0.25,主測度 發文數｜雙重排序・大型股,abn_attention_weekend
2023-07-16,68,-0.018910228504067046,14,0.008290323548623024,13,0.0030056388444262205,14,-0.03358545751569112,13,-0.011407806014524553,14,0.007502422489542493,0.35714285714285715,0.2857142857142857,0.3214285714285714,主測度 發文數｜雙重排序・大型股,abn_attention_weekend
2023-07-23,68,0.02103108880093044,14,0.02476101849395564,13,0.01750895275050346,14,0.004576571736842492,13,0.01033142780233751,14,-0.01069966099859293,0.5,0.5714285714285714,0.5357142857142857,主測度 發文數｜雙重排序・大型股,abn_attention_weekend
2023-07-30,67,-0.018144837409351293,14,-0.024589548890022985,13,-0.011571813591051484,13,-0.01992720009443926,13,-0.00962693362391743,14,0.008517903785433862,0.5714285714285714,0.42857142857142855,0.5,主測度 發文數｜雙重排序・大型股,abn_attention_weekend
2023-08-06,67,-0.016617245537492126,14,-0.03153717266809131,13,-0.02992211823468268,13,-0.033425348261262304,13,-0.016404180558227628,14,0.00021306497926449827,0.5714285714285714,0.35714285714285715,0.4642857142857143,主測度 發文數｜雙重排序・大型股,abn_attention_weekend
2023-08-13,69,-0.008808423871121875,14,-0.007434775329707964,14,-0.00981582594188954,13,-0.02124866285753891,14,-0.03332980730369574,14,-0.024521383432573863,0.5714285714285714,0.2857142857142857,0.42857142857142855,主測度 發文數｜雙重排序・大型股,abn_attention_weekend
2023-08-20,71,-0.010688657721127622,15,0.005757790666614264,14,-0.01014291404848583,14,-0.0013029125296687347,14,0.0025192992518625295,14,0.013207956972990152,0.5,0.2,0.35,主測度 發文數｜雙重排序・大型股,abn_attention_weekend
2023-08-27,71,0.002652368667117459,15,0.014050126047796882,14,0.032883485602216135,14,0.009577196875124887,14,0.009771628274315944,14,0.007119259607198485,0.35714285714285715,0.2,0.2785714285714286,主測度 發文數｜雙重排序・大型股,abn_attention_weekend
2023-09-03,70,-0.013885300206916609,14,0.007810830682130605,14,-0.021530790926446868,14,0.00996565491233446,14,-0.005764649280486938,14,0.008120650926429671,0.35714285714285715,0.2857142857142857,0.3214285714285714,主測度 發文數｜雙重排序・大型股,abn_attention_weekend
2023-09-10,70,0.02250757030104025,14,0.003045801707753228,14,0.00828621892589998,14,0.009631446826087036,14,0.015529355964768224,14,-0.006978214336272026,0.5,0.35714285714285715,0.4285714285714286,主測度 發文數｜雙重排序・大型股,abn_attention_weekend
2023-09-17,72,-0.0201290998765464,15,-0.024944344686142556,14,-0.007371322386416357,14,-0.011693472311139954,14,-0.012850763834593708,15,0.007278336041952691,0.5333333333333333,0.3333333333333333,0.43333333333333335,主測度 發文數｜雙重排序・大型股,abn_attention_weekend
2023-09-24,72,-0.012440059509402723,15,0.001971672407395375,14,0.023857006631855766,14,-0.011156691056644765,14,-0.00403374831161798,15,0.008406311197784743,0.3333333333333333,0.26666666666666666,0.3,主測度 發文數｜雙重排序・大型股,abn_attention_weekend
2023-10-01,70,-0.008319500055943539,14,-0.0015710162061116242,14,-0.007668898517178446,14,-0.00017425988293446565,14,-0.007380862171408058,14,0.0009386378845354804,0.21428571428571427,0.2857142857142857,0.25,主測度 發文數｜雙重排序・大型股,abn_attention_weekend
2023-10-08,70,0.0041564112651966845,14,-0.013402630587134192,14,-0.014404508369872995,14,-0.004015471711314412,14,-0.008060680754470648,14,-0.012217092019667333,0.35714285714285715,0.35714285714285715,0.35714285714285715,主測度 發文數｜雙重排序・大型股,abn_attention_weekend
2023-10-15,71,-0.01701769717384934,15,-0.034587983145037124,14,-0.03436264019100536,14,-0.02824120824058552,14,-0.021448358133253513,14,-0.004430660959404174,0.2857142857142857,0.3333333333333333,0.30952380952380953,主測度 發文數｜雙重排序・大型股,abn_attention_weekend
2023-10-22,71,0.004414748509624948,15,-0.0013580040350094635,14,0.00460976922233907,14,-0.011733647234015019,14,-0.0065733269314081,14,-0.010988075441033047,0.2857142857142857,0.3333333333333333,0.30952380952380953,主測度 發文數｜雙重排序・大型股,abn_attention_weekend
2023-10-29,70,0.030885751602383455,14,0.008465921003023482,14,-0.00943321719681693,14,0.019298033468750125,14,0.012426486736788343,14,-0.018459264865595112,0.42857142857142855,0.35714285714285715,0.39285714285714285,主測度 發文數｜雙重排序・大型股,abn_attention_weekend
2023-11-05,69,0.0028659208731880753,14,-0.0028183087991237904,14,-0.0015094388579150507,13,-0.020108123944307364,14,-0.007338990778830807,14,-0.010204911652018882,0.21428571428571427,0.21428571428571427,0.21428571428571427,主測度 發文數｜雙重排序・大型股,abn_attention_weekend
2023-11-12,70,0.029882393787983425,14,0.017622883148139392,14,0.02881569300232751,14,0.025314069519440874,14,0.008841811611376553,14,-0.02104058217660687,0.2857142857142857,0.2857142857142857,0.2857142857142857,主測度 發文數｜雙重排序・大型股,abn_attention_weekend
2023-11-19,69,0.004114523009811759,14,0.010427987814974313,14,0.01880624000360007,13,0.030628809551574637,14,-0.007094470566707954,14,-0.011208993576519714,0.21428571428571427,0.35714285714285715,0.2857142857142857,主測度 發文數｜雙重排序・大型股,abn_attention_weekend
2023-11-26,69,0.03380543602986413,14,0.0015665261483540718,14,0.002707979284079919,13,0.011796632492506978,14,0.00476505736461319,14,-0.029040378665250943,0.21428571428571427,0.21428571428571427,0.21428571428571427,主測度 發文數｜雙重排序・大型股,abn_attention_weekend
2023-12-03,69,0.01029502124692234,14,0.014426410321669898,14,-0.006760207740983088,13,-0.0015954543899878715,14,0.0003120892245701715,14,-0.009982932022352169,0.5,0.21428571428571427,0.35714285714285715,主測度 發文數｜雙重排序・大型股,abn_attention_weekend
2023-12-10,70,0.005426811565168698,14,0.008899456728475839,14,0.002852737809080582,14,0.010779761434335804,14,0.005166718768357654,14,-0.0002600927968110433,0.6428571428571429,0.5,0.5714285714285714,主測度 發文數｜雙重排序・大型股,abn_attention_weekend
2023-12-17,70,-0.01703068720557897,14,0.008566179277242823,14,-0.021495682760794808,14,-0.01770326238327647,14,0.00912907405267752,14,0.02615976125825649,0.07142857142857142,0.21428571428571427,0.14285714285714285,主測度 發文數｜雙重排序・大型股,abn_attention_weekend
2023-12-24,69,0.0053062352345937735,14,0.0016970175011207789,14,0.0020361898443790752,13,0.0158074814238465,14,0.0018513906795778706,14,-0.003454844555015903,0.42857142857142855,0.14285714285714285,0.2857142857142857,主測度 發文數｜雙重排序・大型股,abn_attention_weekend
2023-12-31,69,-0.0044933050204705016,14,-0.010918585930848093,14,-0.013661830937661797,13,-0.009719195211928886,14,0.003740984954649838,14,0.00823428997512034,0.2857142857142857,0.2857142857142857,0.2857142857142857,主測度 發文數｜雙重排序・大型股,abn_attention_weekend
2024-01-07,68,-0.010383154811199669,14,-0.01839145083261749,13,-0.017845683681938167,14,-0.006885483930216083,13,-0.0227763569105013,14,-0.012393202099301632,0.2857142857142857,0.2857142857142857,0.2857142857142857,主測度 發文數｜雙重排序・大型股,abn_attention_weekend
2024-01-14,70,-0.0246482588427254,14,-0.0012594245919156208,14,-0.03442861569031024,14,-0.003787535239050082,14,-0.030381947608170732,14,-0.005733688765445333,0.35714285714285715,0.21428571428571427,0.2857142857142857,主測度 發文數｜雙重排序・大型股,abn_attention_weekend
2024-01-21,70,0.018618262298803596,14,0.015210688834840638,14,0.003188414308247559,14,0.010850928164875508,14,0.012672251361545848,14,-0.005946010937257749,0.5,0.21428571428571427,0.35714285714285715,主測度 發文數｜雙重排序・大型股,abn_attention_weekend
2024-01-28,72,0.019410279681501018,15,0.003492245906980424,14,-0.006185221184475477,14,-0.0035851998680354285,14,0.011596226362388003,15,-0.007814053319113015,0.3333333333333333,0.26666666666666666,0.3,主測度 發文數｜雙重排序・大型股,abn_attention_weekend
2024-02-04,72,-0.006775294939153535,15,-1.288807911874785e-05,14,-0.0028079142003015994,14,0.0020073147871888203,14,-0.007607672621402021,15,-0.0008323776822484865,0.26666666666666666,0.4,0.33333333333333337,主測度 發文數｜雙重排序・大型股,abn_attention_weekend
2024-02-11,73,0.009893098769267894,15,0.011727895189564352,14,0.026986027719040587,15,0.025729358744037693,14,0.00543332472582058,15,-0.004459774043447314,0.3333333333333333,0.26666666666666666,0.3,主測度 發文數｜雙重排序・大型股,abn_attention_weekend
2024-02-18,72,0.04662853046904717,15,0.009655093348459083,14,0.0016359540589822347,14,0.013470865520462418,14,0.0027414586929651744,15,-0.043887071776082,0.13333333333333333,0.13333333333333333,0.13333333333333333,主測度 發文數｜雙重排序・大型股,abn_attention_weekend
2024-02-25,72,0.004498341836937699,15,0.025111175244511612,14,-0.0080554036262373,14,0.007607592504673458,14,0.0047546403742003175,15,0.00025629853726261836,0.3333333333333333,0.3333333333333333,0.3333333333333333,主測度 發文數｜雙重排序・大型股,abn_attention_weekend
2024-03-03,71,0.008077515610556356,15,-0.015363235065432967,14,-0.026561961479242675,14,0.03710822403945382,14,-0.01918483106638476,14,-0.027262346676941118,0.5714285714285714,0.3333333333333333,0.45238095238095233,主測度 發文數｜雙重排序・大型股,abn_attention_weekend
2024-03-10,72,0.015285197146994086,15,0.013944933386999417,14,0.00771937353928375,14,0.01746614842599336,14,0.02688765419931049,15,0.011602457052316403,0.4666666666666667,0.4,0.43333333333333335,主測度 發文數｜雙重排序・大型股,abn_attention_weekend
2024-03-17,72,0.01546671642018284,15,0.018607635905370196,14,0.01944113687607488,14,0.006706413454361134,14,0.05134776272960143,15,0.035881046309418595,0.8,0.4666666666666667,0.6333333333333333,主測度 發文數｜雙重排序・大型股,abn_attention_weekend
2024-03-24,70,-0.0015479910429580365,14,0.013134814991381962,14,-0.0015842653518475644,14,0.003460405646934545,14,0.0004271551137817266,14,0.001975146156739763,0.7857142857142857,0.6428571428571429,0.7142857142857143,主測度 發文數｜雙重排序・大型股,abn_attention_weekend
2024-03-31,70,0.003787123443800222,14,0.004721142468811779,14,-0.005624078208328847,14,-0.007573004238269653,14,0.006836055433948004,14,0.003048931990147782,0.5,0.35714285714285715,0.4285714285714286,主測度 發文數｜雙重排序・大型股,abn_attention_weekend
2024-04-07,70,0.03838264166121462,14,0.0442802254461681,14,0.037416925282937004,14,0.021555493030796617,14,0.009294613811043058,14,-0.02908802785017156,0.5,0.42857142857142855,0.4642857142857143,主測度 發文數｜雙重排序・大型股,abn_attention_weekend
2024-04-14,70,-0.034260719096591945,14,-0.0257791578132788,14,-0.01864241627018085,14,-0.006947412404115664,14,-0.026697535784875635,14,0.00756318331171631,1.0,0.6428571428571429,0.8214285714285714,主測度 發文數｜雙重排序・大型股,abn_attention_weekend
2024-04-21,71,0.01824462348665407,15,-0.0019176590485108225,14,-0.005252325542165878,14,0.004376300324015425,14,0.019549082831430118,14,0.0013044593447760489,0.9285714285714286,0.7333333333333333,0.8309523809523809,主測度 發文數｜雙重排序・大型股,abn_attention_weekend
2024-04-28,71,-0.02409061181282998,15,0.012211282156908245,14,0.002911054479421566,14,0.010519163015171473,14,-0.0019621146659336325,14,0.022128497146896346,0.5,0.4666666666666667,0.48333333333333334,主測度 發文數｜雙重排序・大型股,abn_attention_weekend
2024-05-05,73,-0.011943827669388321,15,0.0028856651302723063,14,-0.009073326188253664,15,0.0010877764088120326,14,0.013619946236250912,15,0.025563773905639235,0.4,0.3333333333333333,0.3666666666666667,主測度 發文數｜雙重排序・大型股,abn_attention_weekend
2024-05-12,73,-0.0024031764995920374,15,0.007005772439879003,14,-0.004980739140680527,15,0.01574889417477524,14,-9.907312665153138e-05,15,0.002304103372940506,0.6,0.3333333333333333,0.4666666666666667,主測度 發文數｜雙重排序・大型股,abn_attention_weekend
2024-05-19,74,-0.015330183601738693,15,-0.01923049792170713,15,-0.027923004214159292,14,-0.006369013424733927,15,0.003758368684614462,15,0.019088552286353155,0.5333333333333333,0.3333333333333333,0.43333333333333335,主測度 發文數｜雙重排序・大型股,abn_attention_weekend
2024-05-26,73,-0.004492978467989321,15,-0.0019411935398101407,14,-0.001561724801122318,15,0.01902748981489704,14,-0.017195166602494916,15,-0.012702188134505596,0.6666666666666666,0.6,0.6333333333333333,主測度 發文數｜雙重排序・大型股,abn_attention_weekend
2024-06-02,74,0.016528610099757732,15,0.013407646321502553,15,0.006189410713876861,14,-0.015139850883328329,15,0.007879979247740554,15,-0.008648630852017178,0.6666666666666666,0.5333333333333333,0.6,主測度 發文數｜雙重排序・大型股,abn_attention_weekend
2024-06-09,74,0.03805486374382207,15,-0.004355281763881136,15,-0.0029681081154012212,14,-0.0028301092531633895,15,0.002310421155827654,15,-0.03574444258799441,0.4666666666666667,0.3333333333333333,0.4,主測度 發文數｜雙重排序・大型股,abn_attention_weekend
2024-06-16,76,0.019609611336898675,16,0.019655749236877584,15,0.00462631395140661,15,0.024056035396050182,15,0.019385897710930043,15,-0.00022371362596863148,0.4,0.375,0.3875,主測度 發文數｜雙重排序・大型股,abn_attention_weekend
2024-06-23,75,0.014108238946046455,15,-0.009192478415109239,15,-0.0014278334428147262,15,-0.009412512070152685,15,-0.0051828311604687075,15,-0.01929107010651516,0.6,0.26666666666666666,0.43333333333333335,主測度 發文數｜雙重排序・大型股,abn_attention_weekend
2024-06-30,77,0.014855169591999902,16,0.01369887248935103,15,0.013700586612471977,15,0.02277659226811267,15,0.00399317578275029,16,-0.010861993809249612,0.4375,0.375,0.40625,主測度 發文數｜雙重排序・大型股,abn_attention_weekend
2024-07-07,77,0.010684827653030485,16,-0.008709400495179157,15,-0.0025333785500930646,15,-0.007564250343017723,15,0.02667372670036669,16,0.015988899047336205,0.4375,0.5,0.46875,主測度 發文數｜雙重排序・大型股,abn_attention_weekend
2024-07-14,76,-0.012846601453890397,16,-0.02205632831261056,15,-0.032232942074012075,15,-0.04374583069020351,15,-0.02133792961637926,15,-0.008491328162488862,0.26666666666666666,0.25,0.2583333333333333,主測度 發文數｜雙重排序・大型股,abn_attention_weekend
2024-07-21,76,-0.018286762789196442,16,-0.011283400941723486,15,-0.01953826929155001,15,-0.014256902349363129,15,-0.015194072841468231,15,0.003092689947728211,0.4,0.375,0.3875,主測度 發文數｜雙重排序・大型股,abn_attention_weekend
2024-07-28,76,-0.03163156436597223,16,-0.04078937242620265,15,-0.0229395028535574,15,-0.00904900499774195,15,-0.03779618226591091,15,-0.006164617899938676,0.5333333333333333,0.25,0.39166666666666666,主測度 發文數｜雙重排序・大型股,abn_attention_weekend
2024-08-04,76,0.022205797696223287,16,0.005110954528744193,15,0.0036368302724169984,15,-0.009944815301436982,15,0.017017782788346307,15,-0.00518801490787698,0.5333333333333333,0.375,0.45416666666666666,主測度 發文數｜雙重排序・大型股,abn_attention_weekend
2024-08-11,77,0.009872884359916755,16,0.0161474300383932,15,0.023480766109184717,15,0.0296859411175073,15,0.03402598931195284,16,0.024153104952036084,0.5,0.3125,0.40625,主測度 發文數｜雙重排序・大型股,abn_attention_weekend
2024-08-18,76,-0.002599690768993121,16,-0.01684804528721889,15,0.007502356657921509,15,-0.004855900700635071,15,0.013614130751506222,15,0.01621382152049934,0.5333333333333333,0.5,0.5166666666666666,主測度 發文數｜雙重排序・大型股,abn_attention_weekend
2024-08-25,77,-0.004920350437822109,16,0.0027310346084095253,15,0.006602399078432741,15,0.004296116201388597,15,0.008148571217706103,16,0.013068921655528212,0.3125,0.375,0.34375,主測度 發文數｜雙重排序・大型股,abn_attention_weekend
2024-09-01,77,-0.057571466545151787,16,-0.050242245623908194,15,-0.06112145100601237,15,-0.04529075330194807,15,-0.035108441434968864,16,0.022463025110182923,0.3125,0.3125,0.3125,主測度 發文數｜雙重排序・大型股,abn_attention_weekend
2024-09-08,77,0.03267598401411985,16,0.03437075674220566,15,0.024151949345708974,15,0.04156017630512299,15,0.02302278337686979,16,-0.009653200637250059,0.3125,0.1875,0.25,主測度 發文數｜雙重排序・大型股,abn_attention_weekend
2024-09-15,77,0.005265031441967778,16,0.01574321470069411,15,0.015007579561680359,15,0.022170302745455537,15,0.020033916694210778,16,0.014768885252243,0.4375,0.1875,0.3125,主測度 發文數｜雙重排序・大型股,abn_attention_weekend
2024-09-22,78,0.03911021618803406,16,0.027382823118670737,15,0.0325296573559282,16,-0.0025622467987009402,15,0.014793117863260416,16,-0.02431709832477364,0.4375,0.25,0.34375,主測度 發文數｜雙重排序・大型股,abn_attention_weekend
2024-09-29,78,-0.02174012157180135,16,-0.026127028695281947,15,-0.015040118978221578,16,-0.019278877924022202,15,-0.04209426838562442,16,-0.020354146813823068,0.3125,0.3125,0.3125,主測度 發文數｜雙重排序・大型股,abn_attention_weekend
2024-10-06,78,-0.016755707915028333,16,-0.02014753762034259,15,-0.04025217252119652,16,-0.010459058377819167,15,-0.018026457941902357,16,-0.0012707500268740249,0.3125,0.3125,0.3125,主測度 發文數｜雙重排序・大型股,abn_attention_weekend
2024-10-13,76,0.007901325554271692,16,0.013695045181629487,15,0.004274599268137543,15,0.021016923002983603,15,0.011788655675116711,15,0.0038873301208450194,0.3333333333333333,0.3125,0.32291666666666663,主測度 發文數｜雙重排序・大型股,abn_attention_weekend
2024-10-20,78,-0.020437143414716356,16,-0.009721888074172418,15,0.006640464796456483,16,-0.004266915458464337,15,-0.006666469640458458,16,0.013770673774257898,0.3125,0.25,0.28125,主測度 發文數｜雙重排序・大型股,abn_attention_weekend
2024-10-27,79,-0.01032902484042942,16,-0.0058544880035433094,16,-0.002140228630828804,15,-0.010606887125498558,16,-0.015278362006086128,16,-0.004949337165656709,0.3125,0.1875,0.25,主測度 發文數｜雙重排序・大型股,abn_attention_weekend
2024-11-03,79,0.0026209287905206505,16,0.003010555422107687,16,0.002530571197416531,15,0.015647015651172443,16,-0.005330360554305073,16,-0.007951289344825724,0.1875,0.0625,0.125,主測度 發文數｜雙重排序・大型股,abn_attention_weekend
2024-11-10,79,-0.020040228616985893,16,-0.01477736828144182,16,-0.025680753635397895,15,-0.01993670365005276,16,-0.024740600751549026,16,-0.004700372134563133,0.4375,0.1875,0.3125,主測度 發文數｜雙重排序・大型股,abn_attention_weekend
2024-11-17,78,0.008085900450961477,16,-0.006210961326165017,15,0.01864294780757668,16,0.004296881204876709,15,0.01225866189990684,16,0.004172761448945364,0.4375,0.375,0.40625,主測度 發文數｜雙重排序・大型股,abn_attention_weekend
2024-11-24,79,-0.03777761116581604,16,-0.013388683400151508,16,-0.031071335672501206,15,-0.013402238722014084,16,-0.024830219954281488,16,0.01294739121153455,0.1875,0.3125,0.25,主測度 發文數｜雙重排序・大型股,abn_attention_weekend
2024-12-01,79,0.008106757552225632,16,-0.00978810111396386,16,0.0002001282971504444,15,0.018115931559579905,16,0.0306352881856269,16,0.022528530633401267,0.3125,0.3125,0.3125,主測度 發文數｜雙重排序・大型股,abn_attention_weekend
2024-12-08,81,-0.021229264564719193,17,-0.0424651033832684,16,-0.02958157246709308,16,-0.014756468033053506,16,-0.029010901591047925,16,-0.007781637026328732,0.25,0.23529411764705882,0.2426470588235294,主測度 發文數｜雙重排序・大型股,abn_attention_weekend
2024-12-15,80,-0.027354576148310786,16,-0.02252246606028161,16,-0.025327959482808554,16,-0.0160602597903547,16,-0.026042056849145394,16,0.001312519299165392,0.25,0.3125,0.28125,主測度 發文數｜雙重排序・大型股,abn_attention_weekend
2024-12-22,79,0.0034532057681384842,16,-0.0018014321918116138,16,0.006140916471114374,15,0.0007244794318369344,16,-0.002308233556976333,16,-0.005761439325114817,0.25,0.125,0.1875,主測度 發文數｜雙重排序・大型股,abn_attention_weekend
2024-12-29,78,-0.020565369031309663,16,-0.01264112298283262,15,-0.02365064057476359,16,-0.006593423691487928,15,-0.013446722216627738,16,0.007118646814681925,0.375,0.375,0.375,主測度 發文數｜雙重排序・大型股,abn_attention_weekend
