week,n_names,q1,n_q1,q2,n_q2,q3,n_q3,q4,n_q4,q5,n_q5,long_short,turnover_long,turnover_short,turnover_avg,spec,signal
2020-01-12,119,0.010747217941183801,24,0.005563510952938722,24,0.007814398328701025,23,0.006462241776840447,24,0.0025998554832607165,24,-0.008147362457923085,1.0,1.0,1.0,主測度 發文數｜等權・未篩選,abn_attention_weekend
2020-01-19,121,0.0007027890858349472,25,0.002113973941977987,24,-0.0024215648377262458,24,-0.00042080996948621235,24,0.0026282461754117414,24,0.0019254570895767941,0.4583333333333333,0.32,0.38916666666666666,主測度 發文數｜等權・未篩選,abn_attention_weekend
2020-01-26,122,-0.022529785687681932,25,-0.003364193487472985,24,-0.01121542812779607,24,-0.016159108553848184,24,-0.012755852065611157,25,0.009773933622070775,0.4,0.24,0.32,主測度 發文數｜等權・未篩選,abn_attention_weekend
2020-02-02,122,0.03898038023931985,25,0.010223750876196758,24,0.00929983418225451,24,0.02701484761887117,24,0.029267575881360454,25,-0.009712804357959397,0.28,0.32,0.30000000000000004,主測度 發文數｜等權・未篩選,abn_attention_weekend
2020-02-09,122,0.025625272847978043,25,0.016119742477224964,24,0.008572351429058392,24,0.02357198016559855,24,0.018864172613771393,25,-0.00676110023420665,0.32,0.32,0.32,主測度 發文數｜等權・未篩選,abn_attention_weekend
2020-02-16,124,0.009277084151581554,25,0.012404854250863484,25,0.01129987121457629,24,0.007407630740848932,25,0.007241889630208367,25,-0.0020351945213731874,0.4,0.32,0.36,主測度 發文數｜等權・未篩選,abn_attention_weekend
2020-02-23,123,-0.017073982466207976,25,-0.017690144749312343,24,-0.02459785154705715,25,-0.02020083526947275,24,-0.019770978323183416,25,-0.002696995856975439,0.24,0.16,0.2,主測度 發文數｜等權・未篩選,abn_attention_weekend
2020-03-01,122,0.02737456391026908,25,0.025292946232887553,24,0.02449584001551633,24,0.017798490130216078,24,0.016818295065887705,25,-0.010556268844381374,0.48,0.36,0.42,主測度 發文數｜等權・未篩選,abn_attention_weekend
2020-03-08,121,-0.12985459638987204,25,-0.12431724706521657,24,-0.12909225654332826,24,-0.12676316738369597,24,-0.11535201371596755,24,0.014502582673904488,0.5,0.36,0.43,主測度 發文數｜等權・未篩選,abn_attention_weekend
2020-03-15,121,-0.10963768982236712,25,-0.09523652269245227,24,-0.08988170359941401,24,-0.10132077104284147,24,-0.08901313693365996,24,0.020624552888707154,0.25,0.2,0.225,主測度 發文數｜等權・未篩選,abn_attention_weekend
2020-03-22,120,0.10607169145806689,24,0.09538944151980257,24,0.07523022354294125,24,0.10525923798614108,24,0.08880046384411744,24,-0.017271227613949447,0.7083333333333334,0.375,0.5416666666666667,主測度 發文數｜等權・未篩選,abn_attention_weekend
2020-03-29,121,0.039885762453702,25,0.03278943234880638,24,0.019869510152616426,24,0.028543277213415357,24,0.024722605627661782,24,-0.015163156826040216,0.7083333333333334,0.44,0.5741666666666667,主測度 發文數｜等權・未篩選,abn_attention_weekend
2020-04-05,122,0.05697332697890344,25,0.06136250423210237,24,0.054512054921873866,24,0.056987789483726646,24,0.051243286348304426,25,-0.005730040630599016,0.52,0.28,0.4,主測度 發文數｜等權・未篩選,abn_attention_weekend
2020-04-12,122,0.021860845024716587,25,0.0436219158442025,24,0.034011741862013355,24,0.0163979230864333,24,0.024560478035898316,25,0.002699633011181729,0.4,0.24,0.32,主測度 發文數｜等權・未篩選,abn_attention_weekend
2020-04-19,123,-0.00488640364533214,25,-0.017069129713413077,24,-0.009087098410809381,25,-0.01121783654606423,24,-0.01663500060814239,25,-0.011748596962810252,0.28,0.2,0.24000000000000002,主測度 發文數｜等權・未篩選,abn_attention_weekend
2020-04-26,123,0.04580729524356539,25,0.0657772726641845,24,0.05817916002766734,25,0.046371381390570066,24,0.06363901120140751,25,0.017831715957842123,0.2,0.2,0.2,主測度 發文數｜等權・未篩選,abn_attention_weekend
2020-05-03,118,0.03300999650054756,24,0.04701855623025384,23,0.01890076996574845,24,0.013398012071980277,23,0.019199660819343368,24,-0.013810335681204194,0.4166666666666667,0.25,0.33333333333333337,主測度 發文數｜等權・未篩選,abn_attention_weekend
2020-05-10,117,-0.02212397136441842,24,-0.02631047468627582,23,-0.026350171156162415,23,-0.007108783617606874,23,-0.013432520738376303,24,0.008691450626042116,0.4583333333333333,0.2916666666666667,0.375,主測度 發文數｜等權・未篩選,abn_attention_weekend
2020-05-17,118,0.013446386010220504,24,0.009136577426717266,23,0.022589302363830558,24,-0.0014175729596546019,23,0.001859861952264651,24,-0.011586524057955853,0.4166666666666667,0.375,0.39583333333333337,主測度 發文數｜等權・未篩選,abn_attention_weekend
2020-05-24,124,-0.005710862822900329,25,0.004057165124843141,25,0.02226145625524878,24,0.010525660166865363,25,0.004684793421192866,25,0.010395656244093195,0.4,0.36,0.38,主測度 發文數｜等權・未篩選,abn_attention_weekend
2020-05-31,121,0.02994235945439599,25,0.03579116391319013,24,0.03796891860247625,24,0.03766470827613878,24,0.02366131765437425,24,-0.006281041800021741,0.5833333333333334,0.36,0.4716666666666667,主測度 發文數｜等權・未篩選,abn_attention_weekend
2020-06-07,122,-0.019017126489602854,25,-0.024580071169672837,24,-0.03463977550154268,24,-0.030165896454742547,24,-0.03074694195618391,25,-0.011729815466581056,0.64,0.36,0.5,主測度 發文數｜等權・未篩選,abn_attention_weekend
2020-06-14,120,0.019711272882731362,24,0.024705804565865335,24,0.01748635643731997,24,0.022910508370758975,24,0.010113668481307287,24,-0.009597604401424075,0.20833333333333334,0.20833333333333334,0.20833333333333334,主測度 發文數｜等權・未篩選,abn_attention_weekend
2020-06-21,121,-0.0009440809546563012,25,-0.009594336704670215,24,-0.005961789078248778,24,-0.012108362425317579,24,0.007613498777090634,24,0.008557579731746935,0.2916666666666667,0.2,0.24583333333333335,主測度 發文數｜等權・未篩選,abn_attention_weekend
2020-06-28,123,0.020448647645615867,25,0.023009323409580496,24,0.025525005771638413,25,0.02681601870077667,24,0.017071297270832043,25,-0.0033773503747838232,0.4,0.24,0.32,主測度 發文數｜等權・未篩選,abn_attention_weekend
2020-07-05,124,-0.013948940750141943,25,-0.002993048402712106,25,-0.00047547389844040017,24,0.0026403434441932116,25,0.00282211100603051,25,0.016771051756172453,0.36,0.2,0.28,主測度 發文數｜等權・未篩選,abn_attention_weekend
2020-07-12,124,0.01641752326487704,25,-0.007942024519123389,25,0.0005989010354274701,24,-0.012902390154791972,25,-0.0020884334339482803,25,-0.01850595669882532,0.4,0.4,0.4,主測度 發文數｜等權・未篩選,abn_attention_weekend
2020-07-19,126,-0.0026631123880502647,26,-0.012878708474112467,25,0.00029716433797054797,25,-0.0009293897453268407,25,0.01180466519409677,25,0.014467777582147035,0.32,0.2692307692307692,0.2946153846153846,主測度 發文數｜等權・未篩選,abn_attention_weekend
2020-07-26,126,-0.01028926947475133,26,-0.010543625573371154,25,-0.018340206516475277,25,-0.004268569146524119,25,0.0037759439351623893,25,0.01406521340991372,0.32,0.23076923076923078,0.2753846153846154,主測度 發文數｜等權・未篩選,abn_attention_weekend
2020-08-02,125,0.016218744235304863,25,0.018196381704163572,25,0.01712681369336796,25,0.005570901325856767,25,0.035576586772499696,25,0.019357842537194834,0.36,0.36,0.36,主測度 發文數｜等權・未篩選,abn_attention_weekend
2020-08-09,127,0.00475653165088187,26,0.031353342143500045,25,0.01677361245631849,25,0.018972674079506688,25,0.005947465955162139,26,0.0011909343042802696,0.38461538461538464,0.34615384615384615,0.3653846153846154,主測度 發文數｜等權・未篩選,abn_attention_weekend
2020-08-16,127,-0.026275923127033755,26,0.0017712973141860155,25,0.005292244607820207,25,-0.008103230609473084,25,-0.0029390896818395863,26,0.023336833445194168,0.23076923076923078,0.23076923076923078,0.23076923076923078,主測度 發文數｜等權・未篩選,abn_attention_weekend
2020-08-23,127,0.018293152588432147,26,0.010860044525276122,25,0.02543086270965939,25,0.0212152852182423,25,0.03138339191721884,26,0.013090239328786692,0.5384615384615384,0.38461538461538464,0.46153846153846156,主測度 發文數｜等權・未篩選,abn_attention_weekend
2020-08-30,127,-0.0039871907362490355,26,0.017370555657892063,25,0.026464788764514465,25,2.218317790250168e-06,25,-0.012227997293290925,26,-0.00824080655704189,0.5384615384615384,0.5,0.5192307692307692,主測度 發文數｜等權・未篩選,abn_attention_weekend
2020-09-06,130,-0.0016922837321016993,26,0.0026863905402149156,26,-0.013217735997236678,26,-0.0035621254504237467,26,0.0010634151338274654,26,0.0027556988659291647,0.34615384615384615,0.3076923076923077,0.3269230769230769,主測度 發文數｜等權・未篩選,abn_attention_weekend
2020-09-13,130,0.012894756290880435,26,0.0018818024872339718,26,0.021183444044366326,26,0.004731823223621854,26,0.010432433141493943,26,-0.0024623231493864917,0.3076923076923077,0.2692307692307692,0.28846153846153844,主測度 發文數｜等權・未篩選,abn_attention_weekend
2020-09-20,131,-0.07862755090887896,27,-0.06306704249313114,26,-0.0747515110663468,26,-0.06221174070067174,26,-0.04427493131683898,26,0.03435261959203998,0.23076923076923078,0.2222222222222222,0.2264957264957265,主測度 發文數｜等權・未篩選,abn_attention_weekend
2020-09-27,131,0.009913591206060682,27,0.005579734937674488,26,0.00921435363766802,26,0.018340516453362214,26,0.01698487622426161,26,0.007071285018200927,0.34615384615384615,0.18518518518518517,0.2656695156695157,主測度 發文數｜等權・未篩選,abn_attention_weekend
2020-10-04,132,0.021544728579389626,27,0.020045123084441854,26,0.021646293218569087,26,0.02983254328284672,26,0.0167506721991034,27,-0.004794056380286224,0.4444444444444444,0.37037037037037035,0.4074074074074074,主測度 發文數｜等權・未篩選,abn_attention_weekend
2020-10-11,133,-0.013192462650418057,27,-0.007342179059792231,26,-0.004067738274612154,27,0.012184395810490143,26,-0.016101344169514295,27,-0.0029088815190962385,0.25925925925925924,0.2962962962962963,0.2777777777777778,主測度 發文數｜等權・未篩選,abn_attention_weekend
2020-10-18,134,0.0176093125422035,27,0.011527515004533964,27,0.015361584987352786,26,0.01766395678107001,27,0.0030189766951329946,27,-0.014590335847070505,0.25925925925925924,0.18518518518518517,0.2222222222222222,主測度 發文數｜等權・未篩選,abn_attention_weekend
2020-10-25,133,-0.025553121338171433,27,-0.01531040752269307,26,-0.0138449205541017,27,-0.013862453341238128,26,-0.016390966841119334,27,0.0091621544970521,0.37037037037037035,0.25925925925925924,0.31481481481481477,主測度 發文數｜等權・未篩選,abn_attention_weekend
2020-11-01,132,0.016295220383789204,27,0.02035763874006134,26,0.025629385049576008,26,0.015466604489867654,26,0.014916238470157385,27,-0.0013789819136318191,0.25925925925925924,0.3333333333333333,0.2962962962962963,主測度 發文數｜等權・未篩選,abn_attention_weekend
2020-11-08,132,-0.008551039195901281,27,0.01894470231433143,26,0.0018597520890589192,26,0.015104234462622823,26,0.006349080477894081,27,0.014900119673795363,0.3333333333333333,0.18518518518518517,0.25925925925925924,主測度 發文數｜等權・未篩選,abn_attention_weekend
2020-11-15,133,0.025164432049328136,27,0.010370218758634706,26,-0.002383354981443264,27,0.022482154981378018,26,0.017377070950339673,27,-0.007787361098988463,0.3333333333333333,0.25925925925925924,0.2962962962962963,主測度 發文數｜等權・未篩選,abn_attention_weekend
2020-11-22,132,0.032183315365377406,27,0.008598730601204555,26,0.020572389063113466,26,0.02344240944174999,26,0.011652535001194312,27,-0.020530780364183092,0.3333333333333333,0.25925925925925924,0.2962962962962963,主測度 發文數｜等權・未篩選,abn_attention_weekend
2020-11-29,134,0.020405735356807245,27,-0.004998342949930545,27,-0.009197031382004523,26,0.01353768528474751,27,0.014840181822059722,27,-0.005565553534747523,0.3333333333333333,0.3333333333333333,0.3333333333333333,主測度 發文數｜等權・未篩選,abn_attention_weekend
2020-12-06,134,-0.012891255498759394,27,-0.013603915831246781,27,-0.020746978740234494,26,-0.009114206979409492,27,-0.016558419754941704,27,-0.0036671642561823103,0.48148148148148145,0.25925925925925924,0.37037037037037035,主測度 發文數｜等權・未篩選,abn_attention_weekend
2020-12-13,134,0.004407241031447501,27,0.009241012865690094,27,0.01821544493628182,26,0.00483288723894994,27,0.010551659106003888,27,0.006144418074556387,0.25925925925925924,0.18518518518518517,0.2222222222222222,主測度 發文數｜等權・未篩選,abn_attention_weekend
2020-12-20,134,0.026251129919565977,27,0.024750027874487854,27,0.008103716700640029,26,-0.00368782670194173,27,0.017353013131681864,27,-0.008898116787884113,0.4074074074074074,0.3333333333333333,0.37037037037037035,主測度 發文數｜等權・未篩選,abn_attention_weekend
2020-12-27,136,0.017021458545721537,28,0.0116419451504866,27,0.012519745707715631,27,0.005959443684937648,27,0.032649797935288424,27,0.015628339389566887,0.3333333333333333,0.25,0.29166666666666663,主測度 發文數｜等權・未篩選,abn_attention_weekend
2021-01-03,139,-0.01752570143157591,28,-0.013133166285738684,28,-0.029976040532880693,27,0.0034553522892745952,28,0.011657019126387102,28,0.02918272055796301,0.35714285714285715,0.2857142857142857,0.3214285714285714,主測度 發文數｜等權・未篩選,abn_attention_weekend
2021-01-10,137,-0.03856514162858206,28,-0.024569638393391584,27,-0.047952713382818014,27,-0.0003167793269822433,27,-0.024439375131642172,28,0.014125766496939886,0.35714285714285715,0.32142857142857145,0.3392857142857143,主測度 發文數｜等權・未篩選,abn_attention_weekend
2021-01-17,138,-0.02173468645088814,28,-0.020716424674537895,27,-0.02647633301580287,28,-0.01941463749903005,27,-0.0020178089847515163,28,0.019716877466136623,0.35714285714285715,0.2857142857142857,0.3214285714285714,主測度 發文數｜等權・未篩選,abn_attention_weekend
2021-01-24,139,-0.029910378148007875,28,-0.027159258795143193,28,-0.02720510950649985,27,-0.026339593256284825,28,-0.03734172683394451,28,-0.007431348685936635,0.35714285714285715,0.25,0.3035714285714286,主測度 發文數｜等權・未篩選,abn_attention_weekend
2021-01-31,140,0.02519497040420595,28,0.023539166981864323,28,0.026825272325636054,28,0.010408956811593036,28,0.024304431683620592,28,-0.0008905387205853585,0.5357142857142857,0.42857142857142855,0.4821428571428571,主測度 發文數｜等權・未篩選,abn_attention_weekend
2021-02-14,140,0.030627381910365854,28,0.029793829209825918,28,0.03618408648571936,28,0.04273175925877909,28,0.03201027328504012,28,0.001382891374674268,0.7142857142857143,0.5,0.6071428571428572,主測度 發文數｜等權・未篩選,abn_attention_weekend
2021-02-21,140,0.005458232807541537,28,0.00923419248341899,28,0.013441496601160187,28,0.042343792172823046,28,0.020160279481428095,28,0.014702046673886558,0.2857142857142857,0.35714285714285715,0.3214285714285714,主測度 發文數｜等權・未篩選,abn_attention_weekend
2021-02-28,140,-0.03670727174806221,28,-0.014699519308470854,28,-0.014458537009066772,28,-0.0034852720944063037,28,-0.01243027739651976,28,0.02427699435154245,0.25,0.21428571428571427,0.23214285714285715,主測度 發文數｜等權・未篩選,abn_attention_weekend
2021-03-07,139,0.018270233177254118,28,0.015575495146678728,28,0.015193381961305317,27,0.00612225166894518,28,0.02465967415223202,28,0.006389440974977904,0.35714285714285715,0.17857142857142858,0.26785714285714285,主測度 發文數｜等權・未篩選,abn_attention_weekend
2021-03-14,140,0.0020147009838010726,28,-0.00673895616061818,28,0.003381741060354037,28,0.0007930515335093686,28,-0.0030648005598612393,28,-0.0050795015436623115,0.2857142857142857,0.32142857142857145,0.3035714285714286,主測度 發文數｜等權・未篩選,abn_attention_weekend
2021-03-21,140,0.011396815838503974,28,0.021928376966672602,28,0.027865980326325698,28,0.012817836623174313,28,0.0074724876503502536,28,-0.00392432818815372,0.6785714285714286,0.4642857142857143,0.5714285714285714,主測度 發文數｜等權・未篩選,abn_attention_weekend
2021-03-28,140,0.009876081663047546,28,0.009445577360092253,28,0.007097183625084959,28,0.012686927308674763,28,0.020808514459289586,28,0.01093243279624204,0.6428571428571429,0.4642857142857143,0.5535714285714286,主測度 發文數｜等權・未篩選,abn_attention_weekend
2021-04-04,141,0.044728249301467946,29,0.01659536385750065,28,0.019944226419512656,28,0.0269087234212954,28,0.024381046007129585,28,-0.02034720329433836,0.5357142857142857,0.41379310344827586,0.4747536945812808,主測度 發文數｜等權・未篩選,abn_attention_weekend
2021-04-11,142,0.033339330591941364,29,0.0326583077331377,28,0.03946468166121233,28,0.005699878241372184,28,0.06887939036809511,29,0.035540059776153744,0.6206896551724138,0.3448275862068966,0.4827586206896552,主測度 發文數｜等權・未篩選,abn_attention_weekend
2021-04-18,146,0.020456617399066176,30,0.017111732139281716,29,0.01848930321855881,29,0.021058824351282316,29,0.027017552853637435,29,0.0065609354545712595,0.4827586206896552,0.3,0.3913793103448276,主測度 發文數｜等權・未篩選,abn_attention_weekend
2021-04-25,147,0.03684865973748673,30,0.013752441102285167,29,0.026574712822896536,29,-0.004410280958500693,29,0.03550670162300793,30,-0.0013419581144787987,0.4,0.3333333333333333,0.3666666666666667,主測度 發文數｜等權・未篩選,abn_attention_weekend
2021-05-02,150,-0.04067585964574302,30,-0.029395948516688464,30,-0.04407966709787247,30,-0.045116715552483005,30,-0.024380136888745976,30,0.016295722756997047,0.26666666666666666,0.23333333333333334,0.25,主測度 發文數｜等權・未篩選,abn_attention_weekend
2021-05-09,149,-0.12004479734023832,30,-0.09116719350654877,30,-0.11420269710471469,29,-0.11139354338093836,30,-0.10559859575373302,30,0.014446201586505295,0.23333333333333334,0.16666666666666666,0.2,主測度 發文數｜等權・未篩選,abn_attention_weekend
2021-05-16,150,0.09788982465047358,30,0.08974089883616689,30,0.09430736110923048,30,0.07938582321416397,30,0.10290925468340303,30,0.005019430032929456,0.7,0.23333333333333334,0.4666666666666667,主測度 發文數｜等權・未篩選,abn_attention_weekend
2021-05-23,152,0.04693484837686392,31,0.034811931501792806,30,0.04642577189823847,30,0.07137538845461178,30,0.04692879351610003,31,-6.054860763896053e-06,0.7741935483870968,0.5806451612903226,0.6774193548387097,主測度 發文數｜等權・未篩選,abn_attention_weekend
2021-05-30,154,0.028140691228736636,31,0.013579107043804928,31,0.021044927418484464,30,0.019433294497027517,31,0.03302207317537978,31,0.004881381946643143,0.6451612903225806,0.5483870967741935,0.596774193548387,主測度 發文數｜等權・未篩選,abn_attention_weekend
2021-06-06,155,-0.01888494273843245,31,-0.022055176571945393,31,-0.007745812716595662,31,-0.013626127674893365,31,-0.01765637242346834,31,0.0012285703149641086,0.5483870967741935,0.3225806451612903,0.4354838709677419,主測度 發文數｜等權・未篩選,abn_attention_weekend
2021-06-13,154,0.007623010038907687,31,0.0011561454075942443,31,-0.01509757415314224,30,0.015596996483224868,31,0.008452918717006886,31,0.000829908678099199,0.5161290322580645,0.45161290322580644,0.4838709677419355,主測度 發文數｜等權・未篩選,abn_attention_weekend
2021-06-20,152,0.028411984291607247,31,0.04011359143731342,30,0.043539907039942045,30,0.022226689095754763,30,0.05350709199074687,31,0.025095107699139627,0.5161290322580645,0.25806451612903225,0.3870967741935484,主測度 發文數｜等權・未篩選,abn_attention_weekend
2021-06-27,156,0.017448727670967026,32,0.020583263324461917,31,0.022947458801384393,31,-0.000945973976423576,31,0.02785947899697799,31,0.010410751326010964,0.3548387096774194,0.21875,0.2867943548387097,主測度 發文數｜等權・未篩選,abn_attention_weekend
2021-07-04,159,-0.011170923655903674,32,-0.008310144382418505,32,-0.012608072231157206,31,0.016010722299025643,32,-0.01621909321593252,32,-0.005048169560028844,0.5,0.3125,0.40625,主測度 發文數｜等權・未篩選,abn_attention_weekend
2021-07-11,162,-0.014938880230666828,33,-0.01796847677612229,32,-0.022926139778781496,32,0.004651483664740243,32,-0.019534129220999872,33,-0.004595248990333044,0.48484848484848486,0.30303030303030304,0.3939393939393939,主測度 發文數｜等權・未篩選,abn_attention_weekend
2021-07-18,161,-0.015702741620532364,33,0.0039889582469926355,32,-0.010359573845896076,32,-0.0015560262168424106,32,-0.026703913183016577,32,-0.011001171562484213,0.53125,0.48484848484848486,0.5080492424242424,主測度 發文數｜等權・未篩選,abn_attention_weekend
2021-07-25,163,-0.031760474553058464,33,-0.029668522570079934,32,-0.023260832488599278,33,-0.011415219740398354,32,-0.029326464562230547,33,0.002434009990827917,0.48484848484848486,0.36363636363636365,0.42424242424242425,主測度 發文數｜等權・未篩選,abn_attention_weekend
2021-08-01,163,0.006600229265433022,33,0.0018920712854428486,32,0.009115944038447349,33,0.008139010175775504,32,0.008063923401674578,33,0.001463694136241556,0.48484848484848486,0.30303030303030304,0.3939393939393939,主測度 發文數｜等權・未篩選,abn_attention_weekend
2021-08-08,162,-0.03716262276742201,33,-0.03369719626734198,32,-0.04848587170771032,32,-0.042067072907106595,32,-0.02775567124450402,33,0.009406951522917987,0.48484848484848486,0.30303030303030304,0.3939393939393939,主測度 發文數｜等權・未篩選,abn_attention_weekend
2021-08-15,162,-0.0326942600184007,33,-0.04371662507613333,32,-0.03820091304806303,32,-0.03665810169902546,32,-0.02680064328093624,33,0.005893616737464462,0.36363636363636365,0.24242424242424243,0.30303030303030304,主測度 發文數｜等權・未篩選,abn_attention_weekend
2021-08-22,162,0.03717230624758352,33,0.052420544287638315,32,0.036928529486547505,32,0.041066600677644186,32,0.030893859181324448,33,-0.006278447066259071,0.3333333333333333,0.3939393939393939,0.36363636363636365,主測度 發文數｜等權・未篩選,abn_attention_weekend
2021-08-29,162,-0.02048002581262228,33,0.004151622661979458,32,0.0013100441824286865,32,0.0016703047941406535,32,0.0059677995134043045,33,0.026447825326026585,0.5151515151515151,0.42424242424242425,0.4696969696969697,主測度 發文數｜等權・未篩選,abn_attention_weekend
2021-09-05,160,-0.002893230815968602,32,-0.018191767934837094,32,-0.010872470834044499,32,-0.013828422137526244,32,-0.004972396132383813,32,-0.002079165316415211,0.40625,0.3125,0.359375,主測度 發文數｜等權・未篩選,abn_attention_weekend
2021-09-12,159,-0.0026193110780146876,32,0.0028703324425710525,32,0.005064217841438576,31,-0.009167463786105109,32,-0.002746550827863469,32,-0.0001272397498487815,0.3125,0.34375,0.328125,主測度 發文數｜等權・未篩選,abn_attention_weekend
2021-09-19,158,0.024731566054827903,32,0.01407355262032591,31,0.016353910795979396,32,0.018143107866800075,31,0.015323606544908459,32,-0.009407959509919444,0.375,0.40625,0.390625,主測度 發文數｜等權・未篩選,abn_attention_weekend
2021-09-26,157,-0.036008660602082576,32,-0.03811379545596495,31,-0.01169867772954117,31,-0.02483681563969038,31,-0.019484917373559604,32,0.016523743228522972,0.15625,0.15625,0.15625,主測度 發文數｜等權・未篩選,abn_attention_weekend
2021-10-03,162,-0.01219819357923177,33,-0.001917941245094,32,-0.015695657686934993,32,0.0048857476248973936,32,-0.010987999184499263,33,0.0012101943947325066,0.45454545454545453,0.24242424242424243,0.3484848484848485,主測度 發文數｜等權・未篩選,abn_attention_weekend
2021-10-10,163,-0.01206882753127476,33,0.000564237512543312,32,0.0035721748432759174,33,-0.007648625106624871,32,-0.005815402619727885,33,0.006253424911546874,0.3939393939393939,0.36363636363636365,0.3787878787878788,主測度 發文數｜等權・未篩選,abn_attention_weekend
2021-10-17,165,-0.01997538511216591,33,-0.006530005385367329,33,0.003783749488677455,33,0.0033888815995470013,33,0.00867748492538557,33,0.02865287003755148,0.3333333333333333,0.30303030303030304,0.3181818181818182,主測度 發文數｜等權・未篩選,abn_attention_weekend
2021-10-24,164,0.022126054386045486,33,0.0008249477876112625,33,0.007384954651344564,32,0.026581522620698298,33,0.007405136580380337,33,-0.01472091780566515,0.18181818181818182,0.15151515151515152,0.16666666666666669,主測度 發文數｜等權・未篩選,abn_attention_weekend
2021-10-31,165,0.010235547925587599,33,0.001778175051994378,33,0.012762071218265326,33,0.0036589166510903387,33,0.002872865814056133,33,-0.007362682111531466,0.24242424242424243,0.24242424242424243,0.24242424242424243,主測度 發文數｜等權・未篩選,abn_attention_weekend
2021-11-07,165,0.007258872736626126,33,0.0122745725123127,33,0.01851101790829064,33,-0.0024951931660750124,33,0.006967534455199961,33,-0.00029133828142616485,0.3333333333333333,0.18181818181818182,0.25757575757575757,主測度 發文數｜等權・未篩選,abn_attention_weekend
2021-11-14,166,-0.004911325570971958,34,-0.0009336828219610561,33,-0.024003883668807374,33,0.005678132431132974,33,-0.002578129053745343,33,0.0023331965172266153,0.45454545454545453,0.4117647058823529,0.4331550802139037,主測度 發文數｜等權・未篩選,abn_attention_weekend
2021-11-21,166,-0.014356724855701301,34,-0.010778802261921594,33,-0.0038963368668655713,33,-0.024172180153565027,33,-0.013497291635615674,33,0.0008594332200856265,0.15151515151515152,0.11764705882352941,0.13458110516934046,主測度 發文數｜等權・未篩選,abn_attention_weekend
2021-11-28,165,0.02655173908866185,33,0.0072765207628260435,33,0.012767607199145862,33,0.03443287232011116,33,0.018360271999757986,33,-0.008191467088903864,0.18181818181818182,0.12121212121212122,0.15151515151515152,主測度 發文數｜等權・未篩選,abn_attention_weekend
2021-12-05,167,0.008315079486673519,34,0.0013237935788467273,33,0.0015988575379907131,33,0.01272791048513172,33,0.0032173579932888293,34,-0.005097721493384689,0.29411764705882354,0.3235294117647059,0.3088235294117647,主測度 發文數｜等權・未篩選,abn_attention_weekend
2021-12-12,169,-0.009511590422775358,34,-0.005474739633913317,34,0.004160967859871173,33,-0.012759172163466666,34,-0.006104240202549993,34,0.0034073502202253657,0.38235294117647056,0.35294117647058826,0.36764705882352944,主測度 發文數｜等權・未篩選,abn_attention_weekend
2021-12-19,169,0.01601118562977988,34,0.002311066458189681,34,0.009637537929361872,33,0.029711563872359043,34,0.001672856877247027,34,-0.014338328752532855,0.29411764705882354,0.29411764705882354,0.29411764705882354,主測度 發文數｜等權・未篩選,abn_attention_weekend
2021-12-26,170,0.008355560723666082,34,0.007726556413035905,34,0.005693698205840912,34,0.013924628309231978,34,0.014293509981385821,34,0.005937949257719739,0.14705882352941177,0.23529411764705882,0.19117647058823528,主測度 發文數｜等權・未篩選,abn_attention_weekend
2022-01-02,171,-0.012760024482405189,35,-0.012364281112927644,34,-0.022868387879414368,34,-0.03291364302715512,34,-0.01634514496739444,34,-0.0035851204849892526,0.20588235294117646,0.17142857142857143,0.18865546218487395,主測度 發文數｜等權・未篩選,abn_attention_weekend
2022-01-09,171,-0.008163149427155167,35,-0.0055490016562599,34,-0.011131309341901633,34,-0.021862073749539093,34,0.010562184219031412,34,0.01872533364618658,0.23529411764705882,0.34285714285714286,0.2890756302521008,主測度 發文數｜等權・未篩選,abn_attention_weekend
2022-01-16,171,-0.01708679722073242,35,-0.014478822466343733,34,-0.020222587403724374,34,-0.003950169122540762,34,-0.020115304535273475,34,-0.003028507314541056,0.35294117647058826,0.3142857142857143,0.3336134453781513,主測度 發文數｜等權・未篩選,abn_attention_weekend
2022-01-23,169,-0.01575189422185441,34,-0.017475563937596597,34,-0.016802200640659196,33,-0.02030292747416361,34,-0.007383514494425121,34,0.008368379727429287,0.35294117647058826,0.20588235294117646,0.27941176470588236,主測度 發文數｜等權・未篩選,abn_attention_weekend
2022-02-06,167,0.04788818398329012,34,0.03022736442204747,33,0.04247531667390518,33,0.04084891422996364,33,0.03100624435752646,34,-0.016881939625763658,0.38235294117647056,0.35294117647058826,0.36764705882352944,主測度 發文數｜等權・未篩選,abn_attention_weekend
2022-02-13,168,0.018373654617278114,34,0.015723928123966262,33,-0.0016710679738119755,34,0.018649685880494704,33,0.010974421064873048,34,-0.007399233552405066,0.38235294117647056,0.2647058823529412,0.32352941176470584,主測度 發文數｜等權・未篩選,abn_attention_weekend
2022-02-20,168,-0.01412805010749705,34,-0.01092364330701731,33,-0.02092049279846475,34,-0.022671946677931036,33,-0.015302045846050693,34,-0.0011739957385536424,0.4117647058823529,0.4117647058823529,0.4117647058823529,主測度 發文數｜等權・未篩選,abn_attention_weekend
2022-02-27,169,0.012254529362548658,34,0.01670687718833756,34,0.0094949758955707,33,0.011860171248717962,34,0.004718717270268399,34,-0.007535812092280259,0.17647058823529413,0.17647058823529413,0.17647058823529413,主測度 發文數｜等權・未篩選,abn_attention_weekend
2022-03-06,169,-0.009128115248544885,34,-0.025720305007021986,34,-0.014423588129787942,33,-0.016308948634340327,34,-0.006923327598677691,34,0.0022047876498671945,0.23529411764705882,0.14705882352941177,0.19117647058823528,主測度 發文數｜等權・未篩選,abn_attention_weekend
2022-03-13,170,0.013110570938028624,34,0.014221441577975858,34,0.00638731225078075,34,0.009754613718723422,34,0.0034284202104195222,34,-0.009682150727609102,0.2647058823529412,0.3235294117647059,0.29411764705882354,主測度 發文數｜等權・未篩選,abn_attention_weekend
2022-03-20,170,-0.008464338282307934,34,0.014528612647834512,34,0.011562841107306644,34,0.0017104970434603925,34,0.005522342096726581,34,0.013986680379034515,0.17647058823529413,0.17647058823529413,0.17647058823529413,主測度 發文數｜等權・未篩選,abn_attention_weekend
2022-03-27,172,0.012443737774088245,35,0.007994797100054678,34,0.0013906302011766477,34,0.0007014222636752293,34,-1.7216301067587584e-05,35,-0.012460954075155833,0.6,0.4857142857142857,0.5428571428571428,主測度 發文數｜等權・未篩選,abn_attention_weekend
2022-04-03,172,-0.011555902261381238,35,-0.005663896293159896,34,0.00036173566623164203,34,-0.019593266928024253,34,-0.0017759085162308745,35,0.009779993745150362,0.6,0.45714285714285713,0.5285714285714286,主測度 發文數｜等權・未篩選,abn_attention_weekend
2022-04-10,172,-0.00954952957323628,35,0.008131583015487854,34,0.006365301653664703,34,-0.019818367462448815,34,-0.012399366408510746,35,-0.0028498368352744656,0.17142857142857143,0.17142857142857143,0.17142857142857143,主測度 發文數｜等權・未篩選,abn_attention_weekend
2022-04-17,171,0.0033358755928074167,35,0.01760497503198788,34,0.019529755782830994,34,0.016168839701532333,34,0.0019382770698275307,34,-0.001397598522979886,0.17647058823529413,0.17142857142857143,0.17394957983193277,主測度 發文數｜等權・未篩選,abn_attention_weekend
2022-04-24,170,-0.02911037852679022,34,-0.023348771368345785,34,-0.04640095545548402,34,-0.019772151649952354,34,-0.02645609988991259,34,0.00265427863687763,0.4117647058823529,0.20588235294117646,0.3088235294117647,主測度 發文數｜等權・未篩選,abn_attention_weekend
2022-05-01,169,-0.01830991583076854,34,-0.011641779762516846,34,-0.013642524417354807,33,0.006597036223598585,34,-0.004144392351775076,34,0.014165523478993464,0.3235294117647059,0.23529411764705882,0.27941176470588236,主測度 發文數｜等權・未篩選,abn_attention_weekend
2022-05-08,168,-0.03925542114425279,34,-0.05646337176128525,33,-0.04612190408738341,34,-0.027626779874666163,33,-0.038377415496212396,34,0.0008780056480403933,0.38235294117647056,0.3235294117647059,0.3529411764705882,主測度 發文數｜等權・未篩選,abn_attention_weekend
2022-05-15,168,0.008679413028668053,34,0.020748563317810997,33,0.018355956303867885,34,0.013264198693797429,33,0.0029431851636798102,34,-0.0057362278649882425,0.4411764705882353,0.3235294117647059,0.38235294117647056,主測度 發文數｜等權・未篩選,abn_attention_weekend
2022-05-22,167,0.007483698620525068,34,0.0024944840776676773,33,0.004556643675409984,33,0.005121431548150411,33,0.007662894208761771,34,0.00017919558823670245,0.3235294117647059,0.2647058823529412,0.29411764705882354,主測度 發文數｜等權・未篩選,abn_attention_weekend
2022-05-29,167,-0.0017097321366209366,34,0.006143649080039298,33,-0.00037744426217887746,33,0.02263280609971219,33,0.0018510663988522478,34,0.0035607985354731845,0.23529411764705882,0.2647058823529412,0.25,主測度 發文數｜等權・未篩選,abn_attention_weekend
2022-06-05,169,-0.016412493644358817,34,0.00423524652605693,34,-0.005946879065988046,33,-0.003994139758636113,34,0.007086741058670396,34,0.023499234703029212,0.2647058823529412,0.23529411764705882,0.25,主測度 發文數｜等權・未篩選,abn_attention_weekend
2022-06-12,168,-0.03544878597790907,34,-0.021727943789514967,33,-0.027848343115724993,34,-0.029485967368943156,33,-0.02912534904992352,34,0.006323436927985551,0.2647058823529412,0.23529411764705882,0.25,主測度 發文數｜等權・未篩選,abn_attention_weekend
2022-06-19,168,-0.03361658242447461,34,0.0022915575297221967,33,-0.018005360797555464,34,-0.015996899496446157,33,0.0005364768886008152,34,0.03415305931307542,0.20588235294117646,0.17647058823529413,0.19117647058823528,主測度 發文數｜等權・未篩選,abn_attention_weekend
2022-06-26,164,-0.05767156598779044,33,-0.04212488785504013,33,-0.062247345982436114,32,-0.07580203379689941,33,-0.06492545508624903,33,-0.007253889098458588,0.2727272727272727,0.24242424242424243,0.25757575757575757,主測度 發文數｜等權・未篩選,abn_attention_weekend
2022-07-03,163,0.024240617467384807,33,0.0026084402893594948,32,0.014243973876183463,33,0.013463509407064825,32,0.02617385954626073,33,0.0019332420788759214,0.21212121212121213,0.18181818181818182,0.19696969696969696,主測度 發文數｜等權・未篩選,abn_attention_weekend
2022-07-10,162,-0.011470778106878654,33,-0.005772674499492977,32,-0.01609421068808521,32,-0.012841551729338395,32,0.002602394606447861,33,0.014073172713326516,0.30303030303030304,0.2727272727272727,0.28787878787878785,主測度 發文數｜等權・未篩選,abn_attention_weekend
2022-07-17,163,0.034196618668756625,33,0.010757456735004833,32,0.03584200797428782,33,0.030784457787792575,32,0.030872018239343258,33,-0.0033246004294133664,0.36363636363636365,0.3333333333333333,0.3484848484848485,主測度 發文數｜等權・未篩選,abn_attention_weekend
2022-07-24,161,0.027000195337796268,33,0.010120230342096751,32,0.009468617949211083,32,0.0067693296585272025,32,-0.0001411576867230216,32,-0.02714135302451929,0.21875,0.18181818181818182,0.2002840909090909,主測度 發文數｜等權・未篩選,abn_attention_weekend
2022-07-31,161,-0.003519915704630875,33,-0.023012096504644204,32,-0.014075072194193915,32,-0.008375512325887551,32,-0.003726723170109452,32,-0.00020680746547857695,0.25,0.2727272727272727,0.26136363636363635,主測度 發文數｜等權・未篩選,abn_attention_weekend
2022-08-07,156,0.02149137562763403,32,0.02447584080327918,31,0.02834740238946926,31,0.024872277705893592,31,0.017632244565180977,31,-0.003859131062453055,0.1935483870967742,0.15625,0.1748991935483871,主測度 發文數｜等權・未篩選,abn_attention_weekend
2022-08-14,157,0.006452621050809449,32,0.012453605420924942,31,0.032171608866663114,31,0.01607647233146951,31,0.002222931794581679,32,-0.00422968925622777,0.3125,0.3125,0.3125,主測度 發文數｜等權・未篩選,abn_attention_weekend
2022-08-21,156,0.016844668273021942,32,0.026142127503420053,31,0.018813817524703024,31,0.009510516771252435,31,0.005443762979928528,31,-0.011400905293093413,0.41935483870967744,0.25,0.33467741935483875,主測度 發文數｜等權・未篩選,abn_attention_weekend
2022-08-28,155,-0.010382709282327533,31,0.002518446658866168,31,0.0026691914442797267,31,-0.00041359695489773967,31,-0.00753822737675621,31,0.002844481905571323,0.4838709677419355,0.3870967741935484,0.43548387096774194,主測度 發文數｜等權・未篩選,abn_attention_weekend
2022-09-04,155,-0.005949671855134895,31,-0.005931282125470367,31,-0.02070967463526947,31,-0.016485203446061625,31,-0.006555621069424422,31,-0.0006059492142895268,0.41935483870967744,0.3548387096774194,0.3870967741935484,主測度 發文數｜等權・未篩選,abn_attention_weekend
2022-09-11,154,-0.0061338907713532,31,-0.007989929015355146,31,-0.007665464455009755,30,0.013598074027735382,31,-0.005096861094196141,31,0.0010370296771570597,0.3548387096774194,0.2903225806451613,0.32258064516129037,主測度 發文數｜等權・未篩選,abn_attention_weekend
2022-09-18,156,-0.022289404136313452,32,-0.02205218911130297,31,-0.03262943009828589,31,-0.03703780784526654,31,-0.026537966406911664,31,-0.004248562270598211,0.25806451612903225,0.21875,0.23840725806451613,主測度 發文數｜等權・未篩選,abn_attention_weekend
2022-09-25,154,-0.03129190729269255,31,-0.03142709707714767,31,-0.040248379087296664,30,-0.04131611671167156,31,-0.03234744573745134,31,-0.001055538444758787,0.1935483870967742,0.16129032258064516,0.1774193548387097,主測度 發文數｜等權・未篩選,abn_attention_weekend
2022-10-02,152,0.02480130703627027,31,0.010787608243105588,30,0.03373878763333606,30,0.0324939519955639,30,0.0156355507921369,31,-0.00916575624413337,0.16129032258064516,0.12903225806451613,0.14516129032258063,主測度 發文數｜等權・未篩選,abn_attention_weekend
2022-10-09,152,-0.027410829165730333,31,-0.012711283941018232,30,-0.027048996991837004,30,-0.02266833324124183,30,-0.018069368702219358,31,0.009341460463510975,0.22580645161290322,0.22580645161290322,0.22580645161290322,主測度 發文數｜等權・未篩選,abn_attention_weekend
2022-10-16,148,-0.005571773689714965,30,-0.004766131691009961,29,-0.01258836559828695,30,-0.006184230257407246,29,-0.016048535490109535,30,-0.010476761800394571,0.23333333333333334,0.13333333333333333,0.18333333333333335,主測度 發文數｜等權・未篩選,abn_attention_weekend
2022-10-23,146,-0.010967939732153435,30,-0.01066962411993522,29,-0.004308023088440946,29,-0.025228608638353203,29,-0.011793241395030948,29,-0.0008253016628775138,0.3448275862068966,0.43333333333333335,0.38908045977011496,主測度 發文數｜等權・未篩選,abn_attention_weekend
2022-10-30,149,0.015365126457164329,30,0.01478382253848277,30,0.025411585407296697,29,0.03442831578870937,30,0.008274041732037758,30,-0.007091084725126571,0.43333333333333335,0.43333333333333335,0.43333333333333335,主測度 發文數｜等權・未篩選,abn_attention_weekend
2022-11-06,148,0.03574356183888971,30,0.014647665413461963,29,0.012575451781925677,30,0.023661544992203267,29,0.02886667319094929,30,-0.006876888647940418,0.26666666666666666,0.26666666666666666,0.26666666666666666,主測度 發文數｜等權・未篩選,abn_attention_weekend
2022-11-13,145,0.0026792937074487932,29,0.003257694702256606,29,0.014899095022917292,29,0.021765220140839453,29,0.02045999439895889,29,0.017780700691510096,0.20689655172413793,0.13793103448275862,0.1724137931034483,主測度 發文數｜等權・未篩選,abn_attention_weekend
2022-11-20,143,0.032513704922334935,29,0.01737076921883145,28,0.01212532753247217,29,0.0058546179058382875,28,0.009710076059902588,29,-0.022803628862432347,0.20689655172413793,0.20689655172413793,0.20689655172413793,主測度 發文數｜等權・未篩選,abn_attention_weekend
2022-11-27,141,0.03331894724093393,29,0.04082448435325181,28,0.06267970582049527,28,0.04791819804363541,28,0.03103148016013449,28,-0.002287467080799438,0.14285714285714285,0.13793103448275862,0.14039408866995073,主測度 發文數｜等權・未篩選,abn_attention_weekend
2022-12-04,140,0.001941872347373744,28,-0.010519292787297907,28,-0.022413694567880515,28,-0.016130578656554654,28,-0.0155916426466331,28,-0.017533514994006846,0.2857142857142857,0.21428571428571427,0.25,主測度 發文數｜等權・未篩選,abn_attention_weekend
2022-12-11,141,0.0025432321566622547,29,-0.0069518091597180675,28,0.009414517815955595,28,-0.004062822385707999,28,-0.0026847465418299537,28,-0.005227978698492208,0.25,0.27586206896551724,0.2629310344827586,主測度 發文數｜等權・未篩選,abn_attention_weekend
2022-12-18,141,-0.008416404183705877,29,-0.004591764564118921,28,-0.007666436538126978,28,-0.013318773679393865,28,-0.005137489548306835,28,0.0032789146353990424,0.21428571428571427,0.20689655172413793,0.2105911330049261,主測度 發文數｜等權・未篩選,abn_attention_weekend
2022-12-25,142,-0.012232817520563618,29,-0.0013483014950736569,28,-0.008555691110807923,28,-0.007142619134706009,28,-0.008968649798948599,29,0.0032641677216150196,0.3103448275862069,0.3448275862068966,0.3275862068965517,主測度 發文數｜等權・未篩選,abn_attention_weekend
2023-01-01,143,-2.379829050474877e-05,29,0.011648517270745356,28,0.006572033953401273,29,0.016021505138542995,28,0.004885339694467526,29,0.004909137984972275,0.3103448275862069,0.3448275862068966,0.3275862068965517,主測度 發文數｜等權・未篩選,abn_attention_weekend
2023-01-08,142,-0.003276990288669874,29,-0.0038266605259745312,28,-0.0007190115329248625,28,-0.013185463660453953,28,0.0075223140207219446,29,0.010799304309391819,0.2413793103448276,0.20689655172413793,0.22413793103448276,主測度 發文數｜等權・未篩選,abn_attention_weekend
2023-01-15,140,0.0016821690629153904,28,0.004659708632467884,28,0.0033522876680977015,28,-0.0015971849453079168,28,0.0008045529171895803,28,-0.0008776161457258101,0.25,0.25,0.25,主測度 發文數｜等權・未篩選,abn_attention_weekend
2023-01-29,138,0.010129806889451639,28,0.014298684500445358,27,0.034004717314065284,28,0.029392089780155065,27,0.010631884281372973,28,0.000502077391921334,0.2857142857142857,0.25,0.26785714285714285,主測度 發文數｜等權・未篩選,abn_attention_weekend
2023-02-05,137,-0.010188842924564944,28,0.0028327001841932744,27,-0.01397882397152393,27,-0.0062223957219933995,27,0.008122719498155502,28,0.018311562422720445,0.32142857142857145,0.32142857142857145,0.32142857142857145,主測度 發文數｜等權・未篩選,abn_attention_weekend
2023-02-12,137,0.01878989500320407,28,0.023721777152522536,27,0.012698426986968202,27,0.027088681839572314,27,0.01687378004589854,28,-0.00191611495730553,0.17857142857142858,0.10714285714285714,0.14285714285714285,主測度 發文數｜等權・未篩選,abn_attention_weekend
2023-02-19,138,0.012458031717130998,28,0.020447291885186465,27,0.016296696993582754,28,0.012328353874259505,27,0.02171060182236934,28,0.00925257010523834,0.39285714285714285,0.25,0.3214285714285714,主測度 發文數｜等權・未篩選,abn_attention_weekend
2023-02-26,140,0.008055606022132376,28,0.01607002132024465,28,0.00631628963819837,28,0.00683850997823951,28,0.008910876940487736,28,0.0008552709183553605,0.39285714285714285,0.42857142857142855,0.4107142857142857,主測度 發文數｜等權・未篩選,abn_attention_weekend
2023-03-05,139,-0.012884299022022372,28,-0.02178773752871294,28,-0.00268303776011894,27,-0.007655294432576597,28,-0.016411373015280027,28,-0.0035270739932576553,0.17857142857142858,0.10714285714285714,0.14285714285714285,主測度 發文數｜等權・未篩選,abn_attention_weekend
2023-03-12,140,0.0004458066396664676,28,-0.005842606529587445,28,-0.02003598134104586,28,-0.015315788780831016,28,-0.014791844882533461,28,-0.015237651522199929,0.25,0.14285714285714285,0.19642857142857142,主測度 發文數｜等權・未篩選,abn_attention_weekend
2023-03-19,143,0.01765317044274059,29,0.016615335719566287,28,0.02564811843687865,29,0.018178947319457097,28,0.02929875336361688,29,0.01164558292087629,0.2413793103448276,0.27586206896551724,0.25862068965517243,主測度 發文數｜等權・未篩選,abn_attention_weekend
2023-03-26,144,-0.00757474362947429,29,0.003970677161033344,29,-0.003892883607159396,28,-0.0033316843724747938,29,-0.0031221876494373184,29,0.004452555980036971,0.27586206896551724,0.2413793103448276,0.25862068965517243,主測度 發文數｜等權・未篩選,abn_attention_weekend
2023-04-02,144,0.0017277341945082121,29,0.002702808669852898,29,0.01616661378157838,28,0.003782026601157884,29,0.003776828754307037,29,0.002049094559798825,0.3103448275862069,0.3103448275862069,0.3103448275862069,主測度 發文數｜等權・未篩選,abn_attention_weekend
2023-04-09,143,0.019189381824989263,29,0.00614742200461575,28,0.04281554215108235,29,0.01173093348708451,28,0.014801820039966858,29,-0.004387561785022405,0.2413793103448276,0.13793103448275862,0.1896551724137931,主測度 發文數｜等權・未篩選,abn_attention_weekend
2023-04-16,143,-0.024011933858686225,29,-0.028735817059087225,28,-0.024590169648436154,29,-0.031518427581597404,28,-0.018653081125698162,29,0.005358852732988063,0.3793103448275862,0.2413793103448276,0.3103448275862069,主測度 發文數｜等權・未篩選,abn_attention_weekend
2023-04-23,143,0.0028098784952676156,29,0.009111710671437453,28,0.017456934988893627,29,0.0036609275211390607,28,0.00959158072619097,29,0.006781702230923356,0.3793103448275862,0.3103448275862069,0.3448275862068966,主測度 發文數｜等權・未篩選,abn_attention_weekend
2023-04-30,140,0.004659444987326404,28,0.002371539263360173,28,-0.0013195395687940839,28,0.004093354494732225,28,0.007204574104120275,28,0.0025451291167938707,0.39285714285714285,0.32142857142857145,0.35714285714285715,主測度 發文數｜等權・未篩選,abn_attention_weekend
2023-05-07,141,-0.024704193631666115,29,-0.02512582180326515,28,-0.04601896380470668,28,-0.013582261157529604,28,-0.021821605929458317,28,0.002882587702207798,0.32142857142857145,0.2413793103448276,0.2814039408866995,主測度 發文數｜等權・未篩選,abn_attention_weekend
2023-05-14,138,0.0284802134732915,28,0.020644157582213083,27,0.01652666027805446,28,0.04384853198349429,27,0.025999974663532082,28,-0.0024802388097594184,0.25,0.21428571428571427,0.23214285714285715,主測度 發文數｜等權・未篩選,abn_attention_weekend
2023-05-21,135,0.008704903152468059,27,-0.0022748766132373146,27,-0.0041941421586954636,27,0.009923222102728816,27,0.003204948927721755,27,-0.0054999542247463045,0.2962962962962963,0.2962962962962963,0.2962962962962963,主測度 發文數｜等權・未篩選,abn_attention_weekend
2023-05-28,137,0.0063983548663891065,28,0.019131986042901408,27,0.01877807882120539,27,0.027826500840655678,27,0.01355186395134764,28,0.007153509084958534,0.2857142857142857,0.25,0.26785714285714285,主測度 發文數｜等權・未篩選,abn_attention_weekend
2023-06-04,138,0.017087528785876903,28,0.008452377305676717,27,0.013920162985005915,28,0.013706557333328397,27,-0.0004424124628821128,28,-0.017529941248759017,0.14285714285714285,0.14285714285714285,0.14285714285714285,主測度 發文數｜等權・未篩選,abn_attention_weekend
2023-06-11,139,0.01927297981181101,28,0.01373482512723352,28,0.006742836934468459,27,0.003503256070973154,28,0.0036996130612955147,28,-0.015573366750515495,0.25,0.21428571428571427,0.23214285714285715,主測度 發文數｜等權・未篩選,abn_attention_weekend
2023-06-18,139,0.013277492076883378,28,-0.0011694625809506548,28,0.00468661633685175,27,0.010619124174080138,28,-0.0013684991264399013,28,-0.014645991203323279,0.5357142857142857,0.39285714285714285,0.4642857142857143,主測度 發文數｜等權・未篩選,abn_attention_weekend
2023-06-25,137,-0.011307481782088081,28,0.000528399330204942,27,0.003337909872520271,27,-0.021411368978797966,27,-0.005389459576706525,28,0.005918022205381557,0.42857142857142855,0.4642857142857143,0.4464285714285714,主測度 發文數｜等權・未篩選,abn_attention_weekend
2023-07-02,136,-0.020911255626467232,28,-0.0276416681475221,27,-0.021607320789744575,27,-0.006223650954900636,27,-0.008383335491906943,27,0.01252792013456029,0.18518518518518517,0.21428571428571427,0.1997354497354497,主測度 發文數｜等權・未篩選,abn_attention_weekend
2023-07-09,135,0.020101015657511295,27,-0.008420607743650076,27,-0.01059838048752126,27,0.0022925541575359474,27,-0.008588236613702548,27,-0.02868925227121384,0.14814814814814814,0.14814814814814814,0.14814814814814814,主測度 發文數｜等權・未篩選,abn_attention_weekend
2023-07-16,136,-0.01258481655192016,28,0.007665931649168421,27,0.008954158957575441,27,-0.02891948101802986,27,-0.009245557603585499,27,0.0033392589483346603,0.2222222222222222,0.25,0.2361111111111111,主測度 發文數｜等權・未篩選,abn_attention_weekend
2023-07-23,137,0.029959320646560376,28,0.011503102607881536,27,0.00643304818351305,27,0.015948996695351124,27,0.013872187856981013,28,-0.016087132789579364,0.2857142857142857,0.25,0.26785714285714285,主測度 發文數｜等權・未篩選,abn_attention_weekend
2023-07-30,134,-0.02589170137105424,27,-0.003104076627686044,27,-0.014575729316934068,26,-0.02712879119278348,27,-0.0027173589116585603,27,0.02317434245939568,0.2962962962962963,0.2962962962962963,0.2962962962962963,主測度 發文數｜等權・未篩選,abn_attention_weekend
2023-08-06,135,-0.03165529966113801,27,-0.03041745629098021,27,-0.04223576618251435,27,-0.034177723419791785,27,-0.01405353235512742,27,0.01760176730601059,0.37037037037037035,0.25925925925925924,0.31481481481481477,主測度 發文數｜等權・未篩選,abn_attention_weekend
2023-08-13,138,-0.005090541807581728,28,-0.0260061053072916,27,-0.014913538200137957,28,-0.014364872849694217,27,-0.02565776278827725,28,-0.020567220980695522,0.35714285714285715,0.2857142857142857,0.3214285714285714,主測度 發文數｜等權・未篩選,abn_attention_weekend
2023-08-20,143,-0.006734955562399512,29,-0.011290511362805868,28,-0.010153741156917508,29,0.003336898012682804,28,0.002149178004439639,29,0.008884133566839151,0.27586206896551724,0.1724137931034483,0.22413793103448276,主測度 發文數｜等權・未篩選,abn_attention_weekend
2023-08-27,142,0.002965612854049531,29,0.018831817256963784,28,0.03364667764660077,28,-0.0004221249993775727,28,0.007940227537701535,29,0.004974614683652004,0.20689655172413793,0.2413793103448276,0.22413793103448276,主測度 發文數｜等權・未篩選,abn_attention_weekend
2023-09-03,141,-0.002161557278573199,29,0.008055371219802182,28,-0.016611250873864003,28,0.0013615664016277276,28,-0.00890362621778591,28,-0.0067420689392127114,0.21428571428571427,0.2413793103448276,0.22783251231527094,主測度 發文數｜等權・未篩選,abn_attention_weekend
2023-09-10,141,0.016541170788439197,29,0.010587433784375457,28,0.004330559248562095,28,0.007669053058603306,28,0.005303130991382834,28,-0.011238039797056364,0.2857142857142857,0.2413793103448276,0.26354679802955666,主測度 發文數｜等權・未篩選,abn_attention_weekend
2023-09-17,144,-0.014176778435345616,29,-0.012921483426718835,29,-0.015723253924613063,28,-0.013338569282381618,29,-0.015904111271696428,29,-0.0017273328363508113,0.3103448275862069,0.27586206896551724,0.2931034482758621,主測度 發文數｜等權・未篩選,abn_attention_weekend
2023-09-24,144,-0.008716601705567888,29,0.009546071484442772,29,0.009942677635785527,28,-0.006243577136347075,29,-0.003518963570846567,29,0.005197638134721321,0.20689655172413793,0.2413793103448276,0.22413793103448276,主測度 發文數｜等權・未篩選,abn_attention_weekend
2023-10-01,140,-0.001926713954082044,28,-0.0022807407603613844,28,-0.00609309644097195,28,-0.001557646723889147,28,0.0005542354188544255,28,0.0024809493729364696,0.17857142857142858,0.14285714285714285,0.1607142857142857,主測度 發文數｜等權・未篩選,abn_attention_weekend
2023-10-08,141,-0.007908644273036017,29,-0.006587735685348138,28,-0.014115192557915327,28,-0.00833633180758039,28,-0.003424006658290572,28,0.004484637614745445,0.17857142857142858,0.1724137931034483,0.17549261083743845,主測度 發文數｜等權・未篩選,abn_attention_weekend
2023-10-15,142,-0.020688408826077757,29,-0.03352043258258431,28,-0.03348173140319115,28,-0.04402520522948659,28,-0.020547226597539582,29,0.0001411822285381746,0.20689655172413793,0.20689655172413793,0.20689655172413793,主測度 發文數｜等權・未篩選,abn_attention_weekend
2023-10-22,143,-0.00023084660100201356,29,0.00567250340540555,28,0.014514335385902211,29,0.004536904786866925,28,-0.0010434202624148923,29,-0.0008125736614128787,0.2413793103448276,0.10344827586206896,0.1724137931034483,主測度 發文數｜等權・未篩選,abn_attention_weekend
2023-10-29,141,0.019985006663382245,29,0.003229141030948255,28,-0.005931910085920604,28,0.01828905736511121,28,0.01027777293187617,28,-0.009707233731506075,0.2857142857142857,0.3103448275862069,0.29802955665024633,主測度 發文數｜等權・未篩選,abn_attention_weekend
2023-11-05,139,-0.008212804554335873,28,-0.004380039123451763,28,0.001457171866650496,27,-0.008938672240905129,28,0.006704064736705936,28,0.014916869291041808,0.10714285714285714,0.21428571428571427,0.1607142857142857,主測度 發文數｜等權・未篩選,abn_attention_weekend
2023-11-12,140,0.023648436679857658,28,0.03132799772511149,28,0.021742908268313706,28,0.034381572502875116,28,0.011679092888022765,28,-0.011969343791834893,0.21428571428571427,0.2857142857142857,0.25,主測度 發文數｜等權・未篩選,abn_attention_weekend
2023-11-19,139,0.007244154504867476,28,0.019872261873357885,28,0.01465695233337119,27,0.004427742480710694,28,0.0025293792020193756,28,-0.0047147753028481,0.17857142857142858,0.21428571428571427,0.19642857142857142,主測度 發文數｜等權・未篩選,abn_attention_weekend
2023-11-26,139,0.020142721485386986,28,0.005843011614886373,28,0.00918942569212031,27,0.005553791000614614,28,0.012523013644272999,28,-0.007619707841113987,0.21428571428571427,0.10714285714285714,0.1607142857142857,主測度 發文數｜等權・未篩選,abn_attention_weekend
2023-12-03,139,0.010296438251776233,28,0.026270583527391974,28,-0.009960450982892147,27,0.0008909528032106095,28,0.002506949083507384,28,-0.0077894891682688495,0.39285714285714285,0.17857142857142858,0.2857142857142857,主測度 發文數｜等權・未篩選,abn_attention_weekend
2023-12-10,141,-0.0024440325057189572,29,-0.00089398226949627,28,0.007438020450326583,28,0.001477898464085775,28,0.008728742917737009,28,0.011172775423455966,0.4642857142857143,0.4482758620689655,0.4562807881773399,主測度 發文數｜等權・未篩選,abn_attention_weekend
2023-12-17,141,-0.008660664574188027,29,-0.00932992284196042,28,-0.01949078168312889,28,-0.006669603591970326,28,-0.013674747305641083,28,-0.005014082731453056,0.10714285714285714,0.06896551724137931,0.08805418719211822,主測度 發文數｜等權・未篩選,abn_attention_weekend
2023-12-24,138,0.0003646949115853694,28,0.0006315416107916137,27,-0.000719301906184843,28,0.0137758895688826,27,0.00932413774434401,28,0.00895944283275864,0.2857142857142857,0.25,0.26785714285714285,主測度 發文數｜等權・未篩選,abn_attention_weekend
2023-12-31,139,-0.0029169061850239414,28,-0.008298721472913578,28,-0.006789623698267789,27,-0.015465830940296426,28,0.0021831038473326164,28,0.005100010032356558,0.14285714285714285,0.14285714285714285,0.14285714285714285,主測度 發文數｜等權・未篩選,abn_attention_weekend
2024-01-07,137,-0.018821238633738798,28,-0.018862762280870967,27,-0.03712773563579831,27,-0.008604153881820297,27,-0.021877189105164847,28,-0.0030559504714260492,0.21428571428571427,0.14285714285714285,0.17857142857142855,主測度 發文數｜等權・未篩選,abn_attention_weekend
2024-01-14,140,-0.01819199884296847,28,-0.01314122347199798,28,-0.02768119407140428,28,-0.01653213353841179,28,-0.01134868349339965,28,0.006843315349568821,0.2857142857142857,0.21428571428571427,0.25,主測度 發文數｜等權・未篩選,abn_attention_weekend
2024-01-21,140,0.008803522591179776,28,0.016520974219307445,28,0.005844570887931273,28,0.0022738929199945445,28,0.008108761342187057,28,-0.0006947612489927191,0.25,0.14285714285714285,0.19642857142857142,主測度 發文數｜等權・未篩選,abn_attention_weekend
2024-01-28,145,0.008696349760577189,29,-0.00456819981973773,29,-0.0035313590876951003,29,-0.001951641277524513,29,0.008803485139106141,29,0.0001071353785289525,0.2413793103448276,0.1724137931034483,0.20689655172413796,主測度 發文數｜等權・未篩選,abn_attention_weekend
2024-02-04,145,-0.00361758059777116,29,0.0008848203192384104,29,-0.002426282344710647,29,-0.003057222210909083,29,-0.005340622574956791,29,-0.0017230419771856313,0.13793103448275862,0.41379310344827586,0.27586206896551724,主測度 發文數｜等權・未篩選,abn_attention_weekend
2024-02-11,146,0.01420651945553026,30,0.019836104966370293,29,0.024463408251596222,29,0.01740488220621623,29,0.01854819871955065,29,0.00434167926402039,0.20689655172413793,0.2,0.20344827586206898,主測度 發文數｜等權・未篩選,abn_attention_weekend
2024-02-18,145,0.02503830089372355,29,0.0007680238076527596,29,0.0015556309536141602,29,0.0027798900772378096,29,0.007372895926942389,29,-0.01766540496678116,0.06896551724137931,0.1724137931034483,0.1206896551724138,主測度 發文數｜等權・未篩選,abn_attention_weekend
2024-02-25,145,0.00806173339980233,29,0.02340671168264887,29,-0.007488340295939669,29,0.008938016339308031,29,0.0025354476668634027,29,-0.005526285732938927,0.20689655172413793,0.1724137931034483,0.1896551724137931,主測度 發文數｜等權・未篩選,abn_attention_weekend
2024-03-03,143,-0.0010462486038117656,29,-0.03471819714701629,28,-0.014124995919230244,29,0.010000493528709369,28,-0.010734135576729064,29,-0.009687886972917299,0.3103448275862069,0.2413793103448276,0.27586206896551724,主測度 發文數｜等權・未篩選,abn_attention_weekend
2024-03-10,144,0.014202647773130682,29,0.03039526698896347,29,0.0038986574897828252,28,0.006159134226660953,29,0.018296328613056998,29,0.004093680839926317,0.3103448275862069,0.3103448275862069,0.3103448275862069,主測度 發文數｜等權・未篩選,abn_attention_weekend
2024-03-17,144,0.011851928016418828,29,0.01859417856111847,29,0.03324392912799506,28,0.011224713834827187,29,0.0363072641910869,29,0.024455336174668073,0.6206896551724138,0.3448275862068966,0.4827586206896552,主測度 發文數｜等權・未篩選,abn_attention_weekend
2024-03-24,141,-0.002121436140958032,29,0.015613784020786734,28,0.00811748254493684,28,0.00035810213221206574,28,-0.00038990458455712536,28,0.0017315315564009068,0.5714285714285714,0.5862068965517241,0.5788177339901477,主測度 發文數｜等權・未篩選,abn_attention_weekend
2024-03-31,140,0.005282008833189363,28,-0.008112538175021769,28,0.003981802214750585,28,0.0055484127543134,28,0.003014724200960221,28,-0.0022672846322291424,0.35714285714285715,0.32142857142857145,0.3392857142857143,主測度 發文數｜等權・未篩選,abn_attention_weekend
2024-04-07,141,0.036291444067791716,29,0.012201366833367169,28,0.04268112876016511,28,0.024918918516263728,28,0.020845891805385784,28,-0.015445552262405932,0.2857142857142857,0.2413793103448276,0.26354679802955666,主測度 發文數｜等權・未篩選,abn_attention_weekend
2024-04-14,141,-0.019439161913104453,29,-0.018718612274700074,28,-0.026144155163690785,28,-0.01704138014277615,28,-0.010303720189195389,28,0.009135441723909064,0.6428571428571429,0.3793103448275862,0.5110837438423645,主測度 發文數｜等權・未篩選,abn_attention_weekend
2024-04-21,142,0.008470769299022393,29,-0.006956479850205267,28,0.006220492717157792,28,0.011790331564338384,28,0.020474550550351217,29,0.012003781251328824,0.6551724137931034,0.5172413793103449,0.5862068965517242,主測度 發文數｜等權・未篩選,abn_attention_weekend
2024-04-28,143,-0.007747270059532099,29,0.015665970131093377,28,0.004075484563224933,29,0.001525920667431957,28,0.012423788024167453,29,0.020171058083699553,0.27586206896551724,0.27586206896551724,0.27586206896551724,主測度 發文數｜等權・未篩選,abn_attention_weekend
2024-05-05,147,-0.0005237727433500816,30,0.005254374771530426,29,-0.0051651938492327555,29,0.0018097147897910262,29,0.005305403976891476,30,0.0058291767202415575,0.26666666666666666,0.2,0.23333333333333334,主測度 發文數｜等權・未篩選,abn_attention_weekend
2024-05-12,147,0.0034582001594465413,30,0.0074585085809279915,29,0.0072819704133886545,29,0.025414813192638972,29,0.019252103601789586,30,0.015793903442343046,0.3,0.2,0.25,主測度 發文數｜等權・未篩選,abn_attention_weekend
2024-05-19,148,-0.012928847459411811,30,-0.023703921967823435,29,-0.022979338937924084,30,0.003735550988782605,29,-0.023720423441612366,30,-0.010791575982200555,0.36666666666666664,0.3,0.3333333333333333,主測度 發文數｜等權・未篩選,abn_attention_weekend
2024-05-26,147,-0.0035369344902202783,30,0.01963436944355782,29,0.0010793274860053583,29,0.022652817403814043,29,-0.00929633034210168,30,-0.005759395851881403,0.5,0.4,0.45,主測度 發文數｜等權・未篩選,abn_attention_weekend
2024-06-02,148,0.01058277564949586,30,0.008988564187457967,29,-0.001204123035865897,30,-0.0012407663429592247,29,0.011280856570491427,30,0.0006980809209955665,0.36666666666666664,0.3333333333333333,0.35,主測度 發文數｜等權・未篩選,abn_attention_weekend
2024-06-09,149,0.013424759663395514,30,-0.011486046761456859,30,-0.005592526424537137,29,-0.01484336319345834,30,0.0034265326396525427,30,-0.009998227023742971,0.3333333333333333,0.26666666666666666,0.3,主測度 發文數｜等權・未篩選,abn_attention_weekend
2024-06-16,152,0.035444216377065435,31,0.013872986304771224,30,0.001317501413583677,30,0.01707250223074645,30,0.02003938365544251,31,-0.015404832721622925,0.3225806451612903,0.3548387096774194,0.33870967741935487,主測度 發文數｜等權・未篩選,abn_attention_weekend
2024-06-23,151,-0.002287425803377847,31,-0.009549388409708544,30,-0.00459919866583991,30,0.001665703014496156,30,-0.0030133645106943346,30,-0.0007259387073164877,0.3,0.22580645161290322,0.2629032258064516,主測度 發文數｜等權・未篩選,abn_attention_weekend
2024-06-30,154,0.01436723035186804,31,0.02228576181388162,31,0.03231342259523651,30,0.034672384507296435,31,0.013947382993455344,31,-0.0004198473584126963,0.3548387096774194,0.22580645161290322,0.2903225806451613,主測度 發文數｜等權・未篩選,abn_attention_weekend
2024-07-07,154,0.006646472048281483,31,0.005734290402081195,31,-0.016095838141487188,30,-0.021768602735321062,31,0.009725237248665726,31,0.0030787652003842437,0.3870967741935484,0.2903225806451613,0.33870967741935487,主測度 發文數｜等權・未篩選,abn_attention_weekend
2024-07-14,152,-0.01740859479554955,31,-0.016609747264085307,30,-0.03466184145489855,30,-0.038276762165926154,30,-0.017739242192717303,31,-0.00033064739716775343,0.1935483870967742,0.22580645161290322,0.2096774193548387,主測度 發文數｜等權・未篩選,abn_attention_weekend
2024-07-21,153,-0.014468144307681927,31,-0.01387800436528667,30,-0.01076646000080266,31,-0.027909674284635262,30,-0.017592532153734686,31,-0.0031243878460527584,0.22580645161290322,0.22580645161290322,0.22580645161290322,主測度 發文數｜等權・未篩選,abn_attention_weekend
2024-07-28,153,-0.025295810788474125,31,-0.02823485671673291,30,-0.01587867176623312,31,-0.01076964223537477,30,-0.028432822951093912,31,-0.003137012162619787,0.2903225806451613,0.25806451612903225,0.27419354838709675,主測度 發文數｜等權・未篩選,abn_attention_weekend
2024-08-04,153,0.017661038320525586,31,-0.026630685970989047,30,-0.008180121054253368,31,-0.012356470610812647,30,0.0027882632165752725,31,-0.014872775103950313,0.3225806451612903,0.3548387096774194,0.33870967741935487,主測度 發文數｜等權・未篩選,abn_attention_weekend
2024-08-11,155,0.018469968162308233,31,0.007445416876471815,31,0.02805152098929844,31,0.03111638176564394,31,0.026263823103983265,31,0.0077938549416750325,0.3225806451612903,0.25806451612903225,0.29032258064516125,主測度 發文數｜等權・未篩選,abn_attention_weekend
2024-08-18,153,0.0031388924105392358,31,-0.005072602366843241,30,0.006265211519813787,31,0.002007323874694711,30,0.012907062506612827,31,0.009768170096073591,0.3870967741935484,0.3548387096774194,0.3709677419354839,主測度 發文數｜等權・未篩選,abn_attention_weekend
2024-08-25,154,0.008785682246321924,31,-0.000536435414132404,31,0.008927200807757767,30,0.0018815510440997624,31,0.007121722778545836,31,-0.0016639594677760883,0.1935483870967742,0.22580645161290322,0.2096774193548387,主測度 發文數｜等權・未篩選,abn_attention_weekend
2024-09-01,154,-0.06951625151969815,31,-0.04282434871307823,31,-0.051783059883253796,30,-0.049653320292551956,31,-0.0341053855894868,31,0.035410865930211345,0.1935483870967742,0.25806451612903225,0.22580645161290322,主測度 發文數｜等權・未篩選,abn_attention_weekend
2024-09-08,154,0.02756404033148854,31,0.037039219630547196,31,0.02341381014055149,30,0.034892734789541385,31,0.019692567140939293,31,-0.007871473190549247,0.16129032258064516,0.1935483870967742,0.1774193548387097,主測度 發文數｜等權・未篩選,abn_attention_weekend
2024-09-15,155,0.01171071744241825,31,0.017229143997577672,31,0.020647558036821737,31,0.006385687194127834,31,0.016697977940867643,31,0.004987260498449393,0.3548387096774194,0.22580645161290322,0.2903225806451613,主測度 發文數｜等權・未篩選,abn_attention_weekend
2024-09-22,157,0.027540760406827975,32,0.017742192626547776,31,0.03306199871711348,31,0.009915448518623431,31,0.014511990248729779,32,-0.013028770158098196,0.34375,0.21875,0.28125,主測度 發文數｜等權・未篩選,abn_attention_weekend
2024-09-29,157,-0.02549088003610784,32,-0.0176155128029373,31,-0.004147452037546034,31,-0.018999468072648556,31,-0.0233060598261752,32,0.0021848202099326378,0.1875,0.25,0.21875,主測度 發文數｜等權・未篩選,abn_attention_weekend
2024-10-06,157,-0.02009058041096955,32,-0.0331281583229747,31,-0.05038738920995627,31,-0.017827219066811863,31,-0.014643443641965754,32,0.005447136769003796,0.21875,0.1875,0.203125,主測度 發文數｜等權・未篩選,abn_attention_weekend
2024-10-13,153,0.012224893588404664,31,0.0029402745089574965,30,0.007910622630170916,31,0.0179306472864873,30,0.011332336284560676,31,-0.0008925573038439886,0.2903225806451613,0.25806451612903225,0.27419354838709675,主測度 發文數｜等權・未篩選,abn_attention_weekend
2024-10-20,156,-0.015510517064360938,32,-0.0035730322874549265,31,-0.0013728428317351714,31,-0.001145977179686467,31,-0.002516565415798574,31,0.012993951648562364,0.1935483870967742,0.1875,0.1905241935483871,主測度 發文數｜等權・未篩選,abn_attention_weekend
2024-10-27,159,-0.01140155726193555,32,-0.0061032943670937395,32,-0.01631189335399598,31,-0.00538461529562485,32,-0.018303115869604928,32,-0.006901558607669379,0.1875,0.15625,0.171875,主測度 發文數｜等權・未篩選,abn_attention_weekend
2024-11-03,158,0.005517105264771508,32,0.0019111685718888668,31,0.0014829218294116903,32,0.0012923184427239562,31,-0.0035762109336940316,32,-0.00909331619846554,0.15625,0.09375,0.125,主測度 發文數｜等權・未篩選,abn_attention_weekend
2024-11-10,158,-0.023204377145800894,32,-0.011376437859527978,31,-0.023100631835886582,32,-0.019143014365768082,31,-0.022270561943305196,32,0.0009338152024956983,0.21875,0.1875,0.203125,主測度 發文數｜等權・未篩選,abn_attention_weekend
2024-11-17,157,0.00600521567020788,32,-0.0016894862976212985,31,0.01502424697601463,31,0.00012070660504938067,31,0.008597909411789104,32,0.0025926937415812236,0.28125,0.28125,0.28125,主測度 發文數｜等權・未篩選,abn_attention_weekend
2024-11-24,158,-0.02381892713950971,32,-0.02103788097000368,31,-0.02821625870322527,32,-0.013761232786717578,31,-0.024294512972509088,32,-0.0004755858329993784,0.1875,0.21875,0.203125,主測度 發文數｜等權・未篩選,abn_attention_weekend
2024-12-01,159,0.009666257043579183,32,-0.011209533252576575,32,0.001364369932861569,31,0.023048330461866343,32,0.02021583955203805,32,0.010549582508458867,0.21875,0.21875,0.21875,主測度 發文數｜等權・未篩選,abn_attention_weekend
2024-12-08,162,-0.028062853646300304,33,-0.033614401442025446,32,-0.037891759213402806,32,-0.01945135967445349,32,-0.03550180075044246,33,-0.0074389471041421545,0.21212121212121213,0.24242424242424243,0.2272727272727273,主測度 發文數｜等權・未篩選,abn_attention_weekend
2024-12-15,161,-0.021932578317386722,33,-0.030928204764984108,32,-0.022938168028165496,32,-0.009988796594979223,32,-0.022642277643558997,32,-0.0007096993261722744,0.15625,0.18181818181818182,0.1690340909090909,主測度 發文數｜等權・未篩選,abn_attention_weekend
2024-12-22,159,0.0025305082509183875,32,0.008415686813172674,32,0.00829249406840586,31,0.0024746671321327317,32,0.0063852899979444724,32,0.003854781747026085,0.28125,0.125,0.203125,主測度 發文數｜等權・未篩選,abn_attention_weekend
2024-12-29,157,-0.021813732687945397,32,-0.013993402975087147,31,-0.02342132542693779,31,-0.009383663652081643,31,-0.011624222482747276,32,0.010189510205198121,0.34375,0.34375,0.34375,主測度 發文數｜等權・未篩選,abn_attention_weekend
2020-01-12,107,0.011558143190847399,22,0.00793004539469904,21,0.005475143504118749,21,0.008328859153499266,21,0.0028362059817389636,22,-0.008721937209108434,1.0,1.0,1.0,主測度 發文數｜等權・可交易性篩選後,abn_attention_weekend
2020-01-19,111,0.0009023669792030325,23,-0.0002698701743908859,22,-0.002116179557082361,22,-0.0005971743640573381,22,0.0030092231004491747,22,0.0021068561212461423,0.5,0.30434782608695654,0.40217391304347827,主測度 發文數｜等權・可交易性篩選後,abn_attention_weekend
2020-01-26,73,-0.017956743373303035,15,-0.015599589325641492,14,-0.013558987409114105,15,-0.010797386886316025,14,-0.006842025381936752,15,0.011114717991366284,0.5333333333333333,0.4,0.4666666666666667,主測度 發文數｜等權・可交易性篩選後,abn_attention_weekend
2020-02-02,109,0.04102925942651114,22,0.009836032115971293,22,0.013268927191179109,21,0.026480411747637364,22,0.03414140173964992,22,-0.006887857686861218,0.5909090909090909,0.45454545454545453,0.5227272727272727,主測度 發文數｜等權・可交易性篩選後,abn_attention_weekend
2020-02-09,112,0.026539695044654577,23,0.0158142293901043,22,0.011460929677234015,22,0.026372609193956783,22,0.017887734404194545,23,-0.008651960640460032,0.34782608695652173,0.30434782608695654,0.32608695652173914,主測度 發文數｜等權・可交易性篩選後,abn_attention_weekend
2020-02-16,111,0.009529287674254793,23,0.013671646839068534,22,0.010937102908193214,22,0.005607824616079307,22,0.00923290052937696,22,-0.0002963871448778341,0.4090909090909091,0.34782608695652173,0.37845849802371545,主測度 發文數｜等權・可交易性篩選後,abn_attention_weekend
2020-02-23,110,-0.021379189834165657,22,-0.016696921256768568,22,-0.025550509636234797,22,-0.02152810751564346,22,-0.019010696514145196,22,0.002368493320020461,0.2727272727272727,0.22727272727272727,0.25,主測度 發文數｜等權・可交易性篩選後,abn_attention_weekend
2020-03-01,108,0.028874459430018883,22,0.026600679230430406,21,0.021318568400771384,22,0.019466236643051388,21,0.01928701532885307,22,-0.009587444101165812,0.5,0.45454545454545453,0.4772727272727273,主測度 發文數｜等權・可交易性篩選後,abn_attention_weekend
2020-03-08,106,-0.13488025898949385,22,-0.1217392703435793,21,-0.14181621386298582,21,-0.1269746612904012,21,-0.12122457815065876,21,0.013655680838835088,0.5238095238095238,0.4090909090909091,0.46645021645021645,主測度 發文數｜等權・可交易性篩選後,abn_attention_weekend
2020-03-15,115,-0.10777086916395405,23,-0.10135762988589957,23,-0.10106082661894636,23,-0.10234324774782053,23,-0.0851940100213506,23,0.022576859142603448,0.34782608695652173,0.21739130434782608,0.2826086956521739,主測度 發文數｜等權・可交易性篩選後,abn_attention_weekend
2020-03-22,113,0.10813843520120661,23,0.09352853105191246,22,0.08047942330265316,23,0.10150344886748007,22,0.08553524857917648,23,-0.022603186622030133,0.7391304347826086,0.391304347826087,0.5652173913043478,主測度 發文數｜等權・可交易性篩選後,abn_attention_weekend
2020-03-29,113,0.03908899172856202,23,0.032772394308035774,22,0.02299511998050108,23,0.02848316528164846,22,0.025485349908017197,23,-0.013603641820544823,0.6956521739130435,0.4782608695652174,0.5869565217391304,主測度 發文數｜等權・可交易性篩選後,abn_attention_weekend
2020-04-05,97,0.06274914580734661,20,0.05520309392411443,19,0.05405717591654429,19,0.05938226575016585,19,0.05667010601440099,20,-0.00607903979294562,0.6,0.35,0.475,主測度 發文數｜等權・可交易性篩選後,abn_attention_weekend
2020-04-12,108,0.020968322701857146,22,0.04290240005985759,21,0.03378936248297195,22,0.018550201763814278,21,0.019963873115182676,22,-0.0010044495866744704,0.5909090909090909,0.2727272727272727,0.4318181818181818,主測度 發文數｜等權・可交易性篩選後,abn_attention_weekend
2020-04-19,111,-0.004177900654996844,23,-0.018608241594186184,22,-0.01053023199723529,22,-0.005390113234361746,22,-0.012218082899268649,22,-0.008040182244271804,0.2727272727272727,0.17391304347826086,0.22332015810276679,主測度 發文數｜等權・可交易性篩選後,abn_attention_weekend
2020-04-26,106,0.04840837041261051,22,0.06523629386207616,21,0.06393948326309346,21,0.04985372481475247,21,0.05856228896890164,21,0.010153918556291129,0.2857142857142857,0.22727272727272727,0.2564935064935065,主測度 發文數｜等權・可交易性篩選後,abn_attention_weekend
2020-05-03,106,0.03045722222158627,22,0.043442254093494136,21,0.019819894108776694,21,0.014551913099592563,21,0.020743112781541718,21,-0.009714109440044551,0.42857142857142855,0.3181818181818182,0.37337662337662336,主測度 發文數｜等權・可交易性篩選後,abn_attention_weekend
2020-05-10,108,-0.021075960222333698,22,-0.023797544118918133,21,-0.029134639048296693,22,-0.006720664013032327,21,-0.014795837944920863,22,0.006280122277412835,0.5,0.3181818181818182,0.40909090909090906,主測度 發文數｜等權・可交易性篩選後,abn_attention_weekend
2020-05-17,106,0.013128137885275509,22,0.006988159454162085,21,0.027552683494465015,21,-0.0021830141296805402,21,0.0025280557867948727,21,-0.010600082098480637,0.47619047619047616,0.4090909090909091,0.4426406926406926,主測度 發文數｜等權・可交易性篩選後,abn_attention_weekend
2020-05-24,114,-0.0045596052007017066,23,0.0060067470087123934,23,0.01369780530451583,22,0.014827765287760067,23,0.00437948801126304,23,0.008939093211964746,0.4782608695652174,0.34782608695652173,0.41304347826086957,主測度 發文數｜等權・可交易性篩選後,abn_attention_weekend
2020-05-31,110,0.03398239563867856,22,0.03750761034520811,22,0.03930111297927976,22,0.041207880172906185,22,0.023297330989023524,22,-0.010685064649655036,0.5909090909090909,0.36363636363636365,0.4772727272727273,主測度 發文數｜等權・可交易性篩選後,abn_attention_weekend
2020-06-07,114,-0.02439472579635684,23,-0.024364848118689834,23,-0.037335655034950704,22,-0.030253826927068093,23,-0.03158257093569759,23,-0.0071878451393407525,0.6956521739130435,0.391304347826087,0.5434782608695652,主測度 發文數｜等權・可交易性篩選後,abn_attention_weekend
2020-06-14,111,0.02070899109305414,23,0.022495340917828233,22,0.01709671810860537,22,0.02089084195640015,22,0.010418709434782524,22,-0.010290281658271616,0.22727272727272727,0.21739130434782608,0.22233201581027667,主測度 發文數｜等權・可交易性篩選後,abn_attention_weekend
2020-06-21,111,-0.0016980244564240952,23,-0.007153894736464706,22,-0.007133602543376164,22,-0.013196032493925036,22,0.009028673361118495,22,0.010726697817542591,0.3181818181818182,0.21739130434782608,0.26778656126482214,主測度 發文數｜等權・可交易性篩選後,abn_attention_weekend
2020-06-28,106,0.021349176191250353,22,0.02177300994490658,21,0.02581536791639159,21,0.03162479967705517,21,0.01863526379995161,21,-0.0027139123912987423,0.42857142857142855,0.2727272727272727,0.35064935064935066,主測度 發文數｜等權・可交易性篩選後,abn_attention_weekend
2020-07-05,115,-0.016785868970485555,23,-0.0038716565078446346,23,-0.0007653476527742702,23,-0.001592881010534747,23,0.005158893523299694,23,0.02194476249378525,0.43478260869565216,0.21739130434782608,0.32608695652173914,主測度 發文數｜等權・可交易性篩選後,abn_attention_weekend
2020-07-12,119,-0.007695161233232754,24,-0.0077083532281970735,24,0.00022438046598521647,23,-0.013245223258440908,24,-0.0037724317492129713,24,0.003922729484019782,0.4583333333333333,0.4583333333333333,0.4583333333333333,主測度 發文數｜等權・可交易性篩選後,abn_attention_weekend
2020-07-19,120,-0.010814154061219106,24,-0.007010636340664858,24,-0.0008674481166083131,24,-0.0003258371424261312,24,0.011508711117800385,24,0.02232286517901949,0.2916666666666667,0.25,0.27083333333333337,主測度 發文數｜等權・可交易性篩選後,abn_attention_weekend
2020-07-26,119,-0.0020682526538662546,24,-0.012108411477865053,24,-0.02003536976905691,23,-0.0047113731145890835,24,0.003729026566447751,24,0.0057972792203140056,0.375,0.25,0.3125,主測度 發文數｜等權・可交易性篩選後,abn_attention_weekend
2020-08-02,116,0.013935111490881493,24,0.015398433605930918,23,0.01998056899924489,23,0.010110798778156002,23,0.037851124468597834,23,0.02391601297771634,0.391304347826087,0.375,0.38315217391304346,主測度 發文數｜等權・可交易性篩選後,abn_attention_weekend
2020-08-09,117,0.004054873706542815,24,0.03094121222056005,23,0.018253701451749548,23,0.021675222118214387,23,0.0038929730639993138,24,-0.00016190064254350146,0.4166666666666667,0.3333333333333333,0.375,主測度 發文數｜等權・可交易性篩選後,abn_attention_weekend
2020-08-16,120,-0.0289385763269117,24,-0.0005266726662409987,24,0.005488386721481317,24,-0.0061305301951773234,24,-0.0028301255604959255,24,0.026108450766415773,0.25,0.20833333333333334,0.22916666666666669,主測度 發文數｜等權・可交易性篩選後,abn_attention_weekend
2020-08-23,120,0.02229906345228297,24,0.00189070236961085,24,0.0336793871770186,24,0.019471114626856786,24,0.033935243573549524,24,0.011636180121266555,0.5416666666666666,0.375,0.4583333333333333,主測度 發文數｜等權・可交易性篩選後,abn_attention_weekend
2020-08-30,120,-0.0047954346169546,24,0.01878849195253141,24,0.024248904610777968,24,0.001760293929292463,24,-0.012995488986583722,24,-0.008200054369629122,0.5416666666666666,0.5416666666666666,0.5416666666666666,主測度 發文數｜等權・可交易性篩選後,abn_attention_weekend
2020-09-06,123,-0.001894655216065897,25,-0.0017925290824121153,24,-0.00484199333864419,25,-0.006648292663027804,24,0.0010646352474158371,25,0.002959290463481734,0.4,0.32,0.36,主測度 發文數｜等權・可交易性篩選後,abn_attention_weekend
2020-09-13,125,0.01279516192713103,25,0.004001958877221669,25,0.02054527180506389,25,0.006347445858534733,25,0.006920485216345211,25,-0.005874676710785818,0.32,0.28,0.30000000000000004,主測度 發文數｜等權・可交易性篩選後,abn_attention_weekend
2020-09-20,124,-0.07607169954448906,25,-0.06899999358597071,25,-0.07239230456557455,24,-0.07508894428626349,25,-0.04253829805715079,25,0.033533401487338264,0.28,0.2,0.24000000000000002,主測度 發文數｜等權・可交易性篩選後,abn_attention_weekend
2020-09-27,123,0.008200808840764977,25,0.009229920659734617,24,0.004766310250787713,25,0.017240918100846266,24,0.02076078566142436,25,0.012559976820659383,0.36,0.2,0.28,主測度 發文數｜等權・可交易性篩選後,abn_attention_weekend
2020-10-04,104,0.02455771054896862,21,0.019632790159089815,21,0.01938930283360233,20,0.03471298711819435,21,0.01794202058616627,21,-0.006615689962802349,0.47619047619047616,0.47619047619047616,0.47619047619047616,主測度 發文數｜等權・可交易性篩選後,abn_attention_weekend
2020-10-11,116,-0.015590969885396253,24,-0.008700112198511793,23,-0.0011806237100635262,23,0.008109200015030049,23,-0.017318626145598492,23,-0.0017276562602022393,0.4782608695652174,0.4583333333333333,0.4682971014492754,主測度 發文數｜等權・可交易性篩選後,abn_attention_weekend
2020-10-18,119,0.019012960146478866,24,0.015013317457702036,24,0.016070925986723487,23,0.017756178561153153,24,0.0027478110255863782,24,-0.016265149120892487,0.2916666666666667,0.25,0.27083333333333337,主測度 發文數｜等權・可交易性篩選後,abn_attention_weekend
2020-10-25,121,-0.02703348850218174,25,-0.019039267359633197,24,-0.014217727746139766,24,-0.010813930484316453,24,-0.017022049439270177,24,0.010011439062911562,0.4166666666666667,0.2,0.30833333333333335,主測度 發文數｜等權・可交易性篩選後,abn_attention_weekend
2020-11-01,122,0.014733343148997461,25,0.022857626570937328,24,0.023351894511525317,24,0.014945272882777083,24,0.020068627008109487,25,0.005335283859112026,0.32,0.36,0.33999999999999997,主測度 發文數｜等權・可交易性篩選後,abn_attention_weekend
2020-11-08,120,-0.011754712961284053,24,0.01821964620293733,24,0.0016516957523079884,24,0.013892631289336233,24,0.0057524201504890364,24,0.01750713311177309,0.3333333333333333,0.20833333333333334,0.2708333333333333,主測度 發文數｜等權・可交易性篩選後,abn_attention_weekend
2020-11-15,124,0.02236399301439986,25,0.009979663441964904,25,-0.002262023663094049,24,0.02266568808636802,25,0.018349769114957292,25,-0.004014223899442566,0.36,0.24,0.3,主測度 發文數｜等權・可交易性篩選後,abn_attention_weekend
2020-11-22,124,0.029259652835410273,25,0.01743578237454632,25,0.016541850256001665,24,0.026364546157638485,25,0.00917294945439516,25,-0.020086703381015113,0.36,0.28,0.32,主測度 發文數｜等權・可交易性篩選後,abn_attention_weekend
2020-11-29,125,0.02098251652967417,25,-0.0015565074536428901,25,-0.0118207210314976,25,0.012625640011687755,25,0.016622191906857958,25,-0.0043603246228162106,0.4,0.36,0.38,主測度 發文數｜等權・可交易性篩選後,abn_attention_weekend
2020-12-06,126,-0.012985236048941298,26,-0.012024184328472253,25,-0.019775056088042076,25,-0.009664099881064066,25,-0.016616258208241502,25,-0.0036310221593002043,0.52,0.2692307692307692,0.3946153846153846,主測度 發文數｜等權・可交易性篩選後,abn_attention_weekend
2020-12-13,125,0.005254172473431735,25,0.008841107147079343,25,0.018803480879279726,25,0.005566277524394083,25,0.010878680318618899,25,0.005624507845187163,0.32,0.2,0.26,主測度 發文數｜等權・可交易性篩選後,abn_attention_weekend
2020-12-20,121,0.024194088064770664,25,0.02507547749124546,24,0.007079914000866512,24,-0.004406794435154714,24,0.019506533868965878,24,-0.004687554195804786,0.4166666666666667,0.36,0.3883333333333333,主測度 發文數｜等權・可交易性篩選後,abn_attention_weekend
2020-12-27,129,0.017887140279236362,26,0.012280776240024409,26,0.012696917368610148,25,0.0060942797425663905,26,0.0341544640780866,26,0.01626732379885024,0.34615384615384615,0.2692307692307692,0.3076923076923077,主測度 發文數｜等權・可交易性篩選後,abn_attention_weekend
2021-01-03,130,-0.01733696911019513,26,-0.010956302051746268,26,-0.02910988923664131,26,0.003945414149606769,26,0.01252857795813179,26,0.02986554706832692,0.38461538461538464,0.3076923076923077,0.34615384615384615,主測度 發文數｜等權・可交易性篩選後,abn_attention_weekend
2021-01-10,129,-0.03905670194976814,26,-0.028038011216476817,26,-0.05205364410541696,25,0.002838940308865159,26,-0.026543850154059634,26,0.012512851795708504,0.38461538461538464,0.34615384615384615,0.3653846153846154,主測度 發文數｜等權・可交易性篩選後,abn_attention_weekend
2021-01-17,133,-0.02210626270241828,27,-0.01755730449406552,26,-0.029286223532757068,27,-0.017456108501403937,26,0.0004327098743990986,27,0.02253897257681738,0.4074074074074074,0.25925925925925924,0.3333333333333333,主測度 發文數｜等權・可交易性篩選後,abn_attention_weekend
2021-01-24,130,-0.030091249150307694,26,-0.03132855988544808,26,-0.026668313340751724,26,-0.028464082920500327,26,-0.036126262462011054,26,-0.00603501331170336,0.38461538461538464,0.23076923076923078,0.3076923076923077,主測度 發文數｜等權・可交易性篩選後,abn_attention_weekend
2021-01-31,127,0.028472719544720245,26,0.022294596595679256,25,0.030505577971135255,25,0.01032950743703744,25,0.02517945413423051,26,-0.003293265410489736,0.5769230769230769,0.5,0.5384615384615384,主測度 發文數｜等權・可交易性篩選後,abn_attention_weekend
2021-02-21,122,0.004311318421417449,25,0.009307774879377622,24,0.012226886354670327,24,0.043765246145629925,24,0.022956874023246907,25,0.018645555601829455,0.64,0.64,0.64,主測度 發文數｜等權・可交易性篩選後,abn_attention_weekend
2021-02-28,136,-0.03670727174806221,28,-0.013484686690266071,27,-0.01587817196342631,27,-0.0027144446098680687,27,-0.013056743408714388,27,0.02365052833934782,0.4074074074074074,0.2857142857142857,0.3465608465608465,主測度 發文數｜等權・可交易性篩選後,abn_attention_weekend
2021-03-07,124,0.01791340469622467,25,0.01451775209392816,25,0.02076316949108398,24,0.00406433587918698,25,0.02417100366660066,25,0.006257598970375991,0.48,0.2,0.33999999999999997,主測度 發文數｜等權・可交易性篩選後,abn_attention_weekend
2021-03-14,128,0.002175042855208262,26,-0.0052839037272981405,25,-0.0028373575057584156,26,-0.002789828064424391,25,-0.0019330343577858055,26,-0.004108077212994068,0.34615384615384615,0.34615384615384615,0.34615384615384615,主測度 發文數｜等權・可交易性篩選後,abn_attention_weekend
2021-03-21,129,0.011912013355288836,26,0.025170720454695334,26,0.020107890090449082,25,0.02025604903199401,26,0.008666298372911488,26,-0.003245714982377348,0.7307692307692307,0.5,0.6153846153846154,主測度 發文數｜等權・可交易性篩選後,abn_attention_weekend
2021-03-28,128,0.009410544545006522,26,0.004457504655010589,25,0.007685921621695069,26,0.016762699576189345,25,0.02180615588102592,26,0.012395611336019397,0.6923076923076923,0.5,0.5961538461538461,主測度 發文數｜等權・可交易性篩選後,abn_attention_weekend
2021-04-04,128,0.040940266258307496,26,0.025681571856336842,25,0.01828088518774596,26,0.0261741505523614,25,0.03202503889379739,26,-0.008915227364510107,0.5769230769230769,0.46153846153846156,0.5192307692307692,主測度 發文數｜等權・可交易性篩選後,abn_attention_weekend
2021-04-11,130,0.03523123946654134,26,0.030503386957417403,26,0.03676542164170999,26,0.012019719516110297,26,0.07480196170624556,26,0.039570722239704224,0.6538461538461539,0.34615384615384615,0.5,主測度 發文數｜等權・可交易性篩選後,abn_attention_weekend
2021-04-18,140,0.013916145900552306,28,0.01964589968126485,28,0.010530441767134755,28,0.023899927488544675,28,0.028341988582339793,28,0.014425842681787487,0.5357142857142857,0.32142857142857145,0.4285714285714286,主測度 發文數｜等權・可交易性篩選後,abn_attention_weekend
2021-04-25,142,0.03736967798930411,29,0.01583019844530766,28,0.025117363268223968,28,-0.0015583975512362877,28,0.03718291208327663,29,-0.00018676590602748067,0.4482758620689655,0.3448275862068966,0.39655172413793105,主測度 發文數｜等權・可交易性篩選後,abn_attention_weekend
2021-05-02,143,-0.040897559104476726,29,-0.03240319375509242,28,-0.04717534137823185,29,-0.04438200144634923,28,-0.030504287448867982,29,0.010393271655608743,0.27586206896551724,0.2413793103448276,0.25862068965517243,主測度 發文數｜等權・可交易性篩選後,abn_attention_weekend
2021-05-09,143,-0.11911327919578409,29,-0.09652946449798068,28,-0.10619253650987129,29,-0.1237943750491569,28,-0.10891506374013539,29,0.010198215455648696,0.27586206896551724,0.1724137931034483,0.22413793103448276,主測度 發文數｜等權・可交易性篩選後,abn_attention_weekend
2021-05-16,148,0.09788982465047358,30,0.0869403647469274,29,0.09542146712899686,30,0.07719715701957848,29,0.10290925468340303,30,0.005019430032929456,0.7333333333333333,0.26666666666666666,0.5,主測度 發文數｜等權・可交易性篩選後,abn_attention_weekend
2021-05-23,146,0.04703851994958542,30,0.03774117143109767,29,0.04605644183197828,29,0.07288928021261466,29,0.048277456103839635,29,0.0012389361542542165,0.7586206896551724,0.6,0.6793103448275861,主測度 發文數｜等權・可交易性篩選後,abn_attention_weekend
2021-05-30,148,0.027806960588302287,30,0.015494723651560101,29,0.02115753612920135,30,0.014802145744848099,29,0.03495804053483245,30,0.007151079946530164,0.6666666666666666,0.5333333333333333,0.6,主測度 發文數｜等權・可交易性篩選後,abn_attention_weekend
2021-06-06,149,-0.018366993899134067,30,-0.022837823043303836,30,-0.010812145461124033,29,-0.01209566797041642,30,-0.018244918170917286,30,0.00012207572821678128,0.5666666666666667,0.3333333333333333,0.44999999999999996,主測度 發文數｜等權・可交易性篩選後,abn_attention_weekend
2021-06-13,148,0.009311218900669726,30,0.001033434918124381,29,-0.01653764146577886,30,0.017575792695877855,29,0.008509457449015222,30,-0.0008017614516545035,0.5333333333333333,0.4666666666666667,0.5,主測度 發文數｜等權・可交易性篩選後,abn_attention_weekend
2021-06-20,144,0.027870730615054226,29,0.04039413684467439,29,0.045751946211837126,28,0.018390457891616127,29,0.05415762822582653,29,0.026286897610772304,0.5517241379310345,0.20689655172413793,0.3793103448275862,主測度 發文數｜等權・可交易性篩選後,abn_attention_weekend
2021-06-27,149,0.014920520999177397,30,0.02868094468996982,30,0.017809031045748665,29,-0.0004753062030973735,30,0.028935295331461507,30,0.01401477433228411,0.36666666666666664,0.23333333333333334,0.3,主測度 發文數｜等權・可交易性篩選後,abn_attention_weekend
2021-07-04,154,-0.011662406375462063,31,-0.008496477372494912,31,-0.014630395313368131,30,0.018577668288548226,31,-0.017669626328217017,31,-0.006007219952754954,0.5161290322580645,0.3225806451612903,0.4193548387096774,主測度 發文數｜等權・可交易性篩選後,abn_attention_weekend
2021-07-11,158,-0.015099347688855558,32,-0.018960941625180274,31,-0.022926139778781496,32,0.004558205607206831,31,-0.019281840697806422,32,-0.004182493008950863,0.5,0.3125,0.40625,主測度 發文數｜等權・可交易性篩選後,abn_attention_weekend
2021-07-18,155,-0.014495593655505153,31,0.00022975992111008388,31,-0.009766205466401636,31,-0.001668568457844072,31,-0.03009844811942619,31,-0.015602854463921038,0.5161290322580645,0.45161290322580644,0.4838709677419355,主測度 發文數｜等權・可交易性篩選後,abn_attention_weekend
2021-07-25,158,-0.033011253845651456,32,-0.028604128745414976,31,-0.02214311544831245,32,-0.01117337103683613,31,-0.03024291657980025,32,0.002768337265851205,0.46875,0.375,0.421875,主測度 發文數｜等權・可交易性篩選後,abn_attention_weekend
2021-08-01,157,0.005550576264493165,32,0.0032010728291578536,31,0.011737975757514634,31,0.004556807041643772,31,0.008222217859551115,32,0.0026716415950579497,0.5,0.28125,0.390625,主測度 發文數｜等權・可交易性篩選後,abn_attention_weekend
2021-08-08,150,-0.03841510106313884,30,-0.03260384268618211,30,-0.050386419238762366,30,-0.041905037257213534,30,-0.03247037959984528,30,0.005944721463293563,0.5333333333333333,0.3333333333333333,0.43333333333333335,主測度 發文數｜等權・可交易性篩選後,abn_attention_weekend
2021-08-15,150,-0.03431110544778191,30,-0.04269322862506481,30,-0.041933765325119075,30,-0.03733394013793775,30,-0.028673671638666385,30,0.005637433809115525,0.43333333333333335,0.2,0.31666666666666665,主測度 發文數｜等權・可交易性篩選後,abn_attention_weekend
2021-08-22,153,0.036560086740316335,31,0.05551371318799663,30,0.03960038233242547,31,0.03695288976047816,30,0.03230839139525049,31,-0.004251695345065844,0.3870967741935484,0.41935483870967744,0.4032258064516129,主測度 發文數｜等權・可交易性篩選後,abn_attention_weekend
2021-08-29,147,-0.023671320730291417,30,0.0011699706627266659,29,-0.0010785970566049344,29,-0.00045622255256610436,29,0.006609670953309613,30,0.03028099168360103,0.6666666666666666,0.4666666666666667,0.5666666666666667,主測度 發文數｜等權・可交易性篩選後,abn_attention_weekend
2021-09-05,147,-0.003571554075575345,30,-0.016572827396941447,29,-0.008098802929117323,29,-0.013643845576526077,29,-0.005362327056944061,30,-0.0017907729813687158,0.4666666666666667,0.4,0.43333333333333335,主測度 發文數｜等權・可交易性篩選後,abn_attention_weekend
2021-09-12,144,-0.0027152985596441224,29,0.0023858769723633768,29,-0.001134069164411924,28,-0.006688561421285982,29,-0.005160586166381085,29,-0.0024452876067369627,0.3103448275862069,0.3103448275862069,0.3103448275862069,主測度 發文數｜等權・可交易性篩選後,abn_attention_weekend
2021-09-19,143,0.024851541086827737,29,0.017593557671112477,28,0.015740620729809033,29,0.017995431216090603,28,0.017119930447126896,29,-0.007731610639700841,0.41379310344827586,0.41379310344827586,0.41379310344827586,主測度 發文數｜等權・可交易性篩選後,abn_attention_weekend
2021-09-26,135,-0.03755680242747194,27,-0.0423574509675391,27,-0.01252680202184742,27,-0.021539913325322933,27,-0.022639007706098894,27,0.014917794721373046,0.18518518518518517,0.2222222222222222,0.2037037037037037,主測度 發文數｜等權・可交易性篩選後,abn_attention_weekend
2021-10-03,150,-0.012542130515378457,30,-0.0028006175338456396,30,-0.01652863164233897,30,0.0019991801840863834,30,-0.014650076666226756,30,-0.0021079461508482986,0.5666666666666667,0.3333333333333333,0.44999999999999996,主測度 發文數｜等權・可交易性篩選後,abn_attention_weekend
2021-10-10,148,-0.013391011239604667,30,-0.0019678295774581325,29,0.0063099910785871256,30,-0.0065532589094551745,29,-0.009115489013211261,30,0.004275522226393406,0.4666666666666667,0.3333333333333333,0.4,主測度 發文數｜等權・可交易性篩選後,abn_attention_weekend
2021-10-17,144,-0.021868924513103384,29,-0.0096759848482798,29,-0.005908416897995884,28,0.0047751405744050745,29,0.007222454931212863,29,0.029091379444316248,0.3793103448275862,0.3448275862068966,0.3620689655172414,主測度 發文數｜等權・可交易性篩選後,abn_attention_weekend
2021-10-24,151,0.023420538131606546,31,-0.0005488040373659724,30,0.008368184023761837,30,0.02620385333540189,30,0.007419847478768145,30,-0.0160006906528384,0.23333333333333334,0.22580645161290322,0.22956989247311826,主測度 發文數｜等權・可交易性篩選後,abn_attention_weekend
2021-10-31,147,0.009695447633623877,30,0.00561745637638918,29,0.010709990923317791,29,0.0031034126029791903,29,0.0027365478445011138,30,-0.006958899789122763,0.26666666666666666,0.26666666666666666,0.26666666666666666,主測度 發文數｜等權・可交易性篩選後,abn_attention_weekend
2021-11-07,150,-0.002051966707119083,30,0.022387063485793068,30,0.014915834381210028,30,0.000851148759293104,30,0.005826151894290558,30,0.00787811860140964,0.3,0.26666666666666666,0.2833333333333333,主測度 發文數｜等權・可交易性篩選後,abn_attention_weekend
2021-11-14,155,-0.0056003390238461535,31,8.01429161312317e-05,31,-0.020956140827358333,31,0.003982044306842813,31,-0.008611299586678224,31,-0.003010960562832071,0.45161290322580644,0.45161290322580644,0.45161290322580644,主測度 發文數｜等權・可交易性篩選後,abn_attention_weekend
2021-11-21,156,-0.01497456359471722,32,-0.010649533437786343,31,-0.005260815428979407,31,-0.024645337092333762,31,-0.013769741940759219,31,0.0012048216539580006,0.22580645161290322,0.15625,0.19102822580645162,主測度 發文數｜等權・可交易性篩選後,abn_attention_weekend
2021-11-28,149,0.028134528247135995,30,0.010791830957145539,30,0.012393481171238825,29,0.038677031675620754,30,0.022485270937306265,30,-0.005649257309829729,0.3,0.13333333333333333,0.21666666666666667,主測度 發文數｜等權・可交易性篩選後,abn_attention_weekend
2021-12-05,151,0.008421391926900387,31,0.0006996196789428459,30,0.002329784748079078,30,0.013860588365350241,30,0.0008902151502696798,30,-0.0075311767766307065,0.43333333333333335,0.3225806451612903,0.3779569892473118,主測度 發文數｜等權・可交易性篩選後,abn_attention_weekend
2021-12-12,149,-0.00967794681251399,30,-0.008654316053114635,30,0.003009200971330651,29,-0.00696831778019454,30,-0.008962942721959999,30,0.0007150040905539914,0.5,0.3333333333333333,0.41666666666666663,主測度 發文數｜等權・可交易性篩選後,abn_attention_weekend
2021-12-19,150,0.01587276294777327,30,0.005670640159115955,30,0.006237150350792364,30,0.036081174624168905,30,-0.0008121717610365175,30,-0.01668493470880979,0.3,0.3,0.3,主測度 發文數｜等權・可交易性篩選後,abn_attention_weekend
2021-12-26,145,0.00804698579830604,29,0.006182534329284705,29,0.006851334603565481,29,0.01541690538245982,29,0.010761002747997041,29,0.002714016949691001,0.20689655172413793,0.20689655172413793,0.20689655172413793,主測度 發文數｜等權・可交易性篩選後,abn_attention_weekend
2022-01-02,147,-0.013101106510915764,30,-0.013196882580234154,29,-0.021193987131030257,29,-0.03342441791010679,29,-0.025583217797399548,30,-0.012482111286483783,0.3,0.2,0.25,主測度 發文數｜等權・可交易性篩選後,abn_attention_weekend
2022-01-09,151,-0.009911420592197968,31,-0.0022497491701060635,30,-0.00864049512855051,30,-0.025330896854752594,30,0.010784883186832961,30,0.02069630377903093,0.3,0.3548387096774194,0.32741935483870965,主測度 發文數｜等權・可交易性篩選後,abn_attention_weekend
2022-01-16,154,-0.01803265054012341,31,-0.015748113654860913,31,-0.02183612308241898,30,-0.0052740241829366185,31,-0.020054804462894645,31,-0.0020221539227712367,0.3870967741935484,0.3548387096774194,0.3709677419354839,主測度 發文數｜等權・可交易性篩選後,abn_attention_weekend
2022-01-23,148,-0.017978861025909048,30,-0.01635192194495889,29,-0.01824150616517356,30,-0.022249948755207315,29,-0.008468510206902802,30,0.009510350819006246,0.4,0.26666666666666666,0.33333333333333337,主測度 發文數｜等權・可交易性篩選後,abn_attention_weekend
2022-02-13,151,0.021176283057638995,31,0.014448008027766478,30,-0.0017232706398305727,30,0.01629232745061533,30,0.011682695656127128,30,-0.009493587401511867,0.4666666666666667,0.5161290322580645,0.4913978494623656,主測度 發文數｜等權・可交易性篩選後,abn_attention_weekend
2022-02-20,149,-0.014315608949467092,30,-0.012281537293169654,30,-0.021253001499393402,29,-0.0277714387462926,30,-0.013763084207541536,30,0.0005525247419255561,0.5,0.4666666666666667,0.48333333333333334,主測度 發文數｜等權・可交易性篩選後,abn_attention_weekend
2022-02-27,155,0.01356402148063182,31,0.015929695795918554,31,0.009547440049383127,31,0.014413307152473805,31,0.005593511667467151,31,-0.007970509813164668,0.25806451612903225,0.1935483870967742,0.22580645161290322,主測度 發文數｜等權・可交易性篩選後,abn_attention_weekend
2022-03-06,148,-0.009579804972282124,30,-0.025268097031693564,29,-0.012716595334335128,30,-0.017024511412700897,29,-0.0045740504833645486,30,0.005005754488917575,0.26666666666666666,0.13333333333333333,0.2,主測度 發文數｜等權・可交易性篩選後,abn_attention_weekend
2022-03-13,157,0.012786508531717537,32,0.01560860378364513,31,0.0044210101329712264,31,0.00979233238195082,31,0.0035085279291133357,32,-0.0092779806026042,0.40625,0.34375,0.375,主測度 發文數｜等權・可交易性篩選後,abn_attention_weekend
2022-03-20,153,-0.010470810996179912,31,0.012748517739051854,30,0.016468667968598125,31,-0.00204416978573491,30,0.00573134413694875,31,0.016202155133128664,0.22580645161290322,0.16129032258064516,0.1935483870967742,主測度 發文數｜等權・可交易性篩選後,abn_attention_weekend
2022-03-27,156,0.01204077868062602,32,0.008828899938788137,31,0.0011790033421833167,31,-0.00031187019887205766,31,0.00023834336650956572,31,-0.011802435314116453,0.6451612903225806,0.5,0.5725806451612903,主測度 發文數｜等權・可交易性篩選後,abn_attention_weekend
2022-04-03,157,-0.008829249657237193,32,-0.013249877894352209,31,0.004444523639385075,31,-0.022420359597362872,31,9.459903179186852e-05,32,0.008923848689029061,0.71875,0.46875,0.59375,主測度 發文數｜等權・可交易性篩選後,abn_attention_weekend
2022-04-10,150,-0.007132023527550324,30,-0.0009032246201946241,30,0.009438032996059383,30,-0.020891548175312767,30,-0.010547096136822802,30,-0.003415072609272478,0.2,0.13333333333333333,0.16666666666666669,主測度 發文數｜等權・可交易性篩選後,abn_attention_weekend
2022-04-17,158,0.002111086924077424,32,0.02217278190914102,31,0.013287705754052696,32,0.018312966101656242,31,0.0033274871427662472,32,0.0012164002186888234,0.34375,0.28125,0.3125,主測度 發文數｜等權・可交易性篩選後,abn_attention_weekend
2022-04-24,154,-0.03088800095936965,31,-0.01936816281176237,31,-0.050987980119569426,30,-0.02644707778858504,31,-0.020513563586757474,31,0.010374437372612174,0.45161290322580644,0.22580645161290322,0.3387096774193548,主測度 發文數｜等權・可交易性篩選後,abn_attention_weekend
2022-05-01,157,-0.017059112084765782,32,-0.01629125103801127,31,-0.011835906522687938,31,0.0054704530348316455,31,-0.0035881327517044356,32,0.013470979333061347,0.375,0.25,0.3125,主測度 發文數｜等權・可交易性篩選後,abn_attention_weekend
2022-05-08,145,-0.04612492497528249,29,-0.04942159135771947,29,-0.04889149723930694,29,-0.029353185792533022,29,-0.03916193770168937,29,0.006962987273593124,0.4482758620689655,0.3103448275862069,0.3793103448275862,主測度 發文數｜等權・可交易性篩選後,abn_attention_weekend
2022-05-15,157,0.008538294326259094,32,0.021518555412406142,31,0.017063397225123015,31,0.013954169142637567,31,0.0014904487169218432,32,-0.007047845609337251,0.53125,0.375,0.453125,主測度 發文數｜等權・可交易性篩選後,abn_attention_weekend
2022-05-22,146,0.005942192498336633,30,0.004498269259433924,29,2.920860568621087e-05,29,0.0046785759397078045,29,0.008448248365840847,29,0.0025060558675042144,0.3793103448275862,0.3,0.33965517241379306,主測度 發文數｜等權・可交易性篩選後,abn_attention_weekend
2022-05-29,141,-0.0023191225262246436,29,0.006544343345563074,28,-0.0005790745974495669,28,0.017168629830502997,28,0.005723494930944896,28,0.00804261745716954,0.39285714285714285,0.3103448275862069,0.3516009852216749,主測度 發文數｜等權・可交易性篩選後,abn_attention_weekend
2022-06-05,141,-0.01705961611377696,29,0.006035044050131924,28,-0.011297293559084228,28,-0.0058976940460560645,28,0.005632478985289914,28,0.022692095099066875,0.39285714285714285,0.27586206896551724,0.33435960591133007,主測度 發文數｜等權・可交易性篩選後,abn_attention_weekend
2022-06-12,142,-0.03329611336001856,29,-0.02391789839914391,28,-0.03504327867000389,28,-0.034095353316269256,28,-0.03412755710984426,29,-0.0008314437498257027,0.41379310344827586,0.2413793103448276,0.3275862068965517,主測度 發文數｜等權・可交易性篩選後,abn_attention_weekend
2022-06-19,149,-0.0332629845201604,30,-0.009356029138830435,30,-0.011953893576890235,29,-0.018007684818139972,30,-0.0039720459566995325,30,0.02929093856346087,0.3,0.23333333333333334,0.26666666666666666,主測度 發文數｜等權・可交易性篩選後,abn_attention_weekend
2022-06-26,153,-0.05934232562885255,31,-0.04237834982602024,30,-0.06447141694226642,31,-0.07972496896668775,30,-0.06521040316543544,31,-0.0058680775365828955,0.3225806451612903,0.3225806451612903,0.3225806451612903,主測度 發文數｜等權・可交易性篩選後,abn_attention_weekend
2022-07-03,150,0.02654424989964437,30,0.0043270313377810395,30,0.01090890381394769,30,0.01457483606410684,30,0.025376140709923882,30,-0.0011681091897204864,0.23333333333333334,0.2,0.21666666666666667,主測度 發文數｜等權・可交易性篩選後,abn_attention_weekend
2022-07-10,147,-0.013949370618646428,30,-0.0004978950290105652,29,-0.01885195533949472,29,-0.010665504924520113,29,0.004414368293318812,30,0.01836373891196524,0.3333333333333333,0.26666666666666666,0.3,主測度 發文數｜等權・可交易性篩選後,abn_attention_weekend
2022-07-17,144,0.035357480526847014,29,0.009880575475495399,29,0.040741046787410924,28,0.02757821553388422,29,0.03736671050605048,29,0.0020092299792034626,0.4482758620689655,0.3448275862068966,0.39655172413793105,主測度 發文數｜等權・可交易性篩選後,abn_attention_weekend
2022-07-24,143,0.02797854884056778,29,0.009741321571474408,28,0.004581152959830575,29,0.010292425631210597,28,-0.001996159251232417,29,-0.0299747080918002,0.27586206896551724,0.20689655172413793,0.24137931034482757,主測度 發文數｜等權・可交易性篩選後,abn_attention_weekend
2022-07-31,139,-0.005687769453265914,28,-0.02695288847167376,28,-0.016501030554906045,27,-0.0056112736475775905,28,-0.007175446350361321,28,-0.001487676897095407,0.25,0.25,0.25,主測度 發文數｜等權・可交易性篩選後,abn_attention_weekend
2022-08-07,144,0.0216877885199496,29,0.026008659571505534,29,0.02691642191895757,28,0.025943136451348277,29,0.019919845872378713,29,-0.0017679426475708873,0.2413793103448276,0.27586206896551724,0.25862068965517243,主測度 發文數｜等權・可交易性篩選後,abn_attention_weekend
2022-08-14,137,0.009332345061478675,28,0.015676821925738358,27,0.03589213395577638,27,0.013930413840981086,27,0.0028522614630311477,28,-0.006480083598447527,0.32142857142857145,0.35714285714285715,0.3392857142857143,主測度 發文數｜等權・可交易性篩選後,abn_attention_weekend
2022-08-21,140,0.020850820261959797,28,0.025826723490100945,28,0.019337111699268553,28,0.009948886361405238,28,0.008425355745956962,28,-0.012425464516002835,0.4642857142857143,0.2857142857142857,0.375,主測度 發文數｜等權・可交易性篩選後,abn_attention_weekend
2022-08-28,137,-0.011460791318343247,28,-0.0007246096543267549,27,0.008980147731229361,27,-0.003871357633563051,27,-0.004451705636505642,28,0.0070090856818376054,0.5357142857142857,0.42857142857142855,0.4821428571428571,主測度 發文數｜等權・可交易性篩選後,abn_attention_weekend
2022-09-04,137,-0.00507816652063459,28,-0.006050079790313793,27,-0.026598798003414383,27,-0.01772436106618363,27,-0.005871601515208824,28,-0.0007934349945742337,0.42857142857142855,0.39285714285714285,0.4107142857142857,主測度 發文數｜等權・可交易性篩選後,abn_attention_weekend
2022-09-11,136,-0.0032732851043471606,28,-0.012066045547672046,27,-0.01208514140433883,27,0.008908050392478575,27,0.004654543061821181,27,0.00792782816616834,0.2962962962962963,0.25,0.27314814814814814,主測度 發文數｜等權・可交易性篩選後,abn_attention_weekend
2022-09-18,134,-0.02101893388304625,27,-0.021812359266844196,27,-0.03219037107930004,26,-0.04823465998652603,27,-0.02031631337972985,27,0.0007026205033164,0.25925925925925924,0.18518518518518517,0.2222222222222222,主測度 發文數｜等權・可交易性篩選後,abn_attention_weekend
2022-09-25,134,-0.027424077066053827,27,-0.02954987744438239,27,-0.042093640798994296,26,-0.04715338795908875,27,-0.0353315946453707,27,-0.007907517579316875,0.25925925925925924,0.14814814814814814,0.2037037037037037,主測度 發文數｜等權・可交易性篩選後,abn_attention_weekend
2022-10-02,138,0.023168671061172964,28,0.012297932153096266,27,0.03303594921252629,28,0.03644932616994798,27,0.02001965915263723,28,-0.003149011908535733,0.21428571428571427,0.17857142857142858,0.19642857142857142,主測度 發文數｜等權・可交易性篩選後,abn_attention_weekend
2022-10-09,133,-0.02936686161001488,27,-0.018150347199330785,26,-0.02780495084927616,27,-0.02283203177276464,26,-0.016733676704998104,27,0.012633184905016775,0.2222222222222222,0.18518518518518517,0.2037037037037037,主測度 發文數｜等權・可交易性篩選後,abn_attention_weekend
2022-10-16,133,-0.005913484853149218,27,-0.0002654897532146735,26,-0.014881273653346884,27,-0.0045411228363037865,26,-0.014980308138317099,27,-0.00906682328516788,0.25925925925925924,0.18518518518518517,0.2222222222222222,主測度 發文數｜等權・可交易性篩選後,abn_attention_weekend
2022-10-23,129,-0.01681503147529304,26,-0.011761527837736442,26,-0.0050995743745767055,25,-0.033016153942903886,26,-0.009112893233419893,26,0.0077021382418731455,0.4230769230769231,0.4230769230769231,0.4230769230769231,主測度 發文數｜等權・可交易性篩選後,abn_attention_weekend
2022-10-30,129,0.010380631110519845,26,0.020588488287252495,26,0.021124097413827387,25,0.0372091088040103,26,0.010276567993784475,26,-0.00010406311673536936,0.5,0.4230769230769231,0.46153846153846156,主測度 發文數｜等權・可交易性篩選後,abn_attention_weekend
2022-11-06,120,0.0330342829476865,24,0.019759846082198333,24,0.014415677463250398,24,0.02346875157652223,24,0.031289252990503176,24,-0.0017450299571833208,0.3333333333333333,0.3333333333333333,0.3333333333333333,主測度 發文數｜等權・可交易性篩選後,abn_attention_weekend
2022-11-13,131,0.0029067084953094957,27,0.006867937977744427,26,0.014780535284295463,26,0.024352408358999284,26,0.022364014519096257,26,0.01945730602378676,0.34615384615384615,0.2962962962962963,0.3212250712250712,主測度 發文數｜等權・可交易性篩選後,abn_attention_weekend
2022-11-20,132,0.03638265510308544,27,0.014500195004712314,26,0.014769448863726144,26,0.006789817398391573,26,0.007289341526008086,27,-0.029093313577077357,0.25925925925925924,0.2222222222222222,0.24074074074074073,主測度 發文數｜等權・可交易性篩選後,abn_attention_weekend
2022-11-27,126,0.03117018888218148,26,0.04652793459434973,25,0.061440759066956424,25,0.046702324478521885,25,0.03845404827359807,25,0.007283859391416594,0.16,0.15384615384615385,0.15692307692307694,主測度 發文數｜等權・可交易性篩選後,abn_attention_weekend
2022-12-04,125,0.0027659184109324643,25,-0.013699129200663886,25,-0.021801412090054584,25,-0.01611575069180872,25,-0.016203146980106515,25,-0.01896906539103898,0.36,0.2,0.28,主測度 發文數｜等權・可交易性篩選後,abn_attention_weekend
2022-12-11,126,0.004095265827171683,26,-0.007219251490539804,25,0.005298140433377494,25,-0.0023818053422757267,25,-0.001147595865804627,25,-0.005242861692976311,0.32,0.2692307692307692,0.2946153846153846,主測度 發文數｜等權・可交易性篩選後,abn_attention_weekend
2022-12-18,125,-0.00879142528760986,25,-0.004615539425583784,25,-0.010530985377966387,25,-0.015486095460254607,25,-0.006756424257370446,25,0.002035001030239414,0.24,0.16,0.2,主測度 發文數｜等權・可交易性篩選後,abn_attention_weekend
2022-12-25,124,-0.015010397530897404,25,-0.00044428128848846173,25,-0.009612329427392425,24,-0.00993408257961569,25,-0.011171204936596499,25,0.0038391925943009053,0.36,0.36,0.36,主測度 發文數｜等權・可交易性篩選後,abn_attention_weekend
2023-01-01,124,0.00179071661393984,25,0.004840408694552729,25,0.013949658072497451,24,0.017217007613223183,25,0.004122979621291578,25,0.0023322630073517375,0.4,0.36,0.38,主測度 發文數｜等權・可交易性篩選後,abn_attention_weekend
2023-01-08,117,-0.0042971462221614715,24,-0.0010190237237619373,23,-0.002389096571533527,23,-0.015993905900493828,23,0.006986991553909902,24,0.011284137776071373,0.4166666666666667,0.16666666666666666,0.2916666666666667,主測度 發文數｜等權・可交易性篩選後,abn_attention_weekend
2023-01-15,127,0.002019900246276313,26,0.004099388133152262,25,0.004602924096736372,25,-0.0018856994389869896,25,0.0004943330613132286,26,-0.0015255671849630844,0.4230769230769231,0.38461538461538464,0.40384615384615385,主測度 發文數｜等權・可交易性篩選後,abn_attention_weekend
2023-02-05,123,-0.011535598046673163,25,0.0035828492022927927,24,-0.01442869812062978,25,-0.005613802008386816,24,0.007583654848047549,25,0.01911925289472071,0.2,0.36,0.28,主測度 發文數｜等權・可交易性篩選後,abn_attention_weekend
2023-02-12,124,0.01914164095301888,25,0.024971352901481926,25,0.013405740397568653,24,0.02832846213123434,25,0.019927601937934813,25,0.0007859609849159323,0.24,0.12,0.18,主測度 發文數｜等權・可交易性篩選後,abn_attention_weekend
2023-02-19,123,0.014107552905969895,25,0.02114254199461704,24,0.015550887705788684,25,0.015047161317226887,24,0.018290333884117656,25,0.004182780978147761,0.4,0.28,0.34,主測度 發文數｜等權・可交易性篩選後,abn_attention_weekend
2023-02-26,126,0.00959373227563244,26,0.011750570297916454,25,0.0071935020913648185,25,0.006689167904929918,25,0.008818674876109616,25,-0.0007750573995228237,0.44,0.4230769230769231,0.43153846153846154,主測度 發文數｜等權・可交易性篩選後,abn_attention_weekend
2023-03-05,121,-0.014837120870633531,25,-0.02379033044900061,24,-0.005654145966833095,24,-0.003953717145139239,24,-0.027811966526984453,24,-0.012974845656350922,0.25,0.16,0.20500000000000002,主測度 發文數｜等權・可交易性篩選後,abn_attention_weekend
2023-03-12,131,-0.000995833067759123,27,-0.0058439586904237605,26,-0.01988688886748769,26,-0.015334260013181973,26,-0.017062714947926418,26,-0.016066881880167295,0.3076923076923077,0.25925925925925924,0.2834757834757835,主測度 發文數｜等權・可交易性篩選後,abn_attention_weekend
2023-03-19,131,0.01706694043599317,27,0.019060424940130417,26,0.024784963677921594,26,0.018537847699753654,26,0.025550431978329718,26,0.008483491542336546,0.2692307692307692,0.2962962962962963,0.2827635327635327,主測度 發文數｜等權・可交易性篩選後,abn_attention_weekend
2023-03-26,130,-0.005219461329842925,26,0.0009959284463911895,26,-0.0001808768796549095,26,-0.005638397385104184,26,-0.004106278854391807,26,0.0011131824754511176,0.38461538461538464,0.3076923076923077,0.34615384615384615,主測度 發文數｜等權・可交易性篩選後,abn_attention_weekend
2023-04-02,128,0.0015872309945149654,26,0.0033704261940962566,25,0.015789448139626922,26,0.003703635976460493,25,0.00419053706015353,26,0.0026033060656385646,0.3076923076923077,0.3076923076923077,0.3076923076923077,主測度 發文數｜等權・可交易性篩選後,abn_attention_weekend
2023-04-09,110,0.025040811255923723,22,-0.0007581293294670055,22,0.04857907811535165,22,0.01074198309102427,22,0.01569059446453093,22,-0.009350216791392793,0.3181818181818182,0.13636363636363635,0.22727272727272727,主測度 發文數｜等權・可交易性篩選後,abn_attention_weekend
2023-04-16,135,-0.024993160942377822,27,-0.028596964818876885,27,-0.022994205542526895,27,-0.035862820568408525,27,-0.019789944760445207,27,0.005203216181932615,0.48148148148148145,0.37037037037037035,0.42592592592592593,主測度 發文數｜等權・可交易性篩選後,abn_attention_weekend
2023-04-23,132,0.002666272775342597,27,0.01000843351037566,26,0.018487729144730423,26,0.0036708768077644135,26,0.0103130365906813,27,0.007646763815338704,0.4074074074074074,0.3333333333333333,0.37037037037037035,主測度 發文數｜等權・可交易性篩選後,abn_attention_weekend
2023-04-30,128,0.0049586010613781786,26,0.0024752774181396875,25,-0.0004962682822626625,26,0.002385650266757775,25,0.009406919204584372,26,0.004448318143206193,0.38461538461538464,0.34615384615384615,0.3653846153846154,主測度 發文數｜等權・可交易性篩選後,abn_attention_weekend
2023-05-07,126,-0.027998633507998485,26,-0.027179599611035065,25,-0.04879918742069668,25,-0.011222366083091137,25,-0.023698499183064298,25,0.004300134324934188,0.28,0.23076923076923078,0.25538461538461543,主測度 發文數｜等權・可交易性篩選後,abn_attention_weekend
2023-05-14,128,0.028699352527611174,26,0.021246907772172273,25,0.020083319255777225,26,0.04232112042452678,25,0.026145162546479327,26,-0.0025541899811318478,0.2692307692307692,0.23076923076923078,0.25,主測度 發文數｜等權・可交易性篩選後,abn_attention_weekend
2023-05-21,126,0.00887320695337052,26,-0.003056793838981995,25,-0.006002222808891488,25,0.009013562465778713,25,0.0034676729545798945,25,-0.005405533998790625,0.32,0.3076923076923077,0.3138461538461539,主測度 發文數｜等權・可交易性篩選後,abn_attention_weekend
2023-05-28,125,0.0064250547597360045,25,0.011793842232503522,25,0.03059924788345493,25,0.02651869005003361,25,0.014794077476975169,25,0.008369022717239164,0.32,0.2,0.26,主測度 發文數｜等權・可交易性篩選後,abn_attention_weekend
2023-06-04,127,0.019760728568887533,26,0.006580480938464226,25,0.0117800184317524,25,0.01640546680666296,25,-0.0015983945381284764,26,-0.021359123107016008,0.23076923076923078,0.19230769230769232,0.21153846153846156,主測度 發文數｜等權・可交易性篩選後,abn_attention_weekend
2023-06-11,130,0.022077298808563888,26,0.011830372818162977,26,0.008142946812613084,26,0.004455078321745465,26,0.002246899392108511,26,-0.019830399416455376,0.23076923076923078,0.23076923076923078,0.23076923076923078,主測度 發文數｜等權・可交易性篩選後,abn_attention_weekend
2023-06-18,130,0.0149749866906028,26,-0.0020121140635614046,26,0.003405657010418792,26,0.010805462855818963,26,-0.0012540763067880707,26,-0.01622906299739087,0.5769230769230769,0.4230769230769231,0.5,主測度 發文數｜等權・可交易性篩選後,abn_attention_weekend
2023-06-25,119,-0.012103379493008387,24,0.003970974143192298,24,-0.0010045223522756705,23,-0.024705693332567284,24,-0.003806445781904713,24,0.008296933711103674,0.4583333333333333,0.4583333333333333,0.4583333333333333,主測度 發文數｜等權・可交易性篩選後,abn_attention_weekend
2023-07-02,124,-0.02846948296602449,25,-0.021547379360332634,25,-0.021962872405000444,24,-0.0073270427387114485,25,-0.007641776065601795,25,0.020827706900422696,0.28,0.24,0.26,主測度 發文數｜等權・可交易性篩選後,abn_attention_weekend
2023-07-09,124,0.023092635458111993,25,-0.007176048146478489,25,-0.017668732321938396,24,0.003581626530387716,25,-0.010575802009398082,25,-0.033668437467510075,0.16,0.2,0.18,主測度 發文數｜等權・可交易性篩選後,abn_attention_weekend
2023-07-16,127,-0.012222684535705566,26,0.00936879908875684,25,0.007559313090993434,25,-0.02985239653205683,25,-0.010862853978932675,26,0.001359830556772891,0.2692307692307692,0.2692307692307692,0.2692307692307692,主測度 發文數｜等權・可交易性篩選後,abn_attention_weekend
2023-07-23,128,0.028480337148093168,26,0.015879856733049005,25,0.004093676745430938,26,0.017832492546952575,25,0.014499041502221614,26,-0.013981295645871554,0.3076923076923077,0.2692307692307692,0.28846153846153844,主測度 發文數｜等權・可交易性篩選後,abn_attention_weekend
2023-07-30,126,-0.02619609265109911,26,-0.004869485472388235,25,-0.01730919178820702,25,-0.02975322973834384,25,-0.0019706390526771323,25,0.024225453598421976,0.32,0.3076923076923077,0.3138461538461539,主測度 發文數｜等權・可交易性篩選後,abn_attention_weekend
2023-08-06,123,-0.029456106892522017,25,-0.030456696313662365,24,-0.052630556608833035,25,-0.029122387106146525,24,-0.02151975952694851,25,0.007936347365573509,0.44,0.24,0.33999999999999997,主測度 發文數｜等權・可交易性篩選後,abn_attention_weekend
2023-08-13,129,-0.004301299293874858,26,-0.027790603967465057,26,-0.011982115483704758,25,-0.013233043371696186,26,-0.030608068809859636,26,-0.026306769515984776,0.4230769230769231,0.2692307692307692,0.34615384615384615,主測度 發文數｜等權・可交易性篩選後,abn_attention_weekend
2023-08-20,135,-0.006776479610511006,27,-0.01050953339982427,27,-0.01207690111409283,27,0.003764529374713429,27,0.0007668583526599155,27,0.007543337963170921,0.3333333333333333,0.2222222222222222,0.2777777777777778,主測度 發文數｜等權・可交易性篩選後,abn_attention_weekend
2023-08-27,125,0.0010321650356415147,25,0.017587263668258028,25,0.036715051268995894,25,-0.0012469319949170554,25,0.008503228927571405,25,0.00747106389192989,0.24,0.2,0.22,主測度 發文數｜等權・可交易性篩選後,abn_attention_weekend
2023-09-03,121,-0.0034532583665740236,25,0.00952352723429703,24,-0.021717996791538848,24,0.0020001160272219245,24,-0.006232077533334379,24,-0.0027788191667603556,0.2916666666666667,0.2,0.24583333333333335,主測度 發文數｜等權・可交易性篩選後,abn_attention_weekend
2023-09-10,123,0.018335024954793454,25,0.012525441915790215,24,0.0037269957705846845,25,0.007185092433799232,24,0.007419832703377791,25,-0.010915192251415663,0.32,0.24,0.28,主測度 發文數｜等權・可交易性篩選後,abn_attention_weekend
2023-09-17,126,-0.01686197003216964,26,-0.011160689784745723,25,-0.015414473166758355,25,-0.017349881816943854,25,-0.017817203083303413,25,-0.0009552330511337741,0.36,0.3076923076923077,0.33384615384615385,主測度 發文數｜等權・可交易性篩選後,abn_attention_weekend
2023-09-24,127,-0.008846259771572548,26,0.013560436403893332,25,0.011924301118369734,25,-0.007065983619778567,25,-0.002628244711536383,26,0.006218015060036165,0.2692307692307692,0.2692307692307692,0.2692307692307692,主測度 發文數｜等權・可交易性篩選後,abn_attention_weekend
2023-10-01,113,-0.0068484853016949595,23,0.00024397459718381788,22,-0.006550169998232238,23,0.0011728406815801997,22,1.637146907333385e-05,23,0.006864856770768294,0.17391304347826086,0.17391304347826086,0.17391304347826086,主測度 發文數｜等權・可交易性篩選後,abn_attention_weekend
2023-10-08,122,-0.008066571918411345,25,-0.006506209222610447,24,-0.01489865386476589,24,-0.010451286221106254,24,-0.002987661614803265,25,0.00507891030360808,0.28,0.28,0.28,主測度 發文數｜等權・可交易性篩選後,abn_attention_weekend
2023-10-15,114,-0.027878356115426665,23,-0.03672599631746364,23,-0.03921153605687541,22,-0.046273548125935114,23,-0.02385928850767829,23,0.004019067607748374,0.2608695652173913,0.21739130434782608,0.2391304347826087,主測度 發文數｜等權・可交易性篩選後,abn_attention_weekend
2023-10-22,126,-0.0005925330205878154,26,0.0058338416991304065,25,0.015352034401133917,25,0.004782698512659009,25,-9.41263837846762e-05,25,0.0004984066368031393,0.32,0.23076923076923078,0.2753846153846154,主測度 發文數｜等權・可交易性篩選後,abn_attention_weekend
2023-10-29,119,0.017637329165004188,24,0.007127430438754287,24,-0.00800717433502922,23,0.01778555081499578,24,0.013068052406090888,24,-0.004569276758913299,0.375,0.3333333333333333,0.35416666666666663,主測度 發文數｜等權・可交易性篩選後,abn_attention_weekend
2023-11-05,120,-0.008252548955165357,24,-0.003423690800764568,24,0.00033313831938983074,24,-0.010300955962136015,24,0.0035435139209047902,24,0.011796062876070147,0.16666666666666666,0.20833333333333334,0.1875,主測度 發文數｜等權・可交易性篩選後,abn_attention_weekend
2023-11-12,122,0.02679491820442353,25,0.026818606202355013,24,0.02236721738152678,24,0.03734754305406169,24,0.007611640418457664,25,-0.019183277785965867,0.24,0.32,0.28,主測度 發文數｜等權・可交易性篩選後,abn_attention_weekend
2023-11-19,128,0.008608595353870045,26,0.022534511279557187,25,0.013637764290565107,26,0.00588013346801342,25,0.00240960954878486,26,-0.006198985805085185,0.23076923076923078,0.23076923076923078,0.23076923076923078,主測度 發文數｜等權・可交易性篩選後,abn_attention_weekend
2023-11-26,129,0.022544326955381992,26,0.006459250223841763,26,0.008947806675821823,25,0.006240005951969842,26,0.012641372047914186,26,-0.009902954907467806,0.3076923076923077,0.11538461538461539,0.21153846153846156,主測度 發文數｜等權・可交易性篩選後,abn_attention_weekend
2023-12-03,128,0.00958885351392232,26,0.03135399164347943,25,-0.012052238000157162,26,0.003937582618011053,25,-0.0014355365999210467,26,-0.011024390113843366,0.38461538461538464,0.19230769230769232,0.2884615384615385,主測度 發文數｜等權・可交易性篩選後,abn_attention_weekend
2023-12-10,132,0.0003990408428119937,27,-0.00684262119810418,26,0.0023225110228147603,26,0.002734686378332373,26,0.005810327765025325,27,0.005411286922213331,0.5185185185185185,0.4444444444444444,0.48148148148148145,主測度 發文數｜等權・可交易性篩選後,abn_attention_weekend
2023-12-17,131,-0.009263982467396546,27,-0.015092453284531421,26,-0.01979834353455005,26,-0.0062806792159103095,26,-0.012419682737483962,26,-0.003155700270087417,0.07692307692307693,0.07407407407407407,0.0754985754985755,主測度 發文數｜等權・可交易性篩選後,abn_attention_weekend
2023-12-24,127,0.0027954738459712645,26,0.00033478952380748604,25,-0.00015770453654062155,25,0.011231705563527292,25,0.01372147618911057,26,0.010926002343139306,0.3076923076923077,0.2692307692307692,0.28846153846153844,主測度 發文數｜等權・可交易性篩選後,abn_attention_weekend
2023-12-31,124,-0.0032007566610485496,25,-0.009846293335915978,25,-0.006761706509464278,24,-0.016513923770748846,25,0.0026008136990294606,25,0.00580157036007801,0.16,0.16,0.16,主測度 發文數｜等權・可交易性篩選後,abn_attention_weekend
2024-01-07,117,-0.01929196628733873,24,-0.021900187597835914,23,-0.04120455106321256,23,-0.01276521669862721,23,-0.021394784992190347,24,-0.0021028187048516174,0.16666666666666666,0.16666666666666666,0.16666666666666666,主測度 發文數｜等權・可交易性篩選後,abn_attention_weekend
2024-01-14,129,-0.017499513659812307,26,-0.01703558440551372,26,-0.027959724997473165,25,-0.013511040693600361,26,-0.01436350428686224,26,0.003136009372950067,0.3076923076923077,0.23076923076923078,0.2692307692307693,主測度 發文數｜等權・可交易性篩選後,abn_attention_weekend
2024-01-21,128,0.009343932586921531,26,0.019725889620366876,25,0.005281616700930713,26,0.002854905156084757,25,0.01000257927170297,26,0.0006586466847814387,0.23076923076923078,0.19230769230769232,0.21153846153846156,主測度 發文數｜等權・可交易性篩選後,abn_attention_weekend
2024-01-28,123,0.009824134108971263,25,-0.0030650319003882875,24,-0.004615629388331057,25,-0.004097671949260524,24,0.0075560350869256655,25,-0.002268099022045597,0.32,0.16,0.24,主測度 發文數｜等權・可交易性篩選後,abn_attention_weekend
2024-02-04,126,-0.0029364045991190314,26,0.001158410489432864,25,-0.0031118677286371453,25,-0.0033833703966028093,25,-0.004803963510115011,25,-0.0018675589109959792,0.24,0.5,0.37,主測度 發文數｜等權・可交易性篩選後,abn_attention_weekend
2024-02-11,88,0.01469586187761571,18,0.016764561695146833,17,0.029195896282876166,18,0.018543356826846505,17,0.021037194568746104,18,0.006341332691130394,0.3333333333333333,0.2777777777777778,0.3055555555555556,主測度 發文數｜等權・可交易性篩選後,abn_attention_weekend
2024-02-18,124,0.033188793979981826,25,0.00010641396767635314,25,0.00022983650704897404,24,0.007385164614950486,25,0.007163139317693976,25,-0.026025654662287852,0.4,0.4,0.4,主測度 發文數｜等權・可交易性篩選後,abn_attention_weekend
2024-02-25,135,0.007838731349990568,27,0.025796279882577936,27,-0.007497846529020208,27,0.009350541631883187,27,0.0031578646994353736,27,-0.004680866650555194,0.2962962962962963,0.25925925925925924,0.2777777777777778,主測度 發文數｜等權・可交易性篩選後,abn_attention_weekend
2024-03-03,132,-0.0017597578204947232,27,-0.03343044918071471,26,-0.012504662199161024,26,0.007682752844576142,26,-0.011529256730560846,27,-0.009769498910066123,0.37037037037037035,0.2962962962962963,0.3333333333333333,主測度 發文數｜等權・可交易性篩選後,abn_attention_weekend
2024-03-10,135,0.015007717096062754,27,0.03084117702780008,27,0.0037551995921677956,27,0.0082844114983143,27,0.017842453989095345,27,0.0028347368930325915,0.37037037037037035,0.37037037037037035,0.37037037037037035,主測度 發文數｜等權・可交易性篩選後,abn_attention_weekend
2024-03-17,138,0.012037380178413172,28,0.019335869624434714,27,0.03324392912799506,28,0.011987507414053813,27,0.036457256365961956,28,0.024419876187548782,0.6428571428571429,0.35714285714285715,0.5,主測度 發文數｜等權・可交易性篩選後,abn_attention_weekend
2024-03-24,132,-0.002882781733394702,27,0.016852325237407192,26,0.006966352662798509,26,0.000919177669558039,26,-0.000794305440236764,27,0.0020884762931579377,0.5555555555555556,0.5925925925925926,0.5740740740740741,主測度 發文數｜等權・可交易性篩選後,abn_attention_weekend
2024-03-31,132,0.006342514654850017,27,-0.008418491563250235,26,0.004615492138495334,26,0.0069620202789380525,26,0.0026964602154972614,27,-0.0036460544393527553,0.4074074074074074,0.3333333333333333,0.37037037037037035,主測度 發文數｜等權・可交易性篩選後,abn_attention_weekend
2024-04-07,122,0.03809116621926881,25,0.018186966442500868,24,0.04967207624948291,24,0.026889744682153948,24,0.011680756836972362,25,-0.026410409382296447,0.32,0.28,0.30000000000000004,主測度 發文數｜等權・可交易性篩選後,abn_attention_weekend
2024-04-14,131,-0.02016352914275094,27,-0.013448103583482,26,-0.02776749075006757,26,-0.016628938692217463,26,-0.010932909232897444,26,0.009230619909853495,0.6923076923076923,0.48148148148148145,0.5868945868945868,主測度 發文數｜等權・可交易性篩選後,abn_attention_weekend
2024-04-21,136,0.006444700427510727,28,-0.004960228616587144,27,0.005455262061122617,27,0.01236418472241402,27,0.02136084957318672,27,0.014916149145675996,0.6666666666666666,0.5714285714285714,0.6190476190476191,主測度 發文數｜等權・可交易性篩選後,abn_attention_weekend
2024-04-28,132,-0.012185059581768727,27,0.01757415856278232,26,0.002316236970336838,26,0.001815311738989343,26,0.013212264216283196,27,0.025397323798051923,0.2962962962962963,0.2962962962962963,0.2962962962962963,主測度 發文數｜等權・可交易性篩選後,abn_attention_weekend
2024-05-05,136,-0.002258111861629612,28,0.007527138191212358,27,-0.0044981237721080465,27,0.0015101577304404896,27,0.00353169494426874,27,0.005789806805898352,0.25925925925925924,0.17857142857142858,0.2189153439153439,主測度 發文數｜等權・可交易性篩選後,abn_attention_weekend
2024-05-12,138,0.004516580221720519,28,0.004213261319090977,27,0.009818696888049514,28,0.027728031745436574,27,0.020651153127059833,28,0.016134572905339314,0.32142857142857145,0.21428571428571427,0.26785714285714285,主測度 發文數｜等權・可交易性篩選後,abn_attention_weekend
2024-05-19,139,-0.013803834577042777,28,-0.026806826487134946,28,-0.023274329894324947,27,0.0051245438812391264,28,-0.024735744355609445,28,-0.010931909778566668,0.35714285714285715,0.2857142857142857,0.3214285714285714,主測度 發文數｜等權・可交易性篩選後,abn_attention_weekend
2024-05-26,139,-0.0018127737990443402,28,0.01929844669764367,28,-0.0015318514754042733,27,0.022686833211988878,28,-0.00967577795617895,28,-0.00786300415713461,0.5,0.42857142857142855,0.4642857142857143,主測度 發文數｜等權・可交易性篩選後,abn_attention_weekend
2024-06-02,142,0.011053963227016867,29,0.004661789421243353,28,0.00018851356737081826,28,-0.00117170074182908,28,0.011598275691001397,29,0.0005443124639845295,0.41379310344827586,0.3448275862068966,0.3793103448275862,主測度 發文數｜等權・可交易性篩選後,abn_attention_weekend
2024-06-09,137,0.014383671067923764,28,-0.012046296114663145,27,-0.0061948273099461095,27,-0.013577057802316952,27,-0.0003388775907452774,28,-0.014722548658669041,0.2857142857142857,0.25,0.26785714285714285,主測度 發文數｜等權・可交易性篩選後,abn_attention_weekend
2024-06-16,141,0.036750226936772455,29,0.012959017699615069,28,0.0031711416395231768,28,0.017121176426807317,28,0.0201443242877078,28,-0.016605902649064655,0.32142857142857145,0.3793103448275862,0.35036945812807885,主測度 發文數｜等權・可交易性篩選後,abn_attention_weekend
2024-06-23,143,0.00023189546444118395,29,-0.01618529591318987,28,-0.003513108738787771,29,0.002933397413707715,28,-0.0013163852048352393,29,-0.0015482806692764233,0.3103448275862069,0.2413793103448276,0.27586206896551724,主測度 發文數｜等權・可交易性篩選後,abn_attention_weekend
2024-06-30,146,0.012381062875533321,30,0.020283830962329368,29,0.035174141902089555,29,0.03189297502576317,29,0.01825225474036882,29,0.0058711918648355,0.3448275862068966,0.3,0.3224137931034483,主測度 發文數｜等權・可交易性篩選後,abn_attention_weekend
2024-07-07,148,0.007967851911819797,30,-0.0014448231676288698,29,-0.015951807444257674,30,-0.02397371150002799,29,0.013177424243562592,30,0.0052095723317427955,0.4,0.3,0.35,主測度 發文數｜等權・可交易性篩選後,abn_attention_weekend
2024-07-14,145,-0.017342194422924707,29,-0.02381128517513161,29,-0.031488745837833815,29,-0.038523447359017915,29,-0.021509832595444065,29,-0.004167638172519358,0.20689655172413793,0.1724137931034483,0.1896551724137931,主測度 發文數｜等權・可交易性篩選後,abn_attention_weekend
2024-07-21,145,-0.015168313021091787,29,-0.013660678859416105,29,-0.010896281875926046,29,-0.027637157115956882,29,-0.019643469476190053,29,-0.004475156455098266,0.2413793103448276,0.2413793103448276,0.2413793103448276,主測度 發文數｜等權・可交易性篩選後,abn_attention_weekend
2024-07-28,140,-0.026298622118039294,28,-0.044323072838781695,28,-0.011887658093754108,28,-0.009642722513355758,28,-0.028522670276021487,28,-0.0022240481579821926,0.32142857142857145,0.21428571428571427,0.26785714285714285,主測度 發文數｜等權・可交易性篩選後,abn_attention_weekend
2024-08-04,147,0.018105439453576296,30,-0.02769276408172663,29,-0.008785055549406048,29,-0.012914956528174747,29,0.00020871900669833983,30,-0.017896720446877956,0.4,0.36666666666666664,0.3833333333333333,主測度 發文數｜等權・可交易性篩選後,abn_attention_weekend
2024-08-11,148,0.01961593679802154,30,0.00947999732259699,29,0.028603429926489614,30,0.03298009208875503,29,0.027509608632343883,30,0.007893671834322342,0.3333333333333333,0.26666666666666666,0.3,主測度 發文數｜等權・可交易性篩選後,abn_attention_weekend
2024-08-18,143,0.0027876251193904196,29,-0.0037898832720849795,28,0.00489502200817925,29,0.0022148399752796627,28,0.011118564505315894,29,0.008330939385925475,0.3793103448275862,0.3793103448275862,0.3793103448275862,主測度 發文數｜等權・可交易性篩選後,abn_attention_weekend
2024-08-25,142,0.008206802680290047,29,0.0019375207009770443,28,0.009004017455595727,28,0.0023675404931573257,28,0.007590860335603671,29,-0.0006159423446863762,0.20689655172413793,0.2413793103448276,0.22413793103448276,主測度 發文數｜等權・可交易性篩選後,abn_attention_weekend
2024-09-01,140,-0.06445080051938841,28,-0.05996386451640417,28,-0.05175636427309654,28,-0.0488380905858475,28,-0.035229661483407275,28,0.029221139035981135,0.17857142857142858,0.25,0.2142857142857143,主測度 發文數｜等權・可交易性篩選後,abn_attention_weekend
2024-09-08,142,0.02987723812185741,29,0.04133701923920148,28,0.02330981140305897,28,0.035264168434003276,28,0.021591133441470334,29,-0.008286104680387076,0.1724137931034483,0.2413793103448276,0.20689655172413796,主測度 發文數｜等權・可交易性篩選後,abn_attention_weekend
2024-09-15,142,0.010325921940866149,29,0.01973701123155615,28,0.022109849897776996,28,0.006226803120862212,28,0.017058034402504023,29,0.006732112461637874,0.3448275862068966,0.20689655172413793,0.27586206896551724,主測度 發文數｜等權・可交易性篩選後,abn_attention_weekend
2024-09-22,139,0.028550400409172248,28,0.01909159298547446,28,0.030085172952769242,27,0.00798468853784874,28,0.013439472952586006,28,-0.015110927456586242,0.2857142857142857,0.21428571428571427,0.25,主測度 發文數｜等權・可交易性篩選後,abn_attention_weekend
2024-09-29,143,-0.025213647583508907,29,-0.021962156857403384,28,-0.0021455759703277945,29,-0.02074235778579007,28,-0.02631097709204218,29,-0.001097329508533272,0.27586206896551724,0.27586206896551724,0.27586206896551724,主測度 發文數｜等權・可交易性篩選後,abn_attention_weekend
2024-10-06,134,-0.02339025350583143,27,-0.03621379159431781,27,-0.05232316611951534,26,-0.018759520491855277,27,-0.01855196772188981,27,0.004838285783941618,0.25925925925925924,0.18518518518518517,0.2222222222222222,主測度 發文數｜等權・可交易性篩選後,abn_attention_weekend
2024-10-13,135,0.006666855656954689,27,0.006647217355095987,27,0.002999853914936537,27,0.02223260301852261,27,0.014039546807913174,27,0.007372691150958485,0.3333333333333333,0.2962962962962963,0.31481481481481477,主測度 發文數｜等權・可交易性篩選後,abn_attention_weekend
2024-10-20,139,-0.014646116501780613,28,-0.003687699218515833,28,-0.0036445268038514562,27,0.004077490551540061,28,0.0007060145345846433,28,0.015352131036365256,0.25,0.21428571428571427,0.23214285714285715,主測度 發文數｜等權・可交易性篩選後,abn_attention_weekend
2024-10-27,139,-0.011608175692076542,28,-0.008066774967214366,28,-0.018630208284330683,27,-0.003055345743638519,28,-0.022774791988647503,28,-0.011166616296570961,0.21428571428571427,0.17857142857142858,0.19642857142857142,主測度 發文數｜等權・可交易性篩選後,abn_attention_weekend
2024-11-03,139,0.002776820192591365,28,0.002020074350540524,28,0.0032920072749889804,27,0.0015955772805953037,28,-0.00655416215646342,28,-0.009330982349054785,0.17857142857142858,0.07142857142857142,0.125,主測度 發文數｜等權・可交易性篩選後,abn_attention_weekend
2024-11-10,137,-0.02416825316938132,28,-0.01001885029368533,27,-0.0256377517124279,27,-0.01788418413477409,27,-0.024005942408975762,28,0.0001623107604055568,0.2857142857142857,0.21428571428571427,0.25,主測度 發文數｜等權・可交易性篩選後,abn_attention_weekend
2024-11-17,143,0.006489683005058956,29,-0.00545230375088391,28,0.015534325524736709,29,0.00048293240566019136,28,0.005538720803523651,29,-0.0009509622015353054,0.3448275862068966,0.3103448275862069,0.3275862068965517,主測度 發文數｜等權・可交易性篩選後,abn_attention_weekend
2024-11-24,135,-0.02770942280231982,27,-0.01866208528195679,27,-0.03170212329881012,27,-0.01595804457440908,27,-0.02546758855065683,27,0.0022418342516629906,0.18518518518518517,0.18518518518518517,0.18518518518518517,主測度 發文數｜等權・可交易性篩選後,abn_attention_weekend
2024-12-01,141,0.010675462649826373,29,-0.01242144815851046,28,0.0023139752639640804,28,0.026563712447039166,28,0.025944629216141213,28,0.01526916656631484,0.25,0.2413793103448276,0.2456896551724138,主測度 發文數｜等權・可交易性篩選後,abn_attention_weekend
2024-12-08,142,-0.03138249060957459,29,-0.04100395701056819,28,-0.0376381581506644,28,-0.017449720907551095,28,-0.035666942532345584,29,-0.004284451922770993,0.2413793103448276,0.27586206896551724,0.25862068965517243,主測度 發文數｜等權・可交易性篩選後,abn_attention_weekend
2024-12-15,145,-0.02633653517701065,29,-0.026968025495344897,29,-0.022252918642792083,29,-0.010855761086725728,29,-0.021400434457329445,29,0.004936100719681206,0.20689655172413793,0.20689655172413793,0.20689655172413793,主測度 發文數｜等權・可交易性篩選後,abn_attention_weekend
2024-12-22,147,0.001951079125169138,30,0.004423993330896457,29,0.008976391912979846,29,0.0013285435677851886,29,0.0045038882345272094,30,0.0025528091093580717,0.26666666666666666,0.16666666666666666,0.21666666666666667,主測度 發文數｜等權・可交易性篩選後,abn_attention_weekend
2024-12-29,136,-0.02206916276220514,28,-0.015361768949079257,27,-0.023523592851828798,27,-0.010420379107551744,27,-0.011304732374745467,27,0.010764430387459672,0.2962962962962963,0.32142857142857145,0.30886243386243384,主測度 發文數｜等權・可交易性篩選後,abn_attention_weekend
2020-01-12,119,-0.018818241067133513,24,0.010783783502249686,24,0.011528451463539693,23,0.006909391710609014,24,0.013494969144278203,24,0.032313210211411716,1.0,1.0,1.0,主測度 發文數｜市值加權・未篩選,abn_attention_weekend
2020-01-19,121,0.0017585728310420122,25,-0.0021090403495480346,24,-0.0029768656223952412,24,-0.0009706839409291026,24,-0.002155572792129082,24,-0.0039141456231710945,0.4583333333333333,0.32,0.38916666666666666,主測度 發文數｜市值加權・未篩選,abn_attention_weekend
2020-01-26,122,-0.02074377526376822,25,-0.019628465830619026,24,-0.004937578837225818,24,-0.008074664657510142,24,-0.02206405519077999,25,-0.00132027992701177,0.4,0.24,0.32,主測度 發文數｜市值加權・未篩選,abn_attention_weekend
2020-02-02,122,0.033187684418774545,25,0.015485442479329608,24,0.015270173474725304,24,0.024098394739274512,24,0.041428620693722926,25,0.00824093627494838,0.28,0.32,0.30000000000000004,主測度 發文數｜市值加權・未篩選,abn_attention_weekend
2020-02-09,122,0.021317457253385366,25,0.011280788402418744,24,0.014270901106182121,24,0.01961838457526417,24,0.04281668024352689,25,0.021499222990141523,0.32,0.32,0.32,主測度 發文數｜市值加權・未篩選,abn_attention_weekend
2020-02-16,124,-0.010737260151324183,25,-0.016307222887429057,25,0.009237734151526693,24,0.0070879883935975625,25,0.006808684960441262,25,0.017545945111765444,0.4,0.32,0.36,主測度 發文數｜市值加權・未篩選,abn_attention_weekend
2020-02-23,123,-0.01250798864834004,25,-0.011532179603057927,24,-0.019111508303352096,25,-0.01688005059085056,24,-0.021175884605062006,25,-0.008667895956721966,0.24,0.16,0.2,主測度 發文數｜市值加權・未篩選,abn_attention_weekend
2020-03-01,122,0.025067811552717176,25,0.015409951311436307,24,0.01907434170823636,24,0.018540518652229377,24,0.02313475876634895,25,-0.001933052786368225,0.48,0.36,0.42,主測度 發文數｜市值加權・未篩選,abn_attention_weekend
2020-03-08,121,-0.11687230244518768,25,-0.07650935250802593,24,-0.13391670781341022,24,-0.08010557892835486,24,-0.0679699286048671,24,0.048902373840320576,0.5,0.36,0.43,主測度 發文數｜市值加權・未篩選,abn_attention_weekend
2020-03-15,121,-0.08426642890446867,25,-0.10473459556937025,24,-0.08757547545948118,24,-0.08630859261061674,24,-0.05018521504253496,24,0.03408121386193371,0.25,0.2,0.225,主測度 發文數｜市值加權・未篩選,abn_attention_weekend
2020-03-22,120,0.10962853151705616,24,0.08456606488690377,24,0.05696685363817596,24,0.05609806636108742,24,0.07042387590545754,24,-0.039204655611598624,0.7083333333333334,0.375,0.5416666666666667,主測度 發文數｜市值加權・未篩選,abn_attention_weekend
2020-03-29,121,0.027624598089562528,25,0.017589180008989586,24,0.013136558467665652,24,0.016124868879123923,24,0.02222981844844664,24,-0.005394779641115888,0.7083333333333334,0.44,0.5741666666666667,主測度 發文數｜市值加權・未篩選,abn_attention_weekend
2020-04-05,122,0.03185797675891884,25,0.05883366674286968,24,0.038873008823049136,24,0.06015608108739717,24,0.0291933093242216,25,-0.002664667434697239,0.52,0.28,0.4,主測度 發文數｜市值加權・未篩選,abn_attention_weekend
2020-04-12,122,0.07702316544289216,25,0.03245772499776265,24,0.023159169496235473,24,0.006805711181980242,24,0.019332498322447454,25,-0.057690667120444704,0.4,0.24,0.32,主測度 發文數｜市值加權・未篩選,abn_attention_weekend
2020-04-19,123,-0.01816720712209589,25,-0.01630471778538971,24,-0.013326539465184466,25,-0.020613888028196903,24,-0.04184906108363731,25,-0.023681853961541422,0.28,0.2,0.24000000000000002,主測度 發文數｜市值加權・未篩選,abn_attention_weekend
2020-04-26,123,0.03468153091055513,25,0.08489598160461787,24,0.05380229151758543,25,0.04621166078970699,24,0.03305252773558664,25,-0.001629003174968495,0.2,0.2,0.2,主測度 發文數｜市值加權・未篩選,abn_attention_weekend
2020-05-03,118,0.017936881671656944,24,0.03409316208571843,23,0.01274948276467921,24,0.013445675176642653,23,0.020417333141191332,24,0.0024804514695343886,0.4166666666666667,0.25,0.33333333333333337,主測度 發文數｜市值加權・未篩選,abn_attention_weekend
2020-05-10,117,-0.009821591626571369,24,-0.020456735004695727,23,-0.01934899680906955,23,-0.023498562998842967,23,-0.04027948593317773,24,-0.030457894306606365,0.4583333333333333,0.2916666666666667,0.375,主測度 發文數｜市值加權・未篩選,abn_attention_weekend
2020-05-17,118,0.009777738576576569,24,0.01647184491345112,23,0.026714663674494456,24,0.004515862288516121,23,0.0012425471120536703,24,-0.008535191464522899,0.4166666666666667,0.375,0.39583333333333337,主測度 發文數｜市值加權・未篩選,abn_attention_weekend
2020-05-24,124,-0.007384299181422659,25,0.00382203432514486,25,0.029523489453832465,24,0.007008337078991088,25,0.007413796317587788,25,0.014798095499010448,0.4,0.36,0.38,主測度 發文數｜市值加權・未篩選,abn_attention_weekend
2020-05-31,121,0.05217869350898314,25,0.025836794875849625,24,0.0383740601689964,24,0.02977575635534262,24,0.05003437926721251,24,-0.0021443142417706257,0.5833333333333334,0.36,0.4716666666666667,主測度 發文數｜市值加權・未篩選,abn_attention_weekend
2020-06-07,122,-0.029394184494874846,25,-0.00879102185548959,24,-0.03824810526442793,24,-0.015828724035856036,24,-0.0040553133630895225,25,0.025338871131785325,0.64,0.36,0.5,主測度 發文數｜市值加權・未篩選,abn_attention_weekend
2020-06-14,120,0.004536953318751655,24,0.015791274217634547,24,-0.003291363910354335,24,0.017039497916793666,24,0.022463326140474645,24,0.01792637282172299,0.20833333333333334,0.20833333333333334,0.20833333333333334,主測度 發文數｜市值加權・未篩選,abn_attention_weekend
2020-06-21,121,0.013848866207165795,25,0.002682012580867243,24,-0.0067108369130738955,24,-0.010124623938868088,24,0.009599598852687914,24,-0.00424926735447788,0.2916666666666667,0.2,0.24583333333333335,主測度 發文數｜市值加權・未篩選,abn_attention_weekend
2020-06-28,123,0.044650321196202214,25,0.025349465278156777,24,0.023567178457933602,25,0.029976669853519346,24,0.015313896489573348,25,-0.029336424706628866,0.4,0.24,0.32,主測度 發文數｜市值加權・未篩選,abn_attention_weekend
2020-07-05,124,-0.004554585757060609,25,-0.00576710364469093,25,-0.0032879359790155883,24,9.319467366733038e-05,25,0.038309088380544594,25,0.0428636741376052,0.36,0.2,0.28,主測度 發文數｜市值加權・未篩選,abn_attention_weekend
2020-07-12,124,-0.005996718078617225,25,0.002975780853555279,25,0.00095873854785298,24,0.005775399118087057,25,0.034396675357333706,25,0.04039339343595093,0.4,0.4,0.4,主測度 發文數｜市值加權・未篩選,abn_attention_weekend
2020-07-19,126,-0.009466006169293667,26,-0.008660008599661137,25,0.0015349263508538083,25,0.003923965594096673,25,0.031156723181611484,25,0.04062272935090515,0.32,0.2692307692307692,0.2946153846153846,主測度 發文數｜市值加權・未篩選,abn_attention_weekend
2020-07-26,126,0.0055915602234566,26,-0.022147965480298595,25,-0.02061322531095093,25,-0.009310800308391563,25,0.011210373566009041,25,0.005618813342552441,0.32,0.23076923076923078,0.2753846153846154,主測度 發文數｜市值加權・未篩選,abn_attention_weekend
2020-08-02,125,0.015213022104963675,25,0.014600186647544056,25,0.01717205649165591,25,-0.00432850332305415,25,0.029725936306789845,25,0.01451291420182617,0.36,0.36,0.36,主測度 發文數｜市值加權・未篩選,abn_attention_weekend
2020-08-09,127,-0.0032100588984313007,26,0.024958246359611136,25,0.02185788307920182,25,0.023047030077651527,25,-0.0010471120540898474,26,0.0021629468443414533,0.38461538461538464,0.34615384615384615,0.3653846153846154,主測度 發文數｜市值加權・未篩選,abn_attention_weekend
2020-08-16,127,-0.010016749453702675,26,-0.005566153705950316,25,0.013724417673447967,25,-0.011472992720848195,25,-0.022601780415824203,26,-0.012585030962121529,0.23076923076923078,0.23076923076923078,0.23076923076923078,主測度 發文數｜市值加權・未篩選,abn_attention_weekend
2020-08-23,127,0.000925872327165792,26,0.0026954090341479373,25,0.017827754031005703,25,0.012764504279953065,25,0.016757488494976405,26,0.015831616167810612,0.5384615384615384,0.38461538461538464,0.46153846153846156,主測度 發文數｜市值加權・未篩選,abn_attention_weekend
2020-08-30,127,-0.01781336101296841,26,-0.009676615306243525,25,0.021547299232533096,25,-0.011036038806785596,25,-0.0171412788881049,26,0.0006720821248635094,0.5384615384615384,0.5,0.5192307692307692,主測度 發文數｜市值加權・未篩選,abn_attention_weekend
2020-09-06,130,0.018270959198942307,26,0.0037925603181846322,26,-0.014948192166920171,26,-0.0034922798378180468,26,0.004831217966272985,26,-0.013439741232669323,0.34615384615384615,0.3076923076923077,0.3269230769230769,主測度 發文數｜市值加權・未篩選,abn_attention_weekend
2020-09-13,130,0.001113448667268371,26,0.006393914151316289,26,0.02884524129689555,26,0.006264927902757501,26,0.02290684239871636,26,0.021793393731447987,0.3076923076923077,0.2692307692307692,0.28846153846153844,主測度 發文數｜市值加權・未篩選,abn_attention_weekend
2020-09-20,131,-0.052271576773904836,27,-0.05025697490447,26,-0.0758869990476167,26,-0.07151658272253615,26,-0.043709805328935,26,0.008561771444969835,0.23076923076923078,0.2222222222222222,0.2264957264957265,主測度 發文數｜市值加權・未篩選,abn_attention_weekend
2020-09-27,131,0.007391959824331679,27,0.026140489133393657,26,0.008930720324749949,26,0.04335904950391849,26,0.014671453167618231,26,0.007279493343286552,0.34615384615384615,0.18518518518518517,0.2656695156695157,主測度 發文數｜市值加權・未篩選,abn_attention_weekend
2020-10-04,132,0.029545788154701193,27,0.013069357549086716,26,0.025089358606053633,26,0.024272462869581842,26,0.013807496810075502,27,-0.01573829134462569,0.4444444444444444,0.37037037037037035,0.4074074074074074,主測度 發文數｜市值加權・未篩選,abn_attention_weekend
2020-10-11,133,-0.01762062224718675,27,-0.019452750608633877,26,-0.0023825734998868904,27,-0.005149666099001151,26,-0.015704628683781707,27,0.0019159935634050426,0.25925925925925924,0.2962962962962963,0.2777777777777778,主測度 發文數｜市值加權・未篩選,abn_attention_weekend
2020-10-18,134,0.0019392234127128182,27,0.007707402678254915,27,0.0168225014123434,26,-0.0016964999859406516,27,0.006702564501042065,27,0.004763341088329247,0.25925925925925924,0.18518518518518517,0.2222222222222222,主測度 發文數｜市值加權・未篩選,abn_attention_weekend
2020-10-25,133,-0.0454337178020429,27,-0.022151635193444815,26,-0.011143412683847482,27,-0.006884499829548783,26,-0.021794314086360626,27,0.023639403715682277,0.37037037037037035,0.25925925925925924,0.31481481481481477,主測度 發文數｜市值加權・未篩選,abn_attention_weekend
2020-11-01,132,0.041574864107744885,27,0.027346848104345664,26,0.01984829828403294,26,0.02641674266454128,26,0.020728665296185493,27,-0.020846198811559392,0.25925925925925924,0.3333333333333333,0.2962962962962963,主測度 發文數｜市值加權・未篩選,abn_attention_weekend
2020-11-08,132,0.00799610192638253,27,0.058432037770044375,26,0.01070422823435428,26,0.006323044267983567,26,0.024519665344250093,27,0.016523563417867565,0.3333333333333333,0.18518518518518517,0.25925925925925924,主測度 發文數｜市值加權・未篩選,abn_attention_weekend
2020-11-15,133,0.03307752160187996,27,0.015410026958967815,26,0.007387207664470544,27,0.019017017248718245,26,0.03288455121133317,27,-0.00019297039054679,0.3333333333333333,0.25925925925925924,0.2962962962962963,主測度 發文數｜市值加權・未篩選,abn_attention_weekend
2020-11-22,132,0.037564645760723527,27,0.013099150460956088,26,0.029096217985511087,26,0.024366001408173132,26,-0.009298341588035256,27,-0.04686298734875878,0.3333333333333333,0.25925925925925924,0.2962962962962963,主測度 發文數｜市值加權・未篩選,abn_attention_weekend
2020-11-29,134,0.023611641743465528,27,0.010464325297901152,27,-0.0014762279283922328,26,0.047245205445746966,27,0.02378545281651034,27,0.00017381107304481266,0.3333333333333333,0.3333333333333333,0.3333333333333333,主測度 發文數｜市值加權・未篩選,abn_attention_weekend
2020-12-06,134,0.002113299689496113,27,0.006307098334605972,27,-0.015335590466002209,26,-0.015565769298564751,27,0.004388510161658436,27,0.002275210472162323,0.48148148148148145,0.25925925925925924,0.37037037037037035,主測度 發文數｜市值加權・未篩選,abn_attention_weekend
2020-12-13,134,-0.0017441896614956399,27,0.0004141228709969599,27,0.02221892289760331,26,-0.003194297607645147,27,-0.0002798995931577885,27,0.0014642900683378515,0.25925925925925924,0.18518518518518517,0.2222222222222222,主測度 發文數｜市值加權・未篩選,abn_attention_weekend
2020-12-20,134,0.0014910153837084127,27,0.016452414177975442,27,0.005761551417158997,26,-0.007318899767196487,27,0.02878463681623807,27,0.027293621432529655,0.4074074074074074,0.3333333333333333,0.37037037037037035,主測度 發文數｜市值加權・未篩選,abn_attention_weekend
2020-12-27,136,0.015936041458383964,28,0.034156525541105376,27,0.011102746963579943,27,0.01062240785694557,27,0.029177110957575046,27,0.013241069499191082,0.3333333333333333,0.25,0.29166666666666663,主測度 發文數｜市值加權・未篩選,abn_attention_weekend
2021-01-03,139,0.06563134213397406,28,0.00871324493716283,28,-0.030160143372358176,27,0.007190894221721041,28,0.08447112425011993,28,0.01883978211614587,0.35714285714285715,0.2857142857142857,0.3214285714285714,主測度 發文數｜市值加權・未篩選,abn_attention_weekend
2021-01-10,137,-0.02809594646526988,28,0.0303538187390929,27,-0.04152593822579113,27,0.02143553186114041,27,0.026129270935187264,28,0.054225217400457146,0.35714285714285715,0.32142857142857145,0.3392857142857143,主測度 發文數｜市值加權・未篩選,abn_attention_weekend
2021-01-17,138,-0.019149131343310963,28,0.004113531276728986,27,-0.03328057312046224,28,0.0007698618733970812,27,0.061732997816781425,28,0.08088212916009238,0.35714285714285715,0.2857142857142857,0.3214285714285714,主測度 發文數｜市值加權・未篩選,abn_attention_weekend
2021-01-24,139,-0.03158884656968159,28,-0.038961886785201655,28,-0.025508360264973516,27,-0.042553486953261735,28,-0.07594218517493044,28,-0.04435333860524885,0.35714285714285715,0.25,0.3035714285714286,主測度 發文數｜市值加權・未篩選,abn_attention_weekend
2021-01-31,140,0.04315410220371421,28,0.028170294882575123,28,0.03173221162528888,28,0.012865592140068155,28,0.05297063032767265,28,0.009816528123958439,0.5357142857142857,0.42857142857142855,0.4821428571428571,主測度 發文數｜市值加權・未篩選,abn_attention_weekend
2021-02-14,140,0.030627381910365854,28,0.029793829209825918,28,0.03618408648571936,28,0.04273175925877909,28,0.03201027328504012,28,0.001382891374674268,0.7142857142857143,0.5,0.6071428571428572,主測度 發文數｜市值加權・未篩選,abn_attention_weekend
2021-02-21,140,-0.06526448083403032,28,-0.007851439473795054,28,0.02872879848345345,28,0.03643976433817168,28,0.013583694102991498,28,0.07884817493702181,0.2857142857142857,0.35714285714285715,0.3214285714285714,主測度 發文數｜市值加權・未篩選,abn_attention_weekend
2021-02-28,140,-0.03970625264789655,28,-0.012539624709447085,28,-0.013049773588372922,28,-0.00023016921721077198,28,-0.028180796445310078,28,0.011525456202586475,0.25,0.21428571428571427,0.23214285714285715,主測度 發文數｜市值加權・未篩選,abn_attention_weekend
2021-03-07,139,0.01845277589356595,28,0.011693959687012173,28,0.01804884715630514,27,0.010373460962425108,28,0.02176074064776822,28,0.00330796475420227,0.35714285714285715,0.17857142857142858,0.26785714285714285,主測度 發文數｜市值加權・未篩選,abn_attention_weekend
2021-03-14,140,-0.025717962629222258,28,0.0009837657828724602,28,-0.007683671465757973,28,-0.01153837136737912,28,-0.025064291731022283,28,0.0006536708981999748,0.2857142857142857,0.32142857142857145,0.3035714285714286,主測度 發文數｜市值加權・未篩選,abn_attention_weekend
2021-03-21,140,0.0249952447814535,28,0.0330062150700254,28,0.03838123021581416,28,0.015042355631209299,28,0.007193367161001567,28,-0.017801877620451934,0.6785714285714286,0.4642857142857143,0.5714285714285714,主測度 發文數｜市值加權・未篩選,abn_attention_weekend
2021-03-28,140,-0.009563560917582288,28,0.0027691357075262206,28,0.011692095912103012,28,0.02336800120614093,28,0.007660268182431373,28,0.01722382910001366,0.6428571428571429,0.4642857142857143,0.5535714285714286,主測度 發文數｜市值加權・未篩選,abn_attention_weekend
2021-04-04,141,-0.0011334476922057772,29,0.009799806109532898,28,0.021733187605534724,28,0.02294104157973726,28,0.020043848808725135,28,0.021177296500930913,0.5357142857142857,0.41379310344827586,0.4747536945812808,主測度 發文數｜市值加權・未篩選,abn_attention_weekend
2021-04-11,142,0.0023432260129474607,29,0.04560656678632308,28,0.06130913294511962,28,0.006760312307317884,28,0.10446073388660046,29,0.102117507873653,0.6206896551724138,0.3448275862068966,0.4827586206896552,主測度 發文數｜市值加權・未篩選,abn_attention_weekend
2021-04-18,146,0.013345944892414384,30,-0.0028532650828691007,29,0.03766935654030788,29,0.02683046003840209,29,0.008979702681374593,29,-0.004366242211039791,0.4827586206896552,0.3,0.3913793103448276,主測度 發文數｜市值加權・未篩選,abn_attention_weekend
2021-04-25,147,-0.006757938117111628,30,0.011163936810370192,29,0.03058491403371365,29,-0.015304903927725459,29,0.022778719779243273,30,0.0295366578963549,0.4,0.3333333333333333,0.3666666666666667,主測度 發文數｜市值加權・未篩選,abn_attention_weekend
2021-05-02,150,0.006137998758644738,30,-0.007914124813467543,30,-0.02766489053469158,30,-0.052647603803013435,30,-0.019462606205278548,30,-0.025600604963923287,0.26666666666666666,0.23333333333333334,0.25,主測度 發文數｜市值加權・未篩選,abn_attention_weekend
2021-05-09,149,-0.1080280431726327,30,-0.06635496608911369,30,-0.11951816788996687,29,-0.09592693038436355,30,-0.08193448508727624,30,0.02609355808535646,0.23333333333333334,0.16666666666666666,0.2,主測度 發文數｜市值加權・未篩選,abn_attention_weekend
2021-05-16,150,0.08202112070560373,30,0.048064718347698536,30,0.09419064179169205,30,0.06873543375782216,30,0.06514799697751142,30,-0.016873123728092312,0.7,0.23333333333333334,0.4666666666666667,主測度 發文數｜市值加權・未篩選,abn_attention_weekend
2021-05-23,152,0.03306188624956242,31,0.034105365543912754,30,0.04982819651535694,30,0.06046751442099715,30,0.06647507522055866,31,0.033413188970996245,0.7741935483870968,0.5806451612903226,0.6774193548387097,主測度 發文數｜市值加權・未篩選,abn_attention_weekend
2021-05-30,154,0.004017553245536235,31,0.04488943398454956,31,0.02436432677779111,30,0.007729873595452775,31,0.03044656957068173,31,0.026429016325145497,0.6451612903225806,0.5483870967741935,0.596774193548387,主測度 發文數｜市值加權・未篩選,abn_attention_weekend
2021-06-06,155,0.008499354351570605,31,-0.01125747358850285,31,-0.0025654476298755105,31,-0.009580831780831975,31,-0.011733489582330708,31,-0.02023284393390131,0.5483870967741935,0.3225806451612903,0.4354838709677419,主測度 發文數｜市值加權・未篩選,abn_attention_weekend
2021-06-13,154,-0.004667593180771851,31,-0.0270532130746058,31,-0.013086981541059835,30,0.009427808074761164,31,0.0827774685922233,31,0.08744506177299516,0.5161290322580645,0.45161290322580644,0.4838709677419355,主測度 發文數｜市值加權・未篩選,abn_attention_weekend
2021-06-20,152,0.04114399826141958,31,0.04489399215929896,30,0.04946230836730621,30,0.01272083747035168,30,0.006516127424393266,31,-0.034627870837026314,0.5161290322580645,0.25806451612903225,0.3870967741935484,主測度 發文數｜市值加權・未篩選,abn_attention_weekend
2021-06-27,156,0.008323780884164553,32,0.004078224637034976,31,0.010213109169928045,31,-0.005337171382457664,31,0.04405857691438845,31,0.03573479603022389,0.3548387096774194,0.21875,0.2867943548387097,主測度 發文數｜市值加權・未篩選,abn_attention_weekend
2021-07-04,159,-0.0022704895856996564,32,-0.0035017864307292186,32,-0.01659157213934375,31,0.00996217926348896,32,-0.016062305091329037,32,-0.013791815505629381,0.5,0.3125,0.40625,主測度 發文數｜市值加權・未篩選,abn_attention_weekend
2021-07-11,162,-0.010501558364207221,33,-0.005993714039655796,32,-0.023980985347067513,32,0.0034044932995740294,32,-0.015203490634625179,33,-0.004701932270417958,0.48484848484848486,0.30303030303030304,0.3939393939393939,主測度 發文數｜市值加權・未篩選,abn_attention_weekend
2021-07-18,161,-0.004383698018168919,33,-0.008529003061132235,32,-0.0072466751999434535,32,0.005398150487162973,32,-0.015476949482038281,32,-0.011093251463869361,0.53125,0.48484848484848486,0.5080492424242424,主測度 發文數｜市值加權・未篩選,abn_attention_weekend
2021-07-25,163,-0.013197933288916443,33,-0.012968860626879783,32,-0.025620629326495732,33,0.0010796006285926476,32,-0.025774043842839746,33,-0.012576110553923303,0.48484848484848486,0.36363636363636365,0.42424242424242425,主測度 發文數｜市值加權・未篩選,abn_attention_weekend
2021-08-01,163,0.014673346970295922,33,-0.004620741834648903,32,-0.0011938539422985902,33,0.007959219329956137,32,0.02651282479424322,33,0.011839477823947299,0.48484848484848486,0.30303030303030304,0.3939393939393939,主測度 發文數｜市值加權・未篩選,abn_attention_weekend
2021-08-08,162,-0.017655546738181354,33,-0.0622636868922276,32,-0.03691347077549749,32,-0.0386912127355894,32,-0.03617870218197972,33,-0.01852315544379837,0.48484848484848486,0.30303030303030304,0.3939393939393939,主測度 發文數｜市值加權・未篩選,abn_attention_weekend
2021-08-15,162,-0.04823438205160872,33,-0.050646995897249046,32,-0.03142688570735848,32,-0.025634429273995996,32,-0.027453848572175366,33,0.02078053347943335,0.36363636363636365,0.24242424242424243,0.30303030303030304,主測度 發文數｜市值加權・未篩選,abn_attention_weekend
2021-08-22,162,0.029527211809772705,33,0.031729471578895364,32,0.038562798807207865,32,0.028279748887862936,32,0.06020123684856367,33,0.030674025038790964,0.3333333333333333,0.3939393939393939,0.36363636363636365,主測度 發文數｜市值加權・未篩選,abn_attention_weekend
2021-08-29,162,0.014135478797285581,33,0.02564984565377898,32,0.014228062817945423,32,-0.007203716254634185,32,0.02408716081359667,33,0.009951682016311088,0.5151515151515151,0.42424242424242425,0.4696969696969697,主測度 發文數｜市值加權・未篩選,abn_attention_weekend
2021-09-05,160,-0.00039265225766019413,32,-0.013000659329439414,32,-0.006167234741535664,32,-0.014827403160383548,32,0.0003953824310555453,32,0.0007880346887157395,0.40625,0.3125,0.359375,主測度 發文數｜市值加權・未篩選,abn_attention_weekend
2021-09-12,159,-0.022399415879806348,32,0.0078594271413838,32,0.0007917896295388441,31,-0.005251539502139011,32,-0.012788314252056496,32,0.009611101627749852,0.3125,0.34375,0.328125,主測度 發文數｜市值加權・未篩選,abn_attention_weekend
2021-09-19,158,0.024621646190859946,32,0.012433104782909992,31,0.019372296445446857,32,0.009583465193096385,31,0.014267854863709756,32,-0.01035379132715019,0.375,0.40625,0.390625,主測度 發文數｜市值加權・未篩選,abn_attention_weekend
2021-09-26,157,-0.043756127098265596,32,-0.034740934958580175,31,-0.015017653778313303,31,-0.022567184215596843,31,-0.048588566285526866,32,-0.00483243918726127,0.15625,0.15625,0.15625,主測度 發文數｜市值加權・未篩選,abn_attention_weekend
2021-10-03,162,-0.0008130033101863515,33,0.002579284306654956,32,-0.020315032420847298,32,0.011415682875910126,32,-0.0018854194315297103,33,-0.0010724161213433588,0.45454545454545453,0.24242424242424243,0.3484848484848485,主測度 發文數｜市值加權・未篩選,abn_attention_weekend
2021-10-10,163,0.0405117901674241,33,0.01703201690823061,32,0.013843416094329179,33,0.0018264680771939421,32,0.0034051883856994797,33,-0.03710660178172462,0.3939393939393939,0.36363636363636365,0.3787878787878788,主測度 發文數｜市值加權・未篩選,abn_attention_weekend
2021-10-17,165,-0.021256942970105292,33,-0.008455163839731885,33,-0.002644756855758723,33,0.004027829939433725,33,-0.006911595990458751,33,0.014345346979646541,0.3333333333333333,0.30303030303030304,0.3181818181818182,主測度 發文數｜市值加權・未篩選,abn_attention_weekend
2021-10-24,164,0.011544762382203998,33,-0.0010723111637378322,33,0.007387051517650342,32,0.010780981059956844,33,-0.009683262540339894,33,-0.021228024922543894,0.18181818181818182,0.15151515151515152,0.16666666666666669,主測度 發文數｜市值加權・未篩選,abn_attention_weekend
2021-10-31,165,0.014856006969650969,33,0.006787715045927148,33,0.012807259292267342,33,0.0052258346206733785,33,0.01937573520798556,33,0.004519728238334592,0.24242424242424243,0.24242424242424243,0.24242424242424243,主測度 發文數｜市值加權・未篩選,abn_attention_weekend
2021-11-07,165,0.008042512820708309,33,-0.0043382926542268165,33,0.013254746255283554,33,-0.0016477324462316164,33,0.003786052388682941,33,-0.004256460432025367,0.3333333333333333,0.18181818181818182,0.25757575757575757,主測度 發文數｜市值加權・未篩選,abn_attention_weekend
2021-11-14,166,0.0059447947193252285,34,-0.00725596832119482,33,-0.03185201821110206,33,-0.0013969173961874087,33,0.02102088202973425,33,0.015076087310409023,0.45454545454545453,0.4117647058823529,0.4331550802139037,主測度 發文數｜市值加權・未篩選,abn_attention_weekend
2021-11-21,166,-0.031479397894321394,34,-0.0136954144674453,33,-0.008512818008806966,33,-0.021355522562856333,33,-0.025132025611979993,33,0.006347372282341401,0.15151515151515152,0.11764705882352941,0.13458110516934046,主測度 發文數｜市值加權・未篩選,abn_attention_weekend
2021-11-28,165,0.02801133901148245,33,0.008884257673820332,33,0.011679323303156708,33,0.02708258267590283,33,0.033769639817351094,33,0.005758300805868644,0.18181818181818182,0.12121212121212122,0.15151515151515152,主測度 發文數｜市值加權・未篩選,abn_attention_weekend
2021-12-05,167,0.018777696857791636,34,0.010216064816551344,33,1.080147414439474e-05,33,0.007578208397950839,33,0.0008269772673665187,34,-0.01795071959042512,0.29411764705882354,0.3235294117647059,0.3088235294117647,主測度 發文數｜市值加權・未篩選,abn_attention_weekend
2021-12-12,169,-0.000645468168690639,34,-0.011929946301780304,34,0.006916727206032077,33,-0.01456021873474876,34,-0.013737950872688722,34,-0.013092482703998083,0.38235294117647056,0.35294117647058826,0.36764705882352944,主測度 發文數｜市值加權・未篩選,abn_attention_weekend
2021-12-19,169,0.010836535893683153,34,0.017219053279370684,34,0.015290476962298807,33,0.035495896758025045,34,-0.0021805319975282942,34,-0.013017067891211447,0.29411764705882354,0.29411764705882354,0.29411764705882354,主測度 發文數｜市值加權・未篩選,abn_attention_weekend
2021-12-26,170,0.01574446312500141,34,-0.005529276906530981,34,0.004068801675057261,34,0.005060294488829966,34,0.0016858555816935041,34,-0.014058607543307905,0.14705882352941177,0.23529411764705882,0.19117647058823528,主測度 發文數｜市值加權・未篩選,abn_attention_weekend
2022-01-02,171,0.01622927644975471,35,0.004644228876156102,34,-0.03138650936826997,34,-0.02634014832515724,34,-0.02754061673712482,34,-0.04376989318687953,0.20588235294117646,0.17142857142857143,0.18865546218487395,主測度 發文數｜市值加權・未篩選,abn_attention_weekend
2022-01-09,171,-0.007919888547646766,35,0.007700198591183341,34,-0.009560512344822964,34,-0.01919945636130493,34,0.062366081847428506,34,0.07028597039507527,0.23529411764705882,0.34285714285714286,0.2890756302521008,主測度 發文數｜市值加權・未篩選,abn_attention_weekend
2022-01-16,171,-0.05308134816430463,35,-0.020289881729553316,34,-0.016712840325696414,34,0.004464062516783796,34,-0.040490768618489416,34,0.012590579545815217,0.35294117647058826,0.3142857142857143,0.3336134453781513,主測度 發文數｜市值加權・未篩選,abn_attention_weekend
2022-01-23,169,-0.021595146472063054,34,-0.006398517562095756,34,-0.016513949240192307,33,-0.00886151924990575,34,-0.007065524130117535,34,0.01452962234194552,0.35294117647058826,0.20588235294117646,0.27941176470588236,主測度 發文數｜市值加權・未篩選,abn_attention_weekend
2022-02-06,167,0.04788818398329012,34,0.03022736442204747,33,0.04247531667390518,33,0.04084891422996364,33,0.03100624435752646,34,-0.016881939625763658,0.38235294117647056,0.35294117647058826,0.36764705882352944,主測度 發文數｜市值加權・未篩選,abn_attention_weekend
2022-02-13,168,0.014953230595713485,34,0.015176805331244806,33,-0.0018218387148898015,34,0.007242906775362672,33,-0.001135970084486276,34,-0.016089200680199763,0.38235294117647056,0.2647058823529412,0.32352941176470584,主測度 發文數｜市值加權・未篩選,abn_attention_weekend
2022-02-20,168,-0.012260037931014241,34,-0.008386929818345906,33,-0.02178028445136498,34,-0.01594743453178511,33,-0.04397970451406656,34,-0.03171966658305232,0.4117647058823529,0.4117647058823529,0.4117647058823529,主測度 發文數｜市值加權・未篩選,abn_attention_weekend
2022-02-27,169,0.003732036345221644,34,0.015098902736998312,34,0.01225594043169159,33,-0.00212426607798042,34,0.0005627710893898144,34,-0.0031692652558318298,0.17647058823529413,0.17647058823529413,0.17647058823529413,主測度 發文數｜市值加權・未篩選,abn_attention_weekend
2022-03-06,169,-0.009112611130738007,34,-0.019755753274031316,34,-0.00448480222073043,33,-0.0089150456705737,34,-0.0041923310023882585,34,0.004920280128349748,0.23529411764705882,0.14705882352941177,0.19117647058823528,主測度 發文數｜市值加權・未篩選,abn_attention_weekend
2022-03-13,170,0.0021040158473233823,34,0.006024997970629584,34,0.010444622054108814,34,0.021170886708520763,34,0.009470627237516639,34,0.0073666113901932565,0.2647058823529412,0.3235294117647059,0.29411764705882354,主測度 發文數｜市值加權・未篩選,abn_attention_weekend
2022-03-20,170,0.01842062865572886,34,0.009363883924056305,34,0.003191889904174499,34,0.011440469081232932,34,-0.01822138888371181,34,-0.03664201753944067,0.17647058823529413,0.17647058823529413,0.17647058823529413,主測度 發文數｜市值加權・未篩選,abn_attention_weekend
2022-03-27,172,0.015704617953662816,35,0.009798144083455479,34,0.011966328269534596,34,0.011817493432008108,34,0.011655454514703782,35,-0.004049163438959034,0.6,0.4857142857142857,0.5428571428571428,主測度 發文數｜市值加權・未篩選,abn_attention_weekend
2022-04-03,172,-0.0053215504830247,35,-0.003980482541822923,34,-0.005223418254797334,34,-0.019730973424492447,34,-0.015024905705019772,35,-0.009703355221995072,0.6,0.45714285714285713,0.5285714285714286,主測度 發文數｜市值加權・未篩選,abn_attention_weekend
2022-04-10,172,-0.009960728167030756,35,-0.01193557025460998,34,0.058444633334465514,34,-0.03200063277515322,34,-0.003963290732292546,35,0.00599743743473821,0.17142857142857143,0.17142857142857143,0.17142857142857143,主測度 發文數｜市值加權・未篩選,abn_attention_weekend
2022-04-17,171,0.009843698206505823,35,0.005120137420246134,34,0.05597550790616486,34,0.007080550047554811,34,0.0004943621544687598,34,-0.009349336052037062,0.17647058823529413,0.17142857142857143,0.17394957983193277,主測度 發文數｜市值加權・未篩選,abn_attention_weekend
2022-04-24,170,-0.014789380337114796,34,-0.00210902880798808,34,-0.033729271645304,34,0.008200686324181658,34,-0.016456051043626865,34,-0.0016666707065120696,0.4117647058823529,0.20588235294117646,0.3088235294117647,主測度 發文數｜市值加權・未篩選,abn_attention_weekend
2022-05-01,169,-0.01301015426422018,34,-0.005053914119518371,34,-0.01814008450198117,33,0.008656522910719232,34,-0.012706947222925827,34,0.00030320704129435314,0.3235294117647059,0.23529411764705882,0.27941176470588236,主測度 發文數｜市值加權・未篩選,abn_attention_weekend
2022-05-08,168,-0.02269153864211911,34,-0.03405838265552122,33,-0.04328447854587554,34,-0.03813339298987131,33,-0.03286750110182306,34,-0.010175962459703949,0.38235294117647056,0.3235294117647059,0.3529411764705882,主測度 發文數｜市值加權・未篩選,abn_attention_weekend
2022-05-15,168,0.016076213707611038,34,0.005661049051692554,33,0.015074599155544478,34,0.009187433072016134,33,-0.007713849554404306,34,-0.023790063262015344,0.4411764705882353,0.3235294117647059,0.38235294117647056,主測度 發文數｜市值加權・未篩選,abn_attention_weekend
2022-05-22,167,0.012899935206257018,34,0.0007203827430004873,33,1.1008674555940762e-05,33,-0.00502046932038597,33,0.00043149793712202915,34,-0.01246843726913499,0.3235294117647059,0.2647058823529412,0.29411764705882354,主測度 發文數｜市值加權・未篩選,abn_attention_weekend
2022-05-29,167,0.0014143717765161949,34,0.00909562452256407,33,0.0027482955997886363,33,0.011989149871453816,33,0.0066001293122272,34,0.005185757535711006,0.23529411764705882,0.2647058823529412,0.25,主測度 發文數｜市值加權・未篩選,abn_attention_weekend
2022-06-05,169,-0.02120638487549703,34,-0.0008385949912983779,34,-0.01104466299740222,33,-0.00647782115438274,34,-0.0015406793032200804,34,0.01966570557227695,0.2647058823529412,0.23529411764705882,0.25,主測度 發文數｜市值加權・未篩選,abn_attention_weekend
2022-06-12,168,-0.03057496347128459,34,-0.010927672246017959,33,-0.03028575106056459,34,-0.028386236242310833,33,-0.016130668481810644,34,0.014444294989473947,0.2647058823529412,0.23529411764705882,0.25,主測度 發文數｜市值加權・未篩選,abn_attention_weekend
2022-06-19,168,-0.04522691562946888,34,-0.020538772893243202,33,-0.014439453388837686,34,-0.019273548765642808,33,-0.008072611601416861,34,0.03715430402805202,0.20588235294117646,0.17647058823529413,0.19117647058823528,主測度 發文數｜市值加權・未篩選,abn_attention_weekend
2022-06-26,164,-0.03290305995383398,33,-0.027223368305352123,33,-0.06484829729886092,32,-0.08514378359303577,33,-0.07575913855748455,33,-0.042856078603650566,0.2727272727272727,0.24242424242424243,0.25757575757575757,主測度 發文數｜市值加權・未篩選,abn_attention_weekend
2022-07-03,163,0.030459065447418283,33,-0.09909311296527087,32,0.02214883721446835,33,0.00945968781188079,32,0.044453842395237884,33,0.013994776947819601,0.21212121212121213,0.18181818181818182,0.19696969696969696,主測度 發文數｜市值加權・未篩選,abn_attention_weekend
2022-07-10,162,0.04554189479474306,33,-0.026531921769241122,32,-0.01210052658516864,32,0.005067700998501431,32,-0.004291552279255309,33,-0.04983344707399837,0.30303030303030304,0.2727272727272727,0.28787878787878785,主測度 發文數｜市值加權・未篩選,abn_attention_weekend
2022-07-17,163,0.02369469300505703,33,0.03216268254282533,32,0.031609306577884404,33,0.022172301125079275,32,0.01770171606259457,33,-0.005992976942462459,0.36363636363636365,0.3333333333333333,0.3484848484848485,主測度 發文數｜市值加權・未篩選,abn_attention_weekend
2022-07-24,161,0.03098131701556923,33,0.024860246776452075,32,0.01476695848041455,32,0.022046402769176066,32,0.013631115100558627,32,-0.017350201915010605,0.21875,0.18181818181818182,0.2002840909090909,主測度 發文數｜市值加權・未篩選,abn_attention_weekend
2022-07-31,161,0.014168261413846413,33,-0.01737566700976346,32,-0.01256330764143545,32,-0.0070216239508675456,32,0.003756013713259319,32,-0.010412247700587095,0.25,0.2727272727272727,0.26136363636363635,主測度 發文數｜市值加權・未篩選,abn_attention_weekend
2022-08-07,156,0.01874151455592028,32,0.022985072443865356,31,0.02838634485163972,31,0.027740117937692838,31,0.023065045173999967,31,0.004323530618079687,0.1935483870967742,0.15625,0.1748991935483871,主測度 發文數｜市值加權・未篩選,abn_attention_weekend
2022-08-14,157,-0.0025670947673931957,32,0.008551815305026775,31,0.025021418078991345,31,0.0030164779504801413,31,0.0014887265739397394,32,0.004055821341332935,0.3125,0.3125,0.3125,主測度 發文數｜市值加權・未篩選,abn_attention_weekend
2022-08-21,156,0.0014655146866844335,32,0.020757140551665297,31,0.014487899240003639,31,0.017781086772314266,31,0.0053561191371009325,31,0.003890604450416499,0.41935483870967744,0.25,0.33467741935483875,主測度 發文數｜市值加權・未篩選,abn_attention_weekend
2022-08-28,155,-0.019126384119524935,31,-0.007883170960309098,31,0.003677368690551514,31,-0.002589586513780521,31,-0.02216934025683274,31,-0.0030429561373078035,0.4838709677419355,0.3870967741935484,0.43548387096774194,主測度 發文數｜市值加權・未篩選,abn_attention_weekend
2022-09-04,155,-0.014383772726125375,31,0.007661292974610353,31,-0.018749001161371154,31,-0.005149980205493383,31,0.009819713187634051,31,0.024203485913759426,0.41935483870967744,0.3548387096774194,0.3870967741935484,主測度 發文數｜市值加權・未篩選,abn_attention_weekend
2022-09-11,154,-0.01676680373901644,31,-0.01710199252523495,31,-0.006353720864386487,30,0.03438715937723652,31,-0.013039246281420192,31,0.0037275574575962468,0.3548387096774194,0.2903225806451613,0.32258064516129037,主測度 發文數｜市值加權・未篩選,abn_attention_weekend
2022-09-18,156,-0.018906578858752427,32,-0.004653179910262175,31,-0.0338836150898995,31,-0.04699113684624406,31,-0.036569766800074545,31,-0.017663187941322118,0.25806451612903225,0.21875,0.23840725806451613,主測度 發文數｜市值加權・未篩選,abn_attention_weekend
2022-09-25,154,-0.00780966480600087,31,-0.006068774604800275,31,-0.04071998345606315,30,-0.03200519934201121,31,-0.04669206826971491,31,-0.03888240346371404,0.1935483870967742,0.16129032258064516,0.1774193548387097,主測度 發文數｜市值加權・未篩選,abn_attention_weekend
2022-10-02,152,0.027632360425362514,31,0.0012042392949943041,30,0.03978421895464423,30,0.03153547760633906,30,0.04767260815052462,31,0.020040247725162105,0.16129032258064516,0.12903225806451613,0.14516129032258063,主測度 發文數｜市值加權・未篩選,abn_attention_weekend
2022-10-09,152,-0.017294216504800113,31,-0.0023387369837632936,30,-0.031450916481240807,30,-0.012138361577296052,30,0.009713385974143517,31,0.02700760247894363,0.22580645161290322,0.22580645161290322,0.22580645161290322,主測度 發文數｜市值加權・未篩選,abn_attention_weekend
2022-10-16,148,0.007034810895294333,30,-0.006291542014981271,29,-0.001346728770221124,30,-0.016110994666054878,29,-0.022114312375766162,30,-0.029149123271060496,0.23333333333333334,0.13333333333333333,0.18333333333333335,主測度 發文數｜市值加權・未篩選,abn_attention_weekend
2022-10-23,146,-0.03298801059334145,30,-0.016625440633330664,29,-0.0034212669015127087,29,-0.035750916320998416,29,-0.013741760860993466,29,0.019246249732347984,0.3448275862068966,0.43333333333333335,0.38908045977011496,主測度 發文數｜市值加權・未篩選,abn_attention_weekend
2022-10-30,149,-0.006384102726962536,30,0.005972027770250618,30,0.013051031978997622,29,0.030450742576077727,30,0.008273282264829804,30,0.01465738499179234,0.43333333333333335,0.43333333333333335,0.43333333333333335,主測度 發文數｜市值加權・未篩選,abn_attention_weekend
2022-11-06,148,0.0406687473046976,30,0.03608597806467192,29,0.05181041269312614,30,0.03560456300027746,29,0.10037636804594517,30,0.05970762074124757,0.26666666666666666,0.26666666666666666,0.26666666666666666,主測度 發文數｜市值加權・未篩選,abn_attention_weekend
2022-11-13,145,0.061283821812737296,29,0.007657290866641776,29,0.015609114202691187,29,0.018235474648372045,29,0.005941348621428284,29,-0.05534247319130901,0.20689655172413793,0.13793103448275862,0.1724137931034483,主測度 發文數｜市值加權・未篩選,abn_attention_weekend
2022-11-20,143,0.015102801200508631,29,0.01641954240959325,28,0.020093345406338916,29,0.01825917454470447,28,0.022000540891395106,29,0.006897739690886475,0.20689655172413793,0.20689655172413793,0.20689655172413793,主測度 發文數｜市值加權・未篩選,abn_attention_weekend
2022-11-27,141,0.0179556735007266,29,0.015349005759474007,28,0.06531675456174256,28,0.03644140467473072,28,0.008438428807147997,28,-0.009517244693578604,0.14285714285714285,0.13793103448275862,0.14039408866995073,主測度 發文數｜市值加權・未篩選,abn_attention_weekend
2022-12-04,140,-0.017608041426208594,28,-0.03034588091314378,28,-0.021617900033123423,28,-0.030135827505102204,28,-0.018229486687503568,28,-0.0006214452612949735,0.2857142857142857,0.21428571428571427,0.25,主測度 發文數｜市值加權・未篩選,abn_attention_weekend
2022-12-11,141,-0.0030335541954098033,29,-0.0048585091935924385,28,0.012318574502269275,28,0.0036548180348049113,28,-0.0003076687633307963,28,0.002725885432079007,0.25,0.27586206896551724,0.2629310344827586,主測度 發文數｜市值加權・未篩選,abn_attention_weekend
2022-12-18,141,0.003635977726732322,29,-0.003989934508645256,28,-0.021441886624738234,28,-0.021200412837675812,28,-0.01827750280101513,28,-0.021913480527747452,0.21428571428571427,0.20689655172413793,0.2105911330049261,主測度 發文數｜市值加權・未篩選,abn_attention_weekend
2022-12-25,142,-0.013159749289160695,29,0.005351757971151754,28,0.004690392683262889,28,-0.01158497840240671,28,-0.009315146416074824,29,0.0038446028730858717,0.3103448275862069,0.3448275862068966,0.3275862068965517,主測度 發文數｜市值加權・未篩選,abn_attention_weekend
2023-01-01,143,0.026170828470077245,29,0.01868880605691002,28,0.014241159883293155,29,-0.00020793897336255816,28,-0.003271226833073528,29,-0.029442055303150774,0.3103448275862069,0.3448275862068966,0.3275862068965517,主測度 發文數｜市值加權・未篩選,abn_attention_weekend
2023-01-08,142,0.05571468507715689,29,0.0008535440288841373,28,0.002549395264844958,28,-0.005180122098765437,28,0.00928149581491584,29,-0.04643318926224105,0.2413793103448276,0.20689655172413793,0.22413793103448276,主測度 發文數｜市值加權・未篩選,abn_attention_weekend
2023-01-15,140,-0.0003221435285320024,28,0.0047679582493737,28,0.010615909164912873,28,-0.0016395437245800934,28,-0.00427047328521161,28,-0.003948329756679607,0.25,0.25,0.25,主測度 發文數｜市值加權・未篩選,abn_attention_weekend
2023-01-29,138,0.010129806889451639,28,0.014298684500445358,27,0.034004717314065284,28,0.029392089780155065,27,0.010631884281372973,28,0.000502077391921334,0.2857142857142857,0.25,0.26785714285714285,主測度 發文數｜市值加權・未篩選,abn_attention_weekend
2023-02-05,137,-0.01165368133517116,28,0.001155120039634429,27,-0.0197733395771537,27,-0.0033806632115239293,27,0.021396534613031076,28,0.03305021594820223,0.32142857142857145,0.32142857142857145,0.32142857142857145,主測度 發文數｜市值加權・未篩選,abn_attention_weekend
2023-02-12,137,-0.03286792772153021,28,0.016301745814009234,27,0.014609142174775882,27,0.02319466967388293,27,0.02096434890894261,28,0.05383227663047282,0.17857142857142858,0.10714285714285714,0.14285714285714285,主測度 發文數｜市值加權・未篩選,abn_attention_weekend
2023-02-19,138,-0.00428216000733569,28,0.009348312469818041,27,0.021085234992401353,28,0.005415552637295311,27,0.010251246635343146,28,0.014533406642678836,0.39285714285714285,0.25,0.3214285714285714,主測度 發文數｜市值加權・未篩選,abn_attention_weekend
2023-02-26,140,0.021044191574237155,28,0.013998549639711364,28,0.0054450503680915545,28,0.00936663712723672,28,0.011621155792251137,28,-0.009423035781986017,0.39285714285714285,0.42857142857142855,0.4107142857142857,主測度 發文數｜市值加權・未篩選,abn_attention_weekend
2023-03-05,139,-0.010576595473059188,28,-0.014942351292387048,28,-0.0021944151753948795,27,-0.020880619436391357,28,-0.014229407285421948,28,-0.0036528118123627593,0.17857142857142858,0.10714285714285714,0.14285714285714285,主測度 發文數｜市值加權・未篩選,abn_attention_weekend
2023-03-12,140,0.014150537854235855,28,-0.003238400164273661,28,-0.010404026961200834,28,-0.017201838811760257,28,-0.027947017207456553,28,-0.04209755506169241,0.25,0.14285714285714285,0.19642857142857142,主測度 發文數｜市值加權・未篩選,abn_attention_weekend
2023-03-19,143,0.014135680197811187,29,0.010412673938043805,28,0.0501930601241748,29,0.03515669269746753,28,0.04047492120566606,29,0.02633924100785487,0.2413793103448276,0.27586206896551724,0.25862068965517243,主測度 發文數｜市值加權・未篩選,abn_attention_weekend
2023-03-26,144,-0.0010779318190441633,29,0.009900491673075258,29,-0.004339613059706214,28,-0.00012620577644072086,29,-0.004746475424242923,29,-0.00366854360519876,0.27586206896551724,0.2413793103448276,0.25862068965517243,主測度 發文數｜市值加權・未篩選,abn_attention_weekend
2023-04-02,144,-0.0065230242399072005,29,-0.002184461299681752,29,0.018142363426239965,28,-0.0009486871077777192,29,0.002594239006296547,29,0.009117263246203747,0.3103448275862069,0.3103448275862069,0.3103448275862069,主測度 發文數｜市值加權・未篩選,abn_attention_weekend
2023-04-09,143,0.01854740506149982,29,0.009665647080786726,28,0.036112359254739504,29,0.038372808290323364,28,-0.022213107683420507,29,-0.040760512744920326,0.2413793103448276,0.13793103448275862,0.1896551724137931,主測度 發文數｜市值加權・未篩選,abn_attention_weekend
2023-04-16,143,-0.03199902054071487,29,-0.012096333200653455,28,-0.02000918189696302,29,-0.03244135966125672,28,-0.015543732471817947,29,0.016455288068896925,0.3793103448275862,0.2413793103448276,0.3103448275862069,主測度 發文數｜市值加權・未篩選,abn_attention_weekend
2023-04-23,143,-0.008309591023522163,29,0.009422408792784755,28,0.0020993801750668643,29,0.007081337517576668,28,-0.003438119443003608,29,0.004871471580518556,0.3793103448275862,0.3103448275862069,0.3448275862068966,主測度 發文數｜市值加權・未篩選,abn_attention_weekend
2023-04-30,140,0.0011084512041422637,28,0.004525412237792665,28,-0.0054246756084820906,28,0.006286454789187147,28,-0.013289688981389332,28,-0.014398140185531596,0.39285714285714285,0.32142857142857145,0.35714285714285715,主測度 發文數｜市值加權・未篩選,abn_attention_weekend
2023-05-07,141,-0.02260259246813574,29,-0.009387203452486339,28,-0.04159353931786522,28,-0.0058227640137310435,28,-0.02328429994388754,28,-0.0006817074757517992,0.32142857142857145,0.2413793103448276,0.2814039408866995,主測度 發文數｜市值加權・未篩選,abn_attention_weekend
2023-05-14,138,0.06134691153038518,28,0.032955695578792285,27,0.02047412377986054,28,0.02620556940655558,27,0.02376730454644275,28,-0.03757960698394243,0.25,0.21428571428571427,0.23214285714285715,主測度 發文數｜市值加權・未篩選,abn_attention_weekend
2023-05-21,135,0.05230569076196921,27,-0.006272227723741528,27,-0.0120535956822903,27,-0.004346543937632866,27,-0.0029258175067488827,27,-0.055231508268718095,0.2962962962962963,0.2962962962962963,0.2962962962962963,主測度 發文數｜市值加權・未篩選,abn_attention_weekend
2023-05-28,137,0.001710332638727398,28,0.003939556394943213,27,0.02047433574955255,27,0.014097344668530992,27,-0.012757589919072505,28,-0.014467922557799903,0.2857142857142857,0.25,0.26785714285714285,主測度 發文數｜市值加權・未篩選,abn_attention_weekend
2023-06-04,138,0.006095067068393591,28,0.012553243078121654,27,0.0063642028718711085,28,0.00381164128797885,27,0.008127822430279295,28,0.0020327553618857035,0.14285714285714285,0.14285714285714285,0.14285714285714285,主測度 發文數｜市值加權・未篩選,abn_attention_weekend
2023-06-11,139,0.029893522949643193,28,0.007110731489680175,28,0.024117946729991537,27,0.00586851219513418,28,0.03694777506605025,28,0.007054252116407058,0.25,0.21428571428571427,0.23214285714285715,主測度 發文數｜市值加權・未篩選,abn_attention_weekend
2023-06-18,139,0.0035269469182565437,28,-0.0010343306271744597,28,-0.0030002623831072465,27,8.80135463832026e-05,28,-0.0018411286617553012,28,-0.005368075580011845,0.5357142857142857,0.39285714285714285,0.4642857142857143,主測度 發文數｜市值加權・未篩選,abn_attention_weekend
2023-06-25,137,-0.012647930435703924,28,-0.028139120926333163,27,-0.0007691489709469325,27,-0.0033768001114335496,27,-0.0005391422242143672,28,0.012108788211489557,0.42857142857142855,0.4642857142857143,0.4464285714285714,主測度 發文數｜市值加權・未篩選,abn_attention_weekend
2023-07-02,136,-0.024628661591883365,28,-0.039244485506173606,27,-0.021269892842826914,27,-0.004371542648509665,27,-0.004990427283124982,27,0.019638234308758384,0.18518518518518517,0.21428571428571427,0.1997354497354497,主測度 發文數｜市值加權・未篩選,abn_attention_weekend
2023-07-09,135,0.04015161810352745,27,0.018733588920964696,27,-0.0003287919512104738,27,0.011684533694190282,27,0.012260192708839697,27,-0.027891425394687752,0.14814814814814814,0.14814814814814814,0.14814814814814814,主測度 發文數｜市值加權・未篩選,abn_attention_weekend
2023-07-16,136,-0.04104972682279107,28,-0.0005759298801066747,27,0.001186923310075539,27,-0.01904779701222456,27,-0.020785464434486346,27,0.020264262388304727,0.2222222222222222,0.25,0.2361111111111111,主測度 發文數｜市值加權・未篩選,abn_attention_weekend
2023-07-23,137,0.018091163006337282,28,-0.001145818894395148,27,0.017503116923209636,27,0.013720918412730513,27,0.01821982275081854,28,0.0001286597444812576,0.2857142857142857,0.25,0.26785714285714285,主測度 發文數｜市值加權・未篩選,abn_attention_weekend
2023-07-30,134,-0.031169873546495825,27,-0.00875831538105922,27,-0.021819804956739887,26,-0.03391311691391181,27,-0.00795883322056119,27,0.023211040325934636,0.2962962962962963,0.2962962962962963,0.2962962962962963,主測度 發文數｜市值加權・未篩選,abn_attention_weekend
2023-08-06,135,-0.011002441622462104,27,-0.016275487250868474,27,-0.03789361876863945,27,-0.017614910408774876,27,-0.019947851442350947,27,-0.008945409819888842,0.37037037037037035,0.25925925925925924,0.31481481481481477,主測度 發文數｜市值加權・未篩選,abn_attention_weekend
2023-08-13,138,-0.021969923329593802,28,-0.004910166941073797,27,-0.01695829146887914,28,-0.011914191604416442,27,-0.030801385227997576,28,-0.008831461898403774,0.35714285714285715,0.2857142857142857,0.3214285714285714,主測度 發文數｜市值加權・未篩選,abn_attention_weekend
2023-08-20,143,-0.0003510131544941043,29,-0.014219135547803307,28,-0.010697797414039917,29,0.005906514335581844,28,0.002809490991203824,29,0.0031605041456979283,0.27586206896551724,0.1724137931034483,0.22413793103448276,主測度 發文數｜市值加權・未篩選,abn_attention_weekend
2023-08-27,142,0.005375952854405217,29,0.015063091671499829,28,0.04833357358394745,28,0.01187600841864322,28,0.002395382507869007,29,-0.0029805703465362104,0.20689655172413793,0.2413793103448276,0.22413793103448276,主測度 發文數｜市值加權・未篩選,abn_attention_weekend
2023-09-03,141,-0.015078457300320187,29,0.0018777456190054128,28,-0.018435339667578744,28,0.01029502367919148,28,-0.011214415496344962,28,0.0038640418039752253,0.21428571428571427,0.2413793103448276,0.22783251231527094,主測度 發文數｜市值加權・未篩選,abn_attention_weekend
2023-09-10,141,0.032964132163659,29,0.023515869269455324,28,0.019156310733598896,28,0.013931921517711512,28,0.01587316064881687,28,-0.017090971514842134,0.2857142857142857,0.2413793103448276,0.26354679802955666,主測度 發文數｜市值加權・未篩選,abn_attention_weekend
2023-09-17,144,-0.01875849799945027,29,-0.01054383773062537,29,-0.019384589198966164,28,-0.011314250867338048,29,-0.04447808552846832,29,-0.025719587529018047,0.3103448275862069,0.27586206896551724,0.2931034482758621,主測度 發文數｜市值加權・未篩選,abn_attention_weekend
2023-09-24,144,-0.011881026172870403,29,0.009938875081920444,29,0.005712523986322289,28,-0.007906433998716092,29,0.0015121588989799213,29,0.013393185071850324,0.20689655172413793,0.2413793103448276,0.22413793103448276,主測度 發文數｜市值加權・未篩選,abn_attention_weekend
2023-10-01,140,-0.006534148094504026,28,-0.0014040112092073291,28,-0.00769899717738915,28,-0.001448934255378608,28,0.003218837447888005,28,0.009752985542392031,0.17857142857142858,0.14285714285714285,0.1607142857142857,主測度 發文數｜市值加權・未篩選,abn_attention_weekend
2023-10-08,141,0.012878864011397144,29,-0.00824350481500245,28,-0.00806324358192703,28,0.002378716701093613,28,-0.0008036025438341097,28,-0.013682466555231254,0.17857142857142858,0.1724137931034483,0.17549261083743845,主測度 發文數｜市值加權・未篩選,abn_attention_weekend
2023-10-15,142,-0.010654055816143235,29,-0.030383595735370944,28,-0.03722776747581368,28,-0.041259846271205686,28,0.011120138740993346,29,0.021774194557136584,0.20689655172413793,0.20689655172413793,0.20689655172413793,主測度 發文數｜市值加權・未篩選,abn_attention_weekend
2023-10-22,143,-0.00609948564177221,29,0.004719872322183298,28,-0.021012359057496967,29,-0.010295887212663949,28,-0.03205081810465743,29,-0.02595133246288522,0.2413793103448276,0.10344827586206896,0.1724137931034483,主測度 發文數｜市值加權・未篩選,abn_attention_weekend
2023-10-29,141,0.032543676989827644,29,0.017998342737430017,28,-0.007308201425527608,28,0.011854693002172501,28,0.001043000570527459,28,-0.03150067641930018,0.2857142857142857,0.3103448275862069,0.29802955665024633,主測度 發文數｜市值加權・未篩選,abn_attention_weekend
2023-11-05,139,-0.00923955739886615,28,0.006112489875772487,28,0.012893944500958883,27,-0.017824201781199037,28,0.0031217628675642923,28,0.012361320266430442,0.10714285714285714,0.21428571428571427,0.1607142857142857,主測度 發文數｜市值加權・未篩選,abn_attention_weekend
2023-11-12,140,0.01804154649359194,28,0.03306485053544857,28,0.02499794769996844,28,0.018927984113670457,28,0.006341597991371549,28,-0.011699948502220392,0.21428571428571427,0.2857142857142857,0.25,主測度 發文數｜市值加權・未篩選,abn_attention_weekend
2023-11-19,139,0.0009323921734468531,28,0.012901107455977114,28,0.017758378391079865,27,0.008418789258779175,28,0.001199919171979,28,0.00026752699853214697,0.17857142857142858,0.21428571428571427,0.19642857142857142,主測度 發文數｜市值加權・未篩選,abn_attention_weekend
2023-11-26,139,0.008116564649580006,28,-0.0022987326750676393,28,0.016963438571564415,27,0.005216474611941923,28,0.00030979120627153313,28,-0.007806773443308473,0.21428571428571427,0.10714285714285714,0.1607142857142857,主測度 發文數｜市值加權・未篩選,abn_attention_weekend
2023-12-03,139,-0.015959065952621386,28,0.0005622590496339156,28,-0.009422338487539003,27,-0.00039302819118065694,28,-0.006126231786541939,28,0.009832834166079447,0.39285714285714285,0.17857142857142858,0.2857142857142857,主測度 發文數｜市值加權・未篩選,abn_attention_weekend
2023-12-10,141,0.02456797354029646,29,-0.003878042011395609,28,0.014096134830876163,28,0.007727047220697599,28,0.011891704577073387,28,-0.012676268963223073,0.4642857142857143,0.4482758620689655,0.4562807881773399,主測度 發文數｜市值加權・未篩選,abn_attention_weekend
2023-12-17,141,0.004974578417518136,29,0.002126485324988944,28,-0.010622084107311577,28,0.011976456998212868,28,-0.024582881117045253,28,-0.029557459534563388,0.10714285714285714,0.06896551724137931,0.08805418719211822,主測度 發文數｜市值加權・未篩選,abn_attention_weekend
2023-12-24,138,0.018001058801901303,28,0.014584409258793441,27,0.0037190357446325686,28,0.015554444185675304,27,0.0002723574135194559,28,-0.017728701388381847,0.2857142857142857,0.25,0.26785714285714285,主測度 發文數｜市值加權・未篩選,abn_attention_weekend
2023-12-31,139,-0.015947538194012897,28,-0.013179683976159633,28,-0.01575152424738612,27,-0.009818006977619403,28,-0.01833403935478909,28,-0.0023865011607761936,0.14285714285714285,0.14285714285714285,0.14285714285714285,主測度 發文數｜市值加權・未篩選,abn_attention_weekend
2024-01-07,137,-0.026130826592995218,28,-0.01902919180511814,27,-0.030871713996735786,27,-0.006912257565569056,27,-0.0005873206893003604,28,0.025543505903694856,0.21428571428571427,0.14285714285714285,0.17857142857142855,主測度 發文數｜市值加權・未篩選,abn_attention_weekend
2024-01-14,140,-0.020548353378097843,28,0.049405780846189885,28,-0.03519242424907998,28,-0.0051014340320309675,28,-0.0439111455372074,28,-0.02336279215910956,0.2857142857142857,0.21428571428571427,0.25,主測度 發文數｜市值加權・未篩選,abn_attention_weekend
2024-01-21,140,0.01091453140515356,28,0.01736075028430807,28,0.010501050741489614,28,0.004733625916423566,28,0.01656544890474303,28,0.005650917499589471,0.25,0.14285714285714285,0.19642857142857142,主測度 發文數｜市值加權・未篩選,abn_attention_weekend
2024-01-28,145,0.0027723319143122143,29,0.013134200364342746,29,-0.008966937395045942,29,0.001067542680263427,29,-0.013291699263590397,29,-0.016064031177902612,0.2413793103448276,0.1724137931034483,0.20689655172413796,主測度 發文數｜市值加權・未篩選,abn_attention_weekend
2024-02-04,145,0.001183379255770483,29,-1.1371949656942565e-06,29,-0.0013483441882456428,29,0.000439200344639476,29,0.0006221912274134774,29,-0.0005611880283570056,0.13793103448275862,0.41379310344827586,0.27586206896551724,主測度 發文數｜市值加權・未篩選,abn_attention_weekend
2024-02-11,146,-0.02898766390209011,30,0.008225606943058033,29,0.0076938360967300475,29,0.012898026350983713,29,0.011984730101533425,29,0.040972394003623534,0.20689655172413793,0.2,0.20344827586206898,主測度 發文數｜市值加權・未篩選,abn_attention_weekend
2024-02-18,145,0.029438293790406193,29,-0.011710341731563023,29,0.001742605719543956,29,0.015443211775599265,29,0.029708512884154693,29,0.00027021909374850064,0.06896551724137931,0.1724137931034483,0.1206896551724138,主測度 發文數｜市值加權・未篩選,abn_attention_weekend
2024-02-25,145,-0.0029710865512988837,29,0.02797748156652605,29,-0.004503115058588921,29,0.010640207265227316,29,-0.013177392276343736,29,-0.010206305725044853,0.20689655172413793,0.1724137931034483,0.1896551724137931,主測度 發文數｜市值加權・未篩選,abn_attention_weekend
2024-03-03,143,0.009155425143459173,29,-0.015328825020085854,28,-0.013604638552590788,29,0.030580241225045712,28,0.08068991128525183,29,0.07153448614179266,0.3103448275862069,0.2413793103448276,0.27586206896551724,主測度 發文數｜市值加權・未篩選,abn_attention_weekend
2024-03-10,144,0.06336130634642596,29,0.03545678067175613,29,0.011985193913103783,28,0.01829964810462909,29,-0.014679636207482518,29,-0.07804094255390848,0.3103448275862069,0.3103448275862069,0.3103448275862069,主測度 發文數｜市值加權・未篩選,abn_attention_weekend
2024-03-17,144,0.00028131122366860427,29,0.01724508632023862,29,0.019011932422608818,28,-0.0196087709798641,29,0.04766027387308243,29,0.047378962649413825,0.6206896551724138,0.3448275862068966,0.4827586206896552,主測度 發文數｜市值加權・未篩選,abn_attention_weekend
2024-03-24,141,-0.009111221231894003,29,0.022755864245235125,28,0.0006538423699867732,28,0.005487802449316605,28,-0.0023410264188169997,28,0.0067701948130770035,0.5714285714285714,0.5862068965517241,0.5788177339901477,主測度 發文數｜市值加權・未篩選,abn_attention_weekend
2024-03-31,140,-0.0004088721316275029,28,-0.012260988302661542,28,0.0062597789529392,28,-0.006934759883915276,28,0.0014322780017351228,28,0.0018411501333626258,0.35714285714285715,0.32142857142857145,0.3392857142857143,主測度 發文數｜市值加權・未篩選,abn_attention_weekend
2024-04-07,141,0.032251234871736985,29,0.020893821842547042,28,0.04710477841529073,28,0.017298836160813347,28,-0.02924114355206901,28,-0.06149237842380599,0.2857142857142857,0.2413793103448276,0.26354679802955666,主測度 發文數｜市值加權・未篩選,abn_attention_weekend
2024-04-14,141,-0.03613073825593499,29,-0.061320740646153685,28,-0.03321267169853773,28,-0.0076890028072340525,28,-0.032667717885027384,28,0.0034630203709076074,0.6428571428571429,0.3793103448275862,0.5110837438423645,主測度 發文數｜市值加權・未篩選,abn_attention_weekend
2024-04-21,142,0.03952538796955666,29,-0.004260350853645286,28,-0.0070227833011147515,28,-0.001742031896046036,28,0.0530513409945424,29,0.013525953024985743,0.6551724137931034,0.5172413793103449,0.5862068965517242,主測度 發文數｜市值加權・未篩選,abn_attention_weekend
2024-04-28,143,-0.011335220163561574,29,0.016495965746338534,28,-0.0037462011833117857,29,0.01044760249130971,28,0.0003889745474860337,29,0.011724194711047608,0.27586206896551724,0.27586206896551724,0.27586206896551724,主測度 發文數｜市值加權・未篩選,abn_attention_weekend
2024-05-05,147,0.010314980045746503,30,0.033240140726330185,29,-0.01201125208050865,29,0.0028211351864304676,29,-0.005121842149092203,30,-0.015436822194838707,0.26666666666666666,0.2,0.23333333333333334,主測度 發文數｜市值加權・未篩選,abn_attention_weekend
2024-05-12,147,0.006040104855311649,30,0.013976930338430307,29,0.009440277272736509,29,0.016478915819404954,29,0.006294754549396143,30,0.0002546496940844939,0.3,0.2,0.25,主測度 發文數｜市值加權・未篩選,abn_attention_weekend
2024-05-19,148,0.030509782679634213,30,-0.03115397747903094,29,-0.02266525148188033,30,0.01715397423356931,29,-0.0017895135951615383,30,-0.032299296274795754,0.36666666666666664,0.3,0.3333333333333333,主測度 發文數｜市值加權・未篩選,abn_attention_weekend
2024-05-26,147,-0.008069271497260463,30,0.0024701591730681813,29,-0.00818619620202981,29,0.011602978952049089,29,-0.05166678311495965,30,-0.04359751161769918,0.5,0.4,0.45,主測度 發文數｜市值加權・未篩選,abn_attention_weekend
2024-06-02,148,0.007988360091096519,30,0.0054299353034975,29,-0.023766883520324734,30,-0.015343128570123033,29,0.039858267045389396,30,0.03186990695429288,0.36666666666666664,0.3333333333333333,0.35,主測度 發文數｜市值加權・未篩選,abn_attention_weekend
2024-06-09,149,0.026730253292471487,30,-0.025537859706810228,30,-0.0019405478804290206,29,-0.002828872470958106,30,0.03899457943804426,30,0.012264326145572775,0.3333333333333333,0.26666666666666666,0.3,主測度 發文數｜市值加權・未篩選,abn_attention_weekend
2024-06-16,152,0.024356321838110827,31,0.0063266605872809144,30,0.00412591246549676,30,0.028598449526011115,30,0.06333996818164522,31,0.03898364634353439,0.3225806451612903,0.3548387096774194,0.33870967741935487,主測度 發文數｜市值加權・未篩選,abn_attention_weekend
2024-06-23,151,-0.008730923222923617,31,-0.010814047776690693,30,0.005346670872902653,30,-0.012955129845230158,30,0.007297314100136394,30,0.01602823732306001,0.3,0.22580645161290322,0.2629032258064516,主測度 發文數｜市值加權・未篩選,abn_attention_weekend
2024-06-30,154,0.003096054688380913,31,0.02263939475203474,31,0.026901334529329076,30,0.01724434533916277,31,0.03325466032360007,31,0.030158605635219157,0.3548387096774194,0.22580645161290322,0.2903225806451613,主測度 發文數｜市值加權・未篩選,abn_attention_weekend
2024-07-07,154,0.016326163146129804,31,0.007023338907051135,31,-0.019518211424104297,30,-0.003090927864755072,31,0.029191617296944104,31,0.0128654541508143,0.3870967741935484,0.2903225806451613,0.33870967741935487,主測度 發文數｜市值加權・未篩選,abn_attention_weekend
2024-07-14,152,-0.033604451786085676,31,-0.00744852148281403,30,-0.04455385966510884,30,-0.03802467773380516,30,-0.061792962614433185,31,-0.02818851082834751,0.1935483870967742,0.22580645161290322,0.2096774193548387,主測度 發文數｜市值加權・未篩選,abn_attention_weekend
2024-07-21,153,-0.028244339933282542,31,-0.00617257653613081,30,-0.010999473905581175,31,-0.025818271823289555,30,-0.039473365036925,31,-0.01122902510364246,0.22580645161290322,0.22580645161290322,0.22580645161290322,主測度 發文數｜市值加權・未篩選,abn_attention_weekend
2024-07-28,153,-0.016640910773073447,31,-0.05640766242637225,30,-0.014996595934908163,31,-0.002337138366714361,30,-0.03951051957298806,31,-0.022869608799914613,0.2903225806451613,0.25806451612903225,0.27419354838709675,主測度 發文數｜市值加權・未篩選,abn_attention_weekend
2024-08-04,153,0.032273195171897265,31,0.013557090957179814,30,-0.0033019476805388483,31,-0.006936205051522937,30,0.08121153200645148,31,0.048938336834554216,0.3225806451612903,0.3548387096774194,0.33870967741935487,主測度 發文數｜市值加權・未篩選,abn_attention_weekend
2024-08-11,155,0.032974633703485516,31,0.0035724645863954344,31,0.023595950253763317,31,0.02310871100623952,31,0.027965291586283744,31,-0.0050093421172017726,0.3225806451612903,0.25806451612903225,0.29032258064516125,主測度 發文數｜市值加權・未篩選,abn_attention_weekend
2024-08-18,153,-0.013657322670528372,31,-0.010496050220966387,30,0.008816290690809964,31,0.0016909238786366066,30,-0.019294000952753344,31,-0.005636678282224972,0.3870967741935484,0.3548387096774194,0.3709677419354839,主測度 發文數｜市值加權・未篩選,abn_attention_weekend
2024-08-25,154,-0.010354557071536452,31,0.004714176826915957,31,0.012530906448199671,30,-0.0026479259469430155,31,-0.0018031914597148532,31,0.008551365611821599,0.1935483870967742,0.22580645161290322,0.2096774193548387,主測度 發文數｜市值加權・未篩選,abn_attention_weekend
2024-09-01,154,-0.04012922287059794,31,-0.041657458616786956,31,-0.0499568295130817,30,-0.03479138745041023,31,-0.027924425601732722,31,0.012204797268865218,0.1935483870967742,0.25806451612903225,0.22580645161290322,主測度 發文數｜市值加權・未篩選,abn_attention_weekend
2024-09-08,154,0.062243272946471306,31,0.04960602813609311,31,0.01940119256423719,30,0.04949014605095682,31,0.026769415452774812,31,-0.0354738574936965,0.16129032258064516,0.1935483870967742,0.1774193548387097,主測度 發文數｜市值加權・未篩選,abn_attention_weekend
2024-09-15,155,0.017999674230500116,31,0.017647223675334757,31,0.018653493150024916,31,0.005160890496445345,31,0.019018688255806274,31,0.0010190140253061586,0.3548387096774194,0.22580645161290322,0.2903225806451613,主測度 發文數｜市值加權・未篩選,abn_attention_weekend
2024-09-22,157,0.0342227627137209,32,0.025367886307290824,31,0.027506074621036745,31,0.004001111354217429,31,0.03448982696994067,32,0.000267064256219772,0.34375,0.21875,0.28125,主測度 發文數｜市值加權・未篩選,abn_attention_weekend
2024-09-29,157,-0.012863859481935963,32,-0.009595213638558718,31,-0.003993231302083871,31,-0.021968865717904965,31,-0.004715341932942765,32,0.008148517548993199,0.1875,0.25,0.21875,主測度 發文數｜市值加權・未篩選,abn_attention_weekend
2024-10-06,157,0.042906748716617,32,-0.01000133323505083,31,-0.04959426347038768,31,-0.0028274749753918814,31,-0.025959683775992202,32,-0.06886643249260921,0.21875,0.1875,0.203125,主測度 發文數｜市值加權・未篩選,abn_attention_weekend
2024-10-13,153,0.036574231287232625,31,0.01537947065935818,30,0.0031666640354049125,31,0.025748224611971005,30,0.006916943760168431,31,-0.029657287527064195,0.2903225806451613,0.25806451612903225,0.27419354838709675,主測度 發文數｜市值加權・未篩選,abn_attention_weekend
2024-10-20,156,-0.018752031058240536,32,-0.018660932261466683,31,0.01063348123868223,31,0.0008813655803977285,31,-0.016874119659011422,31,0.0018779113992291145,0.1935483870967742,0.1875,0.1905241935483871,主測度 發文數｜市值加權・未篩選,abn_attention_weekend
2024-10-27,159,-0.02782149859061985,32,-0.008664249551747346,32,-0.03465660478165928,31,0.008470783757301637,32,-0.045792756338402366,32,-0.017971257747782514,0.1875,0.15625,0.171875,主測度 發文數｜市值加權・未篩選,abn_attention_weekend
2024-11-03,158,0.008375673248498115,32,0.0556167308583399,31,0.019542485633672422,32,0.024131967246448116,31,0.028788512902440458,32,0.020412839653942343,0.15625,0.09375,0.125,主測度 發文數｜市值加權・未篩選,abn_attention_weekend
2024-11-10,158,-0.027785730219956662,32,-0.02774613373445755,31,-0.023308895139936614,32,-0.020069491317461725,31,-0.040961552113924646,32,-0.013175821893967984,0.21875,0.1875,0.203125,主測度 發文數｜市值加權・未篩選,abn_attention_weekend
2024-11-17,157,0.009081257414286637,32,-0.01882507860524467,31,0.023507298175875296,31,-0.010372996095173266,31,0.003496067447909513,32,-0.005585189966377123,0.28125,0.28125,0.28125,主測度 發文數｜市值加權・未篩選,abn_attention_weekend
2024-11-24,158,-0.04619302348542036,32,-0.02481490547060603,31,-0.044189174667210514,32,-0.009617664037330349,31,-0.045042186968315086,32,0.0011508365171052776,0.1875,0.21875,0.203125,主測度 發文數｜市值加權・未篩選,abn_attention_weekend
2024-12-01,159,0.03973787839526046,32,-0.018273510801549035,32,0.007111769284685957,31,0.022906333274882347,32,0.008497946630271485,32,-0.031239931764988974,0.21875,0.21875,0.21875,主測度 發文數｜市值加權・未篩選,abn_attention_weekend
2024-12-08,162,-0.008153764611113227,33,-0.04560199915300105,32,0.012612084799152162,32,-0.014361244109809008,32,-0.04369733986170082,33,-0.035543575250587586,0.21212121212121213,0.24242424242424243,0.2272727272727273,主測度 發文數｜市值加權・未篩選,abn_attention_weekend
2024-12-15,161,-0.04401701474142163,33,-0.03168604003765982,32,-0.030764393139053808,32,-0.022738853787788147,32,-0.026981440165102774,32,0.01703557457631886,0.15625,0.18181818181818182,0.1690340909090909,主測度 發文數｜市值加權・未篩選,abn_attention_weekend
2024-12-22,159,0.021395259066280717,32,0.002584593469503391,32,-0.0013951524341320992,31,0.0005307141870559486,32,0.007051389817367887,32,-0.01434386924891283,0.28125,0.125,0.203125,主測度 發文數｜市值加權・未篩選,abn_attention_weekend
2024-12-29,157,-0.024077713759807887,32,-0.01830810173926583,31,-0.017994636413488495,31,-0.0016574280666735387,31,-0.013550264341975043,32,0.010527449417832844,0.34375,0.34375,0.34375,主測度 發文數｜市值加權・未篩選,abn_attention_weekend
2020-01-12,107,-0.018858325107498977,22,0.011564705765314175,21,0.004715102463690331,21,0.006402673065483237,21,0.014850338082475491,22,0.03370866318997447,1.0,1.0,1.0,主測度 發文數｜市值加權・可交易性篩選後,abn_attention_weekend
2020-01-19,111,0.0017685416798826064,23,-0.002232861866316256,22,-0.002780394922237238,22,-0.0011254573534590314,22,-0.002155838973127596,22,-0.003924380653010202,0.5,0.30434782608695654,0.40217391304347827,主測度 發文數｜市值加權・可交易性篩選後,abn_attention_weekend
2020-01-26,73,-0.019782180080502216,15,-0.024107514133244207,14,-0.011294004724976096,15,-0.004075894738082675,14,-0.02306574591541529,15,-0.003283565834913075,0.5333333333333333,0.4,0.4666666666666667,主測度 發文數｜市值加權・可交易性篩選後,abn_attention_weekend
2020-02-02,109,0.0335781594450578,22,0.014927747220744888,22,0.015622670430348205,21,0.022450983887821817,22,0.04184403675757479,22,0.00826587731251699,0.5909090909090909,0.45454545454545453,0.5227272727272727,主測度 發文數｜市值加權・可交易性篩選後,abn_attention_weekend
2020-02-09,112,0.021315109065339975,23,0.012469645731798484,22,0.013934800970083153,22,0.0217536461032797,22,0.04287948772798781,23,0.021564378662647835,0.34782608695652173,0.30434782608695654,0.32608695652173914,主測度 發文數｜市值加權・可交易性篩選後,abn_attention_weekend
2020-02-16,111,-0.010869218510004287,23,-0.016344910285372716,22,0.00907260967119758,22,0.006312633083787447,22,0.007074822489641169,22,0.017944040999645458,0.4090909090909091,0.34782608695652173,0.37845849802371545,主測度 發文數｜市值加權・可交易性篩選後,abn_attention_weekend
2020-02-23,110,-0.012843042372724257,22,-0.009395163168314489,22,-0.018262234297555677,22,-0.017582532125981737,22,-0.021209562979942285,22,-0.008366520607218028,0.2727272727272727,0.22727272727272727,0.25,主測度 發文數｜市值加權・可交易性篩選後,abn_attention_weekend
2020-03-01,108,0.025300909183971446,22,0.015255709695003816,21,0.01909324498770073,22,0.018190561093357687,21,0.023313511750203325,22,-0.0019873974337681205,0.5,0.45454545454545453,0.4772727272727273,主測度 發文數｜市值加權・可交易性篩選後,abn_attention_weekend
2020-03-08,106,-0.11889368864515103,22,-0.07517218726508945,21,-0.13366330830123493,21,-0.08004522034182104,21,-0.0678992018454756,21,0.05099448679967543,0.5238095238095238,0.4090909090909091,0.46645021645021645,主測度 發文數｜市值加權・可交易性篩選後,abn_attention_weekend
2020-03-15,115,-0.0834232894111489,23,-0.10674449885904526,23,-0.09085998989549937,23,-0.0881309232808059,23,-0.05002623050871842,23,0.033397058902430485,0.34782608695652173,0.21739130434782608,0.2826086956521739,主測度 發文數｜市值加權・可交易性篩選後,abn_attention_weekend
2020-03-22,113,0.11238820427610112,23,0.08496707849334237,22,0.06525083704144115,23,0.06766543039001971,22,0.06947079439150132,23,-0.0429174098845998,0.7391304347826086,0.391304347826087,0.5652173913043478,主測度 發文數｜市值加權・可交易性篩選後,abn_attention_weekend
2020-03-29,113,0.027326870576232606,23,0.010366637164392761,22,0.025345269227900386,23,0.015792119923140953,22,0.022270405210588314,23,-0.005056465365644292,0.6956521739130435,0.4782608695652174,0.5869565217391304,主測度 發文數｜市值加權・可交易性篩選後,abn_attention_weekend
2020-04-05,97,0.03173920597767465,20,0.05383126220260725,19,0.03886244879572032,19,0.0520626484535857,19,0.033592892475096545,20,0.0018536864974218956,0.6,0.35,0.475,主測度 發文數｜市值加權・可交易性篩選後,abn_attention_weekend
2020-04-12,108,0.07948392191346715,22,0.03915044514534476,21,0.015982564819539358,22,0.010847743782897221,21,0.018255236283602486,22,-0.061228685629864665,0.5909090909090909,0.2727272727272727,0.4318181818181818,主測度 發文數｜市值加權・可交易性篩選後,abn_attention_weekend
2020-04-19,111,-0.013076489082678831,23,-0.027806459212386087,22,-0.016555787327226155,22,-0.014311478841683016,22,-0.041755538612790785,22,-0.028679049530111952,0.2727272727272727,0.17391304347826086,0.22332015810276679,主測度 發文數｜市值加權・可交易性篩選後,abn_attention_weekend
2020-04-26,106,0.034864293303464036,22,0.07262259188015607,21,0.05565300212774722,21,0.05122166461537236,21,0.031018131620281643,21,-0.0038461616831823933,0.2857142857142857,0.22727272727272727,0.2564935064935065,主測度 發文數｜市值加權・可交易性篩選後,abn_attention_weekend
2020-05-03,106,0.017929293614951276,22,0.033412922701118675,21,0.012918926003382803,21,0.013766982529279631,21,0.02109696978033327,21,0.003167676165381994,0.42857142857142855,0.3181818181818182,0.37337662337662336,主測度 發文數｜市值加權・可交易性篩選後,abn_attention_weekend
2020-05-10,108,-0.00981584817603357,22,-0.01950793219650737,21,-0.021849510927336856,22,-0.02384317857160135,21,-0.040809086559955035,22,-0.030993238383921463,0.5,0.3181818181818182,0.40909090909090906,主測度 發文數｜市值加權・可交易性篩選後,abn_attention_weekend
2020-05-17,106,0.009808386748690643,22,0.016244796064318164,21,0.028918234989095116,21,0.004480628351777382,21,0.0012838090806979187,21,-0.008524577667992724,0.47619047619047616,0.4090909090909091,0.4426406926406926,主測度 發文數｜市值加權・可交易性篩選後,abn_attention_weekend
2020-05-24,114,-0.007532240264771633,23,0.00458083243951881,23,0.023969606094463095,22,0.008258593874144748,23,0.007417767143761332,23,0.014950007408532966,0.4782608695652174,0.34782608695652173,0.41304347826086957,主測度 發文數｜市值加權・可交易性篩選後,abn_attention_weekend
2020-05-31,110,0.05219895313238196,22,0.025854093601851636,22,0.03874236163871685,22,0.030981128509504713,22,0.05009536622448415,22,-0.00210358690789781,0.5909090909090909,0.36363636363636365,0.4772727272727273,主測度 發文數｜市值加權・可交易性篩選後,abn_attention_weekend
2020-06-07,114,-0.02952929066544025,23,-0.008762769893735436,23,-0.038397605910375304,22,-0.015271865435377622,23,-0.004020465150442309,23,0.025508825514997942,0.6956521739130435,0.391304347826087,0.5434782608695652,主測度 發文數｜市值加權・可交易性篩選後,abn_attention_weekend
2020-06-14,111,0.004547023256961897,23,0.015754233113121567,22,-0.003947556913840803,22,0.01676251492037326,22,0.023884706703380134,22,0.019337683446418237,0.22727272727272727,0.21739130434782608,0.22233201581027667,主測度 發文數｜市值加權・可交易性篩選後,abn_attention_weekend
2020-06-21,111,0.013865746058958288,23,0.00284437921397904,22,-0.0070554333195759975,22,-0.010463115011464873,22,0.009633096186873141,22,-0.004232649872085147,0.3181818181818182,0.21739130434782608,0.26778656126482214,主測度 發文數｜市值加權・可交易性篩選後,abn_attention_weekend
2020-06-28,106,0.044796996712059105,22,0.028578207600891838,21,0.020477295606881014,21,0.03319551747048538,21,0.015374528703919962,21,-0.029422468008139142,0.42857142857142855,0.2727272727272727,0.35064935064935066,主測度 發文數｜市值加權・可交易性篩選後,abn_attention_weekend
2020-07-05,115,-0.005988005694524691,23,-0.0009160831701362638,23,-0.0052875578315057835,23,-0.000730137257793668,23,0.0384194926395956,23,0.04440749833412029,0.43478260869565216,0.21739130434782608,0.32608695652173914,主測度 發文數｜市值加權・可交易性篩選後,abn_attention_weekend
2020-07-12,119,-0.006075393292642546,24,0.0033669535622030907,24,-4.676249743749491e-05,23,0.005898067812460556,24,0.034387774151242494,24,0.04046316744388504,0.4583333333333333,0.4583333333333333,0.4583333333333333,主測度 發文數｜市值加權・可交易性篩選後,abn_attention_weekend
2020-07-19,120,-0.011214687049834995,24,-0.00656135322768878,24,-0.00014735631684310762,24,0.004587887224718442,24,0.031189612063748103,24,0.042404299113583094,0.2916666666666667,0.25,0.27083333333333337,主測度 發文數｜市值加權・可交易性篩選後,abn_attention_weekend
2020-07-26,119,0.006834509439119343,24,-0.022589635373083422,24,-0.022537848787757074,23,-0.00921693419273047,24,0.011219008559692555,24,0.004384499120573212,0.375,0.25,0.3125,主測度 發文數｜市值加權・可交易性篩選後,abn_attention_weekend
2020-08-02,116,0.015204253966357556,24,0.012229809177386237,23,0.025794019768607797,23,0.006688246573137993,23,0.02994553201813328,23,0.014741278051775724,0.391304347826087,0.375,0.38315217391304346,主測度 發文數｜市值加權・可交易性篩選後,abn_attention_weekend
2020-08-09,117,-0.003240817774401689,24,0.025262330056084005,23,0.020369133701767923,23,0.024681792174365197,23,-0.0010999755952137377,24,0.0021408421791879514,0.4166666666666667,0.3333333333333333,0.375,主測度 發文數｜市值加權・可交易性篩選後,abn_attention_weekend
2020-08-16,120,-0.009993528396067977,24,-0.005841385927075713,24,0.013690058144720291,24,-0.01179433299158544,24,-0.02295257879068744,24,-0.012959050394619464,0.25,0.20833333333333334,0.22916666666666669,主測度 發文數｜市值加權・可交易性篩選後,abn_attention_weekend
2020-08-23,120,0.0012455538715677166,24,0.0009692534124671583,24,0.024336982311956454,24,0.011843052128727176,24,0.016778954010623424,24,0.015533400139055707,0.5416666666666666,0.375,0.4583333333333333,主測度 發文數｜市值加權・可交易性篩選後,abn_attention_weekend
2020-08-30,120,-0.017832134950252862,24,-0.009622282390988219,24,0.01872367982608319,24,-0.009341152021348189,24,-0.017417537971967316,24,0.00041459697828554604,0.5416666666666666,0.5416666666666666,0.5416666666666666,主測度 發文數｜市值加權・可交易性篩選後,abn_attention_weekend
2020-09-06,123,0.018275309641950697,25,0.003047292423472817,24,-0.010586846340692437,25,-0.005077020121949557,24,0.004931276656874501,25,-0.013344032985076196,0.4,0.32,0.36,主測度 發文數｜市值加權・可交易性篩選後,abn_attention_weekend
2020-09-13,125,0.0010734212197721616,25,0.0066170420667427485,25,0.028010558623744866,25,0.006846078126317942,25,0.022813073700184143,25,0.021739652480411983,0.32,0.28,0.30000000000000004,主測度 發文數｜市值加權・可交易性篩選後,abn_attention_weekend
2020-09-20,124,-0.05109292394402741,25,-0.052214151589351374,25,-0.07131768061665664,24,-0.07401117470478236,25,-0.043780517137240516,25,0.007312406806786895,0.28,0.2,0.24000000000000002,主測度 發文數｜市值加權・可交易性篩選後,abn_attention_weekend
2020-09-27,123,0.006267130771047503,25,0.028719209081015485,24,0.004708150716678244,25,0.0446096828763227,24,0.014727966230368364,25,0.00846083545932086,0.36,0.2,0.28,主測度 發文數｜市值加權・可交易性篩選後,abn_attention_weekend
2020-10-04,104,0.030520581797001164,21,0.009404238040996738,21,0.0226705442027999,20,0.025233644309341212,21,0.013694451016209875,21,-0.016826130780791287,0.47619047619047616,0.47619047619047616,0.47619047619047616,主測度 發文數｜市值加權・可交易性篩選後,abn_attention_weekend
2020-10-11,116,-0.018236397146375653,24,-0.019494985769109987,23,-0.0004100103428842978,23,-0.005378804583433504,23,-0.016071853961888385,23,0.002164543184487267,0.4782608695652174,0.4583333333333333,0.4682971014492754,主測度 發文數｜市值加權・可交易性篩選後,abn_attention_weekend
2020-10-18,119,0.0018757362706615793,24,0.007777914861115291,24,0.017966943132316185,23,-0.0019403728616206207,24,0.0066966791818442025,24,0.004820942911182623,0.2916666666666667,0.25,0.27083333333333337,主測度 發文數｜市值加權・可交易性篩選後,abn_attention_weekend
2020-10-25,121,-0.04550899954727183,25,-0.0228643810026988,24,-0.012556577720413447,24,-0.005219255779883568,24,-0.02211854901318168,24,0.023390450534090154,0.4166666666666667,0.2,0.30833333333333335,主測度 發文數｜市值加權・可交易性篩選後,abn_attention_weekend
2020-11-01,122,0.04125318504429224,25,0.029987044108988833,24,0.015758950198368638,24,0.024915467009692098,24,0.02351014292871821,25,-0.01774304211557403,0.32,0.36,0.33999999999999997,主測度 發文數｜市值加權・可交易性篩選後,abn_attention_weekend
2020-11-08,120,0.007900438308526847,24,0.059979382874689076,24,0.010262417953579007,24,0.006028113010828438,24,0.024777155791403913,24,0.016876717482877064,0.3333333333333333,0.20833333333333334,0.2708333333333333,主測度 發文數｜市值加權・可交易性篩選後,abn_attention_weekend
2020-11-15,124,0.027377707718040597,25,0.018399336189670285,25,0.008074646463026759,24,0.01881426511595029,25,0.03292581543873885,25,0.005548107720698251,0.36,0.24,0.3,主測度 發文數｜市值加權・可交易性篩選後,abn_attention_weekend
2020-11-22,124,0.03310573968683747,25,0.017125729308203493,25,0.017860189876462918,24,0.02449425114472852,25,-0.009432186386868813,25,-0.04253792607370628,0.36,0.28,0.32,主測度 發文數｜市值加權・可交易性篩選後,abn_attention_weekend
2020-11-29,125,0.0233981421327169,25,0.01139910596236046,25,-0.0033678788825871942,25,0.047066071520544144,25,0.023837377246100362,25,0.00043923511338346197,0.4,0.36,0.38,主測度 發文數｜市值加權・可交易性篩選後,abn_attention_weekend
2020-12-06,126,0.002179147564196923,26,0.0068182844458963615,25,-0.015193447909666235,25,-0.014520510444102004,25,0.004632930663149874,25,0.002453783098952951,0.52,0.2692307692307692,0.3946153846153846,主測度 發文數｜市值加權・可交易性篩選後,abn_attention_weekend
2020-12-13,125,-0.0014456387101313608,25,-0.0006951203897627365,25,0.02737195651674358,25,0.0011578084982528712,25,-0.0003798803298620948,25,0.001065758380269266,0.32,0.2,0.26,主測度 發文數｜市值加權・可交易性篩選後,abn_attention_weekend
2020-12-20,121,0.0013307472122788247,25,0.01715063487372547,24,0.004651332064938211,24,-0.007669845232214892,24,0.02912880824922794,24,0.027798061036949116,0.4166666666666667,0.36,0.3883333333333333,主測度 發文數｜市值加權・可交易性篩選後,abn_attention_weekend
2020-12-27,129,0.01618108996447889,26,0.03404872693880529,26,0.011166110095613866,25,0.010467767653586561,26,0.029232229442218517,26,0.013051139477739629,0.34615384615384615,0.2692307692307692,0.3076923076923077,主測度 發文數｜市值加權・可交易性篩選後,abn_attention_weekend
2021-01-03,130,0.06793733268097156,26,0.005822209591993858,26,-0.023668392479251007,26,0.008520010704319144,26,0.08461743048083548,26,0.016680097799863916,0.38461538461538464,0.3076923076923077,0.34615384615384615,主測度 發文數｜市值加權・可交易性篩選後,abn_attention_weekend
2021-01-10,129,-0.028162433149865492,26,0.029903425185300578,26,-0.04410790246071425,25,0.02271634122691583,26,0.026164135196593365,26,0.05432656834645885,0.38461538461538464,0.34615384615384615,0.3653846153846154,主測度 發文數｜市值加權・可交易性篩選後,abn_attention_weekend
2021-01-17,133,-0.019206980850684983,27,0.004135516302937339,26,-0.03344598042310411,27,0.00098786740401443,26,0.06194420310694323,27,0.08115118395762821,0.4074074074074074,0.25925925925925924,0.3333333333333333,主測度 發文數｜市值加權・可交易性篩選後,abn_attention_weekend
2021-01-24,130,-0.031613048822399306,26,-0.03915784399607603,26,-0.02508401660441188,26,-0.042919790386616835,26,-0.07599314912492641,26,-0.044380100302527106,0.38461538461538464,0.23076923076923078,0.3076923076923077,主測度 發文數｜市值加權・可交易性篩選後,abn_attention_weekend
2021-01-31,127,0.05062343041653535,26,0.024261705893256883,25,0.03377566743902414,25,0.01326316033284493,25,0.053062172368745844,26,0.0024387419522104922,0.5769230769230769,0.5,0.5384615384615384,主測度 發文數｜市值加權・可交易性篩選後,abn_attention_weekend
2021-02-21,122,-0.06770388272163609,25,0.0029258377119138696,24,0.02842238476429401,24,0.03569824689527294,24,0.013707425599089038,25,0.08141130832072513,0.64,0.64,0.64,主測度 發文數｜市值加權・可交易性篩選後,abn_attention_weekend
2021-02-28,136,-0.03970625264789655,28,-0.012524972917586282,27,-0.013562509023498136,27,0.0006440459992671628,27,-0.028261736745923385,27,0.011444515901973169,0.4074074074074074,0.2857142857142857,0.3465608465608465,主測度 發文數｜市值加權・可交易性篩選後,abn_attention_weekend
2021-03-07,124,0.018458054795211752,25,0.011661128759260035,25,0.01949052541851921,24,0.010211711657496592,25,0.021735320192994956,25,0.0032772653977832036,0.48,0.2,0.33999999999999997,主測度 發文數｜市值加權・可交易性篩選後,abn_attention_weekend
2021-03-14,128,-0.02583068370504094,26,0.003000207304473793,25,-0.01143880758228847,26,-0.011961240551254287,25,-0.025104528157848863,26,0.0007261555471920755,0.34615384615384615,0.34615384615384615,0.34615384615384615,主測度 發文數｜市值加權・可交易性篩選後,abn_attention_weekend
2021-03-21,129,0.025081099303864623,26,0.033252905596490766,26,0.026053870216112687,25,0.025027465970940597,26,0.00721271581882292,26,-0.017868383485041703,0.7307692307692307,0.5,0.6153846153846154,主測度 發文數｜市值加權・可交易性篩選後,abn_attention_weekend
2021-03-28,128,-0.010049675836041563,26,0.003267217568879189,25,0.012034027747414291,26,0.025368850506885122,25,0.007642566105285968,26,0.01769224194132753,0.6923076923076923,0.5,0.5961538461538461,主測度 發文數｜市值加權・可交易性篩選後,abn_attention_weekend
2021-04-04,128,-0.0013522851513353105,26,0.01622464655498409,25,0.009111234009765273,26,0.02138541710367623,25,0.02254789546973301,26,0.023900180621068322,0.5769230769230769,0.46153846153846156,0.5192307692307692,主測度 發文數｜市值加權・可交易性篩選後,abn_attention_weekend
2021-04-11,130,0.002250910437177075,26,0.045351219353357355,26,0.06138153788641292,26,0.007688656134718149,26,0.10670149185715715,26,0.10445058141998007,0.6538461538461539,0.34615384615384615,0.5,主測度 發文數｜市值加權・可交易性篩選後,abn_attention_weekend
2021-04-18,140,0.013049101934052489,28,-0.0027953410816143136,28,0.025205382600815875,28,0.03565694563993559,28,0.00911625803699941,28,-0.003932843897053078,0.5357142857142857,0.32142857142857145,0.4285714285714286,主測度 發文數｜市值加權・可交易性篩選後,abn_attention_weekend
2021-04-25,142,-0.0067958020523656406,29,0.012882062408479028,28,0.020052547040480644,28,-0.018527667274417983,28,0.021949688107384676,29,0.028745490159750316,0.4482758620689655,0.3448275862068966,0.39655172413793105,主測度 發文數｜市值加權・可交易性篩選後,abn_attention_weekend
2021-05-02,143,0.006165007142249374,29,-0.007629139145956299,28,-0.027310506457139668,29,-0.05024603849961454,28,-0.020255151060177664,29,-0.02642015820242704,0.27586206896551724,0.2413793103448276,0.25862068965517243,主測度 發文數｜市值加權・可交易性篩選後,abn_attention_weekend
2021-05-09,143,-0.10748329841853409,29,-0.06729474153456674,28,-0.11125830799363942,29,-0.10396138768979693,28,-0.08194873460945647,29,0.02553456380907762,0.27586206896551724,0.1724137931034483,0.22413793103448276,主測度 發文數｜市值加權・可交易性篩選後,abn_attention_weekend
2021-05-16,148,0.08202112070560373,30,0.04826157024956901,29,0.0944980821701725,30,0.06856507150835066,29,0.06514799697751142,30,-0.016873123728092312,0.7333333333333333,0.26666666666666666,0.5,主測度 發文數｜市值加權・可交易性篩選後,abn_attention_weekend
2021-05-23,146,0.033007156252198654,30,0.03416910112579568,29,0.048618478322706396,29,0.06057629779702692,29,0.06691899991528326,29,0.033911843663084605,0.7586206896551724,0.6,0.6793103448275861,主測度 發文數｜市值加權・可交易性篩選後,abn_attention_weekend
2021-05-30,148,0.003921269012735406,30,0.04506575312732439,29,0.022608573294252265,30,0.006296803118775564,29,0.030732522036725878,30,0.02681125302399047,0.6666666666666666,0.5333333333333333,0.6,主測度 發文數｜市值加權・可交易性篩選後,abn_attention_weekend
2021-06-06,149,0.008510027994033447,30,-0.011331721538882383,30,-0.005668816315856842,29,-0.007647091958352756,30,-0.011792758828684389,30,-0.020302786822717835,0.5666666666666667,0.3333333333333333,0.44999999999999996,主測度 發文數｜市值加權・可交易性篩選後,abn_attention_weekend
2021-06-13,148,-0.0034979995762127168,30,-0.031029037448826305,29,-0.013495091747348153,30,0.009757437924506628,29,0.08381043903808752,30,0.08730843861430024,0.5333333333333333,0.4666666666666667,0.5,主測度 發文數｜市值加權・可交易性篩選後,abn_attention_weekend
2021-06-20,144,0.041458721414512324,29,0.04451289162445657,29,0.05015677006989858,28,0.012540378344231518,29,0.006401611603506539,29,-0.035057109811005786,0.5517241379310345,0.20689655172413793,0.3793103448275862,主測度 發文數｜市值加權・可交易性篩選後,abn_attention_weekend
2021-06-27,149,0.008221776451863857,30,0.005774607921470687,30,0.004042952150314325,29,-0.005031001721143261,30,0.044328230254816386,30,0.03610645380295253,0.36666666666666664,0.23333333333333334,0.3,主測度 發文數｜市值加權・可交易性篩選後,abn_attention_weekend
2021-07-04,154,-0.0022764508418448093,31,-0.003590900502701657,31,-0.01890161941726747,30,0.011891296209920224,31,-0.016081232980313515,31,-0.013804782138468707,0.5161290322580645,0.3225806451612903,0.4193548387096774,主測度 發文數｜市值加權・可交易性篩選後,abn_attention_weekend
2021-07-11,158,-0.01050272055478477,32,-0.006133476071684091,31,-0.023980985347067513,32,0.0033066628840201645,31,-0.01518223474610499,32,-0.004679514191320219,0.5,0.3125,0.40625,主測度 發文數｜市值加權・可交易性篩選後,abn_attention_weekend
2021-07-18,155,-0.003993411405985038,31,-0.008868169445674137,31,-0.00700729200205872,31,0.005562965384706785,31,-0.0155865578294708,31,-0.011593146423485762,0.5161290322580645,0.45161290322580644,0.4838709677419355,主測度 發文數｜市值加權・可交易性篩選後,abn_attention_weekend
2021-07-25,158,-0.017066341910589474,32,-0.008500113156405987,31,-0.025549413590809852,32,0.001160659973252203,31,-0.025793859383521026,32,-0.008727517472931552,0.46875,0.375,0.421875,主測度 發文數｜市值加權・可交易性篩選後,abn_attention_weekend
2021-08-01,157,0.014569985431046735,32,-0.002682852445702411,31,-0.0008051572333691577,31,0.006853270389928516,31,0.026592879887706932,32,0.012022894456660197,0.5,0.28125,0.390625,主測度 發文數｜市值加權・可交易性篩選後,abn_attention_weekend
2021-08-08,150,-0.01725958779461575,30,-0.049379566185389905,30,-0.03609467098756336,30,-0.03865184945728731,30,-0.036815559911379754,30,-0.019555972116764003,0.5333333333333333,0.3333333333333333,0.43333333333333335,主測度 發文數｜市值加權・可交易性篩選後,abn_attention_weekend
2021-08-15,150,-0.04827364536848629,30,-0.05123709582162923,30,-0.0320150213685454,30,-0.03161191716691258,30,-0.026764158164172755,30,0.021509487204313532,0.43333333333333335,0.2,0.31666666666666665,主測度 發文數｜市值加權・可交易性篩選後,abn_attention_weekend
2021-08-22,153,0.028557549777195202,31,0.03373182956067707,30,0.039028813566595974,31,0.02722665551868894,30,0.06029336404621229,31,0.03173581426901709,0.3870967741935484,0.41935483870967744,0.4032258064516129,主測度 發文數｜市值加權・可交易性篩選後,abn_attention_weekend
2021-08-29,147,0.014108452166326816,30,0.02509616279060616,29,0.014052573203370096,29,-0.007916055665693046,29,0.02417908036058311,30,0.010070628194256295,0.6666666666666666,0.4666666666666667,0.5666666666666667,主測度 發文數｜市值加權・可交易性篩選後,abn_attention_weekend
2021-09-05,147,-0.0005699385207475705,30,-0.01109495786723117,29,-0.00747401352915109,29,-0.014501521128801221,29,0.00035754971160152264,30,0.0009274882323490931,0.4666666666666667,0.4,0.43333333333333335,主測度 發文數｜市值加權・可交易性篩選後,abn_attention_weekend
2021-09-12,144,-0.02244186257877657,29,0.007915542342854362,29,-0.0019050782495857695,28,-0.002382753760353699,29,-0.012931471460542288,29,0.009510391118234283,0.3103448275862069,0.3103448275862069,0.3103448275862069,主測度 發文數｜市值加權・可交易性篩選後,abn_attention_weekend
2021-09-19,143,0.02435979928272089,29,0.023107837110125987,28,0.015064886110296674,29,0.009775926260859522,28,0.014283677306147735,29,-0.010076121976573154,0.41379310344827586,0.41379310344827586,0.41379310344827586,主測度 發文數｜市值加權・可交易性篩選後,abn_attention_weekend
2021-09-26,135,-0.043790180806211,27,-0.03561673403387581,27,-0.018097404112423485,27,-0.020354139936783013,27,-0.04937646786745286,27,-0.005586287061241861,0.18518518518518517,0.2222222222222222,0.2037037037037037,主測度 發文數｜市值加權・可交易性篩選後,abn_attention_weekend
2021-10-03,150,-0.0005548492082285821,30,0.0013488286119253544,30,-0.019588768810593557,30,0.0060702926415728406,30,-0.001990552070730873,30,-0.001435702862502291,0.5666666666666667,0.3333333333333333,0.44999999999999996,主測度 發文數｜市值加權・可交易性篩選後,abn_attention_weekend
2021-10-10,148,0.04054229439118491,30,0.01690647010470978,29,0.01511110787355279,30,0.0001722665439575118,29,0.0035897343461512225,30,-0.03695256004503369,0.4666666666666667,0.3333333333333333,0.4,主測度 發文數｜市值加權・可交易性篩選後,abn_attention_weekend
2021-10-17,144,-0.02158119614562931,29,-0.009517986327152873,29,-0.005133197144888288,28,0.004540710663275316,29,-0.006979933536302729,29,0.014601262609326583,0.3793103448275862,0.3448275862068966,0.3620689655172414,主測度 發文數｜市值加權・可交易性篩選後,abn_attention_weekend
2021-10-24,151,0.011575552174582523,31,-0.0012602858033094533,30,0.007629347826412333,30,0.01056353016578148,30,-0.009694191358028938,30,-0.021269743532611463,0.23333333333333334,0.22580645161290322,0.22956989247311826,主測度 發文數｜市值加權・可交易性篩選後,abn_attention_weekend
2021-10-31,147,0.01485503487052254,30,0.007248342425361503,29,0.013282550411928494,29,0.004474678414732241,29,0.019294596960821222,30,0.004439562090298681,0.26666666666666666,0.26666666666666666,0.26666666666666666,主測度 發文數｜市值加權・可交易性篩選後,abn_attention_weekend
2021-11-07,150,0.0065497624116140725,30,0.01616243568246659,30,0.009516200365872463,30,0.002917433989297763,30,0.003831727269532092,30,-0.0027180351420819805,0.3,0.26666666666666666,0.2833333333333333,主測度 發文數｜市值加權・可交易性篩選後,abn_attention_weekend
2021-11-14,155,0.005942683839576738,31,-0.006959403949016661,31,-0.02616829435610881,31,-0.006392852953279714,31,0.019873979920220677,31,0.013931296080643939,0.45161290322580644,0.45161290322580644,0.45161290322580644,主測度 發文數｜市值加權・可交易性篩選後,abn_attention_weekend
2021-11-21,156,-0.031547384012447416,32,-0.013698656825112884,31,-0.008767536640006231,31,-0.021676000676322152,31,-0.02528898036162481,31,0.006258403650822607,0.22580645161290322,0.15625,0.19102822580645162,主測度 發文數｜市值加權・可交易性篩選後,abn_attention_weekend
2021-11-28,149,0.028004342828430805,30,0.010256182481749813,30,0.010545712482509108,29,0.02876127468704497,30,0.034202264460876146,30,0.006197921632445341,0.3,0.13333333333333333,0.21666666666666667,主測度 發文數｜市值加權・可交易性篩選後,abn_attention_weekend
2021-12-05,151,0.022360571431666282,31,0.008193221181934449,30,0.001518900334278871,30,0.009121919947737879,30,0.0007000365997944687,30,-0.021660534831871813,0.43333333333333335,0.3225806451612903,0.3779569892473118,主測度 發文數｜市值加權・可交易性篩選後,abn_attention_weekend
2021-12-12,149,-0.0006244486270612619,30,-0.012923129332615491,30,0.008931864370474624,29,-0.011287222965533427,30,-0.014149726166789044,30,-0.013525277539727782,0.5,0.3333333333333333,0.41666666666666663,主測度 發文數｜市值加權・可交易性篩選後,abn_attention_weekend
2021-12-19,150,0.010661845228127501,30,0.017689102477071703,30,0.013703629745448587,30,0.0406525376991323,30,-0.002202849340865867,30,-0.012864694568993367,0.3,0.3,0.3,主測度 發文數｜市值加權・可交易性篩選後,abn_attention_weekend
2021-12-26,145,0.015782654358856674,29,-0.00535165124480821,29,0.005574850254902703,29,0.004227908909989488,29,0.0015502925928022697,29,-0.014232361766054405,0.20689655172413793,0.20689655172413793,0.20689655172413793,主測度 發文數｜市值加權・可交易性篩選後,abn_attention_weekend
2022-01-02,147,0.016282643876722864,30,0.00529768286052688,29,-0.03017002454136651,29,-0.026230566054916568,29,-0.029226299580591572,30,-0.04550894345731443,0.3,0.2,0.25,主測度 發文數｜市值加權・可交易性篩選後,abn_attention_weekend
2022-01-09,151,-0.008017106390479353,31,0.008163058407625236,30,-0.005860081292875282,30,-0.022412606634359705,30,0.06226993289150882,30,0.07028703928198818,0.3,0.3548387096774194,0.32741935483870965,主測度 發文數｜市值加權・可交易性篩選後,abn_attention_weekend
2022-01-16,154,-0.05318796720913996,31,-0.020516361541655828,31,-0.01684775267086085,30,0.0031169771891319787,31,-0.04007527787401339,31,0.01311268933512657,0.3870967741935484,0.3548387096774194,0.3709677419354839,主測度 發文數｜市值加權・可交易性篩選後,abn_attention_weekend
2022-01-23,148,-0.02230790976313227,30,-0.005986714806794431,29,-0.016492872339108268,30,-0.009127281029266448,29,-0.007060566714184383,30,0.015247343048947887,0.4,0.26666666666666666,0.33333333333333337,主測度 發文數｜市值加權・可交易性篩選後,abn_attention_weekend
2022-02-13,151,0.015382405625962667,31,0.013971196977378591,30,-0.00189049064152919,30,0.010317896600660296,30,-0.0011707824994236695,30,-0.016553188125386337,0.4666666666666667,0.5161290322580645,0.4913978494623656,主測度 發文數｜市值加權・可交易性篩選後,abn_attention_weekend
2022-02-20,149,-0.01225303689405397,30,-0.008646184612262147,30,-0.019013478143979492,29,-0.020003226795955825,30,-0.04403857572727817,30,-0.0317855388332242,0.5,0.4666666666666667,0.48333333333333334,主測度 發文數｜市值加權・可交易性篩選後,abn_attention_weekend
2022-02-27,155,0.0037387476999374883,31,0.014737105529598015,31,0.010857521860230262,31,-0.0012167501141005057,31,0.0005643745430400019,31,-0.0031743731568974866,0.25806451612903225,0.1935483870967742,0.22580645161290322,主測度 發文數｜市值加權・可交易性篩選後,abn_attention_weekend
2022-03-06,148,-0.009229943538786313,30,-0.014051145701313716,29,-0.00017654158386058214,30,-0.013809588647074387,29,-0.0041086895852306664,30,0.005121253953555647,0.26666666666666666,0.13333333333333333,0.2,主測度 發文數｜市值加權・可交易性篩選後,abn_attention_weekend
2022-03-13,157,0.002056391233247176,32,0.006095256337879279,31,0.007473303153720131,31,0.02314420170842321,31,0.009431272057779268,32,0.007374880824532092,0.40625,0.34375,0.375,主測度 發文數｜市值加權・可交易性篩選後,abn_attention_weekend
2022-03-20,153,0.018489114602429645,31,0.00845391284372786,30,0.008740447122285371,31,0.0050152958587473305,30,-0.016260944245884448,31,-0.03475005884831409,0.22580645161290322,0.16129032258064516,0.1935483870967742,主測度 發文數｜市值加權・可交易性篩選後,abn_attention_weekend
2022-03-27,156,0.015791901522591006,32,0.009082571229124713,31,0.012028637814123364,31,0.010865291972581795,31,0.011683404001319033,31,-0.004108497521271973,0.6451612903225806,0.5,0.5725806451612903,主測度 發文數｜市值加權・可交易性篩選後,abn_attention_weekend
2022-04-03,157,-0.004668230995926531,32,-0.008176548781736894,31,-0.003532580758401733,31,-0.01993426278200271,31,-0.015090035393652376,32,-0.010421804397725845,0.71875,0.46875,0.59375,主測度 發文數｜市值加權・可交易性篩選後,abn_attention_weekend
2022-04-10,150,-0.009527423226894384,30,-0.01948258405353389,30,0.056567845961133796,30,-0.032228309866266194,30,-0.003942632307903587,30,0.005584790918990797,0.2,0.13333333333333333,0.16666666666666669,主測度 發文數｜市值加權・可交易性篩選後,abn_attention_weekend
2022-04-17,158,0.009417438054962753,32,0.0068546980070542385,31,0.04059547766728279,32,0.007410543389422447,31,0.0005373013721852733,32,-0.00888013668277748,0.34375,0.28125,0.3125,主測度 發文數｜市值加權・可交易性篩選後,abn_attention_weekend
2022-04-24,154,-0.014749023716154148,31,-0.0020090639508094266,31,-0.038839099508625775,30,-0.013768901570986536,31,-0.015362225554775318,31,-0.0006132018386211698,0.45161290322580644,0.22580645161290322,0.3387096774193548,主測度 發文數｜市值加權・可交易性篩選後,abn_attention_weekend
2022-05-01,157,-0.012062762247312701,32,-0.0058404401585635925,31,-0.01692037999086223,31,0.008145023555766927,31,-0.01269138407237602,32,-0.0006286218250633191,0.375,0.25,0.3125,主測度 發文數｜市值加權・可交易性篩選後,abn_attention_weekend
2022-05-08,145,-0.023142736943107704,29,-0.029656331643698304,29,-0.04421284002448989,29,-0.04649650046990675,29,-0.03207695332508306,29,-0.00893421638197536,0.4482758620689655,0.3103448275862069,0.3793103448275862,主測度 發文數｜市值加權・可交易性篩選後,abn_attention_weekend
2022-05-15,157,0.01609059682081199,32,0.0055257642632613865,31,0.014396819715577349,31,0.010220756793298128,31,-0.007898460432667906,32,-0.023989057253479898,0.53125,0.375,0.453125,主測度 發文數｜市值加權・可交易性篩選後,abn_attention_weekend
2022-05-22,146,0.012723374417903943,30,0.0010020860321289036,29,-0.002400833259144506,29,-0.004924199639453147,29,0.00043487721059766666,29,-0.012288497207306277,0.3793103448275862,0.3,0.33965517241379306,主測度 發文數｜市值加權・可交易性篩選後,abn_attention_weekend
2022-05-29,141,0.0014462201113627894,29,0.00872643358410921,28,0.003177899826811453,28,0.00933029354291469,28,0.007060997216180458,28,0.005614777104817669,0.39285714285714285,0.3103448275862069,0.3516009852216749,主測度 發文數｜市值加權・可交易性篩選後,abn_attention_weekend
2022-06-05,141,-0.021243401416440582,29,-0.0008412627849884308,28,-0.011654003559597167,28,-0.007885337805715705,28,-0.0017088470339533793,28,0.019534554382487204,0.39285714285714285,0.27586206896551724,0.33435960591133007,主測度 發文數｜市值加權・可交易性篩選後,abn_attention_weekend
2022-06-12,142,-0.03038813032906566,29,-0.014071599050604842,28,-0.03519743277991429,28,-0.02862444201600189,28,-0.016289687725884183,29,0.014098442603181476,0.41379310344827586,0.2413793103448276,0.3275862068965517,主測度 發文數｜市值加權・可交易性篩選後,abn_attention_weekend
2022-06-19,149,-0.045510006126947854,30,-0.021231584720447276,30,-0.002461199597031338,29,-0.02066913982165181,30,-0.008301553569579602,30,0.03720845255736825,0.3,0.23333333333333334,0.26666666666666666,主測度 發文數｜市值加權・可交易性篩選後,abn_attention_weekend
2022-06-26,153,-0.03287725297777442,31,-0.027691590910842365,30,-0.06595259120434198,31,-0.08662038781583106,30,-0.07571345113423605,31,-0.042836198156461634,0.3225806451612903,0.3225806451612903,0.3225806451612903,主測度 發文數｜市值加權・可交易性篩選後,abn_attention_weekend
2022-07-03,150,0.034271368359023384,30,-0.09353413822906813,30,0.018367690047113548,30,0.010742946791322476,30,0.044577261946012484,30,0.0103058935869891,0.23333333333333334,0.2,0.21666666666666667,主測度 發文數｜市值加權・可交易性篩選後,abn_attention_weekend
2022-07-10,147,-0.012012465371210937,30,0.047104884883950406,29,-0.013849004595403218,29,0.006545150752539587,29,-0.004253607870349058,30,0.007758857500861879,0.3333333333333333,0.26666666666666666,0.3,主測度 發文數｜市值加權・可交易性篩選後,abn_attention_weekend
2022-07-17,144,0.02365348085380517,29,0.032153651599141325,29,0.03605672648456357,28,0.019925745485908367,29,0.0177709955061363,29,-0.005882485347668869,0.4482758620689655,0.3448275862068966,0.39655172413793105,主測度 發文數｜市值加權・可交易性篩選後,abn_attention_weekend
2022-07-24,143,0.03112178779134443,29,0.02475265843900256,28,0.009004952095417731,29,0.025323518840749928,28,0.013763606782165795,29,-0.017358181009178634,0.27586206896551724,0.20689655172413793,0.24137931034482757,主測度 發文數｜市值加權・可交易性篩選後,abn_attention_weekend
2022-07-31,139,0.014102547295823336,28,-0.01518932547997388,28,-0.014392085252111166,27,-0.005251696730516403,28,0.003508119246509143,28,-0.010594428049314193,0.25,0.25,0.25,主測度 發文數｜市值加權・可交易性篩選後,abn_attention_weekend
2022-08-07,144,0.025148191153005043,29,0.017977549066838232,29,0.027512961097973323,28,0.02558859543930588,29,0.024061166359048976,29,-0.0010870247939560665,0.2413793103448276,0.27586206896551724,0.25862068965517243,主測度 發文數｜市值加權・可交易性篩選後,abn_attention_weekend
2022-08-14,137,-0.002596040335666521,28,0.00904417948470128,27,0.02664000038113368,27,0.003713877023686846,27,0.0013949233723054108,28,0.003990963707971932,0.32142857142857145,0.35714285714285715,0.3392857142857143,主測度 發文數｜市值加權・可交易性篩選後,abn_attention_weekend
2022-08-21,140,0.0014698557287432744,28,0.019722848374497226,28,0.015096552966265903,28,0.018769220895000674,28,0.005454881808133358,28,0.003985026079390084,0.4642857142857143,0.2857142857142857,0.375,主測度 發文數｜市值加權・可交易性篩選後,abn_attention_weekend
2022-08-28,137,-0.019172259311732,28,-0.008542097441173997,27,0.009297046161064994,27,-0.004707341718935978,27,-0.022128719912630598,28,-0.0029564606008985993,0.5357142857142857,0.42857142857142855,0.4821428571428571,主測度 發文數｜市值加權・可交易性篩選後,abn_attention_weekend
2022-09-04,137,-0.014418666625641183,28,0.007709440845297874,27,-0.023443024900797412,27,-0.00561274392185145,27,0.009676565510354136,28,0.02409523213599532,0.42857142857142855,0.39285714285714285,0.4107142857142857,主測度 發文數｜市值加權・可交易性篩選後,abn_attention_weekend
2022-09-11,136,-0.016569121319874112,28,-0.020186532089122265,27,-0.013217453377703973,27,0.02910159410397613,27,-0.006036663371807163,27,0.01053245794806695,0.2962962962962963,0.25,0.27314814814814814,主測度 發文數｜市值加權・可交易性篩選後,abn_attention_weekend
2022-09-18,134,-0.018451935176888326,27,-0.00867350239829809,27,-0.030197191052473475,26,-0.054385790229138836,27,-0.03635732851841028,27,-0.017905393341521955,0.25925925925925924,0.18518518518518517,0.2222222222222222,主測度 發文數｜市值加權・可交易性篩選後,abn_attention_weekend
2022-09-25,134,-0.007226016583861335,27,-0.006528252138221404,27,-0.04015234599528366,26,-0.034670507017602936,27,-0.04661680554697913,27,-0.0393907889631178,0.25925925925925924,0.14814814814814814,0.2037037037037037,主測度 發文數｜市值加權・可交易性篩選後,abn_attention_weekend
2022-10-02,138,0.027223708078093524,28,0.0064180403922591755,27,0.0392302242131868,28,0.033134133943338286,27,0.047675132023593005,28,0.02045142394549948,0.21428571428571427,0.17857142857142858,0.19642857142857142,主測度 發文數｜市值加權・可交易性篩選後,abn_attention_weekend
2022-10-09,133,-0.01696645617612156,27,-0.00573792731899105,26,-0.02870187590878418,27,-0.012204640589479381,26,0.009751925772287366,27,0.026718381948408927,0.2222222222222222,0.18518518518518517,0.2037037037037037,主測度 發文數｜市值加權・可交易性篩選後,abn_attention_weekend
2022-10-16,133,0.0071300820391692705,27,-0.0028131807514506515,26,-0.0015555289488221851,27,-0.015321243817584438,26,-0.022143328290120556,27,-0.029273410329289828,0.25925925925925924,0.18518518518518517,0.2222222222222222,主測度 發文數｜市值加權・可交易性篩選後,abn_attention_weekend
2022-10-23,129,-0.03320430923346126,26,-0.01745086516000242,26,-0.0037089589565366915,25,-0.03243181943021102,26,-0.01330988794143769,26,0.019894421292023567,0.4230769230769231,0.4230769230769231,0.4230769230769231,主測度 發文數｜市值加權・可交易性篩選後,abn_attention_weekend
2022-10-30,129,-0.006690578630732139,26,0.008211272757857425,26,0.00951555295423598,25,0.03422534607874335,26,0.008708074270068188,26,0.015398652900800327,0.5,0.4230769230769231,0.46153846153846156,主測度 發文數｜市值加權・可交易性篩選後,abn_attention_weekend
2022-11-06,120,0.040417836708782455,24,0.0386653886404592,24,0.05648084892005114,24,0.03522034254806668,24,0.10087756244841309,24,0.06045972573963063,0.3333333333333333,0.3333333333333333,0.3333333333333333,主測度 發文數｜市值加權・可交易性篩選後,abn_attention_weekend
2022-11-13,131,0.06137581431085847,27,0.007942577552983441,26,0.014639606645449471,26,0.020693560673595127,26,0.005995448711862069,26,-0.0553803655989964,0.34615384615384615,0.2962962962962963,0.3212250712250712,主測度 發文數｜市值加權・可交易性篩選後,abn_attention_weekend
2022-11-20,132,0.015293140784003737,27,0.01568946106426794,26,0.023559002071272064,26,0.018185822035151306,26,0.021918972398955593,27,0.0066258316149518555,0.25925925925925924,0.2222222222222222,0.24074074074074073,主測度 發文數｜市值加權・可交易性篩選後,abn_attention_weekend
2022-11-27,126,0.017677279073095034,26,0.019458643536567517,25,0.060528630529638694,25,0.03608649162593303,25,0.009134965177228413,25,-0.008542313895866622,0.16,0.15384615384615385,0.15692307692307694,主測度 發文數｜市值加權・可交易性篩選後,abn_attention_weekend
2022-12-04,125,-0.01809622157487661,25,-0.0292596773006232,25,-0.021547568922410974,25,-0.030769107007464238,25,-0.01819198169925979,25,-9.576012438317766e-05,0.36,0.2,0.28,主測度 發文數｜市值加權・可交易性篩選後,abn_attention_weekend
2022-12-11,126,-0.003042093514823621,26,-0.0039971239436639395,25,0.005619412663486007,25,0.006577807988731193,25,-0.00023084405345174958,25,0.0028112494613718713,0.32,0.2692307692307692,0.2946153846153846,主測度 發文數｜市值加權・可交易性篩選後,abn_attention_weekend
2022-12-18,125,0.004137277968603117,25,-0.004695138608317142,25,-0.025892019528726967,25,-0.021385838709188875,25,-0.01829371823201018,25,-0.022430996200613295,0.24,0.16,0.2,主測度 發文數｜市值加權・可交易性篩選後,abn_attention_weekend
2022-12-25,124,-0.013217199055081518,25,0.005425818645692634,25,-0.006768503161380428,24,-0.0002710513766849817,25,-0.009433730695065876,25,0.003783468360015642,0.36,0.36,0.36,主測度 發文數｜市值加權・可交易性篩選後,abn_attention_weekend
2023-01-01,124,0.026635389387652253,25,0.015565777450817664,25,0.019392950552224324,24,-0.0003283256139520724,25,-0.003377393114484629,25,-0.030012782502136882,0.4,0.36,0.38,主測度 發文數｜市值加權・可交易性篩選後,abn_attention_weekend
2023-01-08,117,0.055969702607084344,24,0.004996670326238376,23,-0.00960710943209534,23,-0.00012908628033250384,23,0.009311924248571185,24,-0.04665777835851316,0.4166666666666667,0.16666666666666666,0.2916666666666667,主測度 發文數｜市值加權・可交易性篩選後,abn_attention_weekend
2023-01-15,127,-0.0002853906142182953,26,0.004700479643024004,25,0.010914695398698401,25,-0.0017145911133767148,25,-0.004277157955996381,26,-0.003991767341778086,0.4230769230769231,0.38461538461538464,0.40384615384615385,主測度 發文數｜市值加權・可交易性篩選後,abn_attention_weekend
2023-02-05,123,-0.01204237630452625,25,0.0008168950759715333,24,-0.020641980020942738,25,-0.002803249101333546,24,0.02141858695084754,25,0.03346096325537379,0.2,0.36,0.28,主測度 發文數｜市值加權・可交易性篩選後,abn_attention_weekend
2023-02-12,124,-0.033349435099204176,25,0.012558590772083494,25,0.014675275806658852,24,0.02304806066319717,25,0.02128099869407192,25,0.0546304337932761,0.24,0.12,0.18,主測度 發文數｜市值加權・可交易性篩選後,abn_attention_weekend
2023-02-19,123,-0.003353205678517065,25,-0.001422966207704697,24,0.020353381512086384,25,0.005888381858436635,24,0.009949590332783576,25,0.013302796011300641,0.4,0.28,0.34,主測度 發文數｜市值加權・可交易性篩選後,abn_attention_weekend
2023-02-26,126,0.021873703769993653,26,0.010853045794007999,25,0.004452431092410723,25,0.009436598643152463,25,0.011886183733860098,25,-0.009987520036133556,0.44,0.4230769230769231,0.43153846153846154,主測度 發文數｜市值加權・可交易性篩選後,abn_attention_weekend
2023-03-05,121,-0.010624825488474137,25,-0.015023187868307038,24,-0.003467609682888548,24,-0.015165562269031665,24,-0.014608089202966176,24,-0.003983263714492039,0.25,0.16,0.20500000000000002,主測度 發文數｜市值加權・可交易性篩選後,abn_attention_weekend
2023-03-12,131,0.013875837854832786,27,-0.0012344988091380976,26,-0.009427509951619896,26,-0.01727653325843385,26,-0.028538677334741337,26,-0.04241451518957412,0.3076923076923077,0.25925925925925924,0.2834757834757835,主測度 發文數｜市值加權・可交易性篩選後,abn_attention_weekend
2023-03-19,131,0.008933703215940711,27,0.017356053241619582,26,0.04853026584677677,26,0.035931436524933434,26,0.040492634889666576,26,0.031558931673725865,0.2692307692307692,0.2962962962962963,0.2827635327635327,主測度 發文數｜市值加權・可交易性篩選後,abn_attention_weekend
2023-03-26,130,-0.00017807661759790657,26,0.0057063068538254005,26,0.0021529548622188826,26,-0.0023853950392132145,26,-0.004938346985881921,26,-0.004760270368284014,0.38461538461538464,0.3076923076923077,0.34615384615384615,主測度 發文數｜市值加權・可交易性篩選後,abn_attention_weekend
2023-04-02,128,-0.00657642293907809,26,-0.0021664801692143107,25,0.016958415825876875,26,-0.0012875243799124487,25,0.0026379357641697016,26,0.009214358703247792,0.3076923076923077,0.3076923076923077,0.3076923076923077,主測度 發文數｜市值加權・可交易性篩選後,abn_attention_weekend
2023-04-09,110,0.01958913543788845,22,0.008976283266359568,22,0.03481023894479727,22,0.03883573209359574,22,-0.02235005154032091,22,-0.04193918697820936,0.3181818181818182,0.13636363636363635,0.22727272727272727,主測度 發文數｜市值加權・可交易性篩選後,abn_attention_weekend
2023-04-16,135,-0.0325640126848245,27,-0.012015619590875897,27,-0.018834662817733654,27,-0.03499028691536076,27,-0.015557625098388173,27,0.017006387586436328,0.48148148148148145,0.37037037037037035,0.42592592592592593,主測度 發文數｜市值加權・可交易性篩選後,abn_attention_weekend
2023-04-23,132,-0.008400162327801209,27,0.009457605103507792,26,0.0017669942910294896,26,0.007158221325778754,26,-0.0034454086518703997,27,0.004954753675930809,0.4074074074074074,0.3333333333333333,0.37037037037037035,主測度 發文數｜市值加權・可交易性篩選後,abn_attention_weekend
2023-04-30,128,0.0011079035815626471,26,0.004397737662408808,25,-0.005087285039154821,26,0.005542883628319662,25,-0.01322512086759378,26,-0.014333024449156427,0.38461538461538464,0.34615384615384615,0.3653846153846154,主測度 發文數｜市值加權・可交易性篩選後,abn_attention_weekend
2023-05-07,126,-0.022177834632872595,26,-0.011088587449575641,25,-0.04228101824069663,25,-0.0011608194627101397,25,-0.023857443119554074,25,-0.001679608486681479,0.28,0.23076923076923078,0.25538461538461543,主測度 發文數｜市值加權・可交易性篩選後,abn_attention_weekend
2023-05-14,128,0.061493207811891284,26,0.03290370794857099,25,0.02144348896209028,26,0.025360497692477658,25,0.02378717910902163,26,-0.037706028702869654,0.2692307692307692,0.23076923076923078,0.25,主測度 發文數｜市值加權・可交易性篩選後,abn_attention_weekend
2023-05-21,126,0.052325641476747196,26,-0.00627618618086976,25,-0.012669207331233053,25,-0.0038740293980904263,25,-0.00292518579665007,25,-0.055250827273397266,0.32,0.3076923076923077,0.3138461538461539,主測度 發文數｜市值加權・可交易性篩選後,abn_attention_weekend
2023-05-28,125,0.0015110473945854467,25,0.0035319023390824973,25,0.023888022589635304,25,0.012749003516625826,25,-0.012793208726254678,25,-0.014304256120840126,0.32,0.2,0.26,主測度 發文數｜市值加權・可交易性篩選後,abn_attention_weekend
2023-06-04,127,0.007078204653334138,26,0.010370741727590246,25,0.004900525719997741,25,0.005504821397237775,25,0.008105911870482816,26,0.0010277072171486785,0.23076923076923078,0.19230769230769232,0.21153846153846156,主測度 發文數｜市值加權・可交易性篩選後,abn_attention_weekend
2023-06-11,130,0.029981215847188464,26,0.006693969536891137,26,0.023662441172333293,26,0.00660931053429484,26,0.03711206335363993,26,0.007130847506451467,0.23076923076923078,0.23076923076923078,0.23076923076923078,主測度 發文數｜市值加權・可交易性篩選後,abn_attention_weekend
2023-06-18,130,0.0039328878618090915,26,-0.001467062687478009,26,-0.0029368506231159633,26,-0.00043385522508353154,26,-0.001843189057419714,26,-0.005776076919228806,0.5769230769230769,0.4230769230769231,0.5,主測度 發文數｜市值加權・可交易性篩選後,abn_attention_weekend
2023-06-25,119,-0.0127550881377029,24,-0.017562890363790357,24,-0.019337090494988187,23,-0.003366765252581056,24,-0.000515758384219248,24,0.012239329753483652,0.4583333333333333,0.4583333333333333,0.4583333333333333,主測度 發文數｜市值加權・可交易性篩選後,abn_attention_weekend
2023-07-02,124,-0.024749907855711337,25,-0.036750299640453385,25,-0.020978835375021876,24,-0.003981099381071898,25,-0.00513782059116408,25,0.019612087264547256,0.28,0.24,0.26,主測度 發文數｜市值加權・可交易性篩選後,abn_attention_weekend
2023-07-09,124,0.04030515022401902,25,0.01883018278772411,25,-0.0032033340575857946,24,0.012053177089709922,25,0.012205634804392771,25,-0.028099515419626245,0.16,0.2,0.18,主測度 發文數｜市值加權・可交易性篩選後,abn_attention_weekend
2023-07-16,127,-0.04159543095288553,26,-0.0028403109364502567,25,0.00433046863774279,25,-0.01901132307520386,25,-0.020791554238633634,26,0.020803876714251896,0.2692307692307692,0.2692307692307692,0.2692307692307692,主測度 發文數｜市值加權・可交易性篩選後,abn_attention_weekend
2023-07-23,128,0.01783283283361393,26,2.2551911438501788e-05,25,0.016941838981591482,26,0.014635091224240967,25,0.018231665020370855,26,0.00039883218675692417,0.3076923076923077,0.2692307692307692,0.28846153846153844,主測度 發文數｜市值加權・可交易性篩選後,abn_attention_weekend
2023-07-30,126,-0.031173156163142757,26,-0.008814692922830639,25,-0.022514958337960994,25,-0.02967326854154538,25,-0.0073696786372473636,25,0.023803477525895393,0.32,0.3076923076923077,0.3138461538461539,主測度 發文數｜市值加權・可交易性篩選後,abn_attention_weekend
2023-08-06,123,-0.010576607704493753,25,-0.01234586628607554,24,-0.057816338902896953,25,-0.011575682934796239,24,-0.019867676750372903,25,-0.00929106904587915,0.44,0.24,0.33999999999999997,主測度 發文數｜市值加權・可交易性篩選後,abn_attention_weekend
2023-08-13,129,-0.02209991447275404,26,-0.0049534046064753055,26,-0.008936628760387559,25,-0.013980091021017004,26,-0.031279630901301904,26,-0.009179716428547865,0.4230769230769231,0.2692307692307692,0.34615384615384615,主測度 發文數｜市值加權・可交易性篩選後,abn_attention_weekend
2023-08-20,135,-0.000603926552801325,27,-0.011275894333513873,27,-0.011464070351529684,27,0.006739678436182043,27,0.002720091328452247,27,0.003324017881253572,0.3333333333333333,0.2222222222222222,0.2777777777777778,主測度 發文數｜市值加權・可交易性篩選後,abn_attention_weekend
2023-08-27,125,0.0010253319726215083,25,0.022983216706717435,25,0.04500800138628354,25,0.01227446904351587,25,0.0024068381019403525,25,0.0013815061293188443,0.24,0.2,0.22,主測度 發文數｜市值加權・可交易性篩選後,abn_attention_weekend
2023-09-03,121,-0.015382404310978657,25,-0.0004896312522981581,24,-0.019196885704748312,24,0.013413273013736437,24,-0.011059146701342925,24,0.004323257609635731,0.2916666666666667,0.2,0.24583333333333335,主測度 發文數｜市值加權・可交易性篩選後,abn_attention_weekend
2023-09-10,123,0.03330266522827525,25,0.021695879460229623,24,0.02082723885045771,25,0.013987303459142853,24,0.015981327006924888,25,-0.01732133822135036,0.32,0.24,0.28,主測度 發文數｜市值加權・可交易性篩選後,abn_attention_weekend
2023-09-17,126,-0.019476542263660385,26,-0.008136979707034014,25,-0.01304981049244268,25,-0.016823584760342625,25,-0.044562647444292405,25,-0.02508610518063202,0.36,0.3076923076923077,0.33384615384615385,主測度 發文數｜市值加權・可交易性篩選後,abn_attention_weekend
2023-09-24,127,-0.01190356999347575,26,0.010173810612721214,25,0.004889986051996229,25,-0.009275595810329888,25,0.0015797374390413945,26,0.013483307432517145,0.2692307692307692,0.2692307692307692,0.2692307692307692,主測度 發文數｜市值加權・可交易性篩選後,abn_attention_weekend
2023-10-01,113,-0.006591683477657462,23,-0.001245851403768887,22,-0.007870346395382703,23,-0.0004709737047863358,22,0.0032325385129771496,23,0.009824221990634612,0.17391304347826086,0.17391304347826086,0.17391304347826086,主測度 發文數｜市值加權・可交易性篩選後,abn_attention_weekend
2023-10-08,122,0.012978844363875768,25,-0.006809171900076135,24,-0.006146198720272721,24,0.00161828636167919,24,-0.0008765677841100054,25,-0.013855412147985774,0.28,0.28,0.28,主測度 發文數｜市值加權・可交易性篩選後,abn_attention_weekend
2023-10-15,114,-0.010763056076469003,23,-0.030711939235201824,23,-0.03791318619280213,22,-0.041411643028275574,23,0.011169892562688324,23,0.021932948639157325,0.2608695652173913,0.21739130434782608,0.2391304347826087,主測度 發文數｜市值加權・可交易性篩選後,abn_attention_weekend
2023-10-22,126,-0.006132341945801784,26,0.005149519528274375,25,-0.021769768945350425,25,-0.010910407848114811,25,-0.0320973842614637,25,-0.025965042315661914,0.32,0.23076923076923078,0.2753846153846154,主測度 發文數｜市值加權・可交易性篩選後,abn_attention_weekend
2023-10-29,119,0.03274832980487279,24,0.02024569238806572,24,-0.007965371028353029,23,0.010463900288098831,24,0.001771122902055054,24,-0.030977206902817737,0.375,0.3333333333333333,0.35416666666666663,主測度 發文數｜市值加權・可交易性篩選後,abn_attention_weekend
2023-11-05,120,-0.009957273192113656,24,0.005432052679504886,24,0.01012521463807534,24,-0.02069994843860695,24,0.0019670167730581048,24,0.01192428996517176,0.16666666666666666,0.20833333333333334,0.1875,主測度 發文數｜市值加權・可交易性篩選後,abn_attention_weekend
2023-11-12,122,0.01810283032270201,25,0.03272634814871994,24,0.02573944868612847,24,0.018324505708531377,24,0.006384554934206145,25,-0.011718275388495866,0.24,0.32,0.28,主測度 發文數｜市值加權・可交易性篩選後,abn_attention_weekend
2023-11-19,128,0.0009421681781577803,26,0.012938126040447724,25,0.017056199250784203,26,0.008265480858439903,25,0.0017718728402795854,26,0.0008297046621218051,0.23076923076923078,0.23076923076923078,0.23076923076923078,主測度 發文數｜市值加權・可交易性篩選後,abn_attention_weekend
2023-11-26,129,0.008099220398127898,26,-0.0020251036374582332,26,0.017003767112482776,25,0.005585644706179298,26,0.00012544189872848498,26,-0.007973778499399413,0.3076923076923077,0.11538461538461539,0.21153846153846156,主測度 發文數｜市值加權・可交易性篩選後,abn_attention_weekend
2023-12-03,128,-0.016089651204881553,26,0.001259624952481919,25,-0.01071187170245282,26,0.0006533160694151823,25,-0.006332543185004529,26,0.009757108019877024,0.38461538461538464,0.19230769230769232,0.2884615384615385,主測度 發文數｜市值加權・可交易性篩選後,abn_attention_weekend
2023-12-10,132,0.02466069213577781,27,-0.004355100647037595,26,0.01238794826547974,26,0.00999620033702868,26,0.010707061629370806,27,-0.013953630506407005,0.5185185185185185,0.4444444444444444,0.48148148148148145,主測度 發文數｜市值加權・可交易性篩選後,abn_attention_weekend
2023-12-17,131,0.0049936842626751255,27,0.0021298058211741524,26,-0.010540802577335747,26,0.016906554597914934,26,-0.023622429315825956,26,-0.028616113578501082,0.07692307692307693,0.07407407407407407,0.0754985754985755,主測度 發文數｜市值加權・可交易性篩選後,abn_attention_weekend
2023-12-24,127,0.018112487623051312,26,0.013704758202056898,25,0.004653788053054229,25,0.014391735579695922,25,0.001127939490132621,26,-0.016984548132918692,0.3076923076923077,0.2692307692307692,0.28846153846153844,主測度 發文數｜市值加權・可交易性篩選後,abn_attention_weekend
2023-12-31,124,-0.016042234244574516,25,-0.013301878112864695,25,-0.015687528133542766,24,-0.009425059194173347,25,-0.018346664058535866,25,-0.00230442981396135,0.16,0.16,0.16,主測度 發文數｜市值加權・可交易性篩選後,abn_attention_weekend
2024-01-07,117,-0.026792836405133583,24,-0.018001498866232656,23,-0.031012480191597143,23,-0.009693269412131117,23,-0.0005658876022631183,24,0.026226948802870464,0.16666666666666666,0.16666666666666666,0.16666666666666666,主測度 發文數｜市值加權・可交易性篩選後,abn_attention_weekend
2024-01-14,129,-0.020491812350556304,26,0.04933983889204316,26,-0.03543698532777329,25,-0.0023553876459614675,26,-0.04514294140797021,26,-0.024651129057413908,0.3076923076923077,0.23076923076923078,0.2692307692307693,主測度 發文數｜市值加權・可交易性篩選後,abn_attention_weekend
2024-01-21,128,0.010935736858225171,26,0.01740625074741822,25,0.009555612985386258,26,0.0057274793827679,25,0.016566458355964136,26,0.005630721497738965,0.23076923076923078,0.19230769230769232,0.21153846153846156,主測度 發文數｜市值加權・可交易性篩選後,abn_attention_weekend
2024-01-28,123,0.0027693376518561916,25,0.013374609407075692,24,-0.009453627277769288,25,-1.6272716650560766e-05,24,-0.013330855010785465,25,-0.016100192662641656,0.32,0.16,0.24,主測度 發文數｜市值加權・可交易性篩選後,abn_attention_weekend
2024-02-04,126,0.0012140683454072133,26,1.282289538420027e-05,25,-0.0005827956533121217,25,-0.00010653851111600008,25,0.0006365254766804079,25,-0.0005775428687268053,0.24,0.5,0.37,主測度 發文數｜市值加權・可交易性篩選後,abn_attention_weekend
2024-02-11,88,-0.029158900014790122,18,-0.0019620814728066095,17,0.008952556966125074,18,0.016206051822586404,17,0.01023732353106321,18,0.03939622354585333,0.3333333333333333,0.2777777777777778,0.3055555555555556,主測度 發文數｜市值加權・可交易性篩選後,abn_attention_weekend
2024-02-18,124,0.029690546158829968,25,-0.012135003280274148,25,0.0009548723479783563,24,0.018202551103662916,25,0.0296335273634026,25,-5.701879542736876e-05,0.4,0.4,0.4,主測度 發文數｜市值加權・可交易性篩選後,abn_attention_weekend
2024-02-25,135,-0.0029799288121883398,27,0.028297657037973562,27,-0.004481751879538484,27,0.0110517195101307,27,-0.01315368775613302,27,-0.01017375894394468,0.2962962962962963,0.25925925925925924,0.2777777777777778,主測度 發文數｜市值加權・可交易性篩選後,abn_attention_weekend
2024-03-03,132,0.008772260319411158,27,-0.01370172210035275,26,-0.01241556075601304,26,0.0288775296588256,26,0.08076936841671478,27,0.07199710809730363,0.37037037037037035,0.2962962962962963,0.3333333333333333,主測度 發文數｜市值加權・可交易性篩選後,abn_attention_weekend
2024-03-10,135,0.06360124795067963,27,0.035225274366801534,27,0.011929256093681975,27,0.01859084789823785,27,-0.01459578863183331,27,-0.07819703658251294,0.37037037037037035,0.37037037037037035,0.37037037037037035,主測度 發文數｜市值加權・可交易性篩選後,abn_attention_weekend
2024-03-17,138,0.00027881925194025975,28,0.017352548509122483,27,0.019011932422608818,28,-0.020236986613967705,27,0.047642227287478196,28,0.047363408035537936,0.6428571428571429,0.35714285714285715,0.5,主測度 發文數｜市值加權・可交易性篩選後,abn_attention_weekend
2024-03-24,132,-0.00913934234633693,27,0.022579504329104726,26,-0.0024884414461671055,26,0.007463313998938094,26,-0.002347027775371056,27,0.006792314570965874,0.5555555555555556,0.5925925925925926,0.5740740740740741,主測度 發文數｜市值加權・可交易性篩選後,abn_attention_weekend
2024-03-31,132,-0.00040621735088182935,27,-0.012301228997746489,26,0.0074569614155558205,26,-0.004403694209476979,26,0.001294238685697583,27,0.0017004560365794124,0.4074074074074074,0.3333333333333333,0.37037037037037035,主測度 發文數｜市值加權・可交易性篩選後,abn_attention_weekend
2024-04-07,122,0.03224752358033406,25,0.021447665321180195,24,0.04876119026051226,24,0.018805690704265365,24,-0.030398956607548468,25,-0.06264648018788252,0.32,0.28,0.30000000000000004,主測度 發文數｜市值加權・可交易性篩選後,abn_attention_weekend
2024-04-14,131,-0.036188104333122244,27,-0.06128084351915255,26,-0.03399969975842532,26,-0.006569623948294778,26,-0.03281106372087979,26,0.003377040612242456,0.6923076923076923,0.48148148148148145,0.5868945868945868,主測度 發文數｜市值加權・可交易性篩選後,abn_attention_weekend
2024-04-21,136,0.037775230067893135,28,0.0009758629863396555,27,-0.007154375952502979,27,-0.0017335173440309864,27,0.05310287265085166,27,0.015327642582958524,0.6666666666666666,0.5714285714285714,0.6190476190476191,主測度 發文數｜市值加權・可交易性篩選後,abn_attention_weekend
2024-04-28,132,-0.011413704742468195,27,0.018054313730575672,26,-0.0042929008523657705,26,0.01093649223887554,26,0.0003654019851453881,27,0.011779106727613583,0.2962962962962963,0.2962962962962963,0.2962962962962963,主測度 發文數｜市值加權・可交易性篩選後,abn_attention_weekend
2024-05-05,136,0.01030792103788116,28,0.033297216374593465,27,-0.011400610756326689,27,0.0025835959054740765,27,-0.005371699049302858,27,-0.01567962008718402,0.25925925925925924,0.17857142857142858,0.2189153439153439,主測度 發文數｜市值加權・可交易性篩選後,abn_attention_weekend
2024-05-12,138,0.0060512004532092675,28,0.013925285134724444,27,0.010832697363507981,28,0.01673057292782912,27,0.00632001314969356,28,0.00026881269648429233,0.32142857142857145,0.21428571428571427,0.26785714285714285,主測度 發文數｜市值加權・可交易性篩選後,abn_attention_weekend
2024-05-19,139,0.03053501513966021,28,-0.03163833346304445,28,-0.022548434334003643,27,0.017325177578674026,28,-0.001758595291146976,28,-0.03229361043080718,0.35714285714285715,0.2857142857142857,0.3214285714285714,主測度 發文數｜市值加權・可交易性篩選後,abn_attention_weekend
2024-05-26,139,-0.008053679583277299,28,0.003127335938687998,28,-0.008207678793641772,27,0.010942570571585007,28,-0.051720911369327056,28,-0.043667231786049754,0.5,0.42857142857142855,0.4642857142857143,主測度 發文數｜市值加權・可交易性篩選後,abn_attention_weekend
2024-06-02,142,0.008029002829638065,29,0.005139817744939459,28,-0.023819861365918432,28,-0.016050033774788294,28,0.039798798117703045,29,0.03176979528806498,0.41379310344827586,0.3448275862068966,0.3793103448275862,主測度 發文數｜市值加權・可交易性篩選後,abn_attention_weekend
2024-06-09,137,0.026985868492944723,28,-0.024827784998241245,27,-0.0031191806570619214,27,-0.0022329500684786143,27,0.03898618173605957,28,0.012000313243114846,0.2857142857142857,0.25,0.26785714285714285,主測度 發文數｜市值加權・可交易性篩選後,abn_attention_weekend
2024-06-16,141,0.02439501407822101,29,0.006043899575446394,28,0.011018507702722263,28,0.025927761201703366,28,0.0633615976932723,28,0.0389665836150513,0.32142857142857145,0.3793103448275862,0.35036945812807885,主測度 發文數｜市值加權・可交易性篩選後,abn_attention_weekend
2024-06-23,143,-0.0071494717109610246,29,-0.02001160042525866,28,0.004111229305255677,29,-0.012166210600103224,28,0.00730559463313213,29,0.014455066344093156,0.3103448275862069,0.2413793103448276,0.27586206896551724,主測度 發文數｜市值加權・可交易性篩選後,abn_attention_weekend
2024-06-30,146,0.002631772878642632,30,0.021270471305847815,29,0.029684787213493265,29,0.015965236431390854,29,0.03330125160435286,29,0.03066947872571023,0.3448275862068966,0.3,0.3224137931034483,主測度 發文數｜市值加權・可交易性篩選後,abn_attention_weekend
2024-07-07,148,0.01659007477495035,30,0.0068905855779455025,29,-0.019588441570016164,30,-0.0028729484208696514,29,0.02921036369323368,30,0.012620288918283328,0.4,0.3,0.35,主測度 發文數｜市值加權・可交易性篩選後,abn_attention_weekend
2024-07-14,145,-0.03370684277903378,29,-0.010254798308877804,29,-0.04226037309410108,29,-0.03828087174657378,29,-0.061802849335020345,29,-0.028096006555986562,0.20689655172413793,0.1724137931034483,0.1896551724137931,主測度 發文數｜市值加權・可交易性篩選後,abn_attention_weekend
2024-07-21,145,-0.02819980210954505,29,-0.008796174187373842,29,-0.01130279481995908,29,-0.02575392322681671,29,-0.03950836836219829,29,-0.011308566252653238,0.2413793103448276,0.2413793103448276,0.2413793103448276,主測度 發文數｜市值加權・可交易性篩選後,abn_attention_weekend
2024-07-28,140,-0.01675792859258256,28,-0.05700007481135959,28,-0.011953571654168568,28,-0.0013416821028581563,28,-0.039531120534210665,28,-0.022773191941628104,0.32142857142857145,0.21428571428571427,0.26785714285714285,主測度 發文數｜市值加權・可交易性篩選後,abn_attention_weekend
2024-08-04,147,0.03233796338301912,30,0.013470293016975913,29,-0.004342552288780454,29,-0.007639042840961257,29,0.08100203762843199,30,0.048664074245412865,0.4,0.36666666666666664,0.3833333333333333,主測度 發文數｜市值加權・可交易性篩選後,abn_attention_weekend
2024-08-11,148,0.033002773994432154,30,0.0037890307910401276,29,0.02387722603502815,30,0.033152978381315125,29,0.02755406624792141,30,-0.005448707746510743,0.3333333333333333,0.26666666666666666,0.3,主測度 發文數｜市值加權・可交易性篩選後,abn_attention_weekend
2024-08-18,143,-0.01421129004541323,29,-0.004528486337406368,28,0.002432248666147309,29,-3.0930874366820514e-05,28,-0.019138648206153443,29,-0.0049273581607402125,0.3793103448275862,0.3793103448275862,0.3793103448275862,主測度 發文數｜市值加權・可交易性篩選後,abn_attention_weekend
2024-08-25,142,-0.010481397571030136,29,0.004523724013445766,28,0.015000354636379668,28,-0.0032250731454904675,28,-0.0017292488983415221,29,0.008752148672688614,0.20689655172413793,0.2413793103448276,0.22413793103448276,主測度 發文數｜市值加權・可交易性篩選後,abn_attention_weekend
2024-09-01,140,-0.03987320162320393,28,-0.047476724149277214,28,-0.04994768845824067,28,-0.03463560545344203,28,-0.027133135688684407,28,0.012740065934519523,0.17857142857142858,0.25,0.2142857142857143,主測度 發文數｜市值加權・可交易性篩選後,abn_attention_weekend
2024-09-08,142,0.0623291179112434,29,0.04896986940109948,28,0.019309340674465946,28,0.0500959637212103,28,0.026777038232020517,29,-0.03555207967922288,0.1724137931034483,0.2413793103448276,0.20689655172413796,主測度 發文數｜市值加權・可交易性篩選後,abn_attention_weekend
2024-09-15,142,0.017987046858553662,29,0.018031170000566477,28,0.020243672528941284,28,0.004959064295161857,28,0.01867137514629564,29,0.0006843282877419775,0.3448275862068966,0.20689655172413793,0.27586206896551724,主測度 發文數｜市值加權・可交易性篩選後,abn_attention_weekend
2024-09-22,139,0.03424504529272918,28,0.025539244776023796,28,0.02672457742135178,27,0.0034262825946814635,28,0.035072873175173803,28,0.0008278278824446206,0.2857142857142857,0.21428571428571427,0.25,主測度 發文數｜市值加權・可交易性篩選後,abn_attention_weekend
2024-09-29,143,-0.012781798885213748,29,-0.012048254080196502,28,-0.0010637722899842692,29,-0.02096883665673083,28,-0.004718640247648384,29,0.008063158637565364,0.27586206896551724,0.27586206896551724,0.27586206896551724,主測度 發文數｜市值加權・可交易性篩選後,abn_attention_weekend
2024-10-06,134,0.04296671348488486,27,-0.010322689112331111,27,-0.052138847182204094,26,-0.00175393454008898,27,-0.026322799809807493,27,-0.06928951329469235,0.25925925925925924,0.18518518518518517,0.2222222222222222,主測度 發文數｜市值加權・可交易性篩選後,abn_attention_weekend
2024-10-13,135,0.03658582300975801,27,0.015942424772826147,27,0.00032552150878405195,27,0.034145416605097005,27,0.007505691194898911,27,-0.0290801318148591,0.3333333333333333,0.2962962962962963,0.31481481481481477,主測度 發文數｜市值加權・可交易性篩選後,abn_attention_weekend
2024-10-20,139,-0.01860644319652274,28,-0.01864221765390672,28,0.004609079675008949,27,0.009930005902910197,28,-0.016885081022197716,28,0.0017213621743250238,0.25,0.21428571428571427,0.23214285714285715,主測度 發文數｜市值加權・可交易性篩選後,abn_attention_weekend
2024-10-27,139,-0.027933404936671104,28,-0.008497791648719425,28,-0.035461868628183485,27,0.010252168833596828,28,-0.045727942131737004,28,-0.0177945371950659,0.21428571428571427,0.17857142857142858,0.19642857142857142,主測度 發文數｜市值加權・可交易性篩選後,abn_attention_weekend
2024-11-03,139,0.008397850422221792,28,0.055549802835892045,28,0.02023015648328687,27,0.025651398695953308,28,0.028785780443797714,28,0.02038793002157592,0.17857142857142858,0.07142857142857142,0.125,主測度 發文數｜市值加權・可交易性篩選後,abn_attention_weekend
2024-11-10,137,-0.026376698877073397,28,-0.032630824359222904,27,-0.023861133760060906,27,-0.01881312168171163,27,-0.04099260727534596,28,-0.014615908398272565,0.2857142857142857,0.21428571428571427,0.25,主測度 發文數｜市值加權・可交易性篩選後,abn_attention_weekend
2024-11-17,143,0.00908913354974221,29,-0.018666534316153387,28,0.023676165445123215,29,-0.010492534269082086,28,0.0032641427722471293,29,-0.00582499077749508,0.3448275862068966,0.3103448275862069,0.3275862068965517,主測度 發文數｜市值加權・可交易性篩選後,abn_attention_weekend
2024-11-24,135,-0.046250067350298046,27,-0.024308591601807136,27,-0.044866955750407285,27,-0.01192509728342025,27,-0.045950825888323825,27,0.00029924146197422147,0.18518518518518517,0.18518518518518517,0.18518518518518517,主測度 發文數｜市值加權・可交易性篩選後,abn_attention_weekend
2024-12-01,141,0.03978499664160525,29,-0.018208081562857394,28,0.007212217938677484,28,0.023691813467339937,28,0.009038620127166023,28,-0.030746376514439226,0.25,0.2413793103448276,0.2456896551724138,主測度 發文數｜市值加權・可交易性篩選後,abn_attention_weekend
2024-12-08,142,-0.008155700576843537,29,-0.046402641102829004,28,0.013784438519962479,28,-0.013663469490155492,28,-0.04408009820545106,29,-0.035924397628607524,0.2413793103448276,0.27586206896551724,0.25862068965517243,主測度 發文數｜市值加權・可交易性篩選後,abn_attention_weekend
2024-12-15,145,-0.04404365801964645,29,-0.03151854980167913,29,-0.029996068300071666,29,-0.025510867058195306,29,-0.02695167297674146,29,0.01709198504290499,0.20689655172413793,0.20689655172413793,0.20689655172413793,主測度 發文數｜市值加權・可交易性篩選後,abn_attention_weekend
2024-12-22,147,0.02139953547767976,30,0.002290471083873649,29,-0.0015098691289700899,29,-0.0016399607704212734,29,0.0068607630091984265,30,-0.014538772468481335,0.26666666666666666,0.16666666666666666,0.21666666666666667,主測度 發文數｜市值加權・可交易性篩選後,abn_attention_weekend
2024-12-29,136,-0.024153018216318694,28,-0.01849636655982565,27,-0.020264861961480887,27,-0.0021431689124891927,27,-0.013554112805130178,27,0.010598905411188516,0.2962962962962963,0.32142857142857145,0.30886243386243384,主測度 發文數｜市值加權・可交易性篩選後,abn_attention_weekend
2020-01-12,60,0.009835639629033046,12,-0.0031961771061849165,12,0.007382010976372043,12,0.02440256403071713,12,-0.01570511674772711,12,-0.025540756376760156,1.0,1.0,1.0,主測度 發文數｜雙重排序・小型股,abn_attention_weekend
2020-01-19,61,-0.0010888540113537409,13,0.003925356751840516,12,-0.0014475320313915019,12,-0.0026992180140788433,12,0.00044242817851767685,12,0.0015312821898714178,0.4166666666666667,0.23076923076923078,0.32371794871794873,主測度 發文數｜雙重排序・小型股,abn_attention_weekend
2020-01-26,61,-0.013683408152478748,13,-0.011456781384547124,12,-0.017363665104660087,12,-0.022904254125582984,12,-0.01680778486494623,12,-0.0031243767124674807,0.25,0.3076923076923077,0.27884615384615385,主測度 發文數｜雙重排序・小型股,abn_attention_weekend
2020-02-02,61,0.009637446099936211,13,0.0077417499585879694,12,-0.007267418745734934,12,0.050011449252688106,12,0.02405258215085948,12,0.01441513605092327,0.16666666666666666,0.38461538461538464,0.27564102564102566,主測度 發文數｜雙重排序・小型股,abn_attention_weekend
2020-02-09,61,0.02054209977142999,13,0.014795221149006785,12,0.009949559287406512,12,0.025003540203284352,12,0.02421766324539512,12,0.0036755634739651308,0.25,0.23076923076923078,0.2403846153846154,主測度 發文數｜雙重排序・小型股,abn_attention_weekend
2020-02-16,62,0.019137067142550923,13,0.010524832254859728,12,0.02909934234708701,12,0.007248965127223043,12,0.011274467896572672,13,-0.007862599245978251,0.38461538461538464,0.3076923076923077,0.34615384615384615,主測度 發文數｜雙重排序・小型股,abn_attention_weekend
2020-02-23,62,-0.022534703676640993,13,-0.008511367498963723,12,-0.021853975177215452,12,-0.029670483039916856,12,-0.018080919845296882,13,0.004453783831344111,0.15384615384615385,0.07692307692307693,0.11538461538461539,主測度 發文數｜雙重排序・小型股,abn_attention_weekend
2020-03-01,61,0.03614018668194615,13,0.03602122142600155,12,0.031241422945566238,12,0.02918393760126181,12,0.021627396710027835,12,-0.014512789971918315,0.25,0.07692307692307693,0.16346153846153846,主測度 發文數｜雙重排序・小型股,abn_attention_weekend
2020-03-08,61,-0.16192862908266467,13,-0.14557521123836203,12,-0.12477520126420555,12,-0.15710057204248262,12,-0.13664976373678933,12,0.02527886534587534,0.3333333333333333,0.15384615384615385,0.24358974358974358,主測度 發文數｜雙重排序・小型股,abn_attention_weekend
2020-03-15,61,-0.13783437219065217,13,-0.09342701527552162,12,-0.07883804372940613,12,-0.091802764710137,12,-0.1016659042949953,12,0.03616846789565688,0.3333333333333333,0.3076923076923077,0.3205128205128205,主測度 發文數｜雙重排序・小型股,abn_attention_weekend
2020-03-22,60,0.12977382692868045,12,0.11284458619937598,12,0.07811610749201048,12,0.11813947108506428,12,0.10432106556999549,12,-0.02545276135868496,0.6666666666666666,0.25,0.4583333333333333,主測度 發文數｜雙重排序・小型股,abn_attention_weekend
2020-03-29,61,0.04642922184471428,13,0.05239400417810297,12,0.016688035126483158,12,0.046448713986340186,12,0.031203287664419627,12,-0.01522593418029465,0.5833333333333334,0.5384615384615384,0.5608974358974359,主測度 發文數｜雙重排序・小型股,abn_attention_weekend
2020-04-05,61,0.05214683433928497,13,0.07090826343274897,12,0.05366528917085551,12,0.06955491693349213,12,0.054764488372185116,12,0.002617654032900145,0.16666666666666666,0.15384615384615385,0.16025641025641024,主測度 發文數｜雙重排序・小型股,abn_attention_weekend
2020-04-12,61,0.03095772956169716,13,0.04091575455293309,12,0.04498013560720254,12,0.027137269629561606,12,0.03060178600898497,12,-0.00035594355271218944,0.16666666666666666,0.23076923076923078,0.19871794871794873,主測度 發文數｜雙重排序・小型股,abn_attention_weekend
2020-04-19,62,-0.013551287789325923,13,-0.002197611198210695,12,-0.00834853433501843,12,-0.007197502969186105,12,-0.0109499428541401,13,0.002601344935185823,0.23076923076923078,0.07692307692307693,0.15384615384615385,主測度 發文數｜雙重排序・小型股,abn_attention_weekend
2020-04-26,62,0.041615903441386555,13,0.07192764538998553,12,0.05062406725520252,12,0.04007364567943191,12,0.08023317631197714,13,0.03861727287059059,0.15384615384615385,0.15384615384615385,0.15384615384615385,主測度 發文數｜雙重排序・小型股,abn_attention_weekend
2020-05-03,59,0.04057537392178168,12,0.05620816385017826,12,0.01777117241515923,11,0.025247997865653238,12,0.02084047019639515,12,-0.019734903725386527,0.25,0.08333333333333333,0.16666666666666666,主測度 發文數｜雙重排序・小型股,abn_attention_weekend
2020-05-10,59,-0.031535762709908266,12,-0.038870307014572066,12,-0.03560159719021492,11,0.006467988428117698,12,0.0029650608398506715,12,0.03450082354975894,0.25,0.3333333333333333,0.29166666666666663,主測度 發文數｜雙重排序・小型股,abn_attention_weekend
2020-05-17,59,0.009722360131177407,12,0.01414334503620108,12,0.010524730548935778,11,-0.020696642745715078,12,-0.003013737216624605,12,-0.012736097347802011,0.3333333333333333,0.3333333333333333,0.3333333333333333,主測度 發文數｜雙重排序・小型股,abn_attention_weekend
2020-05-24,62,-0.013505720223392649,13,0.011837124916334383,12,0.007033533158693576,12,0.013392517591748967,12,0.01663720523552756,13,0.03014292545892021,0.46153846153846156,0.38461538461538464,0.42307692307692313,主測度 發文數｜雙重排序・小型股,abn_attention_weekend
2020-05-31,61,0.01413391244779311,13,0.03353453707588747,12,0.04041168266618911,12,0.041255857894856106,12,0.014702766939427755,12,0.000568854491634645,0.5,0.38461538461538464,0.4423076923076923,主測度 發文數｜雙重排序・小型股,abn_attention_weekend
2020-06-07,61,-0.030371828018007453,13,-0.032129687762050184,12,-0.03625519054847575,12,-0.043846248978559293,12,-0.026931984945203668,12,0.0034398430728037853,0.5,0.38461538461538464,0.4423076923076923,主測度 發文數｜雙重排序・小型股,abn_attention_weekend
2020-06-14,60,0.049620830741883254,12,0.012047210805723898,12,0.03257179078997099,12,0.016656020304504682,12,0.011458951898982208,12,-0.038161878842901044,0.25,0.25,0.25,主測度 發文數｜雙重排序・小型股,abn_attention_weekend
2020-06-21,61,-0.014843486866973957,13,-0.002797998550945572,12,-0.009465134834842811,12,-0.014134534391383596,12,0.006603042660601022,12,0.02144652952757498,0.25,0.23076923076923078,0.2403846153846154,主測度 發文數｜雙重排序・小型股,abn_attention_weekend
2020-06-28,62,0.02463027828814632,13,0.026636216056326194,12,0.024138551971139344,12,0.027947762322769226,12,0.01600689012394872,13,-0.008623388164197603,0.3076923076923077,0.3076923076923077,0.3076923076923077,主測度 發文數｜雙重排序・小型股,abn_attention_weekend
2020-07-05,62,0.0037022735395949836,13,-0.012865766183952743,12,0.022089254846024874,12,-0.006488859479458283,12,0.01208811061333722,13,0.008385837073742236,0.3076923076923077,0.3076923076923077,0.3076923076923077,主測度 發文數｜雙重排序・小型股,abn_attention_weekend
2020-07-12,62,0.02247117394096974,13,-0.008281636665745986,12,0.003000403443957217,12,-0.03453011897910039,12,0.0067043473291121215,13,-0.015766826611857618,0.15384615384615385,0.3076923076923077,0.23076923076923078,主測度 發文數｜雙重排序・小型股,abn_attention_weekend
2020-07-19,63,-0.002246846471244188,13,-0.0024381562676802915,12,-0.01408192595548709,13,-0.0011691218323477786,12,0.008994355694105517,13,0.011241202165349705,0.23076923076923078,0.38461538461538464,0.3076923076923077,主測度 發文數｜雙重排序・小型股,abn_attention_weekend
2020-07-26,63,-0.010022979073942135,13,-0.01584568855022338,12,-0.007548319033555206,13,0.0010858341743831268,12,0.006721217851363746,13,0.01674419692530588,0.23076923076923078,0.15384615384615385,0.19230769230769232,主測度 發文數｜雙重排序・小型股,abn_attention_weekend
2020-08-02,63,0.01019163142653137,13,0.017823376973787653,12,0.011228937485102453,13,0.02026614109739122,12,0.020934322118322392,13,0.010742690691791021,0.15384615384615385,0.15384615384615385,0.15384615384615385,主測度 發文數｜雙重排序・小型股,abn_attention_weekend
2020-08-09,64,0.020718285589470684,13,0.03312656749214405,13,0.008424239900874958,12,-0.0018532933453463236,13,0.013564175175218471,13,-0.007154110414252212,0.23076923076923078,0.23076923076923078,0.23076923076923078,主測度 發文數｜雙重排序・小型股,abn_attention_weekend
2020-08-16,64,-0.0206461048668713,13,0.01622363044433995,13,0.005566872317689116,12,-0.01741939535092067,13,0.004462200940303678,13,0.025108305807174977,0.07692307692307693,0.23076923076923078,0.15384615384615385,主測度 發文數｜雙重排序・小型股,abn_attention_weekend
2020-08-23,64,0.021203966817139038,13,0.024279298215103294,13,0.03448641645491283,12,0.027788323119333873,13,0.036812113799931774,13,0.015608146982792736,0.23076923076923078,0.15384615384615385,0.19230769230769232,主測度 發文數｜雙重排序・小型股,abn_attention_weekend
2020-08-30,64,0.011410076359068962,13,0.04171508611483222,13,0.01646057085315476,12,0.00881983692993272,13,-0.01717455724366099,13,-0.028584633602729954,0.23076923076923078,0.23076923076923078,0.23076923076923078,主測度 發文數｜雙重排序・小型股,abn_attention_weekend
2020-09-06,65,-0.026705695248571026,13,0.025764879709527174,13,-0.022686010830954204,13,0.00124805073885827,13,-0.004789060221766668,13,0.021916635026804358,0.15384615384615385,0.3076923076923077,0.23076923076923078,主測度 發文數｜雙重排序・小型股,abn_attention_weekend
2020-09-13,65,0.010413663968994177,13,0.0045914733163719195,13,0.014791922401261908,13,0.010002200160744473,13,0.009906665455910653,13,-0.0005069985130835234,0.23076923076923078,0.15384615384615385,0.19230769230769232,主測度 發文數｜雙重排序・小型股,abn_attention_weekend
2020-09-20,66,-0.07543434858765088,14,-0.07701486213995648,13,-0.07722383365913517,13,-0.0625554187549726,13,-0.0415186743195195,13,0.033915674268131385,0.23076923076923078,0.2857142857142857,0.2582417582417582,主測度 發文數｜雙重排序・小型股,abn_attention_weekend
2020-09-27,65,0.008136563685783825,13,0.0009789585306737058,13,0.009512691179068269,13,0.006484927120399626,13,0.021009162402362672,13,0.012872598716578847,0.15384615384615385,0.07692307692307693,0.11538461538461539,主測度 發文數｜雙重排序・小型股,abn_attention_weekend
2020-10-04,65,0.023529847191557186,13,0.021887711481684054,13,0.018530576894034232,13,0.0424155750027754,13,0.0205647101240138,13,-0.002965137067543387,0.07692307692307693,0.07692307692307693,0.07692307692307693,主測度 發文數｜雙重排序・小型股,abn_attention_weekend
2020-10-11,66,-0.011355042929773716,14,0.012918847740465537,13,-0.010347998141210159,13,0.013946775815515853,13,-0.01007324654189365,13,0.0012817963878800648,0.07692307692307693,0.14285714285714285,0.10989010989010989,主測度 發文數｜雙重排序・小型股,abn_attention_weekend
2020-10-18,67,0.006030865014696177,14,0.01665882245631723,13,0.009937835349341152,13,0.010987892101502639,13,0.005488505890663123,14,-0.0005423591240330539,0.2857142857142857,0.14285714285714285,0.21428571428571427,主測度 發文數｜雙重排序・小型股,abn_attention_weekend
2020-10-25,67,-0.028500980278182517,14,-0.010331501451485049,13,-0.01606199073728001,13,-0.03545927977170325,13,-0.013211782331325536,14,0.015289197946856981,0.35714285714285715,0.35714285714285715,0.35714285714285715,主測度 發文數｜雙重排序・小型股,abn_attention_weekend
2020-11-01,66,0.010256134121456166,14,0.019883553113525486,13,0.029961575670386147,13,0.016604824345810214,13,0.012202437985273634,13,0.0019463038638174671,0.15384615384615385,0.21428571428571427,0.18406593406593408,主測度 發文數｜雙重排序・小型股,abn_attention_weekend
2020-11-08,66,-0.01563421935911861,14,0.014292384426254313,13,-0.004051990932265919,13,0.0017582223604992047,13,0.01107704777565096,13,0.02671126713476957,0.07692307692307693,0.0,0.038461538461538464,主測度 發文數｜雙重排序・小型股,abn_attention_weekend
2020-11-15,67,0.016400640112450033,14,0.007203836441238522,13,-0.009509836968936524,13,0.013276010536833164,13,0.03155467899351344,14,0.015154038881063408,0.21428571428571427,0.14285714285714285,0.17857142857142855,主測度 發文數｜雙重排序・小型股,abn_attention_weekend
2020-11-22,66,0.021205119001667414,14,0.010882891528694141,13,0.009781268339573507,13,0.0318670654216866,13,0.018522635533352975,13,-0.0026824834683144387,0.23076923076923078,0.21428571428571427,0.22252747252747251,主測度 發文數｜雙重排序・小型股,abn_attention_weekend
2020-11-29,67,-0.001506779567327873,14,-0.010553634121882646,13,-0.010933559470328489,13,0.01882048293018064,13,-0.003464064570616567,14,-0.0019572850032886936,0.35714285714285715,0.2857142857142857,0.3214285714285714,主測度 發文數｜雙重排序・小型股,abn_attention_weekend
2020-12-06,67,-0.019153958256909027,14,-0.02286677909180975,13,-0.03610611273809928,13,0.00032569994183579294,13,-0.01979482083536652,14,-0.0006408625784574927,0.35714285714285715,0.2857142857142857,0.3214285714285714,主測度 發文數｜雙重排序・小型股,abn_attention_weekend
2020-12-13,67,0.0020516229870412095,14,0.009093486832267166,13,0.007086017879618472,13,0.01205113517406524,13,0.004862845027238756,14,0.002811222040197546,0.14285714285714285,0.14285714285714285,0.14285714285714285,主測度 發文數｜雙重排序・小型股,abn_attention_weekend
2020-12-20,67,0.029353058244681447,14,0.02646483245282645,13,0.014458032214769267,13,0.0076986523736691966,13,-0.0017014304030474245,14,-0.031054488647728872,0.21428571428571427,0.21428571428571427,0.21428571428571427,主測度 發文數｜雙重排序・小型股,abn_attention_weekend
2020-12-27,68,0.01877057914847241,14,0.0026240329741985366,13,0.023324688168082586,14,-0.000597500391365285,13,0.02285816358385138,14,0.004087584435378971,0.2857142857142857,0.2857142857142857,0.2857142857142857,主測度 發文數｜雙重排序・小型股,abn_attention_weekend
2021-01-03,70,-0.025541811035605617,14,-0.023321317007443863,14,-0.029946256377524245,14,-0.005131663094406135,14,-0.01798223850093598,14,0.0075595725346696355,0.21428571428571427,0.21428571428571427,0.21428571428571427,主測度 發文數｜雙重排序・小型股,abn_attention_weekend
2021-01-10,69,-0.04854256378500032,14,-0.029345370546253618,14,-0.047814105625168066,13,-0.020017917395176048,14,-0.01427574714382744,14,0.03426681664117288,0.2857142857142857,0.14285714285714285,0.21428571428571427,主測度 發文數｜雙重排序・小型股,abn_attention_weekend
2021-01-17,69,-0.02846250011832375,14,-0.02880159848005945,14,-0.02377528586079692,13,-0.02288179294777219,14,-0.03315487555411454,14,-0.004692375435790791,0.14285714285714285,0.14285714285714285,0.14285714285714285,主測度 發文數｜雙重排序・小型股,abn_attention_weekend
2021-01-24,70,-0.04365350002967871,14,-0.006121544875924304,14,-0.0313713321989681,14,-0.026188247482436873,14,-0.02069365644710056,14,0.02295984358257815,0.2857142857142857,0.14285714285714285,0.21428571428571427,主測度 發文數｜雙重排序・小型股,abn_attention_weekend
2021-01-31,70,0.02151934382812411,14,0.018851124155517446,14,0.01753291175828472,14,0.01989432134762339,14,0.004064473724423946,14,-0.017454870103700164,0.2857142857142857,0.35714285714285715,0.3214285714285714,主測度 發文數｜雙重排序・小型股,abn_attention_weekend
2021-02-21,70,0.013822960282302652,14,0.014164130489236553,14,0.008307024024064469,14,0.04306326520417238,14,0.015109951372190915,14,0.001286991089888263,0.35714285714285715,0.2857142857142857,0.3214285714285714,主測度 發文數｜雙重排序・小型股,abn_attention_weekend
2021-02-28,70,-0.03654641342820724,14,-0.001489353585591364,14,-0.016984565873715465,14,-0.019337472254906903,14,-0.015400313012586915,14,0.021146100415620324,0.21428571428571427,0.21428571428571427,0.21428571428571427,主測度 發文數｜雙重排序・小型股,abn_attention_weekend
2021-03-07,70,0.01754760019626512,14,0.016010442747994038,14,0.018687265548267742,14,-0.0031693885297969793,14,0.025837442340203194,14,0.008289842143938075,0.35714285714285715,0.2857142857142857,0.3214285714285714,主測度 發文數｜雙重排序・小型股,abn_attention_weekend
2021-03-14,70,0.011466097505858808,14,-0.003198768165520053,14,0.013471253446717577,14,0.008023072619257316,14,0.009736657380916622,14,-0.0017294401249421856,0.21428571428571427,0.21428571428571427,0.21428571428571427,主測度 發文數｜雙重排序・小型股,abn_attention_weekend
2021-03-21,70,0.005171788913664781,14,0.01036895582779743,14,0.021590687102862566,14,0.012471814016168346,14,0.005420010761836268,14,0.0002482218481714869,0.5714285714285714,0.35714285714285715,0.4642857142857143,主測度 發文數｜雙重排序・小型股,abn_attention_weekend
2021-03-28,70,0.011914682961926357,14,0.02130740329622414,14,0.0011905524481605914,14,0.009814531943498564,14,-0.001497573311792812,14,-0.01341225627371917,0.5,0.5,0.5,主測度 發文數｜雙重排序・小型股,abn_attention_weekend
2021-04-04,71,0.04360989697831728,15,0.027981569892205998,14,0.012557176141600108,14,0.03292232401022628,14,0.0204206144038509,14,-0.023189282574466376,0.2857142857142857,0.3333333333333333,0.30952380952380953,主測度 發文數｜雙重排序・小型股,abn_attention_weekend
2021-04-11,71,0.03373397353823505,15,0.02864867044345611,14,0.02346828338490097,14,0.023091728829712912,14,0.050693314411745995,14,0.016959340873510947,0.42857142857142855,0.13333333333333333,0.28095238095238095,主測度 發文數｜雙重排序・小型股,abn_attention_weekend
2021-04-18,73,0.030992711039285782,15,0.024829317022431605,14,0.015649546963736074,15,0.014768884766525174,14,0.008319604523526232,15,-0.02267310651575955,0.4666666666666667,0.2,0.33333333333333337,主測度 發文數｜雙重排序・小型股,abn_attention_weekend
2021-04-25,74,0.02921524721593271,15,0.02023959574786546,15,0.030280088243850145,14,-0.012031152806473051,15,0.018466503715630887,15,-0.010748743500301822,0.26666666666666666,0.26666666666666666,0.26666666666666666,主測度 發文數｜雙重排序・小型股,abn_attention_weekend
2021-05-02,75,-0.06205149160704616,15,-0.031186596299163448,15,-0.043735063873061295,15,-0.051489435090906636,15,-0.0203096357762814,15,0.04174185583076476,0.26666666666666666,0.26666666666666666,0.26666666666666666,主測度 發文數｜雙重排序・小型股,abn_attention_weekend
2021-05-09,75,-0.12245907462739586,15,-0.10051311847975088,15,-0.11543352879332504,15,-0.12181149708125409,15,-0.08704424223703035,15,0.03541483239036551,0.13333333333333333,0.2,0.16666666666666669,主測度 發文數｜雙重排序・小型股,abn_attention_weekend
2021-05-16,75,0.10328500924323211,15,0.1112476820534028,15,0.09198054435648657,15,0.11259957246253728,15,0.06562868913699996,15,-0.037656320106232155,0.4,0.13333333333333333,0.26666666666666666,主測度 發文數｜雙重排序・小型股,abn_attention_weekend
2021-05-23,76,0.027521127739743148,16,0.03418517603733685,15,0.04981126519256651,15,0.09173099592434047,15,0.033349006644464094,15,0.005827878904720946,0.4666666666666667,0.375,0.42083333333333334,主測度 發文數｜雙重排序・小型股,abn_attention_weekend
2021-05-30,77,0.024489523099929376,16,0.016297129630711015,15,0.013293614616443582,15,0.017880946920563988,15,0.02800388276627118,16,0.003514359666341803,0.375,0.3125,0.34375,主測度 發文數｜雙重排序・小型股,abn_attention_weekend
2021-06-06,78,-0.0220975176127566,16,-0.013789204756616047,15,-0.009070424331952973,16,-0.01752403005450692,15,-0.017844432841637108,16,0.004253084771119492,0.25,0.125,0.1875,主測度 發文數｜雙重排序・小型股,abn_attention_weekend
2021-06-13,77,0.017667485937381447,16,-0.0013715227067258176,15,-0.01322467695898278,15,0.011659582094248134,15,-0.004186526223553283,16,-0.02185401216093473,0.25,0.25,0.25,主測度 發文數｜雙重排序・小型股,abn_attention_weekend
2021-06-20,76,0.029310824890178666,16,0.022473058472735914,15,0.03680168415331622,15,0.0488605075824123,15,0.06675263870616316,15,0.03744181381598449,0.26666666666666666,0.3125,0.2895833333333333,主測度 發文數｜雙重排序・小型股,abn_attention_weekend
2021-06-27,78,0.02313447282058151,16,0.032585846631492235,15,0.022358598504525408,16,0.025310366352821925,15,0.014032073687423381,16,-0.009102399133158127,0.3125,0.1875,0.25,主測度 發文數｜雙重排序・小型股,abn_attention_weekend
2021-07-04,80,-0.020642865138722266,16,0.007256148452244621,16,-0.012098522859544387,16,0.010429351637552764,16,-0.0030839998755253367,16,0.01755886526319693,0.3125,0.25,0.28125,主測度 發文數｜雙重排序・小型股,abn_attention_weekend
2021-07-11,81,-0.017997550365777007,17,-0.01615724368472564,16,-0.031224462582765504,16,0.004863464965807335,16,-0.004364583969553193,16,0.013632966396223814,0.3125,0.23529411764705882,0.27389705882352944,主測度 發文數｜雙重排序・小型股,abn_attention_weekend
2021-07-18,81,-0.007310234567520439,17,0.0016326387368438902,16,-0.010542758460684434,16,-0.01181809588456409,16,-0.010799408527438083,16,-0.0034891739599176436,0.375,0.23529411764705882,0.30514705882352944,主測度 發文數｜雙重排序・小型股,abn_attention_weekend
2021-07-25,82,-0.035576604519709176,17,-0.04181078416177075,16,-0.012043903828379318,16,-0.01595378988699106,16,-0.015557180028961382,17,0.020019424490747794,0.23529411764705882,0.29411764705882354,0.2647058823529412,主測度 發文數｜雙重排序・小型股,abn_attention_weekend
2021-08-01,82,-0.00344103442354625,17,0.00868139700383961,16,0.024029382892379332,16,0.019219689707229662,16,-0.0005212166704282921,17,0.002919817753117958,0.29411764705882354,0.29411764705882354,0.29411764705882354,主測度 發文數｜雙重排序・小型股,abn_attention_weekend
2021-08-08,81,-0.03219990429626294,17,-0.04296693911385216,16,-0.05427626106228161,16,-0.04210151286951027,16,-0.027874701739729495,16,0.0043252025565334445,0.1875,0.17647058823529413,0.18198529411764708,主測度 發文數｜雙重排序・小型股,abn_attention_weekend
2021-08-15,81,-0.021774939680233443,17,-0.04104110008881269,16,-0.03864511538415931,16,-0.04226682537458488,16,-0.03626630456943455,16,-0.014491364889201105,0.125,0.23529411764705882,0.1801470588235294,主測度 發文數｜雙重排序・小型股,abn_attention_weekend
2021-08-22,81,0.06405829529209521,17,0.038441630461459986,16,0.037829337322504666,16,0.03690717458366075,16,0.03911499772323408,16,-0.024943297568861128,0.25,0.11764705882352941,0.18382352941176472,主測度 發文數｜雙重排序・小型股,abn_attention_weekend
2021-08-29,81,-0.005935388247889606,17,0.009266246029540258,16,-0.002425656176149163,16,0.009655027309827237,16,0.0020344190233673037,16,0.00796980727125691,0.1875,0.23529411764705882,0.2113970588235294,主測度 發文數｜雙重排序・小型股,abn_attention_weekend
2021-09-05,80,-0.02400391101657169,16,-0.012177253501174094,16,-0.005240547755027053,16,-0.023069470615457624,16,-0.022783481401455113,16,0.0012204296151165778,0.1875,0.3125,0.25,主測度 發文數｜雙重排序・小型股,abn_attention_weekend
2021-09-12,80,-0.009409492599526503,16,0.016550969125843237,16,-0.000875483157160066,16,-0.008962106820946752,16,-0.004911129173898229,16,0.004498363425628274,0.1875,0.25,0.21875,主測度 發文數｜雙重排序・小型股,abn_attention_weekend
2021-09-19,79,0.028214631295459106,16,0.006139310833073029,16,0.019366904361218604,15,0.016202088650896944,16,0.014981702383869332,16,-0.013232928911589774,0.125,0.125,0.125,主測度 發文數｜雙重排序・小型股,abn_attention_weekend
2021-09-26,79,-0.04348757759730853,16,-0.020826842040667377,16,-0.007746994373167163,15,-0.02493639186792934,16,-0.00940906214332038,16,0.03407851545398815,0.125,0.125,0.125,主測度 發文數｜雙重排序・小型股,abn_attention_weekend
2021-10-03,81,-0.009895715507279634,17,-0.016596949614491527,16,-0.01519335850601592,16,-0.0060770882428667974,16,0.003380814975097929,16,0.013276530482377563,0.375,0.29411764705882354,0.3345588235294118,主測度 發文數｜雙重排序・小型股,abn_attention_weekend
2021-10-10,82,0.0049399275181076195,17,0.006628199045145826,16,-0.002446848668551778,16,-0.0006290343249761784,16,-0.01972914613867327,17,-0.02466907365678089,0.23529411764705882,0.17647058823529413,0.20588235294117646,主測度 發文數｜雙重排序・小型股,abn_attention_weekend
2021-10-17,83,0.003701638306763654,17,0.019137262599929476,16,-0.01564481824326806,17,0.004716924058877643,16,0.01225316706887131,17,0.008551528762107656,0.23529411764705882,0.17647058823529413,0.20588235294117646,主測度 發文數｜雙重排序・小型股,abn_attention_weekend
2021-10-24,82,0.010322279288923833,17,0.006202952646490963,16,0.010524902611862057,16,0.03384081512370146,16,0.006903655658952235,17,-0.0034186236299715983,0.11764705882352941,0.17647058823529413,0.14705882352941177,主測度 發文數｜雙重排序・小型股,abn_attention_weekend
2021-10-31,83,0.00435751602539255,17,0.005201078611814389,16,0.01294213048878047,17,-0.002893443320114701,16,-0.0011136029063540877,17,-0.005471118931746637,0.11764705882352941,0.17647058823529413,0.14705882352941177,主測度 發文數｜雙重排序・小型股,abn_attention_weekend
2021-11-07,83,-0.005877321888932615,17,0.014349549733471516,16,0.021508840977025885,17,-0.0035759155237641838,16,0.011804892844386976,17,0.01768221473331959,0.29411764705882354,0.23529411764705882,0.2647058823529412,主測度 發文數｜雙重排序・小型股,abn_attention_weekend
2021-11-14,83,-0.003980237196080016,17,-0.01876841435414793,16,-0.020748960812268128,17,0.016144934771765304,16,-0.014014578429182674,17,-0.010034341233102657,0.29411764705882354,0.29411764705882354,0.29411764705882354,主測度 發文數｜雙重排序・小型股,abn_attention_weekend
2021-11-21,83,-0.01027089868771972,17,-0.013266566475686956,16,0.004816489884110281,17,-0.024889752815639432,16,-0.008919217273947093,17,0.0013516814137726277,0.17647058823529413,0.17647058823529413,0.17647058823529413,主測度 發文數｜雙重排序・小型股,abn_attention_weekend
2021-11-28,83,0.022629903718190604,17,0.005334444310846988,16,0.014977054732661806,17,0.05156628958301621,16,0.010818475111351393,17,-0.011811428606839211,0.11764705882352941,0.058823529411764705,0.08823529411764705,主測度 發文數｜雙重排序・小型股,abn_attention_weekend
2021-12-05,83,0.0013566643595290348,17,0.000790843283582067,16,0.001508325840027959,17,0.017715566705474396,16,0.0032350866340383234,17,0.0018784222745092886,0.17647058823529413,0.23529411764705882,0.20588235294117646,主測度 發文數｜雙重排序・小型股,abn_attention_weekend
2021-12-12,85,-0.0076196368324049505,17,-0.00871559654599881,17,0.0005097065260589598,17,-0.01492074832161426,17,0.0021665182733215087,17,0.00978615510572646,0.23529411764705882,0.17647058823529413,0.20588235294117646,主測度 發文數｜雙重排序・小型股,abn_attention_weekend
2021-12-19,85,0.004794787615223724,17,-0.0007608423303933534,17,0.008301480726620044,17,0.0268907672241828,17,-0.0037105558517373616,17,-0.008505343466961086,0.11764705882352941,0.11764705882352941,0.11764705882352941,主測度 發文數｜雙重排序・小型股,abn_attention_weekend
2021-12-26,85,0.0159951024989253,17,0.010483970044143273,17,0.004936958833795713,17,0.02610765432374144,17,0.01427751757908197,17,-0.0017175849198433311,0.058823529411764705,0.058823529411764705,0.058823529411764705,主測度 發文數｜雙重排序・小型股,abn_attention_weekend
2022-01-02,86,-0.017223430095209977,18,-0.019887627909925605,17,-0.02086949956671636,17,-0.0334498185289206,17,-0.022963039113126523,17,-0.005739609017916546,0.17647058823529413,0.16666666666666666,0.1715686274509804,主測度 發文數｜雙重排序・小型股,abn_attention_weekend
2022-01-09,86,-0.012059207721722594,18,0.00019414984944943856,17,-0.01866269177565245,17,-0.026548985757347016,17,0.000655181172741757,17,0.01271438889446435,0.23529411764705882,0.16666666666666666,0.20098039215686275,主測度 發文數｜雙重排序・小型股,abn_attention_weekend
2022-01-16,86,-0.006034621415578324,18,-0.024597387529553406,17,-0.020360311144331743,17,-0.012956389925344432,17,-0.022155952868329033,17,-0.016121331452750708,0.29411764705882354,0.2222222222222222,0.25816993464052285,主測度 發文數｜雙重排序・小型股,abn_attention_weekend
2022-01-23,85,-0.01994694007715211,17,-0.020251097040337118,17,-0.016561835594664138,17,-0.03167309217512804,17,-0.011525701441710175,17,0.008421238635441936,0.11764705882352941,0.0,0.058823529411764705,主測度 發文數｜雙重排序・小型股,abn_attention_weekend
2022-02-13,84,0.021665006878909397,17,0.02228105191322533,17,-0.002114387301419593,16,0.016103598258353856,17,0.019722619828875604,17,-0.0019423870500337934,0.23529411764705882,0.17647058823529413,0.20588235294117646,主測度 發文數｜雙重排序・小型股,abn_attention_weekend
2022-02-20,84,-0.012674924566341653,17,-0.008525543152810289,17,-0.01573582112067952,16,-0.023176376260381368,17,-0.004224619637868556,17,0.008450304928473096,0.11764705882352941,0.11764705882352941,0.11764705882352941,主測度 發文數｜雙重排序・小型股,abn_attention_weekend
2022-02-27,85,0.008132137427694794,17,0.02070933898757348,17,0.00721565945787586,17,0.029575621089440868,17,0.01913327240376424,17,0.011001134976069447,0.11764705882352941,0.11764705882352941,0.11764705882352941,主測度 發文數｜雙重排序・小型股,abn_attention_weekend
2022-03-06,85,-0.02041177933490575,17,-0.02423754839096847,17,-0.017888849806900094,17,-0.013075168915409848,17,-0.02945123619562972,17,-0.009039456860723969,0.0,0.058823529411764705,0.029411764705882353,主測度 發文數｜雙重排序・小型股,abn_attention_weekend
2022-03-13,85,0.014897100632648467,17,0.016343221748986444,17,0.006694578225726957,17,-0.002226609540093428,17,0.008427087303454003,17,-0.0064700133291944635,0.058823529411764705,0.17647058823529413,0.11764705882352941,主測度 發文數｜雙重排序・小型股,abn_attention_weekend
2022-03-20,85,0.003797474387976801,17,0.02571288495651327,17,0.011202438780956699,17,-0.005349980031670146,17,0.009850876472835531,17,0.00605340208485873,0.0,0.0,0.0,主測度 發文數｜雙重排序・小型股,abn_attention_weekend
2022-03-27,86,0.004351518915620547,18,0.009740172885522327,17,-0.01456471164799797,17,-0.0043961241035094375,17,-0.002307611431603727,17,-0.006659130347224274,0.47058823529411764,0.3333333333333333,0.4019607843137255,主測度 發文數｜雙重排序・小型股,abn_attention_weekend
2022-04-03,86,-0.00963565148520609,18,0.0066748799971518905,17,0.0027024835864979326,17,-0.014815314619560394,17,-0.012442143070975823,17,-0.0028064915857697343,0.5294117647058824,0.5,0.5147058823529411,主測度 發文數｜雙重排序・小型股,abn_attention_weekend
2022-04-10,86,0.025117671509829805,18,-0.010264495251953368,17,0.011851706258476006,17,-0.021665075724698203,17,-0.007820541685310009,17,-0.032938213195139815,0.11764705882352941,0.1111111111111111,0.11437908496732026,主測度 發文數｜雙重排序・小型股,abn_attention_weekend
2022-04-17,86,0.0029141517909788447,18,0.02313523550685847,17,0.010509196143890375,17,0.017298518489445087,17,-0.005313362688407619,17,-0.008227514479386465,0.17647058823529413,0.16666666666666666,0.1715686274509804,主測度 發文數｜雙重排序・小型股,abn_attention_weekend
2022-04-24,85,-0.024834699426205472,17,-0.047597626603780606,17,-0.05610158505070803,17,-0.029213584885584284,17,-0.03327625441728258,17,-0.00844155499107711,0.11764705882352941,0.058823529411764705,0.08823529411764705,主測度 發文數｜雙重排序・小型股,abn_attention_weekend
2022-05-01,85,-0.008185594452505362,17,-0.001135935355511904,17,-0.020529238344292523,17,0.008911923026419254,17,-0.0027195041450819757,17,0.005466090307423387,0.11764705882352941,0.11764705882352941,0.11764705882352941,主測度 發文數｜雙重排序・小型股,abn_attention_weekend
2022-05-08,84,-0.050844580396718506,17,-0.06198725180821313,17,-0.047618388281478484,16,-0.013891542908778712,17,-0.03569566829938643,17,0.015148912097332073,0.17647058823529413,0.11764705882352941,0.14705882352941177,主測度 發文數｜雙重排序・小型股,abn_attention_weekend
2022-05-15,84,0.018210915253388804,17,0.01635143528326795,17,0.016969817800671375,16,0.012120761697412673,17,0.006290651905694816,17,-0.011920263347693989,0.11764705882352941,0.23529411764705882,0.1764705882352941,主測度 發文數｜雙重排序・小型股,abn_attention_weekend
2022-05-22,84,0.001918470848033146,17,0.008703599340495458,17,0.007324823878460521,16,0.004934752782116714,17,0.0024010374686778985,17,0.00048256662064475263,0.11764705882352941,0.058823529411764705,0.08823529411764705,主測度 發文數｜雙重排序・小型股,abn_attention_weekend
2022-05-29,84,-0.006364941916262801,17,0.0027021101241426104,17,0.00020077757268383706,16,0.022248450968787078,17,0.007209022275012809,17,0.01357396419127561,0.11764705882352941,0.35294117647058826,0.23529411764705882,主測度 發文數｜雙重排序・小型股,abn_attention_weekend
2022-06-05,85,-0.009960465185430256,17,0.0006507911828656869,17,0.0020857207857304513,17,-0.013100624666073705,17,0.017135529192175824,17,0.02709599437760608,0.058823529411764705,0.058823529411764705,0.058823529411764705,主測度 發文數｜雙重排序・小型股,abn_attention_weekend
2022-06-12,84,-0.03624128824057041,17,-0.029752513513956306,17,-0.03599615730954475,16,-0.02998286643155938,17,-0.03687685615058387,17,-0.000635567910013464,0.058823529411764705,0.17647058823529413,0.11764705882352941,主測度 發文數｜雙重排序・小型股,abn_attention_weekend
2022-06-19,84,0.001402878838209534,17,-0.021016415520907637,17,-0.015025459796557734,16,-0.012004907490743748,17,-0.00666410428196935,17,-0.008066983120178884,0.11764705882352941,0.11764705882352941,0.11764705882352941,主測度 發文數｜雙重排序・小型股,abn_attention_weekend
2022-06-26,82,-0.04952832092291798,17,-0.05474373363283413,16,-0.053052761581953975,16,-0.07481907937800472,16,-0.06727108478422468,17,-0.0177427638613067,0.23529411764705882,0.17647058823529413,0.20588235294117646,主測度 發文數｜雙重排序・小型股,abn_attention_weekend
2022-07-03,82,0.04082162520922954,17,0.019576836574482316,16,0.01124957296751472,16,0.01978074469197153,16,0.019183418593148788,17,-0.02163820661608075,0.11764705882352941,0.058823529411764705,0.08823529411764705,主測度 發文數｜雙重排序・小型股,abn_attention_weekend
2022-07-10,81,-0.024871061916055207,17,0.005752946846215169,16,-0.021888706511954695,16,-0.008290279651092927,16,-0.011172115679210205,16,0.013698946236845002,0.125,0.17647058823529413,0.15073529411764708,主測度 發文數｜雙重排序・小型股,abn_attention_weekend
2022-07-17,82,0.023407844012821064,17,0.008746319378710447,16,0.041530105958258276,16,0.03255261138180321,16,0.04363937486657349,17,0.020231530853752424,0.11764705882352941,0.058823529411764705,0.08823529411764705,主測度 發文數｜雙重排序・小型股,abn_attention_weekend
2022-07-24,81,0.018454399287865342,17,0.0029143175692762924,16,-0.0007725678371046166,16,0.007094778170080994,16,0.01431633373892903,16,-0.004138065548936313,0.0625,0.058823529411764705,0.06066176470588235,主測度 發文數｜雙重排序・小型股,abn_attention_weekend
2022-07-31,81,-0.009409966784965548,17,-0.014610504862450364,16,-0.02197163028637468,16,0.002870988964139662,16,-0.009539876406922096,16,-0.000129909621956548,0.125,0.17647058823529413,0.15073529411764708,主測度 發文數｜雙重排序・小型股,abn_attention_weekend
2022-08-07,78,0.001609575546246994,16,0.027564312334277828,15,0.02635108335979104,16,0.029049440236802854,15,0.007909053661530503,16,0.006299478115283509,0.125,0.125,0.125,主測度 發文數｜雙重排序・小型股,abn_attention_weekend
2022-08-14,78,0.005312916887330821,16,0.018182762340054382,15,0.04516470585817241,16,0.024846498077074803,15,0.0027091427183996084,16,-0.0026037741689312124,0.0625,0.1875,0.125,主測度 發文數｜雙重排序・小型股,abn_attention_weekend
2022-08-21,78,0.021482028970103324,16,0.024960053043093625,15,0.025335417273262967,16,0.004674647456218647,15,0.007642919197947434,16,-0.01383910977215589,0.1875,0.1875,0.1875,主測度 發文數｜雙重排序・小型股,abn_attention_weekend
2022-08-28,78,-0.011432822024767551,16,0.010663622535216199,15,-0.0007953632638106542,16,0.006855381096330496,15,-0.012470378232554334,16,-0.0010375562077867828,0.1875,0.25,0.21875,主測度 發文數｜雙重排序・小型股,abn_attention_weekend
2022-09-04,78,-0.00936269684337799,16,-0.021714552421949404,15,-0.016113216578038388,16,-0.021476369902064172,15,-0.021375015116155194,16,-0.012012318272777205,0.375,0.375,0.375,主測度 發文數｜雙重排序・小型股,abn_attention_weekend
2022-09-11,78,-0.0015940070668392162,16,-0.0066916948098327675,15,-0.008537649641266853,16,-0.008958727287125582,15,-0.004252409853370734,16,-0.0026584027865315177,0.3125,0.3125,0.3125,主測度 發文數｜雙重排序・小型股,abn_attention_weekend
2022-09-18,78,-0.027065850181761185,16,-0.024914293455976157,15,-0.037137553776787145,16,-0.03274525777672311,15,-0.0033131444746473393,16,0.023752705707113846,0.0625,0.0625,0.0625,主測度 發文數｜雙重排序・小型股,abn_attention_weekend
2022-09-25,77,-0.04386008534480383,16,-0.04910705614172841,15,-0.036086429857196525,15,-0.050364215665993826,15,-0.01431362236881125,16,0.02954646297599258,0.0625,0.1875,0.125,主測度 發文數｜雙重排序・小型股,abn_attention_weekend
2022-10-02,77,0.020590636004736977,16,0.0227408090342695,15,0.021266515700835605,15,0.03268639218044782,15,0.008052734425665141,16,-0.012537901579071836,0.125,0.0625,0.09375,主測度 發文數｜雙重排序・小型股,abn_attention_weekend
2022-10-09,75,-0.027513557849653186,15,-0.023096384281871114,15,-0.03802214711094841,15,-0.02767210526353113,15,-0.023471949873899,15,0.004041607975754185,0.13333333333333333,0.13333333333333333,0.13333333333333333,主測度 發文數｜雙重排序・小型股,abn_attention_weekend
2022-10-16,74,-0.01271113830410131,15,-0.016987107606567447,15,-0.007258779148889037,14,0.004188364053418196,15,-0.024093053163278432,15,-0.011381914859177122,0.3333333333333333,0.2,0.26666666666666666,主測度 發文數｜雙重排序・小型股,abn_attention_weekend
2022-10-23,73,-0.0021196316139324416,15,-0.015175645671070255,14,-0.0047035554316860574,15,-0.00617702403020847,14,-0.015398361026029584,15,-0.013278729412097142,0.13333333333333333,0.26666666666666666,0.2,主測度 發文數｜雙重排序・小型股,abn_attention_weekend
2022-10-30,74,0.018306190696507962,15,0.02782695439083714,15,0.02626479852478736,14,0.05078250036723141,15,0.0022103583331258836,15,-0.01609583236338208,0.06666666666666667,0.2,0.13333333333333333,主測度 發文數｜雙重排序・小型股,abn_attention_weekend
2022-11-06,74,0.026082629785865057,15,0.0008911774690210391,15,0.01223528916212038,14,0.016172094910028207,15,0.014827172107994424,15,-0.011255457677870633,0.06666666666666667,0.06666666666666667,0.06666666666666667,主測度 發文數｜雙重排序・小型股,abn_attention_weekend
2022-11-13,73,0.009372451203445114,15,0.006807850474148106,14,0.0013547135179067693,15,0.04217560569604414,14,0.030758830209198916,15,0.021386379005753804,0.2,0.13333333333333333,0.16666666666666669,主測度 發文數｜雙重排序・小型股,abn_attention_weekend
2022-11-20,72,0.042178933182662005,15,0.014791058347693857,14,0.010364934779386095,14,-0.0005717101011523515,14,-0.0006588220028422927,15,-0.0428377551855043,0.2,0.2,0.2,主測度 發文數｜雙重排序・小型股,abn_attention_weekend
2022-11-27,71,0.04098821345939875,15,0.06655437351339887,14,0.0610303282258285,14,0.04583696746214817,14,0.025517018343759572,14,-0.015471195115639179,0.07142857142857142,0.06666666666666667,0.06904761904761905,主測度 發文數｜雙重排序・小型股,abn_attention_weekend
2022-12-04,70,0.0024675749312103035,14,-0.0013869530827361753,14,-0.030183315829912922,14,-0.007313894773551266,14,-0.016422594651598916,14,-0.01889016958280922,0.14285714285714285,0.14285714285714285,0.14285714285714285,主測度 發文數｜雙重排序・小型股,abn_attention_weekend
2022-12-11,71,0.0017014838965000445,15,-0.0145416250420584,14,0.012450354811389881,14,-0.004780637253458437,14,-0.008355178039023128,14,-0.010056661935523173,0.21428571428571427,0.3333333333333333,0.2738095238095238,主測度 發文數｜雙重排序・小型股,abn_attention_weekend
2022-12-18,71,-0.01705194129376887,15,-0.004063839339172973,14,0.0016483446449966355,14,-0.008811955322170844,14,-0.01245352261011128,14,0.0045984186836575906,0.14285714285714285,0.26666666666666666,0.20476190476190476,主測度 發文數｜雙重排序・小型股,abn_attention_weekend
2022-12-25,71,-0.011145809638106274,15,0.0009311188640594992,14,-0.014318136929345622,14,-0.003011947510212149,14,-0.009569093689755772,14,0.0015767159483505017,0.21428571428571427,0.13333333333333333,0.1738095238095238,主測度 發文數｜雙重排序・小型股,abn_attention_weekend
2023-01-01,72,-0.011876883363142276,15,0.01263569982324471,14,-0.0015878271719554676,14,0.013163513037854473,14,0.005499427686686542,15,0.01737631104982882,0.26666666666666666,0.3333333333333333,0.3,主測度 發文數｜雙重排序・小型股,abn_attention_weekend
2023-01-08,71,-0.02161115529663953,15,-0.004793707243353096,14,0.003641436087288968,14,-0.022293592299227054,14,-0.003973619900561863,14,0.017637535396077667,0.14285714285714285,0.13333333333333333,0.1380952380952381,主測度 發文數｜雙重排序・小型股,abn_attention_weekend
2023-01-15,70,0.005383008937847956,14,0.003650140051714839,14,-0.0012208996312063544,14,0.00204146895778393,14,0.0020326926448068295,14,-0.003350316293041127,0.21428571428571427,0.21428571428571427,0.21428571428571427,主測度 發文數｜雙重排序・小型股,abn_attention_weekend
2023-02-05,69,-0.0036182993055339945,14,0.003562746083175916,14,-0.005130442359955531,13,-0.008224660152528651,14,0.009858373809573186,14,0.01347667311510718,0.21428571428571427,0.2857142857142857,0.25,主測度 發文數｜雙重排序・小型股,abn_attention_weekend
2023-02-12,69,0.019219236151247314,14,0.03261971258407221,14,0.012058903031991907,13,0.03160308969266928,14,0.009654368145825503,14,-0.009564868005421811,0.14285714285714285,0.07142857142857142,0.10714285714285714,主測度 發文數｜雙重排序・小型股,abn_attention_weekend
2023-02-19,69,0.023060824145863294,14,0.024691714933803573,14,0.007488136577509822,13,0.017867875087131963,14,0.031766318417861976,14,0.008705494271998682,0.2857142857142857,0.2857142857142857,0.2857142857142857,主測度 發文數｜雙重排序・小型股,abn_attention_weekend
2023-02-26,70,0.018224607238708453,14,0.01114824895154153,14,0.004877841389334273,14,0.015485738999464205,14,0.01518415416614366,14,-0.003040453072564793,0.2857142857142857,0.42857142857142855,0.3571428571428571,主測度 發文數｜雙重排序・小型股,abn_attention_weekend
2023-03-05,70,-0.020328933601470627,14,-0.012211089020982628,14,0.0007452492835084582,14,0.0041080553955131615,14,-0.010523070149529181,14,0.009805863451941446,0.07142857142857142,0.07142857142857142,0.07142857142857142,主測度 發文數｜雙重排序・小型股,abn_attention_weekend
2023-03-12,70,-0.007004907733717092,14,-0.017091118934358336,14,-0.02226386204047543,14,-0.012995645111367289,14,-0.007015720952864925,14,-1.0813219147832835e-05,0.14285714285714285,0.21428571428571427,0.17857142857142855,主測度 發文數｜雙重排序・小型股,abn_attention_weekend
2023-03-19,72,0.035344410258335866,15,0.004356112193351628,14,0.02212897883187556,14,0.0166497513594351,14,0.025584264879370162,15,-0.009760145378965704,0.3333333333333333,0.3333333333333333,0.3333333333333333,主測度 發文數｜雙重排序・小型股,abn_attention_weekend
2023-03-26,72,-0.009974300605807566,15,-0.008747470501248402,14,0.0065749377862161906,14,-0.007066414570120075,14,-0.00016208918722830182,15,0.009812211418579265,0.2,0.2,0.2,主測度 發文數｜雙重排序・小型股,abn_attention_weekend
2023-04-02,72,0.005492033419092879,15,0.018585855179913197,14,0.008878637764892212,14,0.00515240388638213,14,0.008594393916440768,15,0.0031023604973478888,0.26666666666666666,0.26666666666666666,0.26666666666666666,主測度 發文數｜雙重排序・小型股,abn_attention_weekend
2023-04-09,72,0.013916893308995334,15,0.019499046908061504,14,0.037109539157045165,14,0.023814789410866417,14,0.016154335284716985,15,0.0022374419757216508,0.06666666666666667,0.13333333333333333,0.1,主測度 發文數｜雙重排序・小型股,abn_attention_weekend
2023-04-16,72,-0.022861644442926213,15,-0.04188518698845222,14,-0.02559807174165681,14,-0.04503709449761207,14,-0.02154420653924636,15,0.0013174379036798543,0.2,0.13333333333333333,0.16666666666666669,主測度 發文數｜雙重排序・小型股,abn_attention_weekend
2023-04-23,72,0.018730322757115406,15,0.0029807633647243276,14,0.03801424002302186,14,0.00412770431840754,14,0.01330348921586088,15,-0.005426833541254526,0.2,0.13333333333333333,0.16666666666666669,主測度 發文數｜雙重排序・小型股,abn_attention_weekend
2023-04-30,70,0.009648160090931193,14,-0.0063939580692583065,14,0.001449289395559883,14,-0.001238098817028069,14,0.014728405394133273,14,0.00508024530320208,0.21428571428571427,0.14285714285714285,0.17857142857142855,主測度 發文數｜雙重排序・小型股,abn_attention_weekend
2023-05-07,71,-0.026173173950694538,15,-0.031150158380995368,14,-0.047357676966279884,14,-0.013614752163059804,14,-0.024525678240901523,14,0.0016474957097930149,0.21428571428571427,0.3333333333333333,0.2738095238095238,主測度 發文數｜雙重排序・小型股,abn_attention_weekend
2023-05-14,69,0.021070659626039028,14,0.01387140519076823,14,0.022957724190216713,13,0.06888305621331886,14,0.014137712177376194,14,-0.006932947448662834,0.21428571428571427,0.14285714285714285,0.17857142857142855,主測度 發文數｜雙重排序・小型股,abn_attention_weekend
2023-05-21,68,0.007371500332515736,14,0.006648855081934255,13,-0.010200605647684022,14,0.01659831924824075,13,0.02489766814520598,14,0.017526167812690244,0.21428571428571427,0.21428571428571427,0.21428571428571427,主測度 發文數｜雙重排序・小型股,abn_attention_weekend
2023-05-28,69,-0.0012667175695875324,14,0.03710176354514712,14,0.010610551548471526,13,0.038031966598035316,14,-0.0026266939084876556,14,-0.0013599763389001232,0.21428571428571427,0.21428571428571427,0.21428571428571427,主測度 發文數｜雙重排序・小型股,abn_attention_weekend
2023-06-04,69,0.02664067551096647,14,0.01563481518887943,14,0.010150358560358508,13,0.016428153235041137,14,-0.0031434797653934754,14,-0.029784155276359945,0.14285714285714285,0.14285714285714285,0.14285714285714285,主測度 發文數｜雙重排序・小型股,abn_attention_weekend
2023-06-11,70,-0.006999769892912067,14,0.016420032781604872,14,-0.0009776442414098521,14,0.012313247975798525,14,-0.001385330478120442,14,0.005614439414791624,0.14285714285714285,0.07142857142857142,0.10714285714285714,主測度 發文數｜雙重排序・小型股,abn_attention_weekend
2023-06-18,70,0.0208769530430816,14,-0.005140971412775657,14,-0.002999940447590388,14,0.038600270251633706,14,-0.00023266559878129138,14,-0.021109618641862893,0.21428571428571427,0.2857142857142857,0.25,主測度 發文數｜雙重排序・小型股,abn_attention_weekend
2023-06-25,69,0.0025090754033568674,14,0.010413536460197477,14,0.007418598944760713,13,-0.03504959675189901,14,-0.005058875479198833,14,-0.007567950882555701,0.07142857142857142,0.21428571428571427,0.14285714285714285,主測度 發文數｜雙重排序・小型股,abn_attention_weekend
2023-07-02,68,-0.009869829330722177,14,-0.02857068172946114,13,-0.023854737309128755,14,-0.009512167393981582,13,-0.02243430515222155,14,-0.012564475821499372,0.07142857142857142,0.07142857142857142,0.07142857142857142,主測度 發文數｜雙重排序・小型股,abn_attention_weekend
2023-07-09,68,-0.012187633323091054,14,-0.02939205446203423,13,-0.01027442276430721,14,-0.006838619737556694,13,-0.004708404448556834,14,0.0074792288745342194,0.0,0.14285714285714285,0.07142857142857142,主測度 發文數｜雙重排序・小型股,abn_attention_weekend
2023-07-16,68,0.002661414131174798,14,0.007242073685561572,13,0.005703634020174605,14,-0.02443361282254774,13,-0.008321346013083273,14,-0.01098276014425807,0.07142857142857142,0.07142857142857142,0.07142857142857142,主測度 發文數｜雙重排序・小型股,abn_attention_weekend
2023-07-23,69,0.03773492359454045,14,-0.011178942417194526,14,0.007716162293755184,13,0.013126176075795304,14,0.030052261780380223,14,-0.007682661814160226,0.07142857142857142,0.07142857142857142,0.07142857142857142,主測度 發文數｜雙重排序・小型股,abn_attention_weekend
2023-07-30,67,-0.007671192800162826,14,-0.01099786038824242,13,-0.021762023807588148,13,-0.029067546111596447,13,0.004386312865718778,14,0.012057505665881603,0.07142857142857142,0.21428571428571427,0.14285714285714285,主測度 發文數｜雙重排序・小型股,abn_attention_weekend
2023-08-06,68,-0.05399414078097663,14,-0.028606759663307595,13,-0.04171492185646975,14,-0.028320107263737307,13,-0.024485541579251195,14,0.02950859920172543,0.21428571428571427,0.14285714285714285,0.17857142857142855,主測度 發文數｜雙重排序・小型股,abn_attention_weekend
2023-08-13,69,-0.024243636102897155,14,-0.007062867139035486,14,-0.019918041650486138,13,-0.013840855907763698,14,-0.02560295219007113,14,-0.0013593160871739757,0.14285714285714285,0.14285714285714285,0.14285714285714285,主測度 發文數｜雙重排序・小型股,abn_attention_weekend
2023-08-20,72,-0.016724383362886848,15,-0.017901307589220625,14,-0.005278801371736126,14,0.008740759337262816,14,0.0005041071795020743,15,0.01722849054238892,0.13333333333333333,0.06666666666666667,0.1,主測度 發文數｜雙重排序・小型股,abn_attention_weekend
2023-08-27,71,0.00850718929967309,15,0.022960375770408856,14,0.023604699318287577,14,-0.005299883837154652,14,0.0071991118901585304,14,-0.0013080774095145598,0.07142857142857142,0.13333333333333333,0.10238095238095238,主測度 發文數｜雙重排序・小型股,abn_attention_weekend
2023-09-03,71,0.01135550807634583,15,-0.0027085678036247334,14,-0.0034420583549667643,14,-0.007419764221804982,14,-0.011865361042358904,14,-0.02322086911870473,0.14285714285714285,0.2,0.17142857142857143,主測度 發文數｜雙重排序・小型股,abn_attention_weekend
2023-09-10,71,0.011112612104007099,15,0.01778307137405902,14,-0.0038421680337787606,14,0.008537319684385163,14,-0.0033407789197503123,14,-0.014453391023757412,0.07142857142857142,0.13333333333333333,0.10238095238095238,主測度 發文數｜雙重排序・小型股,abn_attention_weekend
2023-09-17,72,-0.008162513453773553,15,-0.00695166367485344,14,-0.017998848105033043,14,-0.017789114346665993,14,-0.01616800435600496,15,-0.008005490902231408,0.13333333333333333,0.06666666666666667,0.1,主測度 發文數｜雙重排序・小型股,abn_attention_weekend
2023-09-24,72,-0.001509773731161131,15,0.00017561362379057779,14,0.01054549990823144,14,-0.001905813106733743,14,-0.002648826503136455,15,-0.0011390527719753241,0.06666666666666667,0.13333333333333333,0.1,主測度 發文數｜雙重排序・小型股,abn_attention_weekend
2023-10-01,70,0.004006760742179356,14,-0.007513094550543276,14,-0.0056489729858366965,14,0.00321126368418369,14,0.008450655022692861,14,0.004443894280513505,0.07142857142857142,0.07142857142857142,0.07142857142857142,主測度 發文數｜雙重排序・小型股,abn_attention_weekend
2023-10-08,70,-0.00812384912490592,14,-0.011338152501970329,14,-0.008521656945299065,14,-0.01388241726982377,14,-0.0022083479768276577,14,0.0059155011480782616,0.07142857142857142,0.14285714285714285,0.10714285714285714,主測度 發文數｜雙重排序・小型股,abn_attention_weekend
2023-10-15,71,-0.025344212105235558,15,-0.03471611513583612,14,-0.039709907146366165,14,-0.04222393819241955,14,-0.026793501681637116,14,-0.0014492895764015579,0.14285714285714285,0.13333333333333333,0.1380952380952381,主測度 發文數｜雙重排序・小型股,abn_attention_weekend
2023-10-22,72,-0.00021463453724183493,15,0.011560174898777626,14,0.03278153305888388,14,0.013926653544593064,14,0.00012263810744677823,15,0.00033727264468861316,0.2,0.0,0.1,主測度 發文數｜雙重排序・小型股,abn_attention_weekend
2023-10-29,71,0.011014927634162223,15,-0.0017366307754378657,14,-0.004601009990859701,14,0.018034799424369714,14,0.007983793835090276,14,-0.0030311337990719476,0.14285714285714285,0.2,0.17142857142857143,主測度 發文數｜雙重排序・小型股,abn_attention_weekend
2023-11-05,70,-0.022801118024681124,14,-0.002185467807787278,14,0.003415757130876099,14,0.0037276029586358734,14,0.0197997078532323,14,0.042600825877913424,0.0,0.14285714285714285,0.07142857142857142,主測度 發文數｜雙重排序・小型股,abn_attention_weekend
2023-11-12,70,0.02214320757599379,14,0.03524841458713855,14,0.029874750941380906,14,0.03078312768738555,14,0.017033664267194912,14,-0.0051095433087988765,0.21428571428571427,0.07142857142857142,0.14285714285714285,主測度 發文數｜雙重排序・小型股,abn_attention_weekend
2023-11-19,70,0.007550501650793121,14,0.020089429077710892,14,0.008891970399331317,14,0.0006926093312966199,14,0.0036497582069990953,14,-0.0039007434437940258,0.14285714285714285,0.14285714285714285,0.14285714285714285,主測度 發文數｜雙重排序・小型股,abn_attention_weekend
2023-11-26,70,-0.0007627569078006515,14,0.022669614627302936,14,0.01315891197145641,14,0.00388353785302799,14,0.01245002755344042,14,0.013212784461241071,0.2857142857142857,0.07142857142857142,0.17857142857142855,主測度 發文數｜雙重排序・小型股,abn_attention_weekend
2023-12-03,70,0.004502322747714608,14,0.0378785192488999,14,-0.0009293038242461479,14,-0.004301633028180619,14,0.006409770362602422,14,0.0019074476148878139,0.2857142857142857,0.2857142857142857,0.2857142857142857,主測度 發文數｜雙重排序・小型股,abn_attention_weekend
2023-12-10,71,-0.010338414977299756,15,-0.013152340907301814,14,0.01195484161900753,14,-0.0016720305151784703,14,0.009259637051477984,14,0.019598052028777742,0.21428571428571427,0.26666666666666666,0.24047619047619045,主測度 發文數｜雙重排序・小型股,abn_attention_weekend
2023-12-17,71,-0.002265302182808145,15,-0.031115772539574125,14,-0.01272639079526261,14,-0.01364904733846969,14,-0.017817359717317287,14,-0.015552057534509141,0.14285714285714285,0.06666666666666667,0.10476190476190475,主測度 發文數｜雙重排序・小型股,abn_attention_weekend
2023-12-24,69,-0.0028172491886309264,14,-0.0037251289848934032,14,-0.003001226402756898,13,0.011223469399359507,14,0.01727771094238036,14,0.020094960131011287,0.21428571428571427,0.21428571428571427,0.21428571428571427,主測度 發文數｜雙重排序・小型股,abn_attention_weekend
2023-12-31,70,0.0031951127789360983,14,-0.006657863396134873,14,-0.004716662555662007,14,-0.019943121659728575,14,0.00010763813483955735,14,-0.003087474644096541,0.0,0.0,0.0,主測度 發文數｜雙重排序・小型股,abn_attention_weekend
2024-01-07,69,-0.02153366652510131,14,-0.043443395201896697,14,-0.03452596541864042,13,-0.018855368149073088,14,-0.015603365640958267,14,0.005930300884143043,0.21428571428571427,0.07142857142857142,0.14285714285714285,主測度 發文數｜雙重排序・小型股,abn_attention_weekend
2024-01-14,70,-0.0077846065112762075,14,-0.0219610917971754,14,-0.026027385668064784,14,-0.02793533468657839,14,0.004423733798902525,14,0.012208340310178731,0.21428571428571427,0.2857142857142857,0.25,主測度 發文數｜雙重排序・小型股,abn_attention_weekend
2024-01-21,70,0.00023206621040018836,14,0.014748917845740728,14,0.008634334712176728,14,-0.004712959415236616,14,0.0036605395998060087,14,0.00342847338940582,0.07142857142857142,0.07142857142857142,0.07142857142857142,主測度 發文數｜雙重排序・小型股,abn_attention_weekend
2024-01-28,73,-0.00865272335803949,15,-0.0009855772484232892,14,-0.006170444983191984,15,-0.004133158213279349,14,0.008854472645896939,15,0.01750719600393643,0.2,0.3333333333333333,0.26666666666666666,主測度 發文數｜雙重排序・小型股,abn_attention_weekend
2024-02-04,73,0.001438154792870816,15,0.00030320115819155405,14,-0.0029604189185934364,15,-0.007381231113287423,14,-0.002939334353827509,15,-0.004377489146698325,0.06666666666666667,0.13333333333333333,0.1,主測度 發文數｜雙重排序・小型股,abn_attention_weekend
2024-02-11,73,0.010653660841388043,15,0.0313708860781366,14,0.021805617649861917,15,0.02284757171970552,14,0.02323232693421818,15,0.012578666092830136,0.06666666666666667,0.06666666666666667,0.06666666666666667,主測度 發文數｜雙重排序・小型股,abn_attention_weekend
2024-02-18,73,-0.006353621293515014,15,-0.00290736506344185,14,0.0003903452229786941,15,-0.003505168257632688,14,0.011995699816546683,15,0.018349321110061698,0.06666666666666667,0.2,0.13333333333333333,主測度 發文數｜雙重排序・小型股,abn_attention_weekend
2024-02-25,73,0.014463588933739875,15,0.019757106600554186,14,-0.006959081187661879,15,0.009776704729898675,14,0.0012020459521304631,15,-0.013261542981609411,0.06666666666666667,0.0,0.03333333333333333,主測度 發文數｜雙重排序・小型股,abn_attention_weekend
2024-03-03,72,-0.02879654351222378,15,-0.03500074308094275,14,-0.0017376455715003808,14,-0.018095548973498337,14,-0.0019243952610180416,15,0.02687214825120574,0.13333333333333333,0.2,0.16666666666666669,主測度 發文數｜雙重排序・小型股,abn_attention_weekend
2024-03-10,72,0.0234715556456819,15,0.033309928623240836,14,0.0036793820165124036,14,-0.004452839772807915,14,0.008247152547837804,15,-0.015224403097844095,0.2,0.2,0.2,主測度 發文數｜雙重排序・小型股,abn_attention_weekend
2024-03-17,72,0.008749570222230071,15,0.019559130138766225,14,0.04965790492101678,14,0.017482053019544537,14,0.014558259206124295,15,0.005808688983894224,0.4,0.26666666666666666,0.33333333333333337,主測度 發文數｜雙重排序・小型股,abn_attention_weekend
2024-03-24,71,-0.005466252663635148,15,0.023679899026067652,14,0.01198091340621789,14,0.0002593930741862808,14,-0.0009491007893828411,14,0.004517151874252307,0.2857142857142857,0.4,0.34285714285714286,主測度 發文數｜雙重排序・小型股,abn_attention_weekend
2024-03-31,70,0.0073266558383584856,14,-0.00961243328134134,14,0.005028832704815729,14,0.01520445779590142,14,-0.0006659323013122014,14,-0.007992588139670687,0.21428571428571427,0.21428571428571427,0.21428571428571427,主測度 發文數｜雙重排序・小型股,abn_attention_weekend
2024-04-07,71,-0.002272139930116901,15,0.05535832752174976,14,0.00896646972274534,14,0.04193379247264111,14,0.021715692660904642,14,0.02398783259102154,0.14285714285714285,0.2,0.17142857142857143,主測度 發文數｜雙重排序・小型股,abn_attention_weekend
2024-04-14,71,-0.004678379524311405,15,-0.022623105781339865,14,-0.03219859449214008,14,-0.024517934502310632,14,0.011996854703011666,14,0.01667523422732307,0.21428571428571427,0.2,0.20714285714285713,主測度 發文數｜雙重排序・小型股,abn_attention_weekend
2024-04-21,71,-0.016902088115483334,15,0.01351070392128997,14,0.015772492191037404,14,0.017697037974482095,14,0.01689278800130877,14,0.033794876116792105,0.2857142857142857,0.3333333333333333,0.30952380952380953,主測度 發文數｜雙重排序・小型股,abn_attention_weekend
2024-04-28,72,0.0029265099155554677,15,0.025557675092082233,14,0.0057841235652467205,14,-0.00808483697045942,14,0.02636891271411031,15,0.02344240279855484,0.2,0.2,0.2,主測度 發文數｜雙重排序・小型股,abn_attention_weekend
2024-05-05,74,0.026863617912290423,15,-0.012753017639002058,15,-0.005706773217441404,14,0.009955268253907513,15,-0.0018164238288839395,15,-0.02868004174117436,0.13333333333333333,0.26666666666666666,0.2,主測度 發文數｜雙重排序・小型股,abn_attention_weekend
2024-05-12,74,0.009855784974285313,15,0.013702589354750232,15,0.01861467590251941,14,0.04093124135282409,15,0.027436159152955504,15,0.017580374178670193,0.06666666666666667,0.13333333333333333,0.1,主測度 發文數｜雙重排序・小型股,abn_attention_weekend
2024-05-19,74,-0.01171438683459746,15,-0.028452353131416735,15,-0.015826539841643474,14,-0.019350257432247372,15,-0.020341505456799358,15,-0.008627118622201897,0.2,0.3333333333333333,0.26666666666666666,主測度 發文數｜雙重排序・小型股,abn_attention_weekend
2024-05-26,74,0.007303597516665028,15,0.032892627232005,15,0.0006887902581921449,14,0.016413592798059755,15,0.008225369607035045,15,0.0009217720903700174,0.13333333333333333,0.2,0.16666666666666669,主測度 發文數｜雙重排序・小型股,abn_attention_weekend
2024-06-02,74,0.014519214441776255,15,-0.005260924351104775,15,-0.0013709360505528606,14,0.005084556144141102,15,0.014781620161352855,15,0.00026240571957659997,0.26666666666666666,0.06666666666666667,0.16666666666666666,主測度 發文數｜雙重排序・小型股,abn_attention_weekend
2024-06-09,75,-0.01652080066521157,15,-0.014099128645233432,15,-0.01532671491965205,15,-0.025626180771006358,15,0.011394712301699935,15,0.027915512966911506,0.26666666666666666,0.26666666666666666,0.26666666666666666,主測度 發文數｜雙重排序・小型股,abn_attention_weekend
2024-06-16,76,0.04746418938006861,16,-0.0015293502549246737,15,0.022731556682322237,15,0.0017214555190470178,15,0.016999040958911672,15,-0.03046514842115694,0.26666666666666666,0.375,0.3208333333333333,主測度 發文數｜雙重排序・小型股,abn_attention_weekend
2024-06-23,76,-0.01328955649687076,16,-0.023266438831138568,15,0.010279656887937201,15,0.0033937790728082303,15,-0.0008438978609199621,15,0.012445658635950799,0.06666666666666667,0.125,0.09583333333333333,主測度 發文數｜雙重排序・小型股,abn_attention_weekend
2024-06-30,77,0.023345871266665354,16,0.02394160250552287,15,0.07184235409481077,15,0.025022276450153164,15,0.023313530934353358,16,-3.234033231199612e-05,0.25,0.0625,0.15625,主測度 發文數｜雙重排序・小型股,abn_attention_weekend
2024-07-07,77,0.016721739927957842,16,-0.0032178342669958227,15,-0.02064851385867845,15,-0.03886272730246772,15,-0.00716618591405558,16,-0.02388792584201342,0.3125,0.375,0.34375,主測度 發文數｜雙重排序・小型股,abn_attention_weekend
2024-07-14,76,-0.007889118472395963,16,-0.03327763847056876,15,-0.02794574925746948,15,-0.03274452852050151,15,-0.016276516682454237,15,-0.008387398210058274,0.2,0.1875,0.19375,主測度 發文數｜雙重排序・小型股,abn_attention_weekend
2024-07-21,77,-0.010432268030740134,16,-0.011847081705220383,15,-0.0074513088768868386,15,-0.04059323485512571,15,-0.019956439611712708,16,-0.009524171580972574,0.125,0.125,0.125,主測度 發文數｜雙重排序・小型股,abn_attention_weekend
2024-07-28,77,-0.0309226799889658,16,-0.004313532803103315,15,-0.01985654897932275,15,-0.005519672520505662,15,-0.013946017304305502,16,0.016976662684660297,0.0625,0.125,0.09375,主測度 發文數｜雙重排序・小型股,abn_attention_weekend
2024-08-04,77,-0.011979062435751336,16,-0.04577260560604875,15,-0.013528152550382791,15,-0.01217177937844279,15,-0.007382567996954539,16,0.004596494438796797,0.1875,0.25,0.21875,主測度 發文數｜雙重排序・小型股,abn_attention_weekend
2024-08-11,78,0.017320089937985256,16,0.008405193123990084,15,0.03233660368940506,16,0.03426726556393855,15,0.017192026359094392,16,-0.0001280635788908635,0.125,0.125,0.125,主測度 發文數｜雙重排序・小型股,abn_attention_weekend
2024-08-18,77,0.01492169785094534,16,0.0033527340231234086,15,0.00187677383384471,15,0.010340687035823389,15,0.011112165422173172,16,-0.003809532428772168,0.1875,0.125,0.15625,主測度 發文數｜雙重排序・小型股,abn_attention_weekend
2024-08-25,77,0.022389865768506247,16,-0.004316740841280931,15,0.011368588460120321,15,-0.004804098308349728,15,0.00966220573609812,16,-0.012727660032408127,0.1875,0.1875,0.1875,主測度 發文數｜雙重排序・小型股,abn_attention_weekend
2024-09-01,77,-0.06275014950017252,16,-0.046504183715463165,15,-0.04790695117629771,15,-0.054390650014319225,15,-0.03524036523768508,16,0.027509784262487437,0.125,0.25,0.1875,主測度 發文數｜雙重排序・小型股,abn_attention_weekend
2024-09-08,77,0.027566342269367113,16,0.032923655696971074,15,0.023686513432370746,15,0.03003518655132211,15,0.016505899825832657,16,-0.011060442443534456,0.125,0.125,0.125,主測度 發文數｜雙重排序・小型股,abn_attention_weekend
2024-09-15,78,0.015949329549640158,16,0.016511381894449097,15,0.015042939045165848,16,0.004255904384711062,15,0.015426150372850111,16,-0.0005231791767900465,0.3125,0.3125,0.3125,主測度 發文數｜雙重排序・小型股,abn_attention_weekend
2024-09-22,79,-0.0025981446128081065,16,0.030668420794730075,16,0.026681699437840854,15,0.02532241359696607,16,0.013640738835233902,16,0.01623888344804201,0.1875,0.1875,0.1875,主測度 發文數｜雙重排序・小型股,abn_attention_weekend
2024-09-29,79,-0.018038629445114418,16,-0.008948255457434856,16,-0.005037877302132588,15,-0.019203591117697566,16,-0.004215061111517995,16,0.013823568333596423,0.125,0.1875,0.15625,主測度 發文數｜雙重排序・小型股,abn_attention_weekend
2024-10-06,79,-0.023417155678392032,16,-0.04541731580692679,16,-0.06284622320836966,15,-0.02389476033363056,16,-0.010444070189672562,16,0.01297308548871947,0.125,0.125,0.125,主測度 發文數｜雙重排序・小型股,abn_attention_weekend
2024-10-13,77,0.008493129376363234,16,0.0030563956417033393,15,0.0038152899434417873,15,0.026208948816473798,15,0.005092621226757188,16,-0.0034005081496060463,0.1875,0.25,0.21875,主測度 發文數｜雙重排序・小型股,abn_attention_weekend
2024-10-20,78,-0.009612051728495191,16,0.0038234580838239756,15,-0.012846991302691818,16,0.004363031808313448,15,0.0006620168769685061,16,0.010274068605463697,0.125,0.125,0.125,主測度 發文數｜雙重排序・小型股,abn_attention_weekend
2024-10-27,80,-0.009304210488643216,16,-0.00788355265252657,16,-0.02286463792991724,16,-0.010371371327690553,16,-0.019490460246148346,16,-0.01018624975750513,0.0625,0.0625,0.0625,主測度 發文數｜雙重排序・小型股,abn_attention_weekend
2024-11-03,79,0.011944499594976794,16,-0.006989337982294036,16,-0.0029084797326316635,15,-0.005333239975315443,16,-0.0021613832833081575,16,-0.014105882878284952,0.1875,0.125,0.15625,主測度 發文數｜雙重排序・小型股,abn_attention_weekend
2024-11-10,79,-0.022355681084751104,16,-0.011205568059651075,16,-0.02319751834925355,15,-0.018121713388015007,16,-0.019281336718439047,16,0.0030743443663120568,0.0625,0.125,0.09375,主測度 發文數｜雙重排序・小型股,abn_attention_weekend
2024-11-17,79,0.007191994767449382,16,0.007527341614308632,16,0.002548108485256632,15,-0.0012089617350411752,16,0.002183931629282085,16,-0.005008063138167297,0.125,0.1875,0.15625,主測度 發文數｜雙重排序・小型股,abn_attention_weekend
2024-11-24,79,-0.010056692956541727,16,-0.027175761135892276,16,-0.02216061774364479,15,-0.012109320325611655,16,-0.03143719654618993,16,-0.0213805035896482,0.25,0.125,0.1875,主測度 發文數｜雙重排序・小型股,abn_attention_weekend
2024-12-01,80,0.006874183171167919,16,-0.00893694799648203,16,0.002502955454938574,16,0.0275865867983563,16,0.010800980464705408,16,0.003926797293537489,0.1875,0.25,0.21875,主測度 發文數｜雙重排序・小型股,abn_attention_weekend
2024-12-08,81,-0.013492394145252972,17,-0.05130539516522449,16,-0.03897922971095621,16,-0.028486879954793383,16,-0.04153982766826302,16,-0.02804743352301005,0.1875,0.17647058823529413,0.18198529411764708,主測度 發文數｜雙重排序・小型股,abn_attention_weekend
2024-12-15,81,-0.016468938920552463,17,-0.04006602283675146,16,-0.020464287607909637,16,-0.003652462026364031,16,-0.0192424984379726,16,-0.0027735595174201363,0.1875,0.17647058823529413,0.18198529411764708,主測度 發文數｜雙重排序・小型股,abn_attention_weekend
2024-12-22,80,0.0035712875617914114,16,0.012882887909214859,16,0.01514720692307231,16,0.0037925955399827765,16,0.01445990506895433,16,0.010888617507162919,0.3125,0.1875,0.25,主測度 發文數｜雙重排序・小型股,abn_attention_weekend
2024-12-29,79,-0.026871513565683618,16,-0.016269105504404593,16,-0.019183786717371903,15,-0.012045145879214098,16,-0.008682110619501873,16,0.018189402946181744,0.3125,0.3125,0.3125,主測度 發文數｜雙重排序・小型股,abn_attention_weekend
2020-01-12,59,0.010685282562065015,12,0.010475638130562357,12,0.011098956104507457,11,0.004425162227853098,12,0.007244202306635176,12,-0.0034410802554298387,1.0,1.0,1.0,主測度 發文數｜雙重排序・大型股,abn_attention_weekend
2020-01-19,60,0.002609958840169846,12,0.0014889291009171173,12,-0.0036682808653822154,12,0.002264789095656796,12,0.003526995338561175,12,0.0009170364983913291,0.5833333333333334,0.5,0.5416666666666667,主測度 發文數｜雙重排序・大型股,abn_attention_weekend
2020-01-26,61,-0.020889002534806685,13,-0.00280829828156412,12,-0.007014107064544917,12,-0.014065149673862168,12,-0.00511572024666157,12,0.015773282288145115,0.5,0.38461538461538464,0.4423076923076923,主測度 發文數｜雙重排序・大型股,abn_attention_weekend
2020-02-02,61,0.061991751286563694,13,0.01742473615204913,12,0.024506417666208757,12,0.01835559445956535,12,0.02283669920979675,12,-0.03915505207676694,0.4166666666666667,0.23076923076923078,0.32371794871794873,主測度 發文數｜雙重排序・大型股,abn_attention_weekend
2020-02-09,61,0.031081397948383487,13,0.013690635504741052,12,0.007769387893651132,12,0.02070226113074892,12,0.017160768578376662,12,-0.013920629370006824,0.4166666666666667,0.38461538461538464,0.40064102564102566,主測度 發文數｜雙重排序・大型股,abn_attention_weekend
2020-02-16,62,-0.00035383593098760644,13,-0.004917828340730318,12,0.008830948617761986,12,0.004779053628516623,12,0.009380732805000359,13,0.009734568735987966,0.6923076923076923,0.46153846153846156,0.5769230769230769,主測度 發文數｜雙重排序・大型股,abn_attention_weekend
2020-02-23,61,-0.021152304936334857,13,-0.016199082661942876,12,-0.027139896322440515,12,-0.014934259416149129,12,-0.018563499125413968,12,0.002588805810920889,0.4166666666666667,0.3076923076923077,0.3621794871794872,主測度 發文數｜雙重排序・大型股,abn_attention_weekend
2020-03-01,61,0.022672159248981746,13,0.013021059053900061,12,0.012062081259967328,12,0.011253670554643805,12,0.009118844647692711,12,-0.013553314601289035,0.8333333333333334,0.6153846153846154,0.7243589743589745,主測度 發文數｜雙重排序・大型股,abn_attention_weekend
2020-03-08,60,-0.12910580965547513,12,-0.09108873384323031,12,-0.11846076873420412,12,-0.0893467728458686,12,-0.09405426369514575,12,0.03505154596032939,0.75,0.6666666666666666,0.7083333333333333,主測度 發文數｜雙重排序・大型股,abn_attention_weekend
2020-03-15,60,-0.12889784891940512,12,-0.039514795147469695,12,-0.1263616166019783,12,-0.09185087894253197,12,-0.07763668483868195,12,0.05126116408072316,0.16666666666666666,0.16666666666666666,0.16666666666666666,主測度 發文數｜雙重排序・大型股,abn_attention_weekend
2020-03-22,60,0.09452946530375989,12,0.09405270027053748,12,0.051171575619472554,12,0.09000692530590748,12,0.06854639292733437,12,-0.02598307237642551,0.6666666666666666,0.4166666666666667,0.5416666666666666,主測度 發文數｜雙重排序・大型股,abn_attention_weekend
2020-03-29,60,0.032129352781027465,12,0.012085618750189339,12,0.02732665850181945,12,0.025371822510772978,12,0.0009991719659500815,12,-0.031130180815077384,0.6666666666666666,0.4166666666666667,0.5416666666666666,主測度 發文數｜雙重排序・大型股,abn_attention_weekend
2020-04-05,61,0.0714943848823835,13,0.0615303102057305,12,0.037774031887588495,12,0.04343396892021854,12,0.04560005196079536,12,-0.02589433292158813,0.8333333333333334,0.46153846153846156,0.6474358974358975,主測度 發文數｜雙重排序・大型股,abn_attention_weekend
2020-04-12,61,0.025316593855023946,13,0.026552907119714253,12,0.021012625674589724,12,0.008918010363238147,12,0.02369191197057381,12,-0.0016246818844501375,0.6666666666666666,0.38461538461538464,0.5256410256410257,主測度 發文數｜雙重排序・大型股,abn_attention_weekend
2020-04-19,61,-0.00553236022971614,13,-0.02139685823621537,12,-0.006576229078384603,12,-0.016685612428013464,12,-0.02540290804523675,12,-0.01987054781552061,0.5,0.23076923076923078,0.3653846153846154,主測度 發文數｜雙重排序・大型股,abn_attention_weekend
2020-04-26,61,0.06494915264364134,13,0.05598654344441645,12,0.05239553030065188,12,0.05202256080824983,12,0.048122285286149376,12,-0.01682686735749197,0.4166666666666667,0.3076923076923077,0.3621794871794872,主測度 發文數｜雙重排序・大型股,abn_attention_weekend
2020-05-03,59,0.02779414787964124,12,0.0358608165774782,12,0.009740981657994913,11,0.010112454141105712,12,0.01616037815126939,12,-0.011633769728371851,0.5833333333333334,0.3333333333333333,0.45833333333333337,主測度 發文數｜雙重排序・大型股,abn_attention_weekend
2020-05-10,58,-0.015166175888621986,12,-0.020479541402152416,11,-0.01241345956702348,12,-0.015634518562922375,11,-0.03137904903283623,12,-0.016212873144214247,0.6666666666666666,0.5,0.5833333333333333,主測度 發文數｜雙重排序・大型股,abn_attention_weekend
2020-05-17,59,0.0186542973604005,12,0.010184627180853592,12,0.0285747342245232,11,0.012941733863408458,12,0.012808699562462786,12,-0.005845597797937715,0.5833333333333334,0.5,0.5416666666666667,主測度 發文數｜雙重排序・大型股,abn_attention_weekend
2020-05-24,62,0.0004551203463474775,13,0.012185212410940302,12,0.014353693018316876,12,0.013299466350564356,12,-0.002973122434111989,13,-0.0034282427804594663,0.5384615384615384,0.46153846153846156,0.5,主測度 發文數｜雙重排序・大型股,abn_attention_weekend
2020-05-31,60,0.04209593868339354,12,0.039906590230477906,12,0.03868316191328299,12,0.03402999016440562,12,0.032619868369320744,12,-0.009476070314072799,0.6666666666666666,0.5,0.5833333333333333,主測度 發文數｜雙重排序・大型股,abn_attention_weekend
2020-06-07,61,-0.006960142823545657,13,-0.020285158255292913,12,-0.031856360100451925,12,-0.015426737567261326,12,-0.03527229227832762,12,-0.028312149454781964,0.75,0.38461538461538464,0.5673076923076923,主測度 發文數｜雙重排序・大型股,abn_attention_weekend
2020-06-14,60,0.0024249679064106966,12,0.03372011692316973,12,0.0030682393257297122,12,0.013153723198373332,12,0.01513336958121736,12,0.012708401674806663,0.4166666666666667,0.25,0.33333333333333337,主測度 發文數｜雙重排序・大型股,abn_attention_weekend
2020-06-21,60,0.004593407112941289,12,-0.008019987454146468,12,-0.00027336086985032165,12,-0.009594649400860356,12,0.007100845649882763,12,0.0025074385369414738,0.4166666666666667,0.16666666666666666,0.2916666666666667,主測度 發文數｜雙重排序・大型股,abn_attention_weekend
2020-06-28,61,0.019889833000731952,13,0.023175556698737904,12,0.02135168814700496,12,0.023891464212221224,12,0.01828217388213275,12,-0.0016076591185992008,0.5,0.38461538461538464,0.4423076923076923,主測度 發文數｜雙重排序・大型股,abn_attention_weekend
2020-07-05,62,-0.018442878892364085,13,-0.008498893763720641,12,-0.012021907886594019,12,-0.008204379337556736,12,0.003689947088259785,13,0.02213282598062387,0.46153846153846156,0.3076923076923077,0.38461538461538464,主測度 發文數｜雙重排序・大型股,abn_attention_weekend
2020-07-12,62,-0.0029775023357412845,13,0.0008057008039449495,12,0.002212479303354701,12,0.00972806715993807,12,-0.012638652551308924,13,-0.00966115021556764,0.6153846153846154,0.46153846153846156,0.5384615384615385,主測度 發文數｜雙重排序・大型股,abn_attention_weekend
2020-07-19,63,-0.013121573241356389,13,0.0025063644674380527,12,0.0011825277474524648,13,0.00046058832727636595,12,0.011257021025772546,13,0.024378594267128934,0.38461538461538464,0.3076923076923077,0.34615384615384615,主測度 發文數｜雙重排序・大型股,abn_attention_weekend
2020-07-26,63,-0.001851142826315813,13,-0.02188860605654173,12,-0.02118192271597274,13,-0.012367537088961841,12,0.0020569559047596275,13,0.00390809873107544,0.46153846153846156,0.3076923076923077,0.38461538461538464,主測度 發文數｜雙重排序・大型股,abn_attention_weekend
2020-08-02,62,0.018166053928286262,13,0.024949314188928984,12,0.021720841662445766,12,-0.0023361905611735865,12,0.041644739114316064,13,0.023478685186029802,0.46153846153846156,0.38461538461538464,0.42307692307692313,主測度 發文數｜雙重排序・大型股,abn_attention_weekend
2020-08-09,63,-0.012815880148364819,13,0.026088671241431122,12,0.02917785431372846,13,0.04387497916116856,12,-0.0038300189923444494,13,0.00898586115602037,0.5384615384615384,0.38461538461538464,0.46153846153846156,主測度 發文數｜雙重排序・大型股,abn_attention_weekend
2020-08-16,63,-0.03146421053765612,13,-0.011980869812524442,12,0.0003367243845008647,13,0.010106727438771898,12,-0.015330945747897737,13,0.016133264789758385,0.38461538461538464,0.3076923076923077,0.34615384615384615,主測度 發文數｜雙重排序・大型股,abn_attention_weekend
2020-08-23,63,0.02152190110306159,13,-0.0037374662741331464,12,0.016733637889267013,13,0.01688426072279899,12,0.0176335619510424,13,-0.00388833915201919,0.8461538461538461,0.5384615384615384,0.6923076923076923,主測度 發文數｜雙重排序・大型股,abn_attention_weekend
2020-08-30,63,-0.00964798673097973,13,0.026111370586889532,12,-0.006449994655447848,13,-0.011653868423304597,12,-0.005339591270975779,13,0.004308395460003952,0.8461538461538461,0.6923076923076923,0.7692307692307692,主測度 發文數｜雙重排序・大型股,abn_attention_weekend
2020-09-06,65,0.005987291049494214,13,-0.011729045304772026,13,0.006437197972532538,13,-0.008556488145550024,13,0.005584201269762266,13,-0.000403089779731948,0.5384615384615384,0.07692307692307693,0.3076923076923077,主測度 發文數｜雙重排序・大型股,abn_attention_weekend
2020-09-13,65,0.007253990159736994,13,-0.0038034394895976984,13,0.024138718910999238,13,0.013995122663694164,13,0.010958200827077231,13,0.003704210667340237,0.46153846153846156,0.23076923076923078,0.34615384615384615,主測度 發文數｜雙重排序・大型股,abn_attention_weekend
2020-09-20,65,-0.06801737514520768,13,-0.06280676264012543,13,-0.07056165563342286,13,-0.06621137468199059,13,-0.04476687835754081,13,0.02325049678766687,0.23076923076923078,0.23076923076923078,0.23076923076923078,主測度 發文數｜雙重排序・大型股,abn_attention_weekend
2020-09-27,66,0.008741438015859138,14,0.016835921874206315,13,0.004435595175526992,13,0.020268710958580627,13,0.02375234160560836,13,0.01501090358974922,0.5384615384615384,0.42857142857142855,0.48351648351648346,主測度 發文數｜雙重排序・大型股,abn_attention_weekend
2020-10-04,66,0.01803873741165201,14,0.023189321470310616,13,0.022328192073725536,13,0.021807417037265332,13,0.01230207059720095,13,-0.00573666681445106,0.7692307692307693,0.6428571428571429,0.7060439560439561,主測度 發文數｜雙重排序・大型股,abn_attention_weekend
2020-10-11,66,-0.013941944670033632,14,-0.011856834551510499,13,-0.013998056548248013,13,-0.0007785556493266663,13,-0.020964160579405276,13,-0.007022215909371644,0.46153846153846156,0.35714285714285715,0.40934065934065933,主測度 發文數｜雙重排序・大型股,abn_attention_weekend
2020-10-18,67,0.030000124014917726,14,0.006540074148129644,13,0.018778130158144318,13,0.01660405656405575,13,0.009262377735664795,14,-0.02073774627925293,0.21428571428571427,0.21428571428571427,0.21428571428571427,主測度 發文數｜雙重排序・大型股,abn_attention_weekend
2020-10-25,66,-0.027908022356369928,14,-0.024353248986696996,13,-0.0009526195782041135,13,0.0067788049531167455,13,-0.018859135869402407,13,0.009048886486967521,0.3076923076923077,0.2857142857142857,0.2967032967032967,主測度 發文數｜雙重排序・大型股,abn_attention_weekend
2020-11-01,66,0.011138977779274402,14,0.0309211965042076,13,0.024602725054693433,13,0.01173641138977793,13,0.018777441914284012,13,0.0076384641350096105,0.3076923076923077,0.2857142857142857,0.2967032967032967,主測度 發文數｜雙重排序・大型股,abn_attention_weekend
2020-11-08,66,0.004292951872710703,14,0.012224403495097834,13,0.008246011574894633,13,0.028628256367125387,13,0.007283416466578878,13,0.002990464593868175,0.5384615384615384,0.35714285714285715,0.44780219780219777,主測度 發文數｜雙重排序・大型股,abn_attention_weekend
2020-11-15,66,0.02246970870646347,14,0.016022278241065134,13,0.014014418160949308,13,0.01331284577184836,13,0.01894824199841868,13,-0.0035214667080447903,0.5384615384615384,0.35714285714285715,0.44780219780219777,主測度 發文數｜雙重排序・大型股,abn_attention_weekend
2020-11-22,66,0.03770375429596935,14,0.02436669115651537,13,0.020005086880089028,13,0.0086935573199361,13,0.008711226165405352,13,-0.028992528130564,0.46153846153846156,0.35714285714285715,0.40934065934065933,主測度 發文數｜雙重排序・大型股,abn_attention_weekend
2020-11-29,67,0.032805349225957736,14,0.00605249095427489,13,-0.001337900870638641,13,0.004395946211095898,13,0.03354474189143149,14,0.0007393926654737509,0.42857142857142855,0.35714285714285715,0.39285714285714285,主測度 發文數｜雙重排序・大型股,abn_attention_weekend
2020-12-06,67,-0.00764348241946338,14,-0.0033028714036481724,13,-0.01404124593221733,13,-0.012444139421921121,13,-0.01042853581594448,14,-0.0027850533964810997,0.5714285714285714,0.2857142857142857,0.42857142857142855,主測度 發文數｜雙重排序・大型股,abn_attention_weekend
2020-12-13,67,0.009749671230792416,14,0.005780674802533559,13,0.027380661196805062,13,-0.00033294097204249727,13,0.0164586979697551,14,0.006709026738962684,0.42857142857142855,0.2857142857142857,0.3571428571428571,主測度 發文數｜雙重排序・大型股,abn_attention_weekend
2020-12-20,67,0.009361650463293767,14,0.012151928896266373,13,0.02736535818571031,13,-0.012397305692789988,13,0.03241875374244413,14,0.02305710327915036,0.7142857142857143,0.5,0.6071428571428572,主測度 發文數｜雙重排序・大型股,abn_attention_weekend
2020-12-27,68,0.018067387912049475,14,0.014519471260260267,13,0.010925219073440216,14,0.007805720721663267,13,0.038542790460956,14,0.020475402548906528,0.42857142857142855,0.42857142857142855,0.42857142857142855,主測度 發文數｜雙重排序・大型股,abn_attention_weekend
2021-01-03,69,-0.0030938478309899026,14,-0.006299821139805198,14,-0.029111267587662266,13,0.016194455096388522,14,0.033250463305004536,14,0.03634431113599444,0.5714285714285714,0.35714285714285715,0.4642857142857143,主測度 發文數｜雙重排序・大型股,abn_attention_weekend
2021-01-10,68,-0.02858771947216382,14,-0.021418402827188883,13,-0.005394813518707345,14,-0.007356411323231931,13,-0.04920208613814304,14,-0.020614366665979218,0.5714285714285714,0.5,0.5357142857142857,主測度 發文數｜雙重排序・大型股,abn_attention_weekend
2021-01-17,69,-0.01758494461552992,14,-0.009396594497264845,14,-0.030606746003102068,13,-0.0093920001611056,14,0.022318630581596128,14,0.03990357519712605,0.5714285714285714,0.35714285714285715,0.4642857142857143,主測度 發文數｜雙重排序・大型股,abn_attention_weekend
2021-01-24,69,-0.021708276691647765,14,-0.04187520341807627,14,-0.024457204883151472,13,-0.03241211155105954,14,-0.047234776600049176,14,-0.02552649990840141,0.5714285714285714,0.42857142857142855,0.5,主測度 發文數｜雙重排序・大型股,abn_attention_weekend
2021-01-31,70,0.02688168896728341,14,0.031224836478696054,14,0.026870751639951524,14,0.021726015572403914,14,0.0319801289415314,14,0.005098439974247988,0.7857142857142857,0.5,0.6428571428571428,主測度 發文數｜雙重排序・大型股,abn_attention_weekend
2021-02-21,70,0.0019376381756641375,14,-0.0016507678856665614,14,0.019799829035537866,14,0.04275897185894641,14,0.023962984536294894,14,0.022025346360630756,0.7857142857142857,0.7142857142857143,0.75,主測度 發文數｜雙重排序・大型股,abn_attention_weekend
2021-02-28,70,-0.05248636289312413,14,-0.013587135868053213,14,-0.010636824482508276,14,0.012347131443715123,14,-0.009440445158073432,14,0.043045917735050704,0.2857142857142857,0.2857142857142857,0.2857142857142857,主測度 發文數｜雙重排序・大型股,abn_attention_weekend
2021-03-07,69,0.022773989356850186,14,0.007399672498456681,14,0.017977044056459605,13,0.011160529703609914,14,0.025616307301317958,14,0.002842317944467772,0.42857142857142855,0.35714285714285715,0.39285714285714285,主測度 發文數｜雙重排序・大型股,abn_attention_weekend
2021-03-14,70,-0.00653531352102517,14,-0.0111805261729478,14,-0.02613133630003451,14,-0.003181485833379064,14,0.00030182275452639296,14,0.006837136275551563,0.5,0.42857142857142855,0.4642857142857143,主測度 發文數｜雙重排序・大型股,abn_attention_weekend
2021-03-21,70,0.019264524920394075,14,0.031845115948496865,14,0.03408966623301403,14,0.017402123471269133,14,0.005338307614550183,14,-0.013926217305843893,0.7857142857142857,0.7142857142857143,0.75,主測度 發文數｜雙重排序・大型股,abn_attention_weekend
2021-03-28,70,0.006499663426890694,14,0.002732264332817615,14,0.009193118830430114,14,0.022267858699195342,14,0.03640606620502761,14,0.029906402778136915,0.7142857142857143,0.6428571428571429,0.6785714285714286,主測度 發文數｜雙重排序・大型股,abn_attention_weekend
2021-04-04,70,0.038143578112312636,14,0.0269202145625001,14,0.01432987247077586,14,0.023466531236257464,14,0.024843322514562307,14,-0.013300255597750329,0.7857142857142857,0.5,0.6428571428571428,主測度 發文數｜雙重排序・大型股,abn_attention_weekend
2021-04-11,71,0.024182643428811015,15,0.04063683293415547,14,0.02802352848998258,14,0.018905865209172486,14,0.09186277252084409,14,0.06768012909203307,0.9285714285714286,0.4,0.6642857142857144,主測度 發文數｜雙重排序・大型股,abn_attention_weekend
2021-04-18,73,0.005076405809202071,15,0.019880842347009684,14,0.016293757266254906,15,0.023421121857649083,14,0.048984051890089315,15,0.04390764608088724,0.6,0.3333333333333333,0.4666666666666667,主測度 發文數｜雙重排序・大型股,abn_attention_weekend
2021-04-25,73,0.03797131847599895,15,0.015490281946144784,14,0.02355179461296407,15,0.0017849864926661582,14,0.05235170392416989,15,0.01438038544817094,0.4666666666666667,0.4,0.43333333333333335,主測度 發文數｜雙重排序・大型股,abn_attention_weekend
2021-05-02,75,-0.014067269252168672,15,-0.03900414868198681,15,-0.04200582215500077,15,-0.030584689754551406,15,-0.0328625029128993,15,-0.018795233660730628,0.3333333333333333,0.4,0.3666666666666667,主測度 發文數｜雙重排序・大型股,abn_attention_weekend
2021-05-09,74,-0.12295742897364562,15,-0.08689435961278182,15,-0.12766428647584768,14,-0.04745615870919777,15,-0.15347739847352612,15,-0.030519969499880506,0.4666666666666667,0.4666666666666667,0.4666666666666667,主測度 發文數｜雙重排序・大型股,abn_attention_weekend
2021-05-16,75,0.10219799209339334,15,0.049628703522927906,15,0.06364276785725344,15,0.12525566467998023,15,0.1029996995806622,15,0.0008017074872688629,0.7333333333333333,0.3333333333333333,0.5333333333333333,主測度 發文數｜雙重排序・大型股,abn_attention_weekend
2021-05-23,76,0.06625151897990397,16,0.0333649834860483,15,0.03808448375569339,15,0.04557386362218696,15,0.07308711245781808,15,0.006835593477914112,0.8666666666666667,0.6875,0.7770833333333333,主測度 發文數｜雙重排序・大型股,abn_attention_weekend
2021-05-30,77,0.029821035137041443,16,0.011052580006128616,15,0.02127032658622335,15,0.027718889784597616,15,0.03881528735162838,16,0.00899425221458694,0.8125,0.5625,0.6875,主測度 發文數｜雙重排序・大型股,abn_attention_weekend
2021-06-06,77,-0.018926079173605052,16,-0.02278061669458657,15,-0.008176514521478028,15,-0.0031447626630679644,15,-0.02567370013577068,16,-0.006747620962165628,0.75,0.625,0.6875,主測度 發文數｜雙重排序・大型股,abn_attention_weekend
2021-06-13,77,0.009898930851034597,16,-0.013180966595064661,15,-0.013680552172632325,15,0.023077855802498874,15,0.018218745279159475,16,0.008319814428124878,0.8125,0.75,0.78125,主測度 發文數｜雙重排序・大型股,abn_attention_weekend
2021-06-20,76,0.0421753021457001,16,0.02676844947067431,15,0.04806390566124422,15,0.01225004482169365,15,0.04283764175637519,15,0.0006623396106750848,0.7333333333333333,0.4375,0.5854166666666667,主測度 發文數｜雙重排序・大型股,abn_attention_weekend
2021-06-27,78,0.029603843626990527,16,0.0002478742951852834,15,-0.009910252960587687,16,-0.004775579471418542,15,0.04213143368907647,16,0.012527590062085946,0.5,0.3125,0.40625,主測度 發文數｜雙重排序・大型股,abn_attention_weekend
2021-07-04,79,-0.02067943114402434,16,-0.002507516234997495,16,-0.012110799167206329,15,0.023092740505195428,16,-0.03421904898124825,16,-0.013539617837223912,0.625,0.4375,0.53125,主測度 發文數｜雙重排序・大型股,abn_attention_weekend
2021-07-11,81,-0.015938245641012323,17,-0.010916352669745125,16,-0.014833565607761938,16,-0.001357274960075039,16,-0.03354004600835688,16,-0.01760180036734456,0.625,0.35294117647058826,0.48897058823529416,主測度 發文數｜雙重排序・大型股,abn_attention_weekend
2021-07-18,80,-0.014614038064057595,16,-0.0037106373655266048,16,0.004149256495984258,16,-0.01892544907956909,16,-0.029252398212870637,16,-0.014638360148813041,0.625,0.5625,0.59375,主測度 發文數｜雙重排序・大型股,abn_attention_weekend
2021-07-25,81,-0.03410068254634887,17,-0.0132157537173654,16,-0.028847000634429104,16,-0.014939011456592571,16,-0.03876289857998981,16,-0.004662216033640941,0.6875,0.5882352941176471,0.6378676470588236,主測度 發文數｜雙重排序・大型股,abn_attention_weekend
2021-08-01,81,0.000282308668982731,17,0.012727182402204155,16,-0.004332963498931551,16,-0.0009407207953356922,16,0.013634583492812068,16,0.013352274823829337,0.6875,0.35294117647058826,0.5202205882352942,主測度 發文數｜雙重排序・大型股,abn_attention_weekend
2021-08-08,81,-0.03137736918489595,17,-0.03980354208952865,16,-0.039233033389768246,16,-0.036398274052450434,16,-0.03218914577306303,16,-0.0008117765881670846,0.6875,0.47058823529411764,0.5790441176470589,主測度 發文數｜雙重排序・大型股,abn_attention_weekend
2021-08-15,81,-0.046445923222188296,17,-0.04445763351766035,16,-0.03352041328321555,16,-0.02589035691587776,16,-0.025287101733757908,16,0.021158821488430388,0.6875,0.29411764705882354,0.4908088235294118,主測度 發文數｜雙重排序・大型股,abn_attention_weekend
2021-08-22,81,0.03085428630777506,17,0.04767085544159141,16,0.03305627798528442,16,0.030037522001963315,16,0.03731540163122192,16,0.0064611153234468595,0.5,0.5294117647058824,0.5147058823529411,主測度 發文數｜雙重排序・大型股,abn_attention_weekend
2021-08-29,81,-0.03350842423132618,17,-0.006655041421673717,16,0.013651384058191614,16,-0.012954391235405718,16,0.013669539706429479,16,0.04717796393775566,0.875,0.6470588235294118,0.7610294117647058,主測度 發文數｜雙重排序・大型股,abn_attention_weekend
2021-09-05,80,-0.0023578178185676424,16,-0.003299330400984138,16,-0.012870745071367984,16,-0.006060965998927137,16,0.010346947870011974,16,0.012704765688579617,0.5625,0.5,0.53125,主測度 發文數｜雙重排序・大型股,abn_attention_weekend
2021-09-12,79,-0.005639871139359737,16,0.0013536775523338776,16,0.004883092865356457,15,-0.0053276998780540305,16,-0.0008708279015406592,16,0.0047690432378190775,0.4375,0.4375,0.4375,主測度 發文數｜雙重排序・大型股,abn_attention_weekend
2021-09-19,79,0.0322059508914499,16,0.007712648423687345,16,0.021286476719040427,15,0.013366553944585698,16,0.018302515299473923,16,-0.013903435591975974,0.625,0.5625,0.59375,主測度 發文數｜雙重排序・大型股,abn_attention_weekend
2021-09-26,78,-0.035112400122552984,16,-0.04524827188352824,15,-0.02314596832907407,16,-0.012869172332455665,15,-0.036953999771920765,16,-0.001841599649367781,0.25,0.375,0.3125,主測度 發文數｜雙重排序・大型股,abn_attention_weekend
2021-10-03,81,-0.006042172197343017,17,-0.004847750338297943,16,-0.0091033112726875,16,0.020016031842097902,16,-0.027921608346133032,16,-0.021879436148790017,0.625,0.35294117647058826,0.48897058823529416,主測度 發文數｜雙重排序・大型股,abn_attention_weekend
2021-10-10,81,-0.01749306076387716,17,-0.0009840045303663517,16,-0.006255512916508547,16,-0.0018948173782996972,16,-0.00380544864082228,16,0.01368761212305488,0.625,0.4117647058823529,0.5183823529411764,主測度 發文數｜雙重排序・大型股,abn_attention_weekend
2021-10-17,82,-0.03750228303031291,17,-0.01305325346233989,16,-0.0004115893161112452,16,0.003365301582845391,16,0.0035629791108467064,17,0.04106526214115962,0.5882352941176471,0.4117647058823529,0.5,主測度 發文數｜雙重排序・大型股,abn_attention_weekend
2021-10-24,82,0.03508192997573478,17,-0.0003516512295078725,16,-0.0025118250866887487,16,0.017020160647342436,16,0.011201293829217921,17,-0.02388063614651686,0.23529411764705882,0.29411764705882354,0.2647058823529412,主測度 發文數｜雙重排序・大型股,abn_attention_weekend
2021-10-31,82,0.015525506316047811,17,0.004241639362621716,16,0.006474069797224959,16,0.010840427290986915,16,0.00660196077803103,17,-0.008923545538016782,0.35294117647058826,0.29411764705882354,0.3235294117647059,主測度 發文數｜雙重排序・大型股,abn_attention_weekend
2021-11-07,82,-0.001277145111935878,17,0.026567458759104365,16,0.02165471252743066,16,-0.0017772986252079376,16,0.0025206412261112145,17,0.0037977863380470925,0.35294117647058826,0.29411764705882354,0.3235294117647059,主測度 發文數｜雙重排序・大型股,abn_attention_weekend
2021-11-14,83,-0.005522847411588548,17,0.016867912375237742,16,-0.022805363502093657,17,-0.0058376385912601025,16,0.006946495622969895,17,0.012469343034558444,0.5882352941176471,0.5294117647058824,0.5588235294117647,主測度 發文數｜雙重排序・大型股,abn_attention_weekend
2021-11-21,83,-0.02188585303186825,17,-0.0013608686512636692,16,-0.014131183689829026,17,-0.027597637929686537,16,-0.0167660190495908,17,0.005119833982277451,0.29411764705882354,0.17647058823529413,0.23529411764705882,主測度 發文數｜雙重排序・大型股,abn_attention_weekend
2021-11-28,82,0.027428068295315595,17,0.01046814830107861,16,0.0061228893988765146,16,0.02679041017862875,16,0.02269487854644782,17,-0.004733189748867776,0.23529411764705882,0.23529411764705882,0.23529411764705882,主測度 發文數｜雙重排序・大型股,abn_attention_weekend
2021-12-05,83,0.01586100848470374,17,0.0019747191057519695,16,0.00428117618902414,17,0.006699247331817364,16,0.0010353036073268952,17,-0.014825704877376843,0.5882352941176471,0.29411764705882354,0.4411764705882353,主測度 發文數｜雙重排序・大型股,abn_attention_weekend
2021-12-12,84,-0.0025871126931209455,17,-0.009104172004203756,17,0.006727072607751183,16,-0.009848610534507604,17,-0.01583402226283906,17,-0.013246909569718114,0.7647058823529411,0.47058823529411764,0.6176470588235294,主測度 發文數｜雙重排序・大型股,abn_attention_weekend
2021-12-19,84,0.013717844778387733,17,0.015024442941599658,17,0.015288433021649464,16,0.03241819939577486,17,0.007056269606231415,17,-0.006661575172156317,0.47058823529411764,0.4117647058823529,0.4411764705882353,主測度 發文數｜雙重排序・大型股,abn_attention_weekend
2021-12-26,85,0.004473698029656222,17,0.0027849130247803834,17,0.004876988253784902,17,0.0017416022947225134,17,0.014309502383689672,17,0.00983580435403345,0.23529411764705882,0.23529411764705882,0.23529411764705882,主測度 發文數｜雙重排序・大型股,abn_attention_weekend
2022-01-02,85,-0.01806714084519323,17,0.005105957881544208,17,-0.021813430989441975,17,-0.035345129678599645,17,-0.009727250821662356,17,0.008339890023530874,0.29411764705882354,0.23529411764705882,0.2647058823529412,主測度 發文數｜雙重排序・大型股,abn_attention_weekend
2022-01-09,85,-0.002131797971801669,17,-0.007634829583552386,17,-0.005257673403588037,17,-0.023307618719311144,17,0.022695953898815773,17,0.02482775187061744,0.29411764705882354,0.4117647058823529,0.3529411764705882,主測度 發文數｜雙重排序・大型股,abn_attention_weekend
2022-01-16,85,-0.022634106576440036,17,-0.018092813371564667,17,-0.016163003456547583,17,0.004606000293297666,17,-0.013968903491376453,17,0.008665203085063583,0.4117647058823529,0.4117647058823529,0.4117647058823529,主測度 發文數｜雙重排序・大型股,abn_attention_weekend
2022-01-23,84,-0.016586152860958294,17,-0.009756224274632545,17,-0.017260435521903338,16,-0.004544344131525589,17,-0.007353333412400886,17,0.009232819448557408,0.5882352941176471,0.4117647058823529,0.5,主測度 發文數｜雙重排序・大型股,abn_attention_weekend
2022-02-13,84,0.012580731214369815,17,0.004370224740869677,17,-2.530033194361736e-05,16,0.01757040193141998,17,0.009799455020126677,17,-0.002781276194243138,0.5294117647058824,0.7058823529411765,0.6176470588235294,主測度 發文數｜雙重排序・大型股,abn_attention_weekend
2022-02-20,84,-0.01564966910159168,17,-0.011787687818437798,17,-0.027704088801064453,16,-0.024836937313620844,17,-0.024155767344466436,17,-0.008506098242874755,0.7058823529411765,0.6470588235294118,0.6764705882352942,主測度 發文數｜雙重排序・大型股,abn_attention_weekend
2022-02-27,84,0.017636115345493173,17,0.013505410497987943,17,0.009093604196735779,16,-0.009993537664997816,17,-0.0049606899106132306,17,-0.022596805256106405,0.23529411764705882,0.17647058823529413,0.20588235294117646,主測度 發文數｜雙重排序・大型股,abn_attention_weekend
2022-03-06,84,-0.003947889364855938,17,-0.021095259417647515,17,-0.016935914157529673,16,-0.006861110088713315,17,0.008748402551829848,17,0.012696291916685786,0.47058823529411764,0.35294117647058826,0.4117647058823529,主測度 發文數｜雙重排序・大型股,abn_attention_weekend
2022-03-13,85,0.0068368099965091,17,0.012495514001940189,17,0.014171492640852282,17,0.01449493528285743,17,0.0016705870989749078,17,-0.005166222897534193,0.5294117647058824,0.35294117647058826,0.4411764705882353,主測度 發文數｜雙重排序・大型股,abn_attention_weekend
2022-03-20,85,-0.002391595407835355,17,-0.0048471999229452245,17,0.00982991267127301,17,0.007299448593272643,17,-0.005384351274336837,17,-0.002992755866501482,0.35294117647058826,0.23529411764705882,0.29411764705882354,主測度 發文數｜雙重排序・大型股,abn_attention_weekend
2022-03-27,86,0.016218978010930134,18,0.011623279544051198,17,0.013053694845309232,17,0.009372514663687721,17,0.0014559730142249866,17,-0.014763004996705147,0.7058823529411765,0.5,0.6029411764705883,主測度 發文數｜雙重排序・大型股,abn_attention_weekend
2022-04-03,86,-0.009204340168868527,18,-0.014029333312296284,17,-0.010776080704131627,17,-0.021388979220062696,17,0.006784012972114291,17,0.01598835314098282,0.7058823529411765,0.4444444444444444,0.5751633986928104,主測度 發文數｜雙重排序・大型股,abn_attention_weekend
2022-04-10,86,-0.00784608405663944,18,-0.012444769436747667,17,0.0159133029540168,17,-0.03151140551631528,17,-0.018178153861623882,17,-0.010332069804984443,0.23529411764705882,0.16666666666666666,0.20098039215686275,主測度 發文數｜雙重排序・大型股,abn_attention_weekend
2022-04-17,85,0.013447793487045293,17,0.002140455932656627,17,0.023007079445527358,17,0.020851268704375696,17,0.00918991682806268,17,-0.004257876658982612,0.23529411764705882,0.17647058823529413,0.20588235294117646,主測度 發文數｜雙重排序・大型股,abn_attention_weekend
2022-04-24,85,-0.032922532063284264,17,-0.0037752547331433295,17,-0.03248851282411835,17,-0.003833011775116916,17,-0.026133652001746104,17,0.006788880061538161,0.7058823529411765,0.47058823529411764,0.5882352941176471,主測度 發文數｜雙重排序・大型股,abn_attention_weekend
2022-05-01,84,-0.022935924046693534,17,-0.01247829445457056,17,-0.02204099292913827,16,0.0028305003776020778,17,-0.004494119513377245,17,0.01844180453331629,0.5294117647058824,0.35294117647058826,0.4411764705882353,主測度 發文數｜雙重排序・大型股,abn_attention_weekend
2022-05-08,84,-0.03811839790880439,17,-0.04177445118250131,17,-0.04819916960566874,16,-0.043610797052026556,17,-0.034639384710564686,17,0.0034790131982397055,0.6470588235294118,0.47058823529411764,0.5588235294117647,主測度 發文數｜雙重排序・大型股,abn_attention_weekend
2022-05-15,84,0.015204817573674664,17,0.009974970285569654,17,0.02513796271265254,16,0.00860175964057551,17,-0.0004042815783351965,17,-0.01560909915200986,0.7647058823529411,0.47058823529411764,0.6176470588235294,主測度 發文數｜雙重排序・大型股,abn_attention_weekend
2022-05-22,83,0.011658150792201012,17,0.0006933995783411293,16,-0.003978727751459073,17,0.0022145394655272016,16,0.018654152189288807,17,0.006996001397087795,0.5294117647058824,0.4117647058823529,0.47058823529411764,主測度 發文數｜雙重排序・大型股,abn_attention_weekend
2022-05-29,83,0.0041441546697767746,17,-0.0013582742222818453,16,0.010014755834806089,17,0.015025319364860179,16,0.0024045399114766192,17,-0.0017396147583001553,0.4117647058823529,0.35294117647058826,0.38235294117647056,主測度 發文數｜雙重排序・大型股,abn_attention_weekend
2022-06-05,84,-0.01654846745447744,17,0.000508158233262955,17,-0.007667230412196788,16,-0.002186748512330498,17,-0.001080910070049806,17,0.015467557384427634,0.47058823529411764,0.4117647058823529,0.4411764705882353,主測度 發文數｜雙重排序・大型股,abn_attention_weekend
2022-06-12,84,-0.030649962864890464,17,-0.027861702814018542,17,-0.010725356324961847,16,-0.027547974326803167,17,-0.021373841949263166,17,0.009276120915627298,0.47058823529411764,0.4117647058823529,0.4411764705882353,主測度 發文數｜雙重排序・大型股,abn_attention_weekend
2022-06-19,84,-0.06269457499504923,17,-0.003354534308637727,17,0.0019846820935360762,16,-0.007997681614204659,17,-0.004172407508470066,17,0.05852216748657916,0.29411764705882354,0.29411764705882354,0.29411764705882354,主測度 發文數｜雙重排序・大型股,abn_attention_weekend
2022-06-26,82,-0.04946302874899117,17,-0.05292200937498634,16,-0.058193552509977195,16,-0.08261154301765784,16,-0.06360358374790358,17,-0.01414055499891241,0.5294117647058824,0.5294117647058824,0.5294117647058824,主測度 發文數｜雙重排序・大型股,abn_attention_weekend
2022-07-03,81,0.014434436964317683,17,-0.01980862491851538,16,0.015534419988267614,16,0.0048900054199337295,16,0.03518705131485191,16,0.02075261435053423,0.3125,0.29411764705882354,0.3033088235294118,主測度 發文數｜雙重排序・大型股,abn_attention_weekend
2022-07-10,81,-0.006355726969721028,17,-0.009861763406809984,16,-0.002185699423549327,16,-0.019120125788629587,16,0.01223629200269713,16,0.018592018972418158,0.5625,0.23529411764705882,0.39889705882352944,主測度 發文數｜雙重排序・大型股,abn_attention_weekend
2022-07-17,81,0.03945125664719494,17,0.01972947526956617,16,0.019634363625683084,16,0.03230435531335869,16,0.023560172941138234,16,-0.015891083706056706,0.75,0.5294117647058824,0.6397058823529411,主測度 發文數｜雙重排序・大型股,abn_attention_weekend
2022-07-24,80,0.03392371417942348,16,0.017413823697852333,16,0.012156578464257668,16,0.01203962827609148,16,-0.01057246209173475,16,-0.044496176271158226,0.375,0.1875,0.28125,主測度 發文數｜雙重排序・大型股,abn_attention_weekend
2022-07-31,80,-0.002346655308470745,16,-0.028807560629390327,16,-0.011921093258362499,16,-0.008456440561646017,16,-0.000857772471968464,16,0.001488882836502281,0.375,0.375,0.375,主測度 發文數｜雙重排序・大型股,abn_attention_weekend
2022-08-07,78,0.03721615624588082,16,0.027577392579376983,15,0.02291361692107325,16,0.030631673045557185,15,0.024034419048138606,16,-0.013181737197742217,0.3125,0.4375,0.375,主測度 發文數｜雙重排序・大型股,abn_attention_weekend
2022-08-14,78,0.008108384465495527,16,0.0060878453640789585,15,0.014756742152014314,16,0.008132449815593941,15,-0.0029278100736002677,16,-0.011036194539095795,0.5,0.6875,0.59375,主測度 發文數｜雙重排序・大型股,abn_attention_weekend
2022-08-21,78,0.01973639045758458,16,0.019474070420932594,15,0.007674402627929157,16,0.01960161632373397,15,0.0034782504878878434,16,-0.016258139969696737,0.625,0.3125,0.46875,主測度 發文數｜雙重排序・大型股,abn_attention_weekend
2022-08-28,77,-0.0013071043163553411,16,-0.0109891503137535,15,0.002712201435694602,15,0.00030362260048260036,15,-0.008415514734103319,16,-0.007108410417747978,0.75,0.4375,0.59375,主測度 發文數｜雙重排序・大型股,abn_attention_weekend
2022-09-04,77,0.0008839657629761896,16,-0.004438720537594902,15,-0.01575205260696162,15,-0.01173520360996343,15,0.008603115218709052,16,0.007719149455732863,0.75,0.5625,0.65625,主測度 發文數｜雙重排序・大型股,abn_attention_weekend
2022-09-11,76,0.0011617104912980333,16,-0.02449138176872434,15,-0.007479949799384948,15,0.04186871737916942,15,-0.007094100312480086,15,-0.00825581080377812,0.4,0.4375,0.41875,主測度 發文數｜雙重排序・大型股,abn_attention_weekend
2022-09-18,77,-0.017983030179799554,16,-0.022967949539525877,15,-0.02060060821195692,15,-0.054734974513490894,15,-0.03272204006044583,16,-0.014739009880646275,0.375,0.3125,0.34375,主測度 發文數｜雙重排序・大型股,abn_attention_weekend
2022-09-25,77,-0.027235330063619105,16,-0.01587587656375383,15,-0.033211561540599906,15,-0.03689120654606428,15,-0.04660757155255991,16,-0.019372241488940803,0.375,0.25,0.3125,主測度 發文數｜雙重排序・大型股,abn_attention_weekend
2022-10-02,75,0.03233818747625738,15,0.008436439934067182,15,0.030982200826214598,15,0.035257214939594196,15,0.02334951337193738,15,-0.00898867410432,0.2,0.13333333333333333,0.16666666666666669,主測度 發文數｜雙重排序・大型股,abn_attention_weekend
2022-10-09,75,-0.026528927602572378,15,-0.01038135914300012,15,-0.019833850428222572,15,-0.017039874702149835,15,-0.01020840844768401,15,0.016320519154888368,0.4,0.4,0.4,主測度 發文數｜雙重排序・大型股,abn_attention_weekend
2022-10-16,74,-0.004500986042775926,15,-0.004387443758304214,15,0.0008247754817927484,14,-0.020481689303128162,15,-0.004609925109135671,15,-0.0001089390663597447,0.26666666666666666,0.2,0.23333333333333334,主測度 發文數｜雙重排序・大型股,abn_attention_weekend
2022-10-23,72,-0.014372338298425569,15,-0.01137723473663403,14,-0.031733718439873604,14,-0.023341802989799796,14,-0.005184453271552947,15,0.009187885026872622,0.6,0.4,0.5,主測度 發文數｜雙重排序・大型股,abn_attention_weekend
2022-10-30,74,0.005918376760306021,15,0.015619030965030634,15,0.0017550991309143252,14,0.025984448591485697,15,0.01408172199950118,15,0.00816334523919516,0.7333333333333333,0.6,0.6666666666666666,主測度 發文數｜雙重排序・大型股,abn_attention_weekend
2022-11-06,74,0.031799870748085345,15,0.03394138001020552,15,0.027542992288595382,14,0.02127242020520257,15,0.046322705817411935,15,0.014522835069326591,0.4666666666666667,0.4,0.43333333333333335,主測度 發文數｜雙重排序・大型股,abn_attention_weekend
2022-11-13,72,-0.0013059874117860248,15,-0.0009166606699117508,14,0.009986390720680647,14,0.020868141429087914,14,0.00807859608787011,15,0.009384583499656134,0.4,0.26666666666666666,0.33333333333333337,主測度 發文數｜雙重排序・大型股,abn_attention_weekend
2022-11-20,71,0.014785843527793123,15,0.03148037745153724,14,0.013604653992617297,14,0.01113999619554597,14,0.017893951177453397,14,0.003108107649660274,0.21428571428571427,0.26666666666666666,0.24047619047619045,主測度 發文數｜雙重排序・大型股,abn_attention_weekend
2022-11-27,70,0.022658853254849946,14,0.027898389154383346,14,0.053772617775369604,14,0.05019512334136532,14,0.036545941976509407,14,0.01388708872165946,0.2857142857142857,0.21428571428571427,0.25,主測度 發文數｜雙重排序・大型股,abn_attention_weekend
2022-12-04,70,-0.004482061363787934,14,-0.01375340136453452,14,-0.014921137648377405,14,-0.024653110022045843,14,-0.014777778816650195,14,-0.010295717452862261,0.42857142857142855,0.35714285714285715,0.39285714285714285,主測度 發文數｜雙重排序・大型股,abn_attention_weekend
2022-12-11,70,0.008209376169427842,14,-0.009426649229957531,14,0.0116790658962236,14,-0.0039655128753366565,14,0.0036061903127423173,14,-0.0046031858566855256,0.5,0.42857142857142855,0.4642857142857143,主測度 發文數｜雙重排序・大型股,abn_attention_weekend
2022-12-18,70,0.004620573177106053,14,-0.006630837419931764,14,-0.01723584373155977,14,-0.017755879846765854,14,8.998879336393127e-05,14,-0.004530584383742122,0.2857142857142857,0.35714285714285715,0.3214285714285714,主測度 發文數｜雙重排序・大型股,abn_attention_weekend
2022-12-25,71,-0.011936122416801568,15,-0.003594114304211606,14,-0.0035681396167154744,14,-0.01299138957772116,14,-0.007158204391718366,14,0.004777918025083202,0.35714285714285715,0.4,0.37857142857142856,主測度 發文數｜雙重排序・大型股,abn_attention_weekend
2023-01-01,71,0.011290230506980133,15,0.01093315484175519,14,0.01833849302058495,14,0.016049770343266514,14,0.004227388274232865,14,-0.007062842232747268,0.42857142857142855,0.3333333333333333,0.38095238095238093,主測度 發文數｜雙重排序・大型股,abn_attention_weekend
2023-01-08,71,0.01465548569978475,15,-0.006716473278362318,14,-0.00424162589604291,14,5.537931652513769e-05,14,0.019106319788050132,14,0.004450834088265382,0.35714285714285715,0.2,0.2785714285714286,主測度 發文數｜雙重排序・大型股,abn_attention_weekend
2023-01-15,70,0.0012898301691438257,14,0.003335910312996055,14,0.00695034088646563,14,-0.004220549789632441,14,-0.0014388758691949919,14,-0.0027287060383388174,0.35714285714285715,0.2857142857142857,0.3214285714285714,主測度 發文數｜雙重排序・大型股,abn_attention_weekend
2023-02-05,68,-0.011821821175243488,14,-0.007875645252848784,13,-0.018426293331160432,14,-0.003520146102695593,13,0.006387065186737817,14,0.018208886361981307,0.14285714285714285,0.42857142857142855,0.2857142857142857,主測度 發文數｜雙重排序・大型股,abn_attention_weekend
2023-02-12,68,0.013808126626092265,14,0.019041999088312108,13,0.013732640103505675,14,0.02175276782724999,13,0.024093191945971575,14,0.01028506531987931,0.21428571428571427,0.07142857142857142,0.14285714285714285,主測度 發文數｜雙重排序・大型股,abn_attention_weekend
2023-02-19,69,0.027960114356471142,14,-0.00021136513789561068,14,0.015042127843293413,13,0.005810626327021943,14,0.012273767081236422,14,-0.01568634727523472,0.5,0.35714285714285715,0.4285714285714286,主測度 發文數｜雙重排序・大型股,abn_attention_weekend
2023-02-26,70,0.008087193442843603,14,0.009407691456783718,14,0.0007519412779830274,14,0.005695756945803455,14,0.0035194339299993555,14,-0.004567759512844247,0.5,0.42857142857142855,0.4642857142857143,主測度 發文數｜雙重排序・大型股,abn_attention_weekend
2023-03-05,69,-0.011410654664099249,14,-0.017048027723513597,14,-0.011762885538871717,13,-0.022761012172570698,14,-0.02229967588103087,14,-0.010889021216931622,0.35714285714285715,0.14285714285714285,0.25,主測度 發文數｜雙重排序・大型股,abn_attention_weekend
2023-03-12,70,-0.002654779866955067,14,-0.00128581809593136,14,-0.0005650757904963848,14,-0.017635932450294742,14,-0.022567968812201997,14,-0.01991318894524693,0.42857142857142855,0.21428571428571427,0.3214285714285714,主測度 發文數｜雙重排序・大型股,abn_attention_weekend
2023-03-19,71,0.012253260138100196,15,0.02417932507784875,14,0.021264278304800717,14,0.02188231373970592,14,0.031104391993654397,14,0.0188511318555542,0.2857142857142857,0.3333333333333333,0.30952380952380953,主測度 發文數｜雙重排序・大型股,abn_attention_weekend
2023-03-26,72,-0.0007081882678739031,15,0.0006549526419038261,14,-0.0022882296040165023,14,0.00016506836999371659,14,-0.005874140268350514,15,-0.005165952000476611,0.3333333333333333,0.26666666666666666,0.3,主測度 發文數｜雙重排序・大型股,abn_attention_weekend
2023-04-02,72,0.0027340065782048765,15,-0.00447711033558708,14,0.007556629949460302,14,0.0034177143109041996,14,3.0226331304154346e-05,15,-0.0027037802469007223,0.3333333333333333,0.2,0.26666666666666666,主測度 發文數｜雙重排序・大型股,abn_attention_weekend
2023-04-09,71,0.022719387841837437,15,0.007408312475956168,14,0.028952735247570232,14,0.006630715834849215,14,0.014879881229899623,14,-0.007839506611937814,0.5,0.2,0.35,主測度 發文數｜雙重排序・大型股,abn_attention_weekend
2023-04-16,71,-0.022356274646676406,15,-0.020888377713878088,14,-0.021518053620410284,14,-0.024942415519202028,14,-0.00842275133723355,14,0.013933523309442856,0.5714285714285714,0.4,0.4857142857142857,主測度 發文數｜雙重排序・大型股,abn_attention_weekend
2023-04-23,71,-0.008058788789457871,15,0.003676070862892281,14,0.005265211351456927,14,0.004405716802020446,14,0.00323757568744664,14,0.011296364476904512,0.7142857142857143,0.4666666666666667,0.5904761904761905,主測度 發文數｜雙重排序・大型股,abn_attention_weekend
2023-04-30,70,0.003596405790473894,14,0.002377487845177265,14,0.0007455043109010588,14,0.007236826049041348,14,0.0018687245715584475,14,-0.0017276812189154463,0.6428571428571429,0.5,0.5714285714285714,主測度 發文數｜雙重排序・大型股,abn_attention_weekend
2023-05-07,70,-0.019122608157206962,14,-0.029236577684758156,14,-0.04057825657792762,14,-0.011615201288355605,14,-0.019026682077427377,14,9.592607977958537e-05,0.42857142857142855,0.2857142857142857,0.3571428571428571,主測度 發文數｜雙重排序・大型股,abn_attention_weekend
2023-05-14,69,0.0332016893568032,14,0.028352820988922302,14,0.016154960199210647,13,0.01318300821475409,14,0.03737318229117014,14,0.004171492934366944,0.2857142857142857,0.35714285714285715,0.3214285714285714,主測度 發文數｜雙重排序・大型股,abn_attention_weekend
2023-05-21,67,0.009062262844708981,14,-0.0017116224920201363,13,-0.00801394918301093,13,-0.007603979152682636,13,-0.006995083491559457,14,-0.016057346336268437,0.42857142857142855,0.35714285714285715,0.39285714285714285,主測度 發文數｜雙重排序・大型股,abn_attention_weekend
2023-05-28,68,0.00574051858165794,14,0.01402888126100866,13,0.022347663775534345,14,0.016969818169684833,13,0.028712437420276928,14,0.022971918838618988,0.35714285714285715,0.2857142857142857,0.3214285714285714,主測度 發文數｜雙重排序・大型股,abn_attention_weekend
2023-06-04,69,0.010404306576778996,14,0.007626362304304175,14,0.00511735801077257,13,0.01011398784284955,14,0.005983660567463277,14,-0.0044206460093157195,0.2857142857142857,0.21428571428571427,0.25,主測度 發文數｜雙重排序・大型股,abn_attention_weekend
2023-06-11,69,0.048793903054073114,14,-0.001437535607758968,14,0.012750488494616454,13,0.01505197915408822,14,-0.00019323125983454283,14,-0.04898713431390766,0.35714285714285715,0.35714285714285715,0.35714285714285715,主測度 發文數｜雙重排序・大型股,abn_attention_weekend
2023-06-18,69,0.008103829532008453,14,0.007342414816472108,14,-0.00919669535655396,13,-0.00454474479515961,14,-0.0017095733924430898,14,-0.009813402924451542,0.9285714285714286,0.7857142857142857,0.8571428571428572,主測度 發文數｜雙重排序・大型股,abn_attention_weekend
2023-06-25,68,-0.01753914371111092,14,-0.00843578238961118,13,-0.009292590197191784,14,-0.009239704845259045,13,-0.0036889360262102005,14,0.01385020768490072,0.8571428571428571,0.6428571428571429,0.75,主測度 發文數｜雙重排序・大型股,abn_attention_weekend
2023-07-02,68,-0.024376574292591595,14,-0.03317829192061969,13,-0.01588787072909262,14,-0.009637129093946805,13,0.006569818162544721,14,0.030946392455136314,0.35714285714285715,0.21428571428571427,0.2857142857142857,主測度 發文數｜雙重排序・大型股,abn_attention_weekend
2023-07-09,67,0.04463908843487525,14,0.01270953564299311,13,0.004556143150787451,13,0.0014088416883504605,13,-0.01122139129023019,14,-0.05586047972510544,0.2857142857142857,0.21428571428571427,0.25,主測度 發文數｜雙重排序・大型股,abn_attention_weekend
2023-07-16,68,-0.018910228504067046,14,0.008290323548623024,13,0.0030056388444262205,14,-0.03358545751569112,13,-0.011407806014524553,14,0.007502422489542493,0.35714285714285715,0.2857142857142857,0.3214285714285714,主測度 發文數｜雙重排序・大型股,abn_attention_weekend
2023-07-23,68,0.02103108880093044,14,0.02476101849395564,13,0.01750895275050346,14,0.004576571736842492,13,0.01033142780233751,14,-0.01069966099859293,0.5,0.5714285714285714,0.5357142857142857,主測度 發文數｜雙重排序・大型股,abn_attention_weekend
2023-07-30,67,-0.018144837409351293,14,-0.024589548890022985,13,-0.011571813591051484,13,-0.01992720009443926,13,-0.00962693362391743,14,0.008517903785433862,0.5714285714285714,0.42857142857142855,0.5,主測度 發文數｜雙重排序・大型股,abn_attention_weekend
2023-08-06,67,-0.016617245537492126,14,-0.03153717266809131,13,-0.02992211823468268,13,-0.033425348261262304,13,-0.016404180558227628,14,0.00021306497926449827,0.5714285714285714,0.35714285714285715,0.4642857142857143,主測度 發文數｜雙重排序・大型股,abn_attention_weekend
2023-08-13,69,-0.008808423871121875,14,-0.007434775329707964,14,-0.00981582594188954,13,-0.02124866285753891,14,-0.03332980730369574,14,-0.024521383432573863,0.5714285714285714,0.2857142857142857,0.42857142857142855,主測度 發文數｜雙重排序・大型股,abn_attention_weekend
2023-08-20,71,-0.010688657721127622,15,0.005757790666614264,14,-0.01014291404848583,14,-0.0013029125296687347,14,0.0025192992518625295,14,0.013207956972990152,0.5,0.2,0.35,主測度 發文數｜雙重排序・大型股,abn_attention_weekend
2023-08-27,71,0.002652368667117459,15,0.014050126047796882,14,0.032883485602216135,14,0.009577196875124887,14,0.009771628274315944,14,0.007119259607198485,0.35714285714285715,0.2,0.2785714285714286,主測度 發文數｜雙重排序・大型股,abn_attention_weekend
2023-09-03,70,-0.013885300206916609,14,0.007810830682130605,14,-0.021530790926446868,14,0.00996565491233446,14,-0.005764649280486938,14,0.008120650926429671,0.35714285714285715,0.2857142857142857,0.3214285714285714,主測度 發文數｜雙重排序・大型股,abn_attention_weekend
2023-09-10,70,0.02250757030104025,14,0.003045801707753228,14,0.00828621892589998,14,0.009631446826087036,14,0.015529355964768224,14,-0.006978214336272026,0.5,0.35714285714285715,0.4285714285714286,主測度 發文數｜雙重排序・大型股,abn_attention_weekend
2023-09-17,72,-0.0201290998765464,15,-0.024944344686142556,14,-0.007371322386416357,14,-0.011693472311139954,14,-0.012850763834593708,15,0.007278336041952691,0.5333333333333333,0.3333333333333333,0.43333333333333335,主測度 發文數｜雙重排序・大型股,abn_attention_weekend
2023-09-24,72,-0.012440059509402723,15,0.001971672407395375,14,0.023857006631855766,14,-0.011156691056644765,14,-0.00403374831161798,15,0.008406311197784743,0.3333333333333333,0.26666666666666666,0.3,主測度 發文數｜雙重排序・大型股,abn_attention_weekend
2023-10-01,70,-0.008319500055943539,14,-0.0015710162061116242,14,-0.007668898517178446,14,-0.00017425988293446565,14,-0.007380862171408058,14,0.0009386378845354804,0.21428571428571427,0.2857142857142857,0.25,主測度 發文數｜雙重排序・大型股,abn_attention_weekend
2023-10-08,70,0.0041564112651966845,14,-0.013402630587134192,14,-0.014404508369872995,14,-0.004015471711314412,14,-0.008060680754470648,14,-0.012217092019667333,0.35714285714285715,0.35714285714285715,0.35714285714285715,主測度 發文數｜雙重排序・大型股,abn_attention_weekend
2023-10-15,71,-0.01701769717384934,15,-0.034587983145037124,14,-0.03436264019100536,14,-0.02824120824058552,14,-0.021448358133253513,14,-0.004430660959404174,0.2857142857142857,0.3333333333333333,0.30952380952380953,主測度 發文數｜雙重排序・大型股,abn_attention_weekend
2023-10-22,71,0.004414748509624948,15,-0.0013580040350094635,14,0.00460976922233907,14,-0.011733647234015019,14,-0.0065733269314081,14,-0.010988075441033047,0.2857142857142857,0.3333333333333333,0.30952380952380953,主測度 發文數｜雙重排序・大型股,abn_attention_weekend
2023-10-29,70,0.030885751602383455,14,0.008465921003023482,14,-0.00943321719681693,14,0.019298033468750125,14,0.012426486736788343,14,-0.018459264865595112,0.42857142857142855,0.35714285714285715,0.39285714285714285,主測度 發文數｜雙重排序・大型股,abn_attention_weekend
2023-11-05,69,0.0028659208731880753,14,-0.0028183087991237904,14,-0.0015094388579150507,13,-0.020108123944307364,14,-0.007338990778830807,14,-0.010204911652018882,0.21428571428571427,0.21428571428571427,0.21428571428571427,主測度 發文數｜雙重排序・大型股,abn_attention_weekend
2023-11-12,70,0.029882393787983425,14,0.017622883148139392,14,0.02881569300232751,14,0.025314069519440874,14,0.008841811611376553,14,-0.02104058217660687,0.2857142857142857,0.2857142857142857,0.2857142857142857,主測度 發文數｜雙重排序・大型股,abn_attention_weekend
2023-11-19,69,0.004114523009811759,14,0.010427987814974313,14,0.01880624000360007,13,0.030628809551574637,14,-0.007094470566707954,14,-0.011208993576519714,0.21428571428571427,0.35714285714285715,0.2857142857142857,主測度 發文數｜雙重排序・大型股,abn_attention_weekend
2023-11-26,69,0.03380543602986413,14,0.0015665261483540718,14,0.002707979284079919,13,0.011796632492506978,14,0.00476505736461319,14,-0.029040378665250943,0.21428571428571427,0.21428571428571427,0.21428571428571427,主測度 發文數｜雙重排序・大型股,abn_attention_weekend
2023-12-03,69,0.01029502124692234,14,0.014426410321669898,14,-0.006760207740983088,13,-0.0015954543899878715,14,0.0003120892245701715,14,-0.009982932022352169,0.5,0.21428571428571427,0.35714285714285715,主測度 發文數｜雙重排序・大型股,abn_attention_weekend
2023-12-10,70,0.005426811565168698,14,0.008899456728475839,14,0.002852737809080582,14,0.010779761434335804,14,0.005166718768357654,14,-0.0002600927968110433,0.6428571428571429,0.5,0.5714285714285714,主測度 發文數｜雙重排序・大型股,abn_attention_weekend
2023-12-17,70,-0.01703068720557897,14,0.008566179277242823,14,-0.021495682760794808,14,-0.01770326238327647,14,0.00912907405267752,14,0.02615976125825649,0.07142857142857142,0.21428571428571427,0.14285714285714285,主測度 發文數｜雙重排序・大型股,abn_attention_weekend
2023-12-24,69,0.0053062352345937735,14,0.0016970175011207789,14,0.0020361898443790752,13,0.0158074814238465,14,0.0018513906795778706,14,-0.003454844555015903,0.42857142857142855,0.14285714285714285,0.2857142857142857,主測度 發文數｜雙重排序・大型股,abn_attention_weekend
2023-12-31,69,-0.0044933050204705016,14,-0.010918585930848093,14,-0.013661830937661797,13,-0.009719195211928886,14,0.003740984954649838,14,0.00823428997512034,0.2857142857142857,0.2857142857142857,0.2857142857142857,主測度 發文數｜雙重排序・大型股,abn_attention_weekend
2024-01-07,68,-0.010383154811199669,14,-0.01839145083261749,13,-0.017845683681938167,14,-0.006885483930216083,13,-0.0227763569105013,14,-0.012393202099301632,0.2857142857142857,0.2857142857142857,0.2857142857142857,主測度 發文數｜雙重排序・大型股,abn_attention_weekend
2024-01-14,70,-0.0246482588427254,14,-0.0012594245919156208,14,-0.03442861569031024,14,-0.003787535239050082,14,-0.030381947608170732,14,-0.005733688765445333,0.35714285714285715,0.21428571428571427,0.2857142857142857,主測度 發文數｜雙重排序・大型股,abn_attention_weekend
2024-01-21,70,0.018618262298803596,14,0.015210688834840638,14,0.003188414308247559,14,0.010850928164875508,14,0.012672251361545848,14,-0.005946010937257749,0.5,0.21428571428571427,0.35714285714285715,主測度 發文數｜雙重排序・大型股,abn_attention_weekend
2024-01-28,72,0.019410279681501018,15,0.003492245906980424,14,-0.006185221184475477,14,-0.0035851998680354285,14,0.011596226362388003,15,-0.007814053319113015,0.3333333333333333,0.26666666666666666,0.3,主測度 發文數｜雙重排序・大型股,abn_attention_weekend
2024-02-04,72,-0.006775294939153535,15,-1.288807911874785e-05,14,-0.0028079142003015994,14,0.0020073147871888203,14,-0.007607672621402021,15,-0.0008323776822484865,0.26666666666666666,0.4,0.33333333333333337,主測度 發文數｜雙重排序・大型股,abn_attention_weekend
2024-02-11,73,0.009893098769267894,15,0.011727895189564352,14,0.026986027719040587,15,0.025729358744037693,14,0.00543332472582058,15,-0.004459774043447314,0.3333333333333333,0.26666666666666666,0.3,主測度 發文數｜雙重排序・大型股,abn_attention_weekend
2024-02-18,72,0.04662853046904717,15,0.009655093348459083,14,0.0016359540589822347,14,0.013470865520462418,14,0.0027414586929651744,15,-0.043887071776082,0.13333333333333333,0.13333333333333333,0.13333333333333333,主測度 發文數｜雙重排序・大型股,abn_attention_weekend
2024-02-25,72,0.004498341836937699,15,0.025111175244511612,14,-0.0080554036262373,14,0.007607592504673458,14,0.0047546403742003175,15,0.00025629853726261836,0.3333333333333333,0.3333333333333333,0.3333333333333333,主測度 發文數｜雙重排序・大型股,abn_attention_weekend
2024-03-03,71,0.008077515610556356,15,-0.015363235065432967,14,-0.026561961479242675,14,0.03710822403945382,14,-0.01918483106638476,14,-0.027262346676941118,0.5714285714285714,0.3333333333333333,0.45238095238095233,主測度 發文數｜雙重排序・大型股,abn_attention_weekend
2024-03-10,72,0.015285197146994086,15,0.013944933386999417,14,0.00771937353928375,14,0.01746614842599336,14,0.02688765419931049,15,0.011602457052316403,0.4666666666666667,0.4,0.43333333333333335,主測度 發文數｜雙重排序・大型股,abn_attention_weekend
2024-03-17,72,0.01546671642018284,15,0.018607635905370196,14,0.01944113687607488,14,0.006706413454361134,14,0.05134776272960143,15,0.035881046309418595,0.8,0.4666666666666667,0.6333333333333333,主測度 發文數｜雙重排序・大型股,abn_attention_weekend
2024-03-24,70,-0.0015479910429580365,14,0.013134814991381962,14,-0.0015842653518475644,14,0.003460405646934545,14,0.0004271551137817266,14,0.001975146156739763,0.7857142857142857,0.6428571428571429,0.7142857142857143,主測度 發文數｜雙重排序・大型股,abn_attention_weekend
2024-03-31,70,0.003787123443800222,14,0.004721142468811779,14,-0.005624078208328847,14,-0.007573004238269653,14,0.006836055433948004,14,0.003048931990147782,0.5,0.35714285714285715,0.4285714285714286,主測度 發文數｜雙重排序・大型股,abn_attention_weekend
2024-04-07,70,0.03838264166121462,14,0.0442802254461681,14,0.037416925282937004,14,0.021555493030796617,14,0.009294613811043058,14,-0.02908802785017156,0.5,0.42857142857142855,0.4642857142857143,主測度 發文數｜雙重排序・大型股,abn_attention_weekend
2024-04-14,70,-0.034260719096591945,14,-0.0257791578132788,14,-0.01864241627018085,14,-0.006947412404115664,14,-0.026697535784875635,14,0.00756318331171631,1.0,0.6428571428571429,0.8214285714285714,主測度 發文數｜雙重排序・大型股,abn_attention_weekend
2024-04-21,71,0.01824462348665407,15,-0.0019176590485108225,14,-0.005252325542165878,14,0.004376300324015425,14,0.019549082831430118,14,0.0013044593447760489,0.9285714285714286,0.7333333333333333,0.8309523809523809,主測度 發文數｜雙重排序・大型股,abn_attention_weekend
2024-04-28,71,-0.02409061181282998,15,0.012211282156908245,14,0.002911054479421566,14,0.010519163015171473,14,-0.0019621146659336325,14,0.022128497146896346,0.5,0.4666666666666667,0.48333333333333334,主測度 發文數｜雙重排序・大型股,abn_attention_weekend
2024-05-05,73,-0.011943827669388321,15,0.0028856651302723063,14,-0.009073326188253664,15,0.0010877764088120326,14,0.013619946236250912,15,0.025563773905639235,0.4,0.3333333333333333,0.3666666666666667,主測度 發文數｜雙重排序・大型股,abn_attention_weekend
2024-05-12,73,-0.0024031764995920374,15,0.007005772439879003,14,-0.004980739140680527,15,0.01574889417477524,14,-9.907312665153138e-05,15,0.002304103372940506,0.6,0.3333333333333333,0.4666666666666667,主測度 發文數｜雙重排序・大型股,abn_attention_weekend
2024-05-19,74,-0.015330183601738693,15,-0.01923049792170713,15,-0.027923004214159292,14,-0.006369013424733927,15,0.003758368684614462,15,0.019088552286353155,0.5333333333333333,0.3333333333333333,0.43333333333333335,主測度 發文數｜雙重排序・大型股,abn_attention_weekend
2024-05-26,73,-0.004492978467989321,15,-0.0019411935398101407,14,-0.001561724801122318,15,0.01902748981489704,14,-0.017195166602494916,15,-0.012702188134505596,0.6666666666666666,0.6,0.6333333333333333,主測度 發文數｜雙重排序・大型股,abn_attention_weekend
2024-06-02,74,0.016528610099757732,15,0.013407646321502553,15,0.006189410713876861,14,-0.015139850883328329,15,0.007879979247740554,15,-0.008648630852017178,0.6666666666666666,0.5333333333333333,0.6,主測度 發文數｜雙重排序・大型股,abn_attention_weekend
2024-06-09,74,0.03805486374382207,15,-0.004355281763881136,15,-0.0029681081154012212,14,-0.0028301092531633895,15,0.002310421155827654,15,-0.03574444258799441,0.4666666666666667,0.3333333333333333,0.4,主測度 發文數｜雙重排序・大型股,abn_attention_weekend
2024-06-16,76,0.019609611336898675,16,0.019655749236877584,15,0.00462631395140661,15,0.024056035396050182,15,0.019385897710930043,15,-0.00022371362596863148,0.4,0.375,0.3875,主測度 發文數｜雙重排序・大型股,abn_attention_weekend
2024-06-23,75,0.014108238946046455,15,-0.009192478415109239,15,-0.0014278334428147262,15,-0.009412512070152685,15,-0.0051828311604687075,15,-0.01929107010651516,0.6,0.26666666666666666,0.43333333333333335,主測度 發文數｜雙重排序・大型股,abn_attention_weekend
2024-06-30,77,0.014855169591999902,16,0.01369887248935103,15,0.013700586612471977,15,0.02277659226811267,15,0.00399317578275029,16,-0.010861993809249612,0.4375,0.375,0.40625,主測度 發文數｜雙重排序・大型股,abn_attention_weekend
2024-07-07,77,0.010684827653030485,16,-0.008709400495179157,15,-0.0025333785500930646,15,-0.007564250343017723,15,0.02667372670036669,16,0.015988899047336205,0.4375,0.5,0.46875,主測度 發文數｜雙重排序・大型股,abn_attention_weekend
2024-07-14,76,-0.012846601453890397,16,-0.02205632831261056,15,-0.032232942074012075,15,-0.04374583069020351,15,-0.02133792961637926,15,-0.008491328162488862,0.26666666666666666,0.25,0.2583333333333333,主測度 發文數｜雙重排序・大型股,abn_attention_weekend
2024-07-21,76,-0.018286762789196442,16,-0.011283400941723486,15,-0.01953826929155001,15,-0.014256902349363129,15,-0.015194072841468231,15,0.003092689947728211,0.4,0.375,0.3875,主測度 發文數｜雙重排序・大型股,abn_attention_weekend
2024-07-28,76,-0.03163156436597223,16,-0.04078937242620265,15,-0.0229395028535574,15,-0.00904900499774195,15,-0.03779618226591091,15,-0.006164617899938676,0.5333333333333333,0.25,0.39166666666666666,主測度 發文數｜雙重排序・大型股,abn_attention_weekend
2024-08-04,76,0.022205797696223287,16,0.005110954528744193,15,0.0036368302724169984,15,-0.009944815301436982,15,0.017017782788346307,15,-0.00518801490787698,0.5333333333333333,0.375,0.45416666666666666,主測度 發文數｜雙重排序・大型股,abn_attention_weekend
2024-08-11,77,0.009872884359916755,16,0.0161474300383932,15,0.023480766109184717,15,0.0296859411175073,15,0.03402598931195284,16,0.024153104952036084,0.5,0.3125,0.40625,主測度 發文數｜雙重排序・大型股,abn_attention_weekend
2024-08-18,76,-0.002599690768993121,16,-0.01684804528721889,15,0.007502356657921509,15,-0.004855900700635071,15,0.013614130751506222,15,0.01621382152049934,0.5333333333333333,0.5,0.5166666666666666,主測度 發文數｜雙重排序・大型股,abn_attention_weekend
2024-08-25,77,-0.004920350437822109,16,0.0027310346084095253,15,0.006602399078432741,15,0.004296116201388597,15,0.008148571217706103,16,0.013068921655528212,0.3125,0.375,0.34375,主測度 發文數｜雙重排序・大型股,abn_attention_weekend
2024-09-01,77,-0.057571466545151787,16,-0.050242245623908194,15,-0.06112145100601237,15,-0.04529075330194807,15,-0.035108441434968864,16,0.022463025110182923,0.3125,0.3125,0.3125,主測度 發文數｜雙重排序・大型股,abn_attention_weekend
2024-09-08,77,0.03267598401411985,16,0.03437075674220566,15,0.024151949345708974,15,0.04156017630512299,15,0.02302278337686979,16,-0.009653200637250059,0.3125,0.1875,0.25,主測度 發文數｜雙重排序・大型股,abn_attention_weekend
2024-09-15,77,0.005265031441967778,16,0.01574321470069411,15,0.015007579561680359,15,0.022170302745455537,15,0.020033916694210778,16,0.014768885252243,0.4375,0.1875,0.3125,主測度 發文數｜雙重排序・大型股,abn_attention_weekend
2024-09-22,78,0.03911021618803406,16,0.027382823118670737,15,0.0325296573559282,16,-0.0025622467987009402,15,0.014793117863260416,16,-0.02431709832477364,0.4375,0.25,0.34375,主測度 發文數｜雙重排序・大型股,abn_attention_weekend
2024-09-29,78,-0.02174012157180135,16,-0.026127028695281947,15,-0.015040118978221578,16,-0.019278877924022202,15,-0.04209426838562442,16,-0.020354146813823068,0.3125,0.3125,0.3125,主測度 發文數｜雙重排序・大型股,abn_attention_weekend
2024-10-06,78,-0.016755707915028333,16,-0.02014753762034259,15,-0.04025217252119652,16,-0.010459058377819167,15,-0.018026457941902357,16,-0.0012707500268740249,0.3125,0.3125,0.3125,主測度 發文數｜雙重排序・大型股,abn_attention_weekend
2024-10-13,76,0.007901325554271692,16,0.013695045181629487,15,0.004274599268137543,15,0.021016923002983603,15,0.011788655675116711,15,0.0038873301208450194,0.3333333333333333,0.3125,0.32291666666666663,主測度 發文數｜雙重排序・大型股,abn_attention_weekend
2024-10-20,78,-0.020437143414716356,16,-0.009721888074172418,15,0.006640464796456483,16,-0.004266915458464337,15,-0.006666469640458458,16,0.013770673774257898,0.3125,0.25,0.28125,主測度 發文數｜雙重排序・大型股,abn_attention_weekend
2024-10-27,79,-0.01032902484042942,16,-0.0058544880035433094,16,-0.002140228630828804,15,-0.010606887125498558,16,-0.015278362006086128,16,-0.004949337165656709,0.3125,0.1875,0.25,主測度 發文數｜雙重排序・大型股,abn_attention_weekend
2024-11-03,79,0.0026209287905206505,16,0.003010555422107687,16,0.002530571197416531,15,0.015647015651172443,16,-0.005330360554305073,16,-0.007951289344825724,0.1875,0.0625,0.125,主測度 發文數｜雙重排序・大型股,abn_attention_weekend
2024-11-10,79,-0.020040228616985893,16,-0.01477736828144182,16,-0.025680753635397895,15,-0.01993670365005276,16,-0.024740600751549026,16,-0.004700372134563133,0.4375,0.1875,0.3125,主測度 發文數｜雙重排序・大型股,abn_attention_weekend
2024-11-17,78,0.008085900450961477,16,-0.006210961326165017,15,0.01864294780757668,16,0.004296881204876709,15,0.01225866189990684,16,0.004172761448945364,0.4375,0.375,0.40625,主測度 發文數｜雙重排序・大型股,abn_attention_weekend
2024-11-24,79,-0.03777761116581604,16,-0.013388683400151508,16,-0.031071335672501206,15,-0.013402238722014084,16,-0.024830219954281488,16,0.01294739121153455,0.1875,0.3125,0.25,主測度 發文數｜雙重排序・大型股,abn_attention_weekend
2024-12-01,79,0.008106757552225632,16,-0.00978810111396386,16,0.0002001282971504444,15,0.018115931559579905,16,0.0306352881856269,16,0.022528530633401267,0.3125,0.3125,0.3125,主測度 發文數｜雙重排序・大型股,abn_attention_weekend
2024-12-08,81,-0.021229264564719193,17,-0.0424651033832684,16,-0.02958157246709308,16,-0.014756468033053506,16,-0.029010901591047925,16,-0.007781637026328732,0.25,0.23529411764705882,0.2426470588235294,主測度 發文數｜雙重排序・大型股,abn_attention_weekend
2024-12-15,80,-0.027354576148310786,16,-0.02252246606028161,16,-0.025327959482808554,16,-0.0160602597903547,16,-0.026042056849145394,16,0.001312519299165392,0.25,0.3125,0.28125,主測度 發文數｜雙重排序・大型股,abn_attention_weekend
2024-12-22,79,0.0034532057681384842,16,-0.0018014321918116138,16,0.006140916471114374,15,0.0007244794318369344,16,-0.002308233556976333,16,-0.005761439325114817,0.25,0.125,0.1875,主測度 發文數｜雙重排序・大型股,abn_attention_weekend
2024-12-29,78,-0.020565369031309663,16,-0.01264112298283262,15,-0.02365064057476359,16,-0.006593423691487928,15,-0.013446722216627738,16,0.007118646814681925,0.375,0.375,0.375,主測度 發文數｜雙重排序・大型股,abn_attention_weekend
